Workbook

Sheet Instances
B1: memelingo-1/allapproaches_mlp-tplp-ht | E1: memelingo-1/allapproaches_mlp-tplp-htc | H1: memelingo-1/allapproaches_mlp-tplp-htcdl | K1: min | M1: median | O1: max
B2: time | C2: status | D2: rules | E2: time | F2: status | G2: rules | H2: time | I2: status | J2: rules | K2: time | L2: rules | M2: time | N2: rules | O2: time | P2: rules
A3: instances/x6_y6_a1_f1 | B3: 10.35 | C3: SATISFIABLE | D3: 223548 | E3: 9.81 | F3: SATISFIABLE | G3: 179712 | H3: 13.24 | I3: SATISFIABLE | J3: 179702 | K3: =MIN($B3,$E3,$H3) -> 0 | L3: =MIN($D3,$G3,$J3) -> 0 | M3: =MEDIAN($B3,$E3,$H3) -> 0 | N3: =MEDIAN($D3,$G3,$J3) -> 0 | O3: =MAX($B3,$E3,$H3) -> 0 | P3: =MAX($D3,$G3,$J3) -> 0
A4: instances/x6_y6_a1_f10 | B4: 61.16 | C4: SATISFIABLE | D4: 9466268 | E4: 8.57 | F4: SATISFIABLE | G4: 179823 | H4: 33.46 | I4: SATISFIABLE | J4: 179813 | K4: =MIN($B4,$E4,$H4) -> 0 | L4: =MIN($D4,$G4,$J4) -> 0 | M4: =MEDIAN($B4,$E4,$H4) -> 0 | N4: =MEDIAN($D4,$G4,$J4) -> 0 | O4: =MAX($B4,$E4,$H4) -> 0 | P4: =MAX($D4,$G4,$J4) -> 0
A5: instances/x6_y6_a1_f50 | B5: 1200 | C5: UNKNOWN | D5: 0 | E5: 10.7 | F5: SATISFIABLE | G5: 179823 | H5: 32.67 | I5: SATISFIABLE | J5: 179813 | K5: =MIN($B5,$E5,$H5) -> 0 | L5: =MIN($D5,$G5,$J5) -> 0 | M5: =MEDIAN($B5,$E5,$H5) -> 0 | N5: =MEDIAN($D5,$G5,$J5) -> 0 | O5: =MAX($B5,$E5,$H5) -> 0 | P5: =MAX($D5,$G5,$J5) -> 0
A6: instances/x6_y6_a2_f1 | B6: 12.09 | C6: SATISFIABLE | D6: 380111 | E6: 10.9 | F6: SATISFIABLE | G6: 338410 | H6: 20.14 | I6: SATISFIABLE | J6: 338400 | K6: =MIN($B6,$E6,$H6) -> 0 | L6: =MIN($D6,$G6,$J6) -> 0 | M6: =MEDIAN($B6,$E6,$H6) -> 0 | N6: =MEDIAN($D6,$G6,$J6) -> 0 | O6: =MAX($B6,$E6,$H6) -> 0 | P6: =MAX($D6,$G6,$J6) -> 0
A7: instances/x6_y6_a2_f10 | B7: 803.82 | C7: SATISFIABLE | D7: 9622831 | E7: 18.37 | F7: SATISFIABLE | G7: 338521 | H7: 99.18 | I7: SATISFIABLE | J7: 338511 | K7: =MIN($B7,$E7,$H7) -> 0 | L7: =MIN($D7,$G7,$J7) -> 0 | M7: =MEDIAN($B7,$E7,$H7) -> 0 | N7: =MEDIAN($D7,$G7,$J7) -> 0 | O7: =MAX($B7,$E7,$H7) -> 0 | P7: =MAX($D7,$G7,$J7) -> 0
A8: instances/x6_y6_a2_f50 | B8: 1200 | C8: UNKNOWN | D8: 0 | E8: 19.24 | F8: SATISFIABLE | G8: 338521 | H8: 95.69 | I8: SATISFIABLE | J8: 338511 | K8: =MIN($B8,$E8,$H8) -> 0 | L8: =MIN($D8,$G8,$J8) -> 0 | M8: =MEDIAN($B8,$E8,$H8) -> 0 | N8: =MEDIAN($D8,$G8,$J8) -> 0 | O8: =MAX($B8,$E8,$H8) -> 0 | P8: =MAX($D8,$G8,$J8) -> 0
A9: instances/x6_y6_a3_f1 | B9: 15.96 | C9: SATISFIABLE | D9: 538294 | E9: 14.82 | F9: SATISFIABLE | G9: 498728 | H9: 17.16 | I9: SATISFIABLE | J9: 498718 | K9: =MIN($B9,$E9,$H9) -> 0 | L9: =MIN($D9,$G9,$J9) -> 0 | M9: =MEDIAN($B9,$E9,$H9) -> 0 | N9: =MEDIAN($D9,$G9,$J9) -> 0 | O9: =MAX($B9,$E9,$H9) -> 0 | P9: =MAX($D9,$G9,$J9) -> 0
A10: instances/x6_y6_a3_f10 | B10: 1200 | C10: UNKNOWN | D10: 9781014 | E10: 69.17 | F10: SATISFIABLE | G10: 498839 | H10: 154.48 | I10: SATISFIABLE | J10: 498829 | K10: =MIN($B10,$E10,$H10) -> 0 | L10: =MIN($D10,$G10,$J10) -> 0 | M10: =MEDIAN($B10,$E10,$H10) -> 0 | N10: =MEDIAN($D10,$G10,$J10) -> 0 | O10: =MAX($B10,$E10,$H10) -> 0 | P10: =MAX($D10,$G10,$J10) -> 0
A11: instances/x6_y6_a3_f50 | B11: 1200 | C11: UNKNOWN | D11: 0 | E11: 21.89 | F11: SATISFIABLE | G11: 498839 | H11: 152.58 | I11: SATISFIABLE | J11: 498829 | K11: =MIN($B11,$E11,$H11) -> 0 | L11: =MIN($D11,$G11,$J11) -> 0 | M11: =MEDIAN($B11,$E11,$H11) -> 0 | N11: =MEDIAN($D11,$G11,$J11) -> 0 | O11: =MAX($B11,$E11,$H11) -> 0 | P11: =MAX($D11,$G11,$J11) -> 0
A12: instances/x6_y6_a4_f1 | B12: 15.39 | C12: SATISFIABLE | D12: 698097 | E12: 16.1 | F12: SATISFIABLE | G12: 660666 | H12: 24.57 | I12: SATISFIABLE | J12: 660656 | K12: =MIN($B12,$E12,$H12) -> 0 | L12: =MIN($D12,$G12,$J12) -> 0 | M12: =MEDIAN($B12,$E12,$H12) -> 0 | N12: =MEDIAN($D12,$G12,$J12) -> 0 | O12: =MAX($B12,$E12,$H12) -> 0 | P12: =MAX($D12,$G12,$J12) -> 0
A13: instances/x6_y6_a4_f10 | B13: 1200 | C13: UNKNOWN | D13: 9940817 | E13: 49.68 | F13: SATISFIABLE | G13: 660777 | H13: 295.83 | I13: SATISFIABLE | J13: 660767 | K13: =MIN($B13,$E13,$H13) -> 0 | L13: =MIN($D13,$G13,$J13) -> 0 | M13: =MEDIAN($B13,$E13,$H13) -> 0 | N13: =MEDIAN($D13,$G13,$J13) -> 0 | O13: =MAX($B13,$E13,$H13) -> 0 | P13: =MAX($D13,$G13,$J13) -> 0
A14: instances/x6_y6_a4_f50 | B14: 1200 | C14: UNKNOWN | D14: 0 | E14: 80.27 | F14: SATISFIABLE | G14: 660777 | H14: 294.22 | I14: SATISFIABLE | J14: 660767 | K14: =MIN($B14,$E14,$H14) -> 0 | L14: =MIN($D14,$G14,$J14) -> 0 | M14: =MEDIAN($B14,$E14,$H14) -> 0 | N14: =MEDIAN($D14,$G14,$J14) -> 0 | O14: =MAX($B14,$E14,$H14) -> 0 | P14: =MAX($D14,$G14,$J14) -> 0
A16: SUM | B16: =SUM(B$3:B$14) -> 0 | D16: =SUM(D$3:D$14) -> 0 | E16: =SUM(E$3:E$14) -> 0 | G16: =SUM(G$3:G$14) -> 0 | H16: =SUM(H$3:H$14) -> 0 | J16: =SUM(J$3:J$14) -> 0 | K16: =SUM(K$3:K$14) -> 0 | L16: =SUM(L$3:L$14) -> 0 | M16: =SUM(M$3:M$14) -> 0 | N16: =SUM(N$3:N$14) -> 0 | O16: =SUM(O$3:O$14) -> 0 | P16: =SUM(P$3:P$14) -> 0
A17: AVG | B17: =AVERAGE(B$3:B$14) -> 0 | D17: =AVERAGE(D$3:D$14) -> 0 | E17: =AVERAGE(E$3:E$14) -> 0 | G17: =AVERAGE(G$3:G$14) -> 0 | H17: =AVERAGE(H$3:H$14) -> 0 | J17: =AVERAGE(J$3:J$14) -> 0 | K17: =AVERAGE(K$3:K$14) -> 0 | L17: =AVERAGE(L$3:L$14) -> 0 | M17: =AVERAGE(M$3:M$14) -> 0 | N17: =AVERAGE(N$3:N$14) -> 0 | O17: =AVERAGE(O$3:O$14) -> 0 | P17: =AVERAGE(P$3:P$14) -> 0
A18: DEV | B18: =STDEV(B$3:B$14) -> 0 | D18: =STDEV(D$3:D$14) -> 0 | E18: =STDEV(E$3:E$14) -> 0 | G18: =STDEV(G$3:G$14) -> 0 | H18: =STDEV(H$3:H$14) -> 0 | J18: =STDEV(J$3:J$14) -> 0 | K18: =STDEV(K$3:K$14) -> 0 | L18: =STDEV(L$3:L$14) -> 0 | M18: =STDEV(M$3:M$14) -> 0 | N18: =STDEV(N$3:N$14) -> 0 | O18: =STDEV(O$3:O$14) -> 0 | P18: =STDEV(P$3:P$14) -> 0
A19: DST | B19: =SUMPRODUCT(--(B$3:B$14-$K$3:$K$14)^2)^0.5 -> 0 | D19: =SUMPRODUCT(--(D$3:D$14-$L$3:$L$14)^2)^0.5 -> 0 | E19: =SUMPRODUCT(--(E$3:E$14-$K$3:$K$14)^2)^0.5 -> 0 | G19: =SUMPRODUCT(--(G$3:G$14-$L$3:$L$14)^2)^0.5 -> 0 | H19: =SUMPRODUCT(--(H$3:H$14-$K$3:$K$14)^2)^0.5 -> 0 | J19: =SUMPRODUCT(--(J$3:J$14-$L$3:$L$14)^2)^0.5 -> 0
A20: BEST | B20: =SUMPRODUCT(NOT(ISBLANK(B$3:B$14))*(B$3:B$14=$K$3:$K$14)) -> 0 | D20: =SUMPRODUCT(NOT(ISBLANK(D$3:D$14))*(D$3:D$14=$L$3:$L$14)) -> 0 | E20: =SUMPRODUCT(NOT(ISBLANK(E$3:E$14))*(E$3:E$14=$K$3:$K$14)) -> 0 | G20: =SUMPRODUCT(NOT(ISBLANK(G$3:G$14))*(G$3:G$14=$L$3:$L$14)) -> 0 | H20: =SUMPRODUCT(NOT(ISBLANK(H$3:H$14))*(H$3:H$14=$K$3:$K$14)) -> 0 | J20: =SUMPRODUCT(NOT(ISBLANK(J$3:J$14))*(J$3:J$14=$L$3:$L$14)) -> 0
A21: BETTER | B21: =SUMPRODUCT(NOT(ISBLANK(B$3:B$14))*(B$3:B$14<$M$3:$M$14)) -> 0 | D21: =SUMPRODUCT(NOT(ISBLANK(D$3:D$14))*(D$3:D$14<$N$3:$N$14)) -> 0 | E21: =SUMPRODUCT(NOT(ISBLANK(E$3:E$14))*(E$3:E$14<$M$3:$M$14)) -> 0 | G21: =SUMPRODUCT(NOT(ISBLANK(G$3:G$14))*(G$3:G$14<$N$3:$N$14)) -> 0 | H21: =SUMPRODUCT(NOT(ISBLANK(H$3:H$14))*(H$3:H$14<$M$3:$M$14)) -> 0 | J21: =SUMPRODUCT(NOT(ISBLANK(J$3:J$14))*(J$3:J$14<$N$3:$N$14)) -> 0
A22: WORSE | B22: =SUMPRODUCT((NOT(ISBLANK(B$3:B$14))*(B$3:B$14>$M$3:$M$14))+ISBLANK(B$3:B$14)) -> 0 | D22: =SUMPRODUCT((NOT(ISBLANK(D$3:D$14))*(D$3:D$14>$N$3:$N$14))+ISBLANK(D$3:D$14)) -> 0 | E22: =SUMPRODUCT((NOT(ISBLANK(E$3:E$14))*(E$3:E$14>$M$3:$M$14))+ISBLANK(E$3:E$14)) -> 0 | G22: =SUMPRODUCT((NOT(ISBLANK(G$3:G$14))*(G$3:G$14>$N$3:$N$14))+ISBLANK(G$3:G$14)) -> 0 | H22: =SUMPRODUCT((NOT(ISBLANK(H$3:H$14))*(H$3:H$14>$M$3:$M$14))+ISBLANK(H$3:H$14)) -> 0 | J22: =SUMPRODUCT((NOT(ISBLANK(J$3:J$14))*(J$3:J$14>$N$3:$N$14))+ISBLANK(J$3:J$14)) -> 0
A23: WORST | B23: =SUMPRODUCT((NOT(ISBLANK(B$3:B$14))*(B$3:B$14=$O$3:$O$14))+ISBLANK(B$3:B$14)) -> 0 | D23: =SUMPRODUCT((NOT(ISBLANK(D$3:D$14))*(D$3:D$14=$P$3:$P$14))+ISBLANK(D$3:D$14)) -> 0 | E23: =SUMPRODUCT((NOT(ISBLANK(E$3:E$14))*(E$3:E$14=$O$3:$O$14))+ISBLANK(E$3:E$14)) -> 0 | G23: =SUMPRODUCT((NOT(ISBLANK(G$3:G$14))*(G$3:G$14=$P$3:$P$14))+ISBLANK(G$3:G$14)) -> 0 | H23: =SUMPRODUCT((NOT(ISBLANK(H$3:H$14))*(H$3:H$14=$O$3:$O$14))+ISBLANK(H$3:H$14)) -> 0 | J23: =SUMPRODUCT((NOT(ISBLANK(J$3:J$14))*(J$3:J$14=$P$3:$P$14))+ISBLANK(J$3:J$14)) -> 0

Sheet Merged Runs
A1: Merge criteria: | B1: memelingo-1/allapproaches_mlp-tplp-ht | E1: memelingo-1/allapproaches_mlp-tplp-htc | H1: memelingo-1/allapproaches_mlp-tplp-htcdl | K1: min | M1: median | O1: max
A2: median | B2: time | C2: status | D2: rules | E2: time | F2: status | G2: rules | H2: time | I2: status | J2: rules | K2: time | L2: rules | M2: time | N2: rules | O2: time | P2: rules
A3: instances/x6_y6_a1_f1 | B3: {=_xlfn.SWITCH($A$2,"average", AVERAGE(Instances!B3:Instances!B3),"median", MEDIAN(Instances!B3:Instances!B3),"min", MIN(Instances!B3:Instances!B3),"max", MAX(Instances!B3:Instances!B3),"diff", MAX(Instances!B3:Instances!B3)-MIN(Instances!B3:Instances!B3))} -> 0 | D3: {=_xlfn.SWITCH($A$2,"average", AVERAGE(Instances!D3:Instances!D3),"median", MEDIAN(Instances!D3:Instances!D3),"min", MIN(Instances!D3:Instances!D3),"max", MAX(Instances!D3:Instances!D3),"diff", MAX(Instances!D3:Instances!D3)-MIN(Instances!D3:Instances!D3))} -> 0 | E3: {=_xlfn.SWITCH($A$2,"average", AVERAGE(Instances!E3:Instances!E3),"median", MEDIAN(Instances!E3:Instances!E3),"min", MIN(Instances!E3:Instances!E3),"max", MAX(Instances!E3:Instances!E3),"diff", MAX(Instances!E3:Instances!E3)-MIN(Instances!E3:Instances!E3))} -> 0 | G3: {=_xlfn.SWITCH($A$2,"average", AVERAGE(Instances!G3:Instances!G3),"median", MEDIAN(Instances!G3:Instances!G3),"min", MIN(Instances!G3:Instances!G3),"max", MAX(Instances!G3:Instances!G3),"diff", MAX(Instances!G3:Instances!G3)-MIN(Instances!G3:Instances!G3))} -> 0 | H3: {=_xlfn.SWITCH($A$2,"average", AVERAGE(Instances!H3:Instances!H3),"median", MEDIAN(Instances!H3:Instances!H3),"min", MIN(Instances!H3:Instances!H3),"max", MAX(Instances!H3:Instances!H3),"diff", MAX(Instances!H3:Instances!H3)-MIN(Instances!H3:Instances!H3))} -> 0 | J3: {=_xlfn.SWITCH($A$2,"average", AVERAGE(Instances!J3:Instances!J3),"median", MEDIAN(Instances!J3:Instances!J3),"min", MIN(Instances!J3:Instances!J3),"max", MAX(Instances!J3:Instances!J3),"diff", MAX(Instances!J3:Instances!J3)-MIN(Instances!J3:Instances!J3))} -> 0 | K3: =MIN($B3,$E3,$H3) -> 0 | L3: =MIN($D3,$G3,$J3) -> 0 | M3: =MEDIAN($B3,$E3,$H3) -> 0 | N3: =MEDIAN($D3,$G3,$J3) -> 0 | O3: =MAX($B3,$E3,$H3) -> 0 | P3: =MAX($D3,$G3,$J3) -> 0
A4: instances/x6_y6_a1_f10 | B4: {=_xlfn.SWITCH($A$2,"average", AVERAGE(Instances!B4:Instances!B4),"median", MEDIAN(Instances!B4:Instances!B4),"min", MIN(Instances!B4:Instances!B4),"max", MAX(Instances!B4:Instances!B4),"diff", MAX(Instances!B4:Instances!B4)-MIN(Instances!B4:Instances!B4))} -> 0 | D4: {=_xlfn.SWITCH($A$2,"average", AVERAGE(Instances!D4:Instances!D4),"median", MEDIAN(Instances!D4:Instances!D4),"min", MIN(Instances!D4:Instances!D4),"max", MAX(Instances!D4:Instances!D4),"diff", MAX(Instances!D4:Instances!D4)-MIN(Instances!D4:Instances!D4))} -> 0 | E4: {=_xlfn.SWITCH($A$2,"average", AVERAGE(Instances!E4:Instances!E4),"median", MEDIAN(Instances!E4:Instances!E4),"min", MIN(Instances!E4:Instances!E4),"max", MAX(Instances!E4:Instances!E4),"diff", MAX(Instances!E4:Instances!E4)-MIN(Instances!E4:Instances!E4))} -> 0 | G4: {=_xlfn.SWITCH($A$2,"average", AVERAGE(Instances!G4:Instances!G4),"median", MEDIAN(Instances!G4:Instances!G4),"min", MIN(Instances!G4:Instances!G4),"max", MAX(Instances!G4:Instances!G4),"diff", MAX(Instances!G4:Instances!G4)-MIN(Instances!G4:Instances!G4))} -> 0 | H4: {=_xlfn.SWITCH($A$2,"average", AVERAGE(Instances!H4:Instances!H4),"median", MEDIAN(Instances!H4:Instances!H4),"min", MIN(Instances!H4:Instances!H4),"max", MAX(Instances!H4:Instances!H4),"diff", MAX(Instances!H4:Instances!H4)-MIN(Instances!H4:Instances!H4))} -> 0 | J4: {=_xlfn.SWITCH($A$2,"average", AVERAGE(Instances!J4:Instances!J4),"median", MEDIAN(Instances!J4:Instances!J4),"min", MIN(Instances!J4:Instances!J4),"max", MAX(Instances!J4:Instances!J4),"diff", MAX(Instances!J4:Instances!J4)-MIN(Instances!J4:Instances!J4))} -> 0 | K4: =MIN($B4,$E4,$H4) -> 0 | L4: =MIN($D4,$G4,$J4) -> 0 | M4: =MEDIAN($B4,$E4,$H4) -> 0 | N4: =MEDIAN($D4,$G4,$J4) -> 0 | O4: =MAX($B4,$E4,$H4) -> 0 | P4: =MAX($D4,$G4,$J4) -> 0
A5: instances/x6_y6_a1_f50 | B5: {=_xlfn.SWITCH($A$2,"average", AVERAGE(Instances!B5:Instances!B5),"median", MEDIAN(Instances!B5:Instances!B5),"min", MIN(Instances!B5:Instances!B5),"max", MAX(Instances!B5:Instances!B5),"diff", MAX(Instances!B5:Instances!B5)-MIN(Instances!B5:Instances!B5))} -> 0 | D5: {=_xlfn.SWITCH($A$2,"average", AVERAGE(Instances!D5:Instances!D5),"median", MEDIAN(Instances!D5:Instances!D5),"min", MIN(Instances!D5:Instances!D5),"max", MAX(Instances!D5:Instances!D5),"diff", MAX(Instances!D5:Instances!D5)-MIN(Instances!D5:Instances!D5))} -> 0 | E5: {=_xlfn.SWITCH($A$2,"average", AVERAGE(Instances!E5:Instances!E5),"median", MEDIAN(Instances!E5:Instances!E5),"min", MIN(Instances!E5:Instances!E5),"max", MAX(Instances!E5:Instances!E5),"diff", MAX(Instances!E5:Instances!E5)-MIN(Instances!E5:Instances!E5))} -> 0 | G5: {=_xlfn.SWITCH($A$2,"average", AVERAGE(Instances!G5:Instances!G5),"median", MEDIAN(Instances!G5:Instances!G5),"min", MIN(Instances!G5:Instances!G5),"max", MAX(Instances!G5:Instances!G5),"diff", MAX(Instances!G5:Instances!G5)-MIN(Instances!G5:Instances!G5))} -> 0 | H5: {=_xlfn.SWITCH($A$2,"average", AVERAGE(Instances!H5:Instances!H5),"median", MEDIAN(Instances!H5:Instances!H5),"min", MIN(Instances!H5:Instances!H5),"max", MAX(Instances!H5:Instances!H5),"diff", MAX(Instances!H5:Instances!H5)-MIN(Instances!H5:Instances!H5))} -> 0 | J5: {=_xlfn.SWITCH($A$2,"average", AVERAGE(Instances!J5:Instances!J5),"median", MEDIAN(Instances!J5:Instances!J5),"min", MIN(Instances!J5:Instances!J5),"max", MAX(Instances!J5:Instances!J5),"diff", MAX(Instances!J5:Instances!J5)-MIN(Instances!J5:Instances!J5))} -> 0 | K5: =MIN($B5,$E5,$H5) -> 0 | L5: =MIN($D5,$G5,$J5) -> 0 | M5: =MEDIAN($B5,$E5,$H5) -> 0 | N5: =MEDIAN($D5,$G5,$J5) -> 0 | O5: =MAX($B5,$E5,$H5) -> 0 | P5: =MAX($D5,$G5,$J5) -> 0
A6: instances/x6_y6_a2_f1 | B6: {=_xlfn.SWITCH($A$2,"average", AVERAGE(Instances!B6:Instances!B6),"median", MEDIAN(Instances!B6:Instances!B6),"min", MIN(Instances!B6:Instances!B6),"max", MAX(Instances!B6:Instances!B6),"diff", MAX(Instances!B6:Instances!B6)-MIN(Instances!B6:Instances!B6))} -> 0 | D6: {=_xlfn.SWITCH($A$2,"average", AVERAGE(Instances!D6:Instances!D6),"median", MEDIAN(Instances!D6:Instances!D6),"min", MIN(Instances!D6:Instances!D6),"max", MAX(Instances!D6:Instances!D6),"diff", MAX(Instances!D6:Instances!D6)-MIN(Instances!D6:Instances!D6))} -> 0 | E6: {=_xlfn.SWITCH($A$2,"average", AVERAGE(Instances!E6:Instances!E6),"median", MEDIAN(Instances!E6:Instances!E6),"min", MIN(Instances!E6:Instances!E6),"max", MAX(Instances!E6:Instances!E6),"diff", MAX(Instances!E6:Instances!E6)-MIN(Instances!E6:Instances!E6))} -> 0 | G6: {=_xlfn.SWITCH($A$2,"average", AVERAGE(Instances!G6:Instances!G6),"median", MEDIAN(Instances!G6:Instances!G6),"min", MIN(Instances!G6:Instances!G6),"max", MAX(Instances!G6:Instances!G6),"diff", MAX(Instances!G6:Instances!G6)-MIN(Instances!G6:Instances!G6))} -> 0 | H6: {=_xlfn.SWITCH($A$2,"average", AVERAGE(Instances!H6:Instances!H6),"median", MEDIAN(Instances!H6:Instances!H6),"min", MIN(Instances!H6:Instances!H6),"max", MAX(Instances!H6:Instances!H6),"diff", MAX(Instances!H6:Instances!H6)-MIN(Instances!H6:Instances!H6))} -> 0 | J6: {=_xlfn.SWITCH($A$2,"average", AVERAGE(Instances!J6:Instances!J6),"median", MEDIAN(Instances!J6:Instances!J6),"min", MIN(Instances!J6:Instances!J6),"max", MAX(Instances!J6:Instances!J6),"diff", MAX(Instances!J6:Instances!J6)-MIN(Instances!J6:Instances!J6))} -> 0 | K6: =MIN($B6,$E6,$H6) -> 0 | L6: =MIN($D6,$G6,$J6) -> 0 | M6: =MEDIAN($B6,$E6,$H6) -> 0 | N6: =MEDIAN($D6,$G6,$J6) -> 0 | O6: =MAX($B6,$E6,$H6) -> 0 | P6: =MAX($D6,$G6,$J6) -> 0
A7: instances/x6_y6_a2_f10 | B7: {=_xlfn.SWITCH($A$2,"average", AVERAGE(Instances!B7:Instances!B7),"median", MEDIAN(Instances!B7:Instances!B7),"min", MIN(Instances!B7:Instances!B7),"max", MAX(Instances!B7:Instances!B7),"diff", MAX(Instances!B7:Instances!B7)-MIN(Instances!B7:Instances!B7))} -> 0 | D7: {=_xlfn.SWITCH($A$2,"average", AVERAGE(Instances!D7:Instances!D7),"median", MEDIAN(Instances!D7:Instances!D7),"min", MIN(Instances!D7:Instances!D7),"max", MAX(Instances!D7:Instances!D7),"diff", MAX(Instances!D7:Instances!D7)-MIN(Instances!D7:Instances!D7))} -> 0 | E7: {=_xlfn.SWITCH($A$2,"average", AVERAGE(Instances!E7:Instances!E7),"median", MEDIAN(Instances!E7:Instances!E7),"min", MIN(Instances!E7:Instances!E7),"max", MAX(Instances!E7:Instances!E7),"diff", MAX(Instances!E7:Instances!E7)-MIN(Instances!E7:Instances!E7))} -> 0 | G7: {=_xlfn.SWITCH($A$2,"average", AVERAGE(Instances!G7:Instances!G7),"median", MEDIAN(Instances!G7:Instances!G7),"min", MIN(Instances!G7:Instances!G7),"max", MAX(Instances!G7:Instances!G7),"diff", MAX(Instances!G7:Instances!G7)-MIN(Instances!G7:Instances!G7))} -> 0 | H7: {=_xlfn.SWITCH($A$2,"average", AVERAGE(Instances!H7:Instances!H7),"median", MEDIAN(Instances!H7:Instances!H7),"min", MIN(Instances!H7:Instances!H7),"max", MAX(Instances!H7:Instances!H7),"diff", MAX(Instances!H7:Instances!H7)-MIN(Instances!H7:Instances!H7))} -> 0 | J7: {=_xlfn.SWITCH($A$2,"average", AVERAGE(Instances!J7:Instances!J7),"median", MEDIAN(Instances!J7:Instances!J7),"min", MIN(Instances!J7:Instances!J7),"max", MAX(Instances!J7:Instances!J7),"diff", MAX(Instances!J7:Instances!J7)-MIN(Instances!J7:Instances!J7))} -> 0 | K7: =MIN($B7,$E7,$H7) -> 0 | L7: =MIN($D7,$G7,$J7) -> 0 | M7: =MEDIAN($B7,$E7,$H7) -> 0 | N7: =MEDIAN($D7,$G7,$J7) -> 0 | O7: =MAX($B7,$E7,$H7) -> 0 | P7: =MAX($D7,$G7,$J7) -> 0
A8: instances/x6_y6_a2_f50 | B8: {=_xlfn.SWITCH($A$2,"average", AVERAGE(Instances!B8:Instances!B8),"median", MEDIAN(Instances!B8:Instances!B8),"min", MIN(Instances!B8:Instances!B8),"max", MAX(Instances!B8:Instances!B8),"diff", MAX(Instances!B8:Instances!B8)-MIN(Instances!B8:Instances!B8))} -> 0 | D8: {=_xlfn.SWITCH($A$2,"average", AVERAGE(Instances!D8:Instances!D8),"median", MEDIAN(Instances!D8:Instances!D8),"min", MIN(Instances!D8:Instances!D8),"max", MAX(Instances!D8:Instances!D8),"diff", MAX(Instances!D8:Instances!D8)-MIN(Instances!D8:Instances!D8))} -> 0 | E8: {=_xlfn.SWITCH($A$2,"average", AVERAGE(Instances!E8:Instances!E8),"median", MEDIAN(Instances!E8:Instances!E8),"min", MIN(Instances!E8:Instances!E8),"max", MAX(Instances!E8:Instances!E8),"diff", MAX(Instances!E8:Instances!E8)-MIN(Instances!E8:Instances!E8))} -> 0 | G8: {=_xlfn.SWITCH($A$2,"average", AVERAGE(Instances!G8:Instances!G8),"median", MEDIAN(Instances!G8:Instances!G8),"min", MIN(Instances!G8:Instances!G8),"max", MAX(Instances!G8:Instances!G8),"diff", MAX(Instances!G8:Instances!G8)-MIN(Instances!G8:Instances!G8))} -> 0 | H8: {=_xlfn.SWITCH($A$2,"average", AVERAGE(Instances!H8:Instances!H8),"median", MEDIAN(Instances!H8:Instances!H8),"min", MIN(Instances!H8:Instances!H8),"max", MAX(Instances!H8:Instances!H8),"diff", MAX(Instances!H8:Instances!H8)-MIN(Instances!H8:Instances!H8))} -> 0 | J8: {=_xlfn.SWITCH($A$2,"average", AVERAGE(Instances!J8:Instances!J8),"median", MEDIAN(Instances!J8:Instances!J8),"min", MIN(Instances!J8:Instances!J8),"max", MAX(Instances!J8:Instances!J8),"diff", MAX(Instances!J8:Instances!J8)-MIN(Instances!J8:Instances!J8))} -> 0 | K8: =MIN($B8,$E8,$H8) -> 0 | L8: =MIN($D8,$G8,$J8) -> 0 | M8: =MEDIAN($B8,$E8,$H8) -> 0 | N8: =MEDIAN($D8,$G8,$J8) -> 0 | O8: =MAX($B8,$E8,$H8) -> 0 | P8: =MAX($D8,$G8,$J8) -> 0
A9: instances/x6_y6_a3_f1 | B9: {=_xlfn.SWITCH($A$2,"average", AVERAGE(Instances!B9:Instances!B9),"median", MEDIAN(Instances!B9:Instances!B9),"min", MIN(Instances!B9:Instances!B9),"max", MAX(Instances!B9:Instances!B9),"diff", MAX(Instances!B9:Instances!B9)-MIN(Instances!B9:Instances!B9))} -> 0 | D9: {=_xlfn.SWITCH($A$2,"average", AVERAGE(Instances!D9:Instances!D9),"median", MEDIAN(Instances!D9:Instances!D9),"min", MIN(Instances!D9:Instances!D9),"max", MAX(Instances!D9:Instances!D9),"diff", MAX(Instances!D9:Instances!D9)-MIN(Instances!D9:Instances!D9))} -> 0 | E9: {=_xlfn.SWITCH($A$2,"average", AVERAGE(Instances!E9:Instances!E9),"median", MEDIAN(Instances!E9:Instances!E9),"min", MIN(Instances!E9:Instances!E9),"max", MAX(Instances!E9:Instances!E9),"diff", MAX(Instances!E9:Instances!E9)-MIN(Instances!E9:Instances!E9))} -> 0 | G9: {=_xlfn.SWITCH($A$2,"average", AVERAGE(Instances!G9:Instances!G9),"median", MEDIAN(Instances!G9:Instances!G9),"min", MIN(Instances!G9:Instances!G9),"max", MAX(Instances!G9:Instances!G9),"diff", MAX(Instances!G9:Instances!G9)-MIN(Instances!G9:Instances!G9))} -> 0 | H9: {=_xlfn.SWITCH($A$2,"average", AVERAGE(Instances!H9:Instances!H9),"median", MEDIAN(Instances!H9:Instances!H9),"min", MIN(Instances!H9:Instances!H9),"max", MAX(Instances!H9:Instances!H9),"diff", MAX(Instances!H9:Instances!H9)-MIN(Instances!H9:Instances!H9))} -> 0 | J9: {=_xlfn.SWITCH($A$2,"average", AVERAGE(Instances!J9:Instances!J9),"median", MEDIAN(Instances!J9:Instances!J9),"min", MIN(Instances!J9:Instances!J9),"max", MAX(Instances!J9:Instances!J9),"diff", MAX(Instances!J9:Instances!J9)-MIN(Instances!J9:Instances!J9))} -> 0 | K9: =MIN($B9,$E9,$H9) -> 0 | L9: =MIN($D9,$G9,$J9) -> 0 | M9: =MEDIAN($B9,$E9,$H9) -> 0 | N9: =MEDIAN($D9,$G9,$J9) -> 0 | O9: =MAX($B9,$E9,$H9) -> 0 | P9: =MAX($D9,$G9,$J9) -> 0
A10: instances/x6_y6_a3_f10 | B10: {=_xlfn.SWITCH($A$2,"average", AVERAGE(Instances!B10:Instances!B10),"median", MEDIAN(Instances!B10:Instances!B10),"min", MIN(Instances!B10:Instances!B10),"max", MAX(Instances!B10:Instances!B10),"diff", MAX(Instances!B10:Instances!B10)-MIN(Instances!B10:Instances!B10))} -> 0 | D10: {=_xlfn.SWITCH($A$2,"average", AVERAGE(Instances!D10:Instances!D10),"median", MEDIAN(Instances!D10:Instances!D10),"min", MIN(Instances!D10:Instances!D10),"max", MAX(Instances!D10:Instances!D10),"diff", MAX(Instances!D10:Instances!D10)-MIN(Instances!D10:Instances!D10))} -> 0 | E10: {=_xlfn.SWITCH($A$2,"average", AVERAGE(Instances!E10:Instances!E10),"median", MEDIAN(Instances!E10:Instances!E10),"min", MIN(Instances!E10:Instances!E10),"max", MAX(Instances!E10:Instances!E10),"diff", MAX(Instances!E10:Instances!E10)-MIN(Instances!E10:Instances!E10))} -> 0 | G10: {=_xlfn.SWITCH($A$2,"average", AVERAGE(Instances!G10:Instances!G10),"median", MEDIAN(Instances!G10:Instances!G10),"min", MIN(Instances!G10:Instances!G10),"max", MAX(Instances!G10:Instances!G10),"diff", MAX(Instances!G10:Instances!G10)-MIN(Instances!G10:Instances!G10))} -> 0 | H10: {=_xlfn.SWITCH($A$2,"average", AVERAGE(Instances!H10:Instances!H10),"median", MEDIAN(Instances!H10:Instances!H10),"min", MIN(Instances!H10:Instances!H10),"max", MAX(Instances!H10:Instances!H10),"diff", MAX(Instances!H10:Instances!H10)-MIN(Instances!H10:Instances!H10))} -> 0 | J10: {=_xlfn.SWITCH($A$2,"average", AVERAGE(Instances!J10:Instances!J10),"median", MEDIAN(Instances!J10:Instances!J10),"min", MIN(Instances!J10:Instances!J10),"max", MAX(Instances!J10:Instances!J10),"diff", MAX(Instances!J10:Instances!J10)-MIN(Instances!J10:Instances!J10))} -> 0 | K10: =MIN($B10,$E10,$H10) -> 0 | L10: =MIN($D10,$G10,$J10) -> 0 | M10: =MEDIAN($B10,$E10,$H10) -> 0 | N10: =MEDIAN($D10,$G10,$J10) -> 0 | O10: =MAX($B10,$E10,$H10) -> 0 | P10: =MAX($D10,$G10,$J10) -> 0
A11: instances/x6_y6_a3_f50 | B11: {=_xlfn.SWITCH($A$2,"average", AVERAGE(Instances!B11:Instances!B11),"median", MEDIAN(Instances!B11:Instances!B11),"min", MIN(Instances!B11:Instances!B11),"max", MAX(Instances!B11:Instances!B11),"diff", MAX(Instances!B11:Instances!B11)-MIN(Instances!B11:Instances!B11))} -> 0 | D11: {=_xlfn.SWITCH($A$2,"average", AVERAGE(Instances!D11:Instances!D11),"median", MEDIAN(Instances!D11:Instances!D11),"min", MIN(Instances!D11:Instances!D11),"max", MAX(Instances!D11:Instances!D11),"diff", MAX(Instances!D11:Instances!D11)-MIN(Instances!D11:Instances!D11))} -> 0 | E11: {=_xlfn.SWITCH($A$2,"average", AVERAGE(Instances!E11:Instances!E11),"median", MEDIAN(Instances!E11:Instances!E11),"min", MIN(Instances!E11:Instances!E11),"max", MAX(Instances!E11:Instances!E11),"diff", MAX(Instances!E11:Instances!E11)-MIN(Instances!E11:Instances!E11))} -> 0 | G11: {=_xlfn.SWITCH($A$2,"average", AVERAGE(Instances!G11:Instances!G11),"median", MEDIAN(Instances!G11:Instances!G11),"min", MIN(Instances!G11:Instances!G11),"max", MAX(Instances!G11:Instances!G11),"diff", MAX(Instances!G11:Instances!G11)-MIN(Instances!G11:Instances!G11))} -> 0 | H11: {=_xlfn.SWITCH($A$2,"average", AVERAGE(Instances!H11:Instances!H11),"median", MEDIAN(Instances!H11:Instances!H11),"min", MIN(Instances!H11:Instances!H11),"max", MAX(Instances!H11:Instances!H11),"diff", MAX(Instances!H11:Instances!H11)-MIN(Instances!H11:Instances!H11))} -> 0 | J11: {=_xlfn.SWITCH($A$2,"average", AVERAGE(Instances!J11:Instances!J11),"median", MEDIAN(Instances!J11:Instances!J11),"min", MIN(Instances!J11:Instances!J11),"max", MAX(Instances!J11:Instances!J11),"diff", MAX(Instances!J11:Instances!J11)-MIN(Instances!J11:Instances!J11))} -> 0 | K11: =MIN($B11,$E11,$H11) -> 0 | L11: =MIN($D11,$G11,$J11) -> 0 | M11: =MEDIAN($B11,$E11,$H11) -> 0 | N11: =MEDIAN($D11,$G11,$J11) -> 0 | O11: =MAX($B11,$E11,$H11) -> 0 | P11: =MAX($D11,$G11,$J11) -> 0
A12: instances/x6_y6_a4_f1 | B12: {=_xlfn.SWITCH($A$2,"average", AVERAGE(Instances!B12:Instances!B12),"median", MEDIAN(Instances!B12:Instances!B12),"min", MIN(Instances!B12:Instances!B12),"max", MAX(Instances!B12:Instances!B12),"diff", MAX(Instances!B12:Instances!B12)-MIN(Instances!B12:Instances!B12))} -> 0 | D12: {=_xlfn.SWITCH($A$2,"average", AVERAGE(Instances!D12:Instances!D12),"median", MEDIAN(Instances!D12:Instances!D12),"min", MIN(Instances!D12:Instances!D12),"max", MAX(Instances!D12:Instances!D12),"diff", MAX(Instances!D12:Instances!D12)-MIN(Instances!D12:Instances!D12))} -> 0 | E12: {=_xlfn.SWITCH($A$2,"average", AVERAGE(Instances!E12:Instances!E12),"median", MEDIAN(Instances!E12:Instances!E12),"min", MIN(Instances!E12:Instances!E12),"max", MAX(Instances!E12:Instances!E12),"diff", MAX(Instances!E12:Instances!E12)-MIN(Instances!E12:Instances!E12))} -> 0 | G12: {=_xlfn.SWITCH($A$2,"average", AVERAGE(Instances!G12:Instances!G12),"median", MEDIAN(Instances!G12:Instances!G12),"min", MIN(Instances!G12:Instances!G12),"max", MAX(Instances!G12:Instances!G12),"diff", MAX(Instances!G12:Instances!G12)-MIN(Instances!G12:Instances!G12))} -> 0 | H12: {=_xlfn.SWITCH($A$2,"average", AVERAGE(Instances!H12:Instances!H12),"median", MEDIAN(Instances!H12:Instances!H12),"min", MIN(Instances!H12:Instances!H12),"max", MAX(Instances!H12:Instances!H12),"diff", MAX(Instances!H12:Instances!H12)-MIN(Instances!H12:Instances!H12))} -> 0 | J12: {=_xlfn.SWITCH($A$2,"average", AVERAGE(Instances!J12:Instances!J12),"median", MEDIAN(Instances!J12:Instances!J12),"min", MIN(Instances!J12:Instances!J12),"max", MAX(Instances!J12:Instances!J12),"diff", MAX(Instances!J12:Instances!J12)-MIN(Instances!J12:Instances!J12))} -> 0 | K12: =MIN($B12,$E12,$H12) -> 0 | L12: =MIN($D12,$G12,$J12) -> 0 | M12: =MEDIAN($B12,$E12,$H12) -> 0 | N12: =MEDIAN($D12,$G12,$J12) -> 0 | O12: =MAX($B12,$E12,$H12) -> 0 | P12: =MAX($D12,$G12,$J12) -> 0
A13: instances/x6_y6_a4_f10 | B13: {=_xlfn.SWITCH($A$2,"average", AVERAGE(Instances!B13:Instances!B13),"median", MEDIAN(Instances!B13:Instances!B13),"min", MIN(Instances!B13:Instances!B13),"max", MAX(Instances!B13:Instances!B13),"diff", MAX(Instances!B13:Instances!B13)-MIN(Instances!B13:Instances!B13))} -> 0 | D13: {=_xlfn.SWITCH($A$2,"average", AVERAGE(Instances!D13:Instances!D13),"median", MEDIAN(Instances!D13:Instances!D13),"min", MIN(Instances!D13:Instances!D13),"max", MAX(Instances!D13:Instances!D13),"diff", MAX(Instances!D13:Instances!D13)-MIN(Instances!D13:Instances!D13))} -> 0 | E13: {=_xlfn.SWITCH($A$2,"average", AVERAGE(Instances!E13:Instances!E13),"median", MEDIAN(Instances!E13:Instances!E13),"min", MIN(Instances!E13:Instances!E13),"max", MAX(Instances!E13:Instances!E13),"diff", MAX(Instances!E13:Instances!E13)-MIN(Instances!E13:Instances!E13))} -> 0 | G13: {=_xlfn.SWITCH($A$2,"average", AVERAGE(Instances!G13:Instances!G13),"median", MEDIAN(Instances!G13:Instances!G13),"min", MIN(Instances!G13:Instances!G13),"max", MAX(Instances!G13:Instances!G13),"diff", MAX(Instances!G13:Instances!G13)-MIN(Instances!G13:Instances!G13))} -> 0 | H13: {=_xlfn.SWITCH($A$2,"average", AVERAGE(Instances!H13:Instances!H13),"median", MEDIAN(Instances!H13:Instances!H13),"min", MIN(Instances!H13:Instances!H13),"max", MAX(Instances!H13:Instances!H13),"diff", MAX(Instances!H13:Instances!H13)-MIN(Instances!H13:Instances!H13))} -> 0 | J13: {=_xlfn.SWITCH($A$2,"average", AVERAGE(Instances!J13:Instances!J13),"median", MEDIAN(Instances!J13:Instances!J13),"min", MIN(Instances!J13:Instances!J13),"max", MAX(Instances!J13:Instances!J13),"diff", MAX(Instances!J13:Instances!J13)-MIN(Instances!J13:Instances!J13))} -> 0 | K13: =MIN($B13,$E13,$H13) -> 0 | L13: =MIN($D13,$G13,$J13) -> 0 | M13: =MEDIAN($B13,$E13,$H13) -> 0 | N13: =MEDIAN($D13,$G13,$J13) -> 0 | O13: =MAX($B13,$E13,$H13) -> 0 | P13: =MAX($D13,$G13,$J13) -> 0
A14: instances/x6_y6_a4_f50 | B14: {=_xlfn.SWITCH($A$2,"average", AVERAGE(Instances!B14:Instances!B14),"median", MEDIAN(Instances!B14:Instances!B14),"min", MIN(Instances!B14:Instances!B14),"max", MAX(Instances!B14:Instances!B14),"diff", MAX(Instances!B14:Instances!B14)-MIN(Instances!B14:Instances!B14))} -> 0 | D14: {=_xlfn.SWITCH($A$2,"average", AVERAGE(Instances!D14:Instances!D14),"median", MEDIAN(Instances!D14:Instances!D14),"min", MIN(Instances!D14:Instances!D14),"max", MAX(Instances!D14:Instances!D14),"diff", MAX(Instances!D14:Instances!D14)-MIN(Instances!D14:Instances!D14))} -> 0 | E14: {=_xlfn.SWITCH($A$2,"average", AVERAGE(Instances!E14:Instances!E14),"median", MEDIAN(Instances!E14:Instances!E14),"min", MIN(Instances!E14:Instances!E14),"max", MAX(Instances!E14:Instances!E14),"diff", MAX(Instances!E14:Instances!E14)-MIN(Instances!E14:Instances!E14))} -> 0 | G14: {=_xlfn.SWITCH($A$2,"average", AVERAGE(Instances!G14:Instances!G14),"median", MEDIAN(Instances!G14:Instances!G14),"min", MIN(Instances!G14:Instances!G14),"max", MAX(Instances!G14:Instances!G14),"diff", MAX(Instances!G14:Instances!G14)-MIN(Instances!G14:Instances!G14))} -> 0 | H14: {=_xlfn.SWITCH($A$2,"average", AVERAGE(Instances!H14:Instances!H14),"median", MEDIAN(Instances!H14:Instances!H14),"min", MIN(Instances!H14:Instances!H14),"max", MAX(Instances!H14:Instances!H14),"diff", MAX(Instances!H14:Instances!H14)-MIN(Instances!H14:Instances!H14))} -> 0 | J14: {=_xlfn.SWITCH($A$2,"average", AVERAGE(Instances!J14:Instances!J14),"median", MEDIAN(Instances!J14:Instances!J14),"min", MIN(Instances!J14:Instances!J14),"max", MAX(Instances!J14:Instances!J14),"diff", MAX(Instances!J14:Instances!J14)-MIN(Instances!J14:Instances!J14))} -> 0 | K14: =MIN($B14,$E14,$H14) -> 0 | L14: =MIN($D14,$G14,$J14) -> 0 | M14: =MEDIAN($B14,$E14,$H14) -> 0 | N14: =MEDIAN($D14,$G14,$J14) -> 0 | O14: =MAX($B14,$E14,$H14) -> 0 | P14: =MAX($D14,$G14,$J14) -> 0
A16: SUM | B16: =SUM(B$3:B$14) -> 0 | D16: =SUM(D$3:D$14) -> 0 | E16: =SUM(E$3:E$14) -> 0 | G16: =SUM(G$3:G$14) -> 0 | H16: =SUM(H$3:H$14) -> 0 | J16: =SUM(J$3:J$14) -> 0 | K16: =SUM(K$3:K$14) -> 0 | L16: =SUM(L$3:L$14) -> 0 | M16: =SUM(M$3:M$14) -> 0 | N16: =SUM(N$3:N$14) -> 0 | O16: =SUM(O$3:O$14) -> 0 | P16: =SUM(P$3:P$14) -> 0
A17: AVG | B17: =AVERAGE(B$3:B$14) -> 0 | D17: =AVERAGE(D$3:D$14) -> 0 | E17: =AVERAGE(E$3:E$14) -> 0 | G17: =AVERAGE(G$3:G$14) -> 0 | H17: =AVERAGE(H$3:H$14) -> 0 | J17: =AVERAGE(J$3:J$14) -> 0 | K17: =AVERAGE(K$3:K$14) -> 0 | L17: =AVERAGE(L$3:L$14) -> 0 | M17: =AVERAGE(M$3:M$14) -> 0 | N17: =AVERAGE(N$3:N$14) -> 0 | O17: =AVERAGE(O$3:O$14) -> 0 | P17: =AVERAGE(P$3:P$14) -> 0
A18: DEV | B18: =STDEV(B$3:B$14) -> 0 | D18: =STDEV(D$3:D$14) -> 0 | E18: =STDEV(E$3:E$14) -> 0 | G18: =STDEV(G$3:G$14) -> 0 | H18: =STDEV(H$3:H$14) -> 0 | J18: =STDEV(J$3:J$14) -> 0 | K18: =STDEV(K$3:K$14) -> 0 | L18: =STDEV(L$3:L$14) -> 0 | M18: =STDEV(M$3:M$14) -> 0 | N18: =STDEV(N$3:N$14) -> 0 | O18: =STDEV(O$3:O$14) -> 0 | P18: =STDEV(P$3:P$14) -> 0
A19: DST | B19: =SUMPRODUCT(--(B$3:B$14-$K$3:$K$14)^2)^0.5 -> 0 | D19: =SUMPRODUCT(--(D$3:D$14-$L$3:$L$14)^2)^0.5 -> 0 | E19: =SUMPRODUCT(--(E$3:E$14-$K$3:$K$14)^2)^0.5 -> 0 | G19: =SUMPRODUCT(--(G$3:G$14-$L$3:$L$14)^2)^0.5 -> 0 | H19: =SUMPRODUCT(--(H$3:H$14-$K$3:$K$14)^2)^0.5 -> 0 | J19: =SUMPRODUCT(--(J$3:J$14-$L$3:$L$14)^2)^0.5 -> 0
A20: BEST | B20: =SUMPRODUCT(NOT(ISBLANK(B$3:B$14))*(B$3:B$14=$K$3:$K$14)) -> 0 | D20: =SUMPRODUCT(NOT(ISBLANK(D$3:D$14))*(D$3:D$14=$L$3:$L$14)) -> 0 | E20: =SUMPRODUCT(NOT(ISBLANK(E$3:E$14))*(E$3:E$14=$K$3:$K$14)) -> 0 | G20: =SUMPRODUCT(NOT(ISBLANK(G$3:G$14))*(G$3:G$14=$L$3:$L$14)) -> 0 | H20: =SUMPRODUCT(NOT(ISBLANK(H$3:H$14))*(H$3:H$14=$K$3:$K$14)) -> 0 | J20: =SUMPRODUCT(NOT(ISBLANK(J$3:J$14))*(J$3:J$14=$L$3:$L$14)) -> 0
A21: BETTER | B21: =SUMPRODUCT(NOT(ISBLANK(B$3:B$14))*(B$3:B$14<$M$3:$M$14)) -> 0 | D21: =SUMPRODUCT(NOT(ISBLANK(D$3:D$14))*(D$3:D$14<$N$3:$N$14)) -> 0 | E21: =SUMPRODUCT(NOT(ISBLANK(E$3:E$14))*(E$3:E$14<$M$3:$M$14)) -> 0 | G21: =SUMPRODUCT(NOT(ISBLANK(G$3:G$14))*(G$3:G$14<$N$3:$N$14)) -> 0 | H21: =SUMPRODUCT(NOT(ISBLANK(H$3:H$14))*(H$3:H$14<$M$3:$M$14)) -> 0 | J21: =SUMPRODUCT(NOT(ISBLANK(J$3:J$14))*(J$3:J$14<$N$3:$N$14)) -> 0
A22: WORSE | B22: =SUMPRODUCT((NOT(ISBLANK(B$3:B$14))*(B$3:B$14>$M$3:$M$14))+ISBLANK(B$3:B$14)) -> 0 | D22: =SUMPRODUCT((NOT(ISBLANK(D$3:D$14))*(D$3:D$14>$N$3:$N$14))+ISBLANK(D$3:D$14)) -> 0 | E22: =SUMPRODUCT((NOT(ISBLANK(E$3:E$14))*(E$3:E$14>$M$3:$M$14))+ISBLANK(E$3:E$14)) -> 0 | G22: =SUMPRODUCT((NOT(ISBLANK(G$3:G$14))*(G$3:G$14>$N$3:$N$14))+ISBLANK(G$3:G$14)) -> 0 | H22: =SUMPRODUCT((NOT(ISBLANK(H$3:H$14))*(H$3:H$14>$M$3:$M$14))+ISBLANK(H$3:H$14)) -> 0 | J22: =SUMPRODUCT((NOT(ISBLANK(J$3:J$14))*(J$3:J$14>$N$3:$N$14))+ISBLANK(J$3:J$14)) -> 0
A23: WORST | B23: =SUMPRODUCT((NOT(ISBLANK(B$3:B$14))*(B$3:B$14=$O$3:$O$14))+ISBLANK(B$3:B$14)) -> 0 | D23: =SUMPRODUCT((NOT(ISBLANK(D$3:D$14))*(D$3:D$14=$P$3:$P$14))+ISBLANK(D$3:D$14)) -> 0 | E23: =SUMPRODUCT((NOT(ISBLANK(E$3:E$14))*(E$3:E$14=$O$3:$O$14))+ISBLANK(E$3:E$14)) -> 0 | G23: =SUMPRODUCT((NOT(ISBLANK(G$3:G$14))*(G$3:G$14=$P$3:$P$14))+ISBLANK(G$3:G$14)) -> 0 | H23: =SUMPRODUCT((NOT(ISBLANK(H$3:H$14))*(H$3:H$14=$O$3:$O$14))+ISBLANK(H$3:H$14)) -> 0 | J23: =SUMPRODUCT((NOT(ISBLANK(J$3:J$14))*(J$3:J$14=$P$3:$P$14))+ISBLANK(J$3:J$14)) -> 0

Sheet Classes
B1: memelingo-1/allapproaches_mlp-tplp-ht | E1: memelingo-1/allapproaches_mlp-tplp-htc | H1: memelingo-1/allapproaches_mlp-tplp-htcdl | K1: min | M1: median | O1: max
B2: time | C2: status | D2: rules | E2: time | F2: status | G2: rules | H2: time | I2: status | J2: rules | K2: time | L2: rules | M2: time | N2: rules | O2: time | P2: rules
A3: instances | B3: =AVERAGE(Instances!B3:Instances!B14) -> 0 | D3: =AVERAGE(Instances!D3:Instances!D14) -> 0 | E3: =AVERAGE(Instances!E3:Instances!E14) -> 0 | G3: =AVERAGE(Instances!G3:Instances!G14) -> 0 | H3: =AVERAGE(Instances!H3:Instances!H14) -> 0 | J3: =AVERAGE(Instances!J3:Instances!J14) -> 0 | K3: =MIN($B3,$E3,$H3) -> 0 | L3: =MIN($D3,$G3,$J3) -> 0 | M3: =MEDIAN($B3,$E3,$H3) -> 0 | N3: =MEDIAN($D3,$G3,$J3) -> 0 | O3: =MAX($B3,$E3,$H3) -> 0 | P3: =MAX($D3,$G3,$J3) -> 0
A5: SUM | B5: =SUM(B$3:B$3) -> 0 | D5: =SUM(D$3:D$3) -> 0 | E5: =SUM(E$3:E$3) -> 0 | G5: =SUM(G$3:G$3) -> 0 | H5: =SUM(H$3:H$3) -> 0 | J5: =SUM(J$3:J$3) -> 0 | K5: =SUM(K$3:K$3) -> 0 | L5: =SUM(L$3:L$3) -> 0 | M5: =SUM(M$3:M$3) -> 0 | N5: =SUM(N$3:N$3) -> 0 | O5: =SUM(O$3:O$3) -> 0 | P5: =SUM(P$3:P$3) -> 0
A6: AVG | B6: =AVERAGE(B$3:B$3) -> 0 | D6: =AVERAGE(D$3:D$3) -> 0 | E6: =AVERAGE(E$3:E$3) -> 0 | G6: =AVERAGE(G$3:G$3) -> 0 | H6: =AVERAGE(H$3:H$3) -> 0 | J6: =AVERAGE(J$3:J$3) -> 0 | K6: =AVERAGE(K$3:K$3) -> 0 | L6: =AVERAGE(L$3:L$3) -> 0 | M6: =AVERAGE(M$3:M$3) -> 0 | N6: =AVERAGE(N$3:N$3) -> 0 | O6: =AVERAGE(O$3:O$3) -> 0 | P6: =AVERAGE(P$3:P$3) -> 0
A7: DEV | B7: =STDEV(B$3:B$3) -> 0 | D7: =STDEV(D$3:D$3) -> 0 | E7: =STDEV(E$3:E$3) -> 0 | G7: =STDEV(G$3:G$3) -> 0 | H7: =STDEV(H$3:H$3) -> 0 | J7: =STDEV(J$3:J$3) -> 0 | K7: =STDEV(K$3:K$3) -> 0 | L7: =STDEV(L$3:L$3) -> 0 | M7: =STDEV(M$3:M$3) -> 0 | N7: =STDEV(N$3:N$3) -> 0 | O7: =STDEV(O$3:O$3) -> 0 | P7: =STDEV(P$3:P$3) -> 0
A8: DST | B8: =SUMPRODUCT(--(B$3:B$3-$K$3:$K$3)^2)^0.5 -> 0 | D8: =SUMPRODUCT(--(D$3:D$3-$L$3:$L$3)^2)^0.5 -> 0 | E8: =SUMPRODUCT(--(E$3:E$3-$K$3:$K$3)^2)^0.5 -> 0 | G8: =SUMPRODUCT(--(G$3:G$3-$L$3:$L$3)^2)^0.5 -> 0 | H8: =SUMPRODUCT(--(H$3:H$3-$K$3:$K$3)^2)^0.5 -> 0 | J8: =SUMPRODUCT(--(J$3:J$3-$L$3:$L$3)^2)^0.5 -> 0
A9: BEST | B9: =SUMPRODUCT(NOT(ISBLANK(B$3:B$3))*(B$3:B$3=$K$3:$K$3)) -> 0 | D9: =SUMPRODUCT(NOT(ISBLANK(D$3:D$3))*(D$3:D$3=$L$3:$L$3)) -> 0 | E9: =SUMPRODUCT(NOT(ISBLANK(E$3:E$3))*(E$3:E$3=$K$3:$K$3)) -> 0 | G9: =SUMPRODUCT(NOT(ISBLANK(G$3:G$3))*(G$3:G$3=$L$3:$L$3)) -> 0 | H9: =SUMPRODUCT(NOT(ISBLANK(H$3:H$3))*(H$3:H$3=$K$3:$K$3)) -> 0 | J9: =SUMPRODUCT(NOT(ISBLANK(J$3:J$3))*(J$3:J$3=$L$3:$L$3)) -> 0
A10: BETTER | B10: =SUMPRODUCT(NOT(ISBLANK(B$3:B$3))*(B$3:B$3<$M$3:$M$3)) -> 0 | D10: =SUMPRODUCT(NOT(ISBLANK(D$3:D$3))*(D$3:D$3<$N$3:$N$3)) -> 0 | E10: =SUMPRODUCT(NOT(ISBLANK(E$3:E$3))*(E$3:E$3<$M$3:$M$3)) -> 0 | G10: =SUMPRODUCT(NOT(ISBLANK(G$3:G$3))*(G$3:G$3<$N$3:$N$3)) -> 0 | H10: =SUMPRODUCT(NOT(ISBLANK(H$3:H$3))*(H$3:H$3<$M$3:$M$3)) -> 0 | J10: =SUMPRODUCT(NOT(ISBLANK(J$3:J$3))*(J$3:J$3<$N$3:$N$3)) -> 0
A11: WORSE | B11: =SUMPRODUCT((NOT(ISBLANK(B$3:B$3))*(B$3:B$3>$M$3:$M$3))+ISBLANK(B$3:B$3)) -> 0 | D11: =SUMPRODUCT((NOT(ISBLANK(D$3:D$3))*(D$3:D$3>$N$3:$N$3))+ISBLANK(D$3:D$3)) -> 0 | E11: =SUMPRODUCT((NOT(ISBLANK(E$3:E$3))*(E$3:E$3>$M$3:$M$3))+ISBLANK(E$3:E$3)) -> 0 | G11: =SUMPRODUCT((NOT(ISBLANK(G$3:G$3))*(G$3:G$3>$N$3:$N$3))+ISBLANK(G$3:G$3)) -> 0 | H11: =SUMPRODUCT((NOT(ISBLANK(H$3:H$3))*(H$3:H$3>$M$3:$M$3))+ISBLANK(H$3:H$3)) -> 0 | J11: =SUMPRODUCT((NOT(ISBLANK(J$3:J$3))*(J$3:J$3>$N$3:$N$3))+ISBLANK(J$3:J$3)) -> 0
A12: WORST | B12: =SUMPRODUCT((NOT(ISBLANK(B$3:B$3))*(B$3:B$3=$O$3:$O$3))+ISBLANK(B$3:B$3)) -> 0 | D12: =SUMPRODUCT((NOT(ISBLANK(D$3:D$3))*(D$3:D$3=$P$3:$P$3))+ISBLANK(D$3:D$3)) -> 0 | E12: =SUMPRODUCT((NOT(ISBLANK(E$3:E$3))*(E$3:E$3=$O$3:$O$3))+ISBLANK(E$3:E$3)) -> 0 | G12: =SUMPRODUCT((NOT(ISBLANK(G$3:G$3))*(G$3:G$3=$P$3:$P$3))+ISBLANK(G$3:G$3)) -> 0 | H12: =SUMPRODUCT((NOT(ISBLANK(H$3:H$3))*(H$3:H$3=$O$3:$O$3))+ISBLANK(H$3:H$3)) -> 0 | J12: =SUMPRODUCT((NOT(ISBLANK(J$3:J$3))*(J$3:J$3=$P$3:$P$3))+ISBLANK(J$3:J$3)) -> 0
