Workbook

Sheet Instances
B1: memelingo-1/lambda-large_30_mlp-tplp-htc | F1: memelingo-1/lambda-large_30_mlp-tplp-htcdl | J1: memelingo-1/lambda-large_35_mlp-tplp-htc | N1: memelingo-1/lambda-large_35_mlp-tplp-htcdl | R1: memelingo-1/lambda-large_40_mlp-tplp-htc | V1: memelingo-1/lambda-large_40_mlp-tplp-htcdl | Z1: memelingo-1/lambda-large_45_mlp-tplp-htc | AD1: memelingo-1/lambda-large_45_mlp-tplp-htcdl | AH1: memelingo-1/lambda-large_50_mlp-tplp-htc | AL1: memelingo-1/lambda-large_50_mlp-tplp-htcdl | AP1: memelingo-1/lambda-large_55_mlp-tplp-htc | AT1: memelingo-1/lambda-large_55_mlp-tplp-htcdl | AX1: memelingo-1/lambda-large_60_mlp-tplp-htc | BB1: memelingo-1/lambda-large_60_mlp-tplp-htcdl | BF1: memelingo-1/lambda-small_10_mlp-tplp-ht | BJ1: memelingo-1/lambda-small_10_mlp-tplp-htc | BN1: memelingo-1/lambda-small_10_mlp-tplp-htcdl | BR1: memelingo-1/lambda-small_12_mlp-tplp-ht | BV1: memelingo-1/lambda-small_12_mlp-tplp-htc | BZ1: memelingo-1/lambda-small_12_mlp-tplp-htcdl | CD1: memelingo-1/lambda-small_14_mlp-tplp-ht | CH1: memelingo-1/lambda-small_14_mlp-tplp-htc | CL1: memelingo-1/lambda-small_14_mlp-tplp-htcdl | CP1: memelingo-1/lambda-small_16_mlp-tplp-ht | CT1: memelingo-1/lambda-small_16_mlp-tplp-htc | CX1: memelingo-1/lambda-small_16_mlp-tplp-htcdl | DB1: memelingo-1/lambda-small_18_mlp-tplp-ht | DF1: memelingo-1/lambda-small_18_mlp-tplp-htc | DJ1: memelingo-1/lambda-small_18_mlp-tplp-htcdl | DN1: memelingo-1/lambda-small_20_mlp-tplp-ht | DR1: memelingo-1/lambda-small_20_mlp-tplp-htc | DV1: memelingo-1/lambda-small_20_mlp-tplp-htcdl | DZ1: memelingo-1/lambda-small_22_mlp-tplp-ht | ED1: memelingo-1/lambda-small_22_mlp-tplp-htc | EH1: memelingo-1/lambda-small_22_mlp-tplp-htcdl | EL1: min | EO1: median | ER1: max
B2: time | C2: stime | D2: status | E2: rules | F2: time | G2: stime | H2: status | I2: rules | J2: time | K2: stime | L2: status | M2: rules | N2: time | O2: stime | P2: status | Q2: rules | R2: time | S2: stime | T2: status | U2: rules | V2: time | W2: stime | X2: status | Y2: rules | Z2: time | AA2: stime | AB2: status | AC2: rules | AD2: time | AE2: stime | AF2: status | AG2: rules | AH2: time | AI2: stime | AJ2: status | AK2: rules | AL2: time | AM2: stime | AN2: status | AO2: rules | AP2: time | AQ2: stime | AR2: status | AS2: rules | AT2: time | AU2: stime | AV2: status | AW2: rules | AX2: time | AY2: stime | AZ2: status | BA2: rules | BB2: time | BC2: stime | BD2: status | BE2: rules | BF2: time | BG2: stime | BH2: status | BI2: rules | BJ2: time | BK2: stime | BL2: status | BM2: rules | BN2: time | BO2: stime | BP2: status | BQ2: rules | BR2: time | BS2: stime | BT2: status | BU2: rules | BV2: time | BW2: stime | BX2: status | BY2: rules | BZ2: time | CA2: stime | CB2: status | CC2: rules | CD2: time | CE2: stime | CF2: status | CG2: rules | CH2: time | CI2: stime | CJ2: status | CK2: rules | CL2: time | CM2: stime | CN2: status | CO2: rules | CP2: time | CQ2: stime | CR2: status | CS2: rules | CT2: time | CU2: stime | CV2: status | CW2: rules | CX2: time | CY2: stime | CZ2: status | DA2: rules | DB2: time | DC2: stime | DD2: status | DE2: rules | DF2: time | DG2: stime | DH2: status | DI2: rules | DJ2: time | DK2: stime | DL2: status | DM2: rules | DN2: time | DO2: stime | DP2: status | DQ2: rules | DR2: time | DS2: stime | DT2: status | DU2: rules | DV2: time | DW2: stime | DX2: status | DY2: rules | DZ2: time | EA2: stime | EB2: status | EC2: rules | ED2: time | EE2: stime | EF2: status | EG2: rules | EH2: time | EI2: stime | EJ2: status | EK2: rules | EL2: time | EM2: stime | EN2: rules | EO2: time | EP2: stime | EQ2: rules | ER2: time | ES2: stime | ET2: rules
A3: instances/ft06 | BF3: 320.78 | BG3: 306.46 | BH3: UNSATISFIABLE | BI3: 1706377 | BJ3: 10.83 | BK3: 3.62 | BL3: UNSATISFIABLE | BM3: 77480 | BN3: 9.55 | BO3: 1.95 | BP3: SATISFIABLE | BQ3: 77470 | BR3: 186.22 | BS3: 165.76 | BT3: SATISFIABLE | BU3: 2382465 | BV3: 12.61 | BW3: 5.05 | BX3: SATISFIABLE | BY3: 99618 | BZ3: 12.43 | CA3: 4.6 | CB3: SATISFIABLE | CC3: 99606 | CD3: 312.71 | CE3: 290.81 | CF3: SATISFIABLE | CG3: 3130110 | CH3: 21.76 | CI3: 13.25 | CJ3: SATISFIABLE | CK3: 124172 | CL3: 16.76 | CM3: 8.74 | CN3: SATISFIABLE | CO3: 124158 | CP3: 338.49 | CQ3: 310.84 | CR3: SATISFIABLE | CS3: 3933988 | CT3: 13.7 | CU3: 5.08 | CV3: SATISFIABLE | CW3: 151142 | CX3: 22.37 | CY3: 14.01 | CZ3: SATISFIABLE | DA3: 151126 | DB3: 131.53 | DC3: 98.55 | DD3: SATISFIABLE | DE3: 4779687 | DF3: 12.49 | DG3: 3.52 | DH3: SATISFIABLE | DI3: 180528 | DJ3: 28.88 | DK3: 19.91 | DL3: SATISFIABLE | DM3: 180510 | DN3: 69.84 | DO3: 30.71 | DP3: SATISFIABLE | DQ3: 5653707 | DR3: 13.83 | DS3: 4.66 | DT3: SATISFIABLE | DU3: 212330 | DV3: 43.6 | DW3: 34.53 | DX3: SATISFIABLE | DY3: 212310 | DZ3: 110.07 | EA3: 64.4 | EB3: SATISFIABLE | EC3: 6543460 | ED3: 14.3 | EE3: 5.29 | EF3: SATISFIABLE | EG3: 246548 | EH3: 53.45 | EI3: 44.7 | EJ3: SATISFIABLE | EK3: 246526 | EL3: =MIN($B3,$F3,$J3,$N3,$R3,$V3,$Z3,$AD3,$AH3,$AL3,$AP3,$AT3,$AX3,$BB3,$BF3,$BJ3,$BN3,$BR3,$BV3,$BZ3,$CD3,$CH3,$CL3,$CP3,$CT3,$CX3,$DB3,$DF3,$DJ3,$DN3,$DR3,$DV3,$DZ3,$ED3,$EH3) -> 0 | EM3: =MIN($C3,$G3,$K3,$O3,$S3,$W3,$AA3,$AE3,$AI3,$AM3,$AQ3,$AU3,$AY3,$BC3,$BG3,$BK3,$BO3,$BS3,$BW3,$CA3,$CE3,$CI3,$CM3,$CQ3,$CU3,$CY3,$DC3,$DG3,$DK3,$DO3,$DS3,$DW3,$EA3,$EE3,$EI3) -> 0 | EN3: =MIN($E3,$I3,$M3,$Q3,$U3,$Y3,$AC3,$AG3,$AK3,$AO3,$AS3,$AW3,$BA3,$BE3,$BI3,$BM3,$BQ3,$BU3,$BY3,$CC3,$CG3,$CK3,$CO3,$CS3,$CW3,$DA3,$DE3,$DI3,$DM3,$DQ3,$DU3,$DY3,$EC3,$EG3,$EK3) -> 0 | EO3: =MEDIAN($B3,$F3,$J3,$N3,$R3,$V3,$Z3,$AD3,$AH3,$AL3,$AP3,$AT3,$AX3,$BB3,$BF3,$BJ3,$BN3,$BR3,$BV3,$BZ3,$CD3,$CH3,$CL3,$CP3,$CT3,$CX3,$DB3,$DF3,$DJ3,$DN3,$DR3,$DV3,$DZ3,$ED3,$EH3) -> 0 | EP3: =MEDIAN($C3,$G3,$K3,$O3,$S3,$W3,$AA3,$AE3,$AI3,$AM3,$AQ3,$AU3,$AY3,$BC3,$BG3,$BK3,$BO3,$BS3,$BW3,$CA3,$CE3,$CI3,$CM3,$CQ3,$CU3,$CY3,$DC3,$DG3,$DK3,$DO3,$DS3,$DW3,$EA3,$EE3,$EI3) -> 0 | EQ3: =MEDIAN($E3,$I3,$M3,$Q3,$U3,$Y3,$AC3,$AG3,$AK3,$AO3,$AS3,$AW3,$BA3,$BE3,$BI3,$BM3,$BQ3,$BU3,$BY3,$CC3,$CG3,$CK3,$CO3,$CS3,$CW3,$DA3,$DE3,$DI3,$DM3,$DQ3,$DU3,$DY3,$EC3,$EG3,$EK3) -> 0 | ER3: =MAX($B3,$F3,$J3,$N3,$R3,$V3,$Z3,$AD3,$AH3,$AL3,$AP3,$AT3,$AX3,$BB3,$BF3,$BJ3,$BN3,$BR3,$BV3,$BZ3,$CD3,$CH3,$CL3,$CP3,$CT3,$CX3,$DB3,$DF3,$DJ3,$DN3,$DR3,$DV3,$DZ3,$ED3,$EH3) -> 0 | ES3: =MAX($C3,$G3,$K3,$O3,$S3,$W3,$AA3,$AE3,$AI3,$AM3,$AQ3,$AU3,$AY3,$BC3,$BG3,$BK3,$BO3,$BS3,$BW3,$CA3,$CE3,$CI3,$CM3,$CQ3,$CU3,$CY3,$DC3,$DG3,$DK3,$DO3,$DS3,$DW3,$EA3,$EE3,$EI3) -> 0 | ET3: =MAX($E3,$I3,$M3,$Q3,$U3,$Y3,$AC3,$AG3,$AK3,$AO3,$AS3,$AW3,$BA3,$BE3,$BI3,$BM3,$BQ3,$BU3,$BY3,$CC3,$CG3,$CK3,$CO3,$CS3,$CW3,$DA3,$DE3,$DI3,$DM3,$DQ3,$DU3,$DY3,$EC3,$EG3,$EK3) -> 0
A4: instances/ft10const10 | B4: 1200 | D4: UNKNOWN | F4: 87.94 | G4: 69.4 | H4: SATISFIABLE | I4: 1120051 | J4: 1200 | L4: UNKNOWN | N4: 161.84 | O4: 140.85 | P4: SATISFIABLE | Q4: 1445626 | R4: 1200 | T4: UNKNOWN | V4: 234.91 | W4: 209.72 | X4: SATISFIABLE | Y4: 1811326 | Z4: 1200 | AB4: UNKNOWN | AD4: 299.43 | AE4: 269.8 | AF4: SATISFIABLE | AG4: 2217151 | AH4: 1200 | AJ4: UNKNOWN | AL4: 497.9 | AM4: 464.12 | AN4: SATISFIABLE | AO4: 2663101 | AP4: 1200 | AR4: UNKNOWN | AT4: 810.46 | AU4: 772.75 | AV4: SATISFIABLE | AW4: 3149176 | AX4: 1200 | AZ4: UNKNOWN | BB4: 912.57 | BC4: 867.15 | BD4: SATISFIABLE | BE4: 3675376 | EL4: =MIN($B4,$F4,$J4,$N4,$R4,$V4,$Z4,$AD4,$AH4,$AL4,$AP4,$AT4,$AX4,$BB4,$BF4,$BJ4,$BN4,$BR4,$BV4,$BZ4,$CD4,$CH4,$CL4,$CP4,$CT4,$CX4,$DB4,$DF4,$DJ4,$DN4,$DR4,$DV4,$DZ4,$ED4,$EH4) -> 0 | EM4: =MIN($C4,$G4,$K4,$O4,$S4,$W4,$AA4,$AE4,$AI4,$AM4,$AQ4,$AU4,$AY4,$BC4,$BG4,$BK4,$BO4,$BS4,$BW4,$CA4,$CE4,$CI4,$CM4,$CQ4,$CU4,$CY4,$DC4,$DG4,$DK4,$DO4,$DS4,$DW4,$EA4,$EE4,$EI4) -> 0 | EN4: =MIN($E4,$I4,$M4,$Q4,$U4,$Y4,$AC4,$AG4,$AK4,$AO4,$AS4,$AW4,$BA4,$BE4,$BI4,$BM4,$BQ4,$BU4,$BY4,$CC4,$CG4,$CK4,$CO4,$CS4,$CW4,$DA4,$DE4,$DI4,$DM4,$DQ4,$DU4,$DY4,$EC4,$EG4,$EK4) -> 0 | EO4: =MEDIAN($B4,$F4,$J4,$N4,$R4,$V4,$Z4,$AD4,$AH4,$AL4,$AP4,$AT4,$AX4,$BB4,$BF4,$BJ4,$BN4,$BR4,$BV4,$BZ4,$CD4,$CH4,$CL4,$CP4,$CT4,$CX4,$DB4,$DF4,$DJ4,$DN4,$DR4,$DV4,$DZ4,$ED4,$EH4) -> 0 | EP4: =MEDIAN($C4,$G4,$K4,$O4,$S4,$W4,$AA4,$AE4,$AI4,$AM4,$AQ4,$AU4,$AY4,$BC4,$BG4,$BK4,$BO4,$BS4,$BW4,$CA4,$CE4,$CI4,$CM4,$CQ4,$CU4,$CY4,$DC4,$DG4,$DK4,$DO4,$DS4,$DW4,$EA4,$EE4,$EI4) -> 0 | EQ4: =MEDIAN($E4,$I4,$M4,$Q4,$U4,$Y4,$AC4,$AG4,$AK4,$AO4,$AS4,$AW4,$BA4,$BE4,$BI4,$BM4,$BQ4,$BU4,$BY4,$CC4,$CG4,$CK4,$CO4,$CS4,$CW4,$DA4,$DE4,$DI4,$DM4,$DQ4,$DU4,$DY4,$EC4,$EG4,$EK4) -> 0 | ER4: =MAX($B4,$F4,$J4,$N4,$R4,$V4,$Z4,$AD4,$AH4,$AL4,$AP4,$AT4,$AX4,$BB4,$BF4,$BJ4,$BN4,$BR4,$BV4,$BZ4,$CD4,$CH4,$CL4,$CP4,$CT4,$CX4,$DB4,$DF4,$DJ4,$DN4,$DR4,$DV4,$DZ4,$ED4,$EH4) -> 0 | ES4: =MAX($C4,$G4,$K4,$O4,$S4,$W4,$AA4,$AE4,$AI4,$AM4,$AQ4,$AU4,$AY4,$BC4,$BG4,$BK4,$BO4,$BS4,$BW4,$CA4,$CE4,$CI4,$CM4,$CQ4,$CU4,$CY4,$DC4,$DG4,$DK4,$DO4,$DS4,$DW4,$EA4,$EE4,$EI4) -> 0 | ET4: =MAX($E4,$I4,$M4,$Q4,$U4,$Y4,$AC4,$AG4,$AK4,$AO4,$AS4,$AW4,$BA4,$BE4,$BI4,$BM4,$BQ4,$BU4,$BY4,$CC4,$CG4,$CK4,$CO4,$CS4,$CW4,$DA4,$DE4,$DI4,$DM4,$DQ4,$DU4,$DY4,$EC4,$EG4,$EK4) -> 0
A5: instances/ft10const15 | B5: 1200 | D5: UNKNOWN | F5: 84.47 | G5: 66.77 | H5: SATISFIABLE | I5: 1120051 | J5: 1200 | L5: UNKNOWN | N5: 125.63 | O5: 103.6 | P5: SATISFIABLE | Q5: 1445626 | R5: 1200 | T5: UNKNOWN | V5: 243.3 | W5: 218.23 | X5: SATISFIABLE | Y5: 1811326 | Z5: 1200 | AB5: UNKNOWN | AD5: 316.06 | AE5: 286.12 | AF5: SATISFIABLE | AG5: 2217151 | AH5: 1200 | AJ5: UNKNOWN | AL5: 528.11 | AM5: 497.06 | AN5: SATISFIABLE | AO5: 2663101 | AP5: 1200 | AR5: UNKNOWN | AT5: 765.94 | AU5: 724.64 | AV5: SATISFIABLE | AW5: 3149176 | AX5: 1200 | AZ5: UNKNOWN | BB5: 968.26 | BC5: 922.9 | BD5: SATISFIABLE | BE5: 3675376 | EL5: =MIN($B5,$F5,$J5,$N5,$R5,$V5,$Z5,$AD5,$AH5,$AL5,$AP5,$AT5,$AX5,$BB5,$BF5,$BJ5,$BN5,$BR5,$BV5,$BZ5,$CD5,$CH5,$CL5,$CP5,$CT5,$CX5,$DB5,$DF5,$DJ5,$DN5,$DR5,$DV5,$DZ5,$ED5,$EH5) -> 0 | EM5: =MIN($C5,$G5,$K5,$O5,$S5,$W5,$AA5,$AE5,$AI5,$AM5,$AQ5,$AU5,$AY5,$BC5,$BG5,$BK5,$BO5,$BS5,$BW5,$CA5,$CE5,$CI5,$CM5,$CQ5,$CU5,$CY5,$DC5,$DG5,$DK5,$DO5,$DS5,$DW5,$EA5,$EE5,$EI5) -> 0 | EN5: =MIN($E5,$I5,$M5,$Q5,$U5,$Y5,$AC5,$AG5,$AK5,$AO5,$AS5,$AW5,$BA5,$BE5,$BI5,$BM5,$BQ5,$BU5,$BY5,$CC5,$CG5,$CK5,$CO5,$CS5,$CW5,$DA5,$DE5,$DI5,$DM5,$DQ5,$DU5,$DY5,$EC5,$EG5,$EK5) -> 0 | EO5: =MEDIAN($B5,$F5,$J5,$N5,$R5,$V5,$Z5,$AD5,$AH5,$AL5,$AP5,$AT5,$AX5,$BB5,$BF5,$BJ5,$BN5,$BR5,$BV5,$BZ5,$CD5,$CH5,$CL5,$CP5,$CT5,$CX5,$DB5,$DF5,$DJ5,$DN5,$DR5,$DV5,$DZ5,$ED5,$EH5) -> 0 | EP5: =MEDIAN($C5,$G5,$K5,$O5,$S5,$W5,$AA5,$AE5,$AI5,$AM5,$AQ5,$AU5,$AY5,$BC5,$BG5,$BK5,$BO5,$BS5,$BW5,$CA5,$CE5,$CI5,$CM5,$CQ5,$CU5,$CY5,$DC5,$DG5,$DK5,$DO5,$DS5,$DW5,$EA5,$EE5,$EI5) -> 0 | EQ5: =MEDIAN($E5,$I5,$M5,$Q5,$U5,$Y5,$AC5,$AG5,$AK5,$AO5,$AS5,$AW5,$BA5,$BE5,$BI5,$BM5,$BQ5,$BU5,$BY5,$CC5,$CG5,$CK5,$CO5,$CS5,$CW5,$DA5,$DE5,$DI5,$DM5,$DQ5,$DU5,$DY5,$EC5,$EG5,$EK5) -> 0 | ER5: =MAX($B5,$F5,$J5,$N5,$R5,$V5,$Z5,$AD5,$AH5,$AL5,$AP5,$AT5,$AX5,$BB5,$BF5,$BJ5,$BN5,$BR5,$BV5,$BZ5,$CD5,$CH5,$CL5,$CP5,$CT5,$CX5,$DB5,$DF5,$DJ5,$DN5,$DR5,$DV5,$DZ5,$ED5,$EH5) -> 0 | ES5: =MAX($C5,$G5,$K5,$O5,$S5,$W5,$AA5,$AE5,$AI5,$AM5,$AQ5,$AU5,$AY5,$BC5,$BG5,$BK5,$BO5,$BS5,$BW5,$CA5,$CE5,$CI5,$CM5,$CQ5,$CU5,$CY5,$DC5,$DG5,$DK5,$DO5,$DS5,$DW5,$EA5,$EE5,$EI5) -> 0 | ET5: =MAX($E5,$I5,$M5,$Q5,$U5,$Y5,$AC5,$AG5,$AK5,$AO5,$AS5,$AW5,$BA5,$BE5,$BI5,$BM5,$BQ5,$BU5,$BY5,$CC5,$CG5,$CK5,$CO5,$CS5,$CW5,$DA5,$DE5,$DI5,$DM5,$DQ5,$DU5,$DY5,$EC5,$EG5,$EK5) -> 0
A6: instances/ft10const2 | B6: 1200 | D6: UNKNOWN | F6: 79.55 | G6: 61.49 | H6: SATISFIABLE | I6: 1120051 | J6: 1200 | L6: UNKNOWN | N6: 147.2 | O6: 125.5 | P6: SATISFIABLE | Q6: 1445626 | R6: 1200 | T6: UNKNOWN | V6: 256.59 | W6: 231.86 | X6: SATISFIABLE | Y6: 1811326 | Z6: 1200 | AB6: UNKNOWN | AD6: 387.99 | AE6: 359.23 | AF6: SATISFIABLE | AG6: 2217151 | AH6: 1200 | AJ6: UNKNOWN | AL6: 557.31 | AM6: 525.47 | AN6: SATISFIABLE | AO6: 2663101 | AP6: 1200 | AR6: UNKNOWN | AT6: 874.06 | AU6: 835.2 | AV6: SATISFIABLE | AW6: 3149176 | AX6: 1200 | AZ6: UNKNOWN | BB6: 1200 | BC6: 1156.01 | BD6: UNKNOWN | BE6: 3675376 | EL6: =MIN($B6,$F6,$J6,$N6,$R6,$V6,$Z6,$AD6,$AH6,$AL6,$AP6,$AT6,$AX6,$BB6,$BF6,$BJ6,$BN6,$BR6,$BV6,$BZ6,$CD6,$CH6,$CL6,$CP6,$CT6,$CX6,$DB6,$DF6,$DJ6,$DN6,$DR6,$DV6,$DZ6,$ED6,$EH6) -> 0 | EM6: =MIN($C6,$G6,$K6,$O6,$S6,$W6,$AA6,$AE6,$AI6,$AM6,$AQ6,$AU6,$AY6,$BC6,$BG6,$BK6,$BO6,$BS6,$BW6,$CA6,$CE6,$CI6,$CM6,$CQ6,$CU6,$CY6,$DC6,$DG6,$DK6,$DO6,$DS6,$DW6,$EA6,$EE6,$EI6) -> 0 | EN6: =MIN($E6,$I6,$M6,$Q6,$U6,$Y6,$AC6,$AG6,$AK6,$AO6,$AS6,$AW6,$BA6,$BE6,$BI6,$BM6,$BQ6,$BU6,$BY6,$CC6,$CG6,$CK6,$CO6,$CS6,$CW6,$DA6,$DE6,$DI6,$DM6,$DQ6,$DU6,$DY6,$EC6,$EG6,$EK6) -> 0 | EO6: =MEDIAN($B6,$F6,$J6,$N6,$R6,$V6,$Z6,$AD6,$AH6,$AL6,$AP6,$AT6,$AX6,$BB6,$BF6,$BJ6,$BN6,$BR6,$BV6,$BZ6,$CD6,$CH6,$CL6,$CP6,$CT6,$CX6,$DB6,$DF6,$DJ6,$DN6,$DR6,$DV6,$DZ6,$ED6,$EH6) -> 0 | EP6: =MEDIAN($C6,$G6,$K6,$O6,$S6,$W6,$AA6,$AE6,$AI6,$AM6,$AQ6,$AU6,$AY6,$BC6,$BG6,$BK6,$BO6,$BS6,$BW6,$CA6,$CE6,$CI6,$CM6,$CQ6,$CU6,$CY6,$DC6,$DG6,$DK6,$DO6,$DS6,$DW6,$EA6,$EE6,$EI6) -> 0 | EQ6: =MEDIAN($E6,$I6,$M6,$Q6,$U6,$Y6,$AC6,$AG6,$AK6,$AO6,$AS6,$AW6,$BA6,$BE6,$BI6,$BM6,$BQ6,$BU6,$BY6,$CC6,$CG6,$CK6,$CO6,$CS6,$CW6,$DA6,$DE6,$DI6,$DM6,$DQ6,$DU6,$DY6,$EC6,$EG6,$EK6) -> 0 | ER6: =MAX($B6,$F6,$J6,$N6,$R6,$V6,$Z6,$AD6,$AH6,$AL6,$AP6,$AT6,$AX6,$BB6,$BF6,$BJ6,$BN6,$BR6,$BV6,$BZ6,$CD6,$CH6,$CL6,$CP6,$CT6,$CX6,$DB6,$DF6,$DJ6,$DN6,$DR6,$DV6,$DZ6,$ED6,$EH6) -> 0 | ES6: =MAX($C6,$G6,$K6,$O6,$S6,$W6,$AA6,$AE6,$AI6,$AM6,$AQ6,$AU6,$AY6,$BC6,$BG6,$BK6,$BO6,$BS6,$BW6,$CA6,$CE6,$CI6,$CM6,$CQ6,$CU6,$CY6,$DC6,$DG6,$DK6,$DO6,$DS6,$DW6,$EA6,$EE6,$EI6) -> 0 | ET6: =MAX($E6,$I6,$M6,$Q6,$U6,$Y6,$AC6,$AG6,$AK6,$AO6,$AS6,$AW6,$BA6,$BE6,$BI6,$BM6,$BQ6,$BU6,$BY6,$CC6,$CG6,$CK6,$CO6,$CS6,$CW6,$DA6,$DE6,$DI6,$DM6,$DQ6,$DU6,$DY6,$EC6,$EG6,$EK6) -> 0
A7: instances/ft10const5 | B7: 1200 | D7: UNKNOWN | F7: 88.99 | G7: 69.79 | H7: SATISFIABLE | I7: 1120051 | J7: 1200 | L7: UNKNOWN | N7: 135.33 | O7: 113.62 | P7: SATISFIABLE | Q7: 1445626 | R7: 1200 | T7: UNKNOWN | V7: 209.66 | W7: 184.89 | X7: SATISFIABLE | Y7: 1811326 | Z7: 1200 | AB7: UNKNOWN | AD7: 341.32 | AE7: 311.35 | AF7: SATISFIABLE | AG7: 2217151 | AH7: 1200 | AJ7: UNKNOWN | AL7: 490.64 | AM7: 459.41 | AN7: SATISFIABLE | AO7: 2663101 | AP7: 1200 | AR7: UNKNOWN | AT7: 676.25 | AU7: 638.65 | AV7: SATISFIABLE | AW7: 3149176 | AX7: 1200 | AZ7: UNKNOWN | BB7: 931.44 | BC7: 886.14 | BD7: SATISFIABLE | BE7: 3675376 | EL7: =MIN($B7,$F7,$J7,$N7,$R7,$V7,$Z7,$AD7,$AH7,$AL7,$AP7,$AT7,$AX7,$BB7,$BF7,$BJ7,$BN7,$BR7,$BV7,$BZ7,$CD7,$CH7,$CL7,$CP7,$CT7,$CX7,$DB7,$DF7,$DJ7,$DN7,$DR7,$DV7,$DZ7,$ED7,$EH7) -> 0 | EM7: =MIN($C7,$G7,$K7,$O7,$S7,$W7,$AA7,$AE7,$AI7,$AM7,$AQ7,$AU7,$AY7,$BC7,$BG7,$BK7,$BO7,$BS7,$BW7,$CA7,$CE7,$CI7,$CM7,$CQ7,$CU7,$CY7,$DC7,$DG7,$DK7,$DO7,$DS7,$DW7,$EA7,$EE7,$EI7) -> 0 | EN7: =MIN($E7,$I7,$M7,$Q7,$U7,$Y7,$AC7,$AG7,$AK7,$AO7,$AS7,$AW7,$BA7,$BE7,$BI7,$BM7,$BQ7,$BU7,$BY7,$CC7,$CG7,$CK7,$CO7,$CS7,$CW7,$DA7,$DE7,$DI7,$DM7,$DQ7,$DU7,$DY7,$EC7,$EG7,$EK7) -> 0 | EO7: =MEDIAN($B7,$F7,$J7,$N7,$R7,$V7,$Z7,$AD7,$AH7,$AL7,$AP7,$AT7,$AX7,$BB7,$BF7,$BJ7,$BN7,$BR7,$BV7,$BZ7,$CD7,$CH7,$CL7,$CP7,$CT7,$CX7,$DB7,$DF7,$DJ7,$DN7,$DR7,$DV7,$DZ7,$ED7,$EH7) -> 0 | EP7: =MEDIAN($C7,$G7,$K7,$O7,$S7,$W7,$AA7,$AE7,$AI7,$AM7,$AQ7,$AU7,$AY7,$BC7,$BG7,$BK7,$BO7,$BS7,$BW7,$CA7,$CE7,$CI7,$CM7,$CQ7,$CU7,$CY7,$DC7,$DG7,$DK7,$DO7,$DS7,$DW7,$EA7,$EE7,$EI7) -> 0 | EQ7: =MEDIAN($E7,$I7,$M7,$Q7,$U7,$Y7,$AC7,$AG7,$AK7,$AO7,$AS7,$AW7,$BA7,$BE7,$BI7,$BM7,$BQ7,$BU7,$BY7,$CC7,$CG7,$CK7,$CO7,$CS7,$CW7,$DA7,$DE7,$DI7,$DM7,$DQ7,$DU7,$DY7,$EC7,$EG7,$EK7) -> 0 | ER7: =MAX($B7,$F7,$J7,$N7,$R7,$V7,$Z7,$AD7,$AH7,$AL7,$AP7,$AT7,$AX7,$BB7,$BF7,$BJ7,$BN7,$BR7,$BV7,$BZ7,$CD7,$CH7,$CL7,$CP7,$CT7,$CX7,$DB7,$DF7,$DJ7,$DN7,$DR7,$DV7,$DZ7,$ED7,$EH7) -> 0 | ES7: =MAX($C7,$G7,$K7,$O7,$S7,$W7,$AA7,$AE7,$AI7,$AM7,$AQ7,$AU7,$AY7,$BC7,$BG7,$BK7,$BO7,$BS7,$BW7,$CA7,$CE7,$CI7,$CM7,$CQ7,$CU7,$CY7,$DC7,$DG7,$DK7,$DO7,$DS7,$DW7,$EA7,$EE7,$EI7) -> 0 | ET7: =MAX($E7,$I7,$M7,$Q7,$U7,$Y7,$AC7,$AG7,$AK7,$AO7,$AS7,$AW7,$BA7,$BE7,$BI7,$BM7,$BQ7,$BU7,$BY7,$CC7,$CG7,$CK7,$CO7,$CS7,$CW7,$DA7,$DE7,$DI7,$DM7,$DQ7,$DU7,$DY7,$EC7,$EG7,$EK7) -> 0
A9: SUM | B9: =SUM(B$3:B$7) -> 0 | F9: =SUM(F$3:F$7) -> 0 | G9: =SUM(G$3:G$7) -> 0 | I9: =SUM(I$3:I$7) -> 0 | J9: =SUM(J$3:J$7) -> 0 | N9: =SUM(N$3:N$7) -> 0 | O9: =SUM(O$3:O$7) -> 0 | Q9: =SUM(Q$3:Q$7) -> 0 | R9: =SUM(R$3:R$7) -> 0 | V9: =SUM(V$3:V$7) -> 0 | W9: =SUM(W$3:W$7) -> 0 | Y9: =SUM(Y$3:Y$7) -> 0 | Z9: =SUM(Z$3:Z$7) -> 0 | AD9: =SUM(AD$3:AD$7) -> 0 | AE9: =SUM(AE$3:AE$7) -> 0 | AG9: =SUM(AG$3:AG$7) -> 0 | AH9: =SUM(AH$3:AH$7) -> 0 | AL9: =SUM(AL$3:AL$7) -> 0 | AM9: =SUM(AM$3:AM$7) -> 0 | AO9: =SUM(AO$3:AO$7) -> 0 | AP9: =SUM(AP$3:AP$7) -> 0 | AT9: =SUM(AT$3:AT$7) -> 0 | AU9: =SUM(AU$3:AU$7) -> 0 | AW9: =SUM(AW$3:AW$7) -> 0 | AX9: =SUM(AX$3:AX$7) -> 0 | BB9: =SUM(BB$3:BB$7) -> 0 | BC9: =SUM(BC$3:BC$7) -> 0 | BE9: =SUM(BE$3:BE$7) -> 0 | BF9: =SUM(BF$3:BF$7) -> 0 | BG9: =SUM(BG$3:BG$7) -> 0 | BI9: =SUM(BI$3:BI$7) -> 0 | BJ9: =SUM(BJ$3:BJ$7) -> 0 | BK9: =SUM(BK$3:BK$7) -> 0 | BM9: =SUM(BM$3:BM$7) -> 0 | BN9: =SUM(BN$3:BN$7) -> 0 | BO9: =SUM(BO$3:BO$7) -> 0 | BQ9: =SUM(BQ$3:BQ$7) -> 0 | BR9: =SUM(BR$3:BR$7) -> 0 | BS9: =SUM(BS$3:BS$7) -> 0 | BU9: =SUM(BU$3:BU$7) -> 0 | BV9: =SUM(BV$3:BV$7) -> 0 | BW9: =SUM(BW$3:BW$7) -> 0 | BY9: =SUM(BY$3:BY$7) -> 0 | BZ9: =SUM(BZ$3:BZ$7) -> 0 | CA9: =SUM(CA$3:CA$7) -> 0 | CC9: =SUM(CC$3:CC$7) -> 0 | CD9: =SUM(CD$3:CD$7) -> 0 | CE9: =SUM(CE$3:CE$7) -> 0 | CG9: =SUM(CG$3:CG$7) -> 0 | CH9: =SUM(CH$3:CH$7) -> 0 | CI9: =SUM(CI$3:CI$7) -> 0 | CK9: =SUM(CK$3:CK$7) -> 0 | CL9: =SUM(CL$3:CL$7) -> 0 | CM9: =SUM(CM$3:CM$7) -> 0 | CO9: =SUM(CO$3:CO$7) -> 0 | CP9: =SUM(CP$3:CP$7) -> 0 | CQ9: =SUM(CQ$3:CQ$7) -> 0 | CS9: =SUM(CS$3:CS$7) -> 0 | CT9: =SUM(CT$3:CT$7) -> 0 | CU9: =SUM(CU$3:CU$7) -> 0 | CW9: =SUM(CW$3:CW$7) -> 0 | CX9: =SUM(CX$3:CX$7) -> 0 | CY9: =SUM(CY$3:CY$7) -> 0 | DA9: =SUM(DA$3:DA$7) -> 0 | DB9: =SUM(DB$3:DB$7) -> 0 | DC9: =SUM(DC$3:DC$7) -> 0 | DE9: =SUM(DE$3:DE$7) -> 0 | DF9: =SUM(DF$3:DF$7) -> 0 | DG9: =SUM(DG$3:DG$7) -> 0 | DI9: =SUM(DI$3:DI$7) -> 0 | DJ9: =SUM(DJ$3:DJ$7) -> 0 | DK9: =SUM(DK$3:DK$7) -> 0 | DM9: =SUM(DM$3:DM$7) -> 0 | DN9: =SUM(DN$3:DN$7) -> 0 | DO9: =SUM(DO$3:DO$7) -> 0 | DQ9: =SUM(DQ$3:DQ$7) -> 0 | DR9: =SUM(DR$3:DR$7) -> 0 | DS9: =SUM(DS$3:DS$7) -> 0 | DU9: =SUM(DU$3:DU$7) -> 0 | DV9: =SUM(DV$3:DV$7) -> 0 | DW9: =SUM(DW$3:DW$7) -> 0 | DY9: =SUM(DY$3:DY$7) -> 0 | DZ9: =SUM(DZ$3:DZ$7) -> 0 | EA9: =SUM(EA$3:EA$7) -> 0 | EC9: =SUM(EC$3:EC$7) -> 0 | ED9: =SUM(ED$3:ED$7) -> 0 | EE9: =SUM(EE$3:EE$7) -> 0 | EG9: =SUM(EG$3:EG$7) -> 0 | EH9: =SUM(EH$3:EH$7) -> 0 | EI9: =SUM(EI$3:EI$7) -> 0 | EK9: =SUM(EK$3:EK$7) -> 0 | EL9: =SUM(EL$3:EL$7) -> 0 | EM9: =SUM(EM$3:EM$7) -> 0 | EN9: =SUM(EN$3:EN$7) -> 0 | EO9: =SUM(EO$3:EO$7) -> 0 | EP9: =SUM(EP$3:EP$7) -> 0 | EQ9: =SUM(EQ$3:EQ$7) -> 0 | ER9: =SUM(ER$3:ER$7) -> 0 | ... ET9: =SUM(ET$3:ET$7) -> 0
A10: AVG | B10: =AVERAGE(B$3:B$7) -> 0 | F10: =AVERAGE(F$3:F$7) -> 0 | G10: =AVERAGE(G$3:G$7) -> 0 | I10: =AVERAGE(I$3:I$7) -> 0 | J10: =AVERAGE(J$3:J$7) -> 0 | N10: =AVERAGE(N$3:N$7) -> 0 | O10: =AVERAGE(O$3:O$7) -> 0 | Q10: =AVERAGE(Q$3:Q$7) -> 0 | R10: =AVERAGE(R$3:R$7) -> 0 | V10: =AVERAGE(V$3:V$7) -> 0 | W10: =AVERAGE(W$3:W$7) -> 0 | Y10: =AVERAGE(Y$3:Y$7) -> 0 | Z10: =AVERAGE(Z$3:Z$7) -> 0 | AD10: =AVERAGE(AD$3:AD$7) -> 0 | AE10: =AVERAGE(AE$3:AE$7) -> 0 | AG10: =AVERAGE(AG$3:AG$7) -> 0 | AH10: =AVERAGE(AH$3:AH$7) -> 0 | AL10: =AVERAGE(AL$3:AL$7) -> 0 | AM10: =AVERAGE(AM$3:AM$7) -> 0 | AO10: =AVERAGE(AO$3:AO$7) -> 0 | AP10: =AVERAGE(AP$3:AP$7) -> 0 | AT10: =AVERAGE(AT$3:AT$7) -> 0 | AU10: =AVERAGE(AU$3:AU$7) -> 0 | AW10: =AVERAGE(AW$3:AW$7) -> 0 | AX10: =AVERAGE(AX$3:AX$7) -> 0 | BB10: =AVERAGE(BB$3:BB$7) -> 0 | BC10: =AVERAGE(BC$3:BC$7) -> 0 | BE10: =AVERAGE(BE$3:BE$7) -> 0 | BF10: =AVERAGE(BF$3:BF$7) -> 0 | BG10: =AVERAGE(BG$3:BG$7) -> 0 | BI10: =AVERAGE(BI$3:BI$7) -> 0 | BJ10: =AVERAGE(BJ$3:BJ$7) -> 0 | BK10: =AVERAGE(BK$3:BK$7) -> 0 | BM10: =AVERAGE(BM$3:BM$7) -> 0 | BN10: =AVERAGE(BN$3:BN$7) -> 0 | BO10: =AVERAGE(BO$3:BO$7) -> 0 | BQ10: =AVERAGE(BQ$3:BQ$7) -> 0 | BR10: =AVERAGE(BR$3:BR$7) -> 0 | BS10: =AVERAGE(BS$3:BS$7) -> 0 | BU10: =AVERAGE(BU$3:BU$7) -> 0 | BV10: =AVERAGE(BV$3:BV$7) -> 0 | BW10: =AVERAGE(BW$3:BW$7) -> 0 | BY10: =AVERAGE(BY$3:BY$7) -> 0 | BZ10: =AVERAGE(BZ$3:BZ$7) -> 0 | CA10: =AVERAGE(CA$3:CA$7) -> 0 | CC10: =AVERAGE(CC$3:CC$7) -> 0 | CD10: =AVERAGE(CD$3:CD$7) -> 0 | CE10: =AVERAGE(CE$3:CE$7) -> 0 | CG10: =AVERAGE(CG$3:CG$7) -> 0 | CH10: =AVERAGE(CH$3:CH$7) -> 0 | CI10: =AVERAGE(CI$3:CI$7) -> 0 | CK10: =AVERAGE(CK$3:CK$7) -> 0 | CL10: =AVERAGE(CL$3:CL$7) -> 0 | CM10: =AVERAGE(CM$3:CM$7) -> 0 | CO10: =AVERAGE(CO$3:CO$7) -> 0 | CP10: =AVERAGE(CP$3:CP$7) -> 0 | CQ10: =AVERAGE(CQ$3:CQ$7) -> 0 | CS10: =AVERAGE(CS$3:CS$7) -> 0 | CT10: =AVERAGE(CT$3:CT$7) -> 0 | CU10: =AVERAGE(CU$3:CU$7) -> 0 | CW10: =AVERAGE(CW$3:CW$7) -> 0 | CX10: =AVERAGE(CX$3:CX$7) -> 0 | CY10: =AVERAGE(CY$3:CY$7) -> 0 | DA10: =AVERAGE(DA$3:DA$7) -> 0 | DB10: =AVERAGE(DB$3:DB$7) -> 0 | DC10: =AVERAGE(DC$3:DC$7) -> 0 | DE10: =AVERAGE(DE$3:DE$7) -> 0 | DF10: =AVERAGE(DF$3:DF$7) -> 0 | DG10: =AVERAGE(DG$3:DG$7) -> 0 | DI10: =AVERAGE(DI$3:DI$7) -> 0 | DJ10: =AVERAGE(DJ$3:DJ$7) -> 0 | DK10: =AVERAGE(DK$3:DK$7) -> 0 | DM10: =AVERAGE(DM$3:DM$7) -> 0 | DN10: =AVERAGE(DN$3:DN$7) -> 0 | DO10: =AVERAGE(DO$3:DO$7) -> 0 | DQ10: =AVERAGE(DQ$3:DQ$7) -> 0 | DR10: =AVERAGE(DR$3:DR$7) -> 0 | DS10: =AVERAGE(DS$3:DS$7) -> 0 | DU10: =AVERAGE(DU$3:DU$7) -> 0 | DV10: =AVERAGE(DV$3:DV$7) -> 0 | DW10: =AVERAGE(DW$3:DW$7) -> 0 | DY10: =AVERAGE(DY$3:DY$7) -> 0 | DZ10: =AVERAGE(DZ$3:DZ$7) -> 0 | EA10: =AVERAGE(EA$3:EA$7) -> 0 | EC10: =AVERAGE(EC$3:EC$7) -> 0 | ED10: =AVERAGE(ED$3:ED$7) -> 0 | EE10: =AVERAGE(EE$3:EE$7) -> 0 | EG10: =AVERAGE(EG$3:EG$7) -> 0 | EH10: =AVERAGE(EH$3:EH$7) -> 0 | EI10: =AVERAGE(EI$3:EI$7) -> 0 | EK10: =AVERAGE(EK$3:EK$7) -> 0 | EL10: =AVERAGE(EL$3:EL$7) -> 0 | EM10: =AVERAGE(EM$3:EM$7) -> 0 | EN10: =AVERAGE(EN$3:EN$7) -> 0 | EO10: =AVERAGE(EO$3:EO$7) -> 0 | EP10: =AVERAGE(EP$3:EP$7) -> 0 | EQ10: =AVERAGE(EQ$3:EQ$7) -> 0 | ER10: =AVERAGE(ER$3:ER$7) -> 0 | ... ET10: =AVERAGE(ET$3:ET$7) -> 0
A11: DEV | B11: =STDEV(B$3:B$7) -> 0 | F11: =STDEV(F$3:F$7) -> 0 | G11: =STDEV(G$3:G$7) -> 0 | I11: =STDEV(I$3:I$7) -> 0 | J11: =STDEV(J$3:J$7) -> 0 | N11: =STDEV(N$3:N$7) -> 0 | O11: =STDEV(O$3:O$7) -> 0 | Q11: =STDEV(Q$3:Q$7) -> 0 | R11: =STDEV(R$3:R$7) -> 0 | V11: =STDEV(V$3:V$7) -> 0 | W11: =STDEV(W$3:W$7) -> 0 | Y11: =STDEV(Y$3:Y$7) -> 0 | Z11: =STDEV(Z$3:Z$7) -> 0 | AD11: =STDEV(AD$3:AD$7) -> 0 | AE11: =STDEV(AE$3:AE$7) -> 0 | AG11: =STDEV(AG$3:AG$7) -> 0 | AH11: =STDEV(AH$3:AH$7) -> 0 | AL11: =STDEV(AL$3:AL$7) -> 0 | AM11: =STDEV(AM$3:AM$7) -> 0 | AO11: =STDEV(AO$3:AO$7) -> 0 | AP11: =STDEV(AP$3:AP$7) -> 0 | AT11: =STDEV(AT$3:AT$7) -> 0 | AU11: =STDEV(AU$3:AU$7) -> 0 | AW11: =STDEV(AW$3:AW$7) -> 0 | AX11: =STDEV(AX$3:AX$7) -> 0 | BB11: =STDEV(BB$3:BB$7) -> 0 | BC11: =STDEV(BC$3:BC$7) -> 0 | BE11: =STDEV(BE$3:BE$7) -> 0 | BF11: =STDEV(BF$3:BF$7) -> 0 | BG11: =STDEV(BG$3:BG$7) -> 0 | BI11: =STDEV(BI$3:BI$7) -> 0 | BJ11: =STDEV(BJ$3:BJ$7) -> 0 | BK11: =STDEV(BK$3:BK$7) -> 0 | BM11: =STDEV(BM$3:BM$7) -> 0 | BN11: =STDEV(BN$3:BN$7) -> 0 | BO11: =STDEV(BO$3:BO$7) -> 0 | BQ11: =STDEV(BQ$3:BQ$7) -> 0 | BR11: =STDEV(BR$3:BR$7) -> 0 | BS11: =STDEV(BS$3:BS$7) -> 0 | BU11: =STDEV(BU$3:BU$7) -> 0 | BV11: =STDEV(BV$3:BV$7) -> 0 | BW11: =STDEV(BW$3:BW$7) -> 0 | BY11: =STDEV(BY$3:BY$7) -> 0 | BZ11: =STDEV(BZ$3:BZ$7) -> 0 | CA11: =STDEV(CA$3:CA$7) -> 0 | CC11: =STDEV(CC$3:CC$7) -> 0 | CD11: =STDEV(CD$3:CD$7) -> 0 | CE11: =STDEV(CE$3:CE$7) -> 0 | CG11: =STDEV(CG$3:CG$7) -> 0 | CH11: =STDEV(CH$3:CH$7) -> 0 | CI11: =STDEV(CI$3:CI$7) -> 0 | CK11: =STDEV(CK$3:CK$7) -> 0 | CL11: =STDEV(CL$3:CL$7) -> 0 | CM11: =STDEV(CM$3:CM$7) -> 0 | CO11: =STDEV(CO$3:CO$7) -> 0 | CP11: =STDEV(CP$3:CP$7) -> 0 | CQ11: =STDEV(CQ$3:CQ$7) -> 0 | CS11: =STDEV(CS$3:CS$7) -> 0 | CT11: =STDEV(CT$3:CT$7) -> 0 | CU11: =STDEV(CU$3:CU$7) -> 0 | CW11: =STDEV(CW$3:CW$7) -> 0 | CX11: =STDEV(CX$3:CX$7) -> 0 | CY11: =STDEV(CY$3:CY$7) -> 0 | DA11: =STDEV(DA$3:DA$7) -> 0 | DB11: =STDEV(DB$3:DB$7) -> 0 | DC11: =STDEV(DC$3:DC$7) -> 0 | DE11: =STDEV(DE$3:DE$7) -> 0 | DF11: =STDEV(DF$3:DF$7) -> 0 | DG11: =STDEV(DG$3:DG$7) -> 0 | DI11: =STDEV(DI$3:DI$7) -> 0 | DJ11: =STDEV(DJ$3:DJ$7) -> 0 | DK11: =STDEV(DK$3:DK$7) -> 0 | DM11: =STDEV(DM$3:DM$7) -> 0 | DN11: =STDEV(DN$3:DN$7) -> 0 | DO11: =STDEV(DO$3:DO$7) -> 0 | DQ11: =STDEV(DQ$3:DQ$7) -> 0 | DR11: =STDEV(DR$3:DR$7) -> 0 | DS11: =STDEV(DS$3:DS$7) -> 0 | DU11: =STDEV(DU$3:DU$7) -> 0 | DV11: =STDEV(DV$3:DV$7) -> 0 | DW11: =STDEV(DW$3:DW$7) -> 0 | DY11: =STDEV(DY$3:DY$7) -> 0 | DZ11: =STDEV(DZ$3:DZ$7) -> 0 | EA11: =STDEV(EA$3:EA$7) -> 0 | EC11: =STDEV(EC$3:EC$7) -> 0 | ED11: =STDEV(ED$3:ED$7) -> 0 | EE11: =STDEV(EE$3:EE$7) -> 0 | EG11: =STDEV(EG$3:EG$7) -> 0 | EH11: =STDEV(EH$3:EH$7) -> 0 | EI11: =STDEV(EI$3:EI$7) -> 0 | EK11: =STDEV(EK$3:EK$7) -> 0 | EL11: =STDEV(EL$3:EL$7) -> 0 | EM11: =STDEV(EM$3:EM$7) -> 0 | EN11: =STDEV(EN$3:EN$7) -> 0 | EO11: =STDEV(EO$3:EO$7) -> 0 | EP11: =STDEV(EP$3:EP$7) -> 0 | EQ11: =STDEV(EQ$3:EQ$7) -> 0 | ER11: =STDEV(ER$3:ER$7) -> 0 | ... ET11: =STDEV(ET$3:ET$7) -> 0
A12: DST | B12: =SUMPRODUCT(--(B$3:B$7-$EL$3:$EL$7)^2)^0.5 -> 0 | F12: =SUMPRODUCT(--(F$3:F$7-$EL$3:$EL$7)^2)^0.5 -> 0 | G12: =SUMPRODUCT(--(G$3:G$7-$EM$3:$EM$7)^2)^0.5 -> 0 | I12: =SUMPRODUCT(--(I$3:I$7-$EN$3:$EN$7)^2)^0.5 -> 0 | J12: =SUMPRODUCT(--(J$3:J$7-$EL$3:$EL$7)^2)^0.5 -> 0 | N12: =SUMPRODUCT(--(N$3:N$7-$EL$3:$EL$7)^2)^0.5 -> 0 | O12: =SUMPRODUCT(--(O$3:O$7-$EM$3:$EM$7)^2)^0.5 -> 0 | Q12: =SUMPRODUCT(--(Q$3:Q$7-$EN$3:$EN$7)^2)^0.5 -> 0 | R12: =SUMPRODUCT(--(R$3:R$7-$EL$3:$EL$7)^2)^0.5 -> 0 | V12: =SUMPRODUCT(--(V$3:V$7-$EL$3:$EL$7)^2)^0.5 -> 0 | W12: =SUMPRODUCT(--(W$3:W$7-$EM$3:$EM$7)^2)^0.5 -> 0 | Y12: =SUMPRODUCT(--(Y$3:Y$7-$EN$3:$EN$7)^2)^0.5 -> 0 | Z12: =SUMPRODUCT(--(Z$3:Z$7-$EL$3:$EL$7)^2)^0.5 -> 0 | AD12: =SUMPRODUCT(--(AD$3:AD$7-$EL$3:$EL$7)^2)^0.5 -> 0 | AE12: =SUMPRODUCT(--(AE$3:AE$7-$EM$3:$EM$7)^2)^0.5 -> 0 | AG12: =SUMPRODUCT(--(AG$3:AG$7-$EN$3:$EN$7)^2)^0.5 -> 0 | AH12: =SUMPRODUCT(--(AH$3:AH$7-$EL$3:$EL$7)^2)^0.5 -> 0 | AL12: =SUMPRODUCT(--(AL$3:AL$7-$EL$3:$EL$7)^2)^0.5 -> 0 | AM12: =SUMPRODUCT(--(AM$3:AM$7-$EM$3:$EM$7)^2)^0.5 -> 0 | AO12: =SUMPRODUCT(--(AO$3:AO$7-$EN$3:$EN$7)^2)^0.5 -> 0 | AP12: =SUMPRODUCT(--(AP$3:AP$7-$EL$3:$EL$7)^2)^0.5 -> 0 | AT12: =SUMPRODUCT(--(AT$3:AT$7-$EL$3:$EL$7)^2)^0.5 -> 0 | AU12: =SUMPRODUCT(--(AU$3:AU$7-$EM$3:$EM$7)^2)^0.5 -> 0 | AW12: =SUMPRODUCT(--(AW$3:AW$7-$EN$3:$EN$7)^2)^0.5 -> 0 | AX12: =SUMPRODUCT(--(AX$3:AX$7-$EL$3:$EL$7)^2)^0.5 -> 0 | BB12: =SUMPRODUCT(--(BB$3:BB$7-$EL$3:$EL$7)^2)^0.5 -> 0 | BC12: =SUMPRODUCT(--(BC$3:BC$7-$EM$3:$EM$7)^2)^0.5 -> 0 | BE12: =SUMPRODUCT(--(BE$3:BE$7-$EN$3:$EN$7)^2)^0.5 -> 0 | BF12: =SUMPRODUCT(--(BF$3:BF$7-$EL$3:$EL$7)^2)^0.5 -> 0 | BG12: =SUMPRODUCT(--(BG$3:BG$7-$EM$3:$EM$7)^2)^0.5 -> 0 | BI12: =SUMPRODUCT(--(BI$3:BI$7-$EN$3:$EN$7)^2)^0.5 -> 0 | BJ12: =SUMPRODUCT(--(BJ$3:BJ$7-$EL$3:$EL$7)^2)^0.5 -> 0 | BK12: =SUMPRODUCT(--(BK$3:BK$7-$EM$3:$EM$7)^2)^0.5 -> 0 | BM12: =SUMPRODUCT(--(BM$3:BM$7-$EN$3:$EN$7)^2)^0.5 -> 0 | BN12: =SUMPRODUCT(--(BN$3:BN$7-$EL$3:$EL$7)^2)^0.5 -> 0 | BO12: =SUMPRODUCT(--(BO$3:BO$7-$EM$3:$EM$7)^2)^0.5 -> 0 | BQ12: =SUMPRODUCT(--(BQ$3:BQ$7-$EN$3:$EN$7)^2)^0.5 -> 0 | BR12: =SUMPRODUCT(--(BR$3:BR$7-$EL$3:$EL$7)^2)^0.5 -> 0 | BS12: =SUMPRODUCT(--(BS$3:BS$7-$EM$3:$EM$7)^2)^0.5 -> 0 | BU12: =SUMPRODUCT(--(BU$3:BU$7-$EN$3:$EN$7)^2)^0.5 -> 0 | BV12: =SUMPRODUCT(--(BV$3:BV$7-$EL$3:$EL$7)^2)^0.5 -> 0 | BW12: =SUMPRODUCT(--(BW$3:BW$7-$EM$3:$EM$7)^2)^0.5 -> 0 | BY12: =SUMPRODUCT(--(BY$3:BY$7-$EN$3:$EN$7)^2)^0.5 -> 0 | BZ12: =SUMPRODUCT(--(BZ$3:BZ$7-$EL$3:$EL$7)^2)^0.5 -> 0 | CA12: =SUMPRODUCT(--(CA$3:CA$7-$EM$3:$EM$7)^2)^0.5 -> 0 | CC12: =SUMPRODUCT(--(CC$3:CC$7-$EN$3:$EN$7)^2)^0.5 -> 0 | CD12: =SUMPRODUCT(--(CD$3:CD$7-$EL$3:$EL$7)^2)^0.5 -> 0 | CE12: =SUMPRODUCT(--(CE$3:CE$7-$EM$3:$EM$7)^2)^0.5 -> 0 | CG12: =SUMPRODUCT(--(CG$3:CG$7-$EN$3:$EN$7)^2)^0.5 -> 0 | CH12: =SUMPRODUCT(--(CH$3:CH$7-$EL$3:$EL$7)^2)^0.5 -> 0 | CI12: =SUMPRODUCT(--(CI$3:CI$7-$EM$3:$EM$7)^2)^0.5 -> 0 | CK12: =SUMPRODUCT(--(CK$3:CK$7-$EN$3:$EN$7)^2)^0.5 -> 0 | CL12: =SUMPRODUCT(--(CL$3:CL$7-$EL$3:$EL$7)^2)^0.5 -> 0 | CM12: =SUMPRODUCT(--(CM$3:CM$7-$EM$3:$EM$7)^2)^0.5 -> 0 | CO12: =SUMPRODUCT(--(CO$3:CO$7-$EN$3:$EN$7)^2)^0.5 -> 0 | CP12: =SUMPRODUCT(--(CP$3:CP$7-$EL$3:$EL$7)^2)^0.5 -> 0 | CQ12: =SUMPRODUCT(--(CQ$3:CQ$7-$EM$3:$EM$7)^2)^0.5 -> 0 | CS12: =SUMPRODUCT(--(CS$3:CS$7-$EN$3:$EN$7)^2)^0.5 -> 0 | CT12: =SUMPRODUCT(--(CT$3:CT$7-$EL$3:$EL$7)^2)^0.5 -> 0 | CU12: =SUMPRODUCT(--(CU$3:CU$7-$EM$3:$EM$7)^2)^0.5 -> 0 | CW12: =SUMPRODUCT(--(CW$3:CW$7-$EN$3:$EN$7)^2)^0.5 -> 0 | CX12: =SUMPRODUCT(--(CX$3:CX$7-$EL$3:$EL$7)^2)^0.5 -> 0 | CY12: =SUMPRODUCT(--(CY$3:CY$7-$EM$3:$EM$7)^2)^0.5 -> 0 | DA12: =SUMPRODUCT(--(DA$3:DA$7-$EN$3:$EN$7)^2)^0.5 -> 0 | DB12: =SUMPRODUCT(--(DB$3:DB$7-$EL$3:$EL$7)^2)^0.5 -> 0 | DC12: =SUMPRODUCT(--(DC$3:DC$7-$EM$3:$EM$7)^2)^0.5 -> 0 | DE12: =SUMPRODUCT(--(DE$3:DE$7-$EN$3:$EN$7)^2)^0.5 -> 0 | DF12: =SUMPRODUCT(--(DF$3:DF$7-$EL$3:$EL$7)^2)^0.5 -> 0 | DG12: =SUMPRODUCT(--(DG$3:DG$7-$EM$3:$EM$7)^2)^0.5 -> 0 | DI12: =SUMPRODUCT(--(DI$3:DI$7-$EN$3:$EN$7)^2)^0.5 -> 0 | DJ12: =SUMPRODUCT(--(DJ$3:DJ$7-$EL$3:$EL$7)^2)^0.5 -> 0 | DK12: =SUMPRODUCT(--(DK$3:DK$7-$EM$3:$EM$7)^2)^0.5 -> 0 | DM12: =SUMPRODUCT(--(DM$3:DM$7-$EN$3:$EN$7)^2)^0.5 -> 0 | DN12: =SUMPRODUCT(--(DN$3:DN$7-$EL$3:$EL$7)^2)^0.5 -> 0 | DO12: =SUMPRODUCT(--(DO$3:DO$7-$EM$3:$EM$7)^2)^0.5 -> 0 | DQ12: =SUMPRODUCT(--(DQ$3:DQ$7-$EN$3:$EN$7)^2)^0.5 -> 0 | DR12: =SUMPRODUCT(--(DR$3:DR$7-$EL$3:$EL$7)^2)^0.5 -> 0 | DS12: =SUMPRODUCT(--(DS$3:DS$7-$EM$3:$EM$7)^2)^0.5 -> 0 | DU12: =SUMPRODUCT(--(DU$3:DU$7-$EN$3:$EN$7)^2)^0.5 -> 0 | DV12: =SUMPRODUCT(--(DV$3:DV$7-$EL$3:$EL$7)^2)^0.5 -> 0 | DW12: =SUMPRODUCT(--(DW$3:DW$7-$EM$3:$EM$7)^2)^0.5 -> 0 | DY12: =SUMPRODUCT(--(DY$3:DY$7-$EN$3:$EN$7)^2)^0.5 -> 0 | DZ12: =SUMPRODUCT(--(DZ$3:DZ$7-$EL$3:$EL$7)^2)^0.5 -> 0 | EA12: =SUMPRODUCT(--(EA$3:EA$7-$EM$3:$EM$7)^2)^0.5 -> 0 | EC12: =SUMPRODUCT(--(EC$3:EC$7-$EN$3:$EN$7)^2)^0.5 -> 0 | ED12: =SUMPRODUCT(--(ED$3:ED$7-$EL$3:$EL$7)^2)^0.5 -> 0 | EE12: =SUMPRODUCT(--(EE$3:EE$7-$EM$3:$EM$7)^2)^0.5 -> 0 | EG12: =SUMPRODUCT(--(EG$3:EG$7-$EN$3:$EN$7)^2)^0.5 -> 0 | EH12: =SUMPRODUCT(--(EH$3:EH$7-$EL$3:$EL$7)^2)^0.5 -> 0 | EI12: =SUMPRODUCT(--(EI$3:EI$7-$EM$3:$EM$7)^2)^0.5 -> 0 | EK12: =SUMPRODUCT(--(EK$3:EK$7-$EN$3:$EN$7)^2)^0.5 -> 0
A13: BEST | B13: =SUMPRODUCT(NOT(ISBLANK(B$3:B$7))*(B$3:B$7=$EL$3:$EL$7)) -> 0 | F13: =SUMPRODUCT(NOT(ISBLANK(F$3:F$7))*(F$3:F$7=$EL$3:$EL$7)) -> 0 | G13: =SUMPRODUCT(NOT(ISBLANK(G$3:G$7))*(G$3:G$7=$EM$3:$EM$7)) -> 0 | I13: =SUMPRODUCT(NOT(ISBLANK(I$3:I$7))*(I$3:I$7=$EN$3:$EN$7)) -> 0 | J13: =SUMPRODUCT(NOT(ISBLANK(J$3:J$7))*(J$3:J$7=$EL$3:$EL$7)) -> 0 | N13: =SUMPRODUCT(NOT(ISBLANK(N$3:N$7))*(N$3:N$7=$EL$3:$EL$7)) -> 0 | O13: =SUMPRODUCT(NOT(ISBLANK(O$3:O$7))*(O$3:O$7=$EM$3:$EM$7)) -> 0 | Q13: =SUMPRODUCT(NOT(ISBLANK(Q$3:Q$7))*(Q$3:Q$7=$EN$3:$EN$7)) -> 0 | R13: =SUMPRODUCT(NOT(ISBLANK(R$3:R$7))*(R$3:R$7=$EL$3:$EL$7)) -> 0 | V13: =SUMPRODUCT(NOT(ISBLANK(V$3:V$7))*(V$3:V$7=$EL$3:$EL$7)) -> 0 | W13: =SUMPRODUCT(NOT(ISBLANK(W$3:W$7))*(W$3:W$7=$EM$3:$EM$7)) -> 0 | Y13: =SUMPRODUCT(NOT(ISBLANK(Y$3:Y$7))*(Y$3:Y$7=$EN$3:$EN$7)) -> 0 | Z13: =SUMPRODUCT(NOT(ISBLANK(Z$3:Z$7))*(Z$3:Z$7=$EL$3:$EL$7)) -> 0 | AD13: =SUMPRODUCT(NOT(ISBLANK(AD$3:AD$7))*(AD$3:AD$7=$EL$3:$EL$7)) -> 0 | AE13: =SUMPRODUCT(NOT(ISBLANK(AE$3:AE$7))*(AE$3:AE$7=$EM$3:$EM$7)) -> 0 | AG13: =SUMPRODUCT(NOT(ISBLANK(AG$3:AG$7))*(AG$3:AG$7=$EN$3:$EN$7)) -> 0 | AH13: =SUMPRODUCT(NOT(ISBLANK(AH$3:AH$7))*(AH$3:AH$7=$EL$3:$EL$7)) -> 0 | AL13: =SUMPRODUCT(NOT(ISBLANK(AL$3:AL$7))*(AL$3:AL$7=$EL$3:$EL$7)) -> 0 | AM13: =SUMPRODUCT(NOT(ISBLANK(AM$3:AM$7))*(AM$3:AM$7=$EM$3:$EM$7)) -> 0 | AO13: =SUMPRODUCT(NOT(ISBLANK(AO$3:AO$7))*(AO$3:AO$7=$EN$3:$EN$7)) -> 0 | AP13: =SUMPRODUCT(NOT(ISBLANK(AP$3:AP$7))*(AP$3:AP$7=$EL$3:$EL$7)) -> 0 | AT13: =SUMPRODUCT(NOT(ISBLANK(AT$3:AT$7))*(AT$3:AT$7=$EL$3:$EL$7)) -> 0 | AU13: =SUMPRODUCT(NOT(ISBLANK(AU$3:AU$7))*(AU$3:AU$7=$EM$3:$EM$7)) -> 0 | AW13: =SUMPRODUCT(NOT(ISBLANK(AW$3:AW$7))*(AW$3:AW$7=$EN$3:$EN$7)) -> 0 | AX13: =SUMPRODUCT(NOT(ISBLANK(AX$3:AX$7))*(AX$3:AX$7=$EL$3:$EL$7)) -> 0 | BB13: =SUMPRODUCT(NOT(ISBLANK(BB$3:BB$7))*(BB$3:BB$7=$EL$3:$EL$7)) -> 0 | BC13: =SUMPRODUCT(NOT(ISBLANK(BC$3:BC$7))*(BC$3:BC$7=$EM$3:$EM$7)) -> 0 | BE13: =SUMPRODUCT(NOT(ISBLANK(BE$3:BE$7))*(BE$3:BE$7=$EN$3:$EN$7)) -> 0 | BF13: =SUMPRODUCT(NOT(ISBLANK(BF$3:BF$7))*(BF$3:BF$7=$EL$3:$EL$7)) -> 0 | BG13: =SUMPRODUCT(NOT(ISBLANK(BG$3:BG$7))*(BG$3:BG$7=$EM$3:$EM$7)) -> 0 | BI13: =SUMPRODUCT(NOT(ISBLANK(BI$3:BI$7))*(BI$3:BI$7=$EN$3:$EN$7)) -> 0 | BJ13: =SUMPRODUCT(NOT(ISBLANK(BJ$3:BJ$7))*(BJ$3:BJ$7=$EL$3:$EL$7)) -> 0 | BK13: =SUMPRODUCT(NOT(ISBLANK(BK$3:BK$7))*(BK$3:BK$7=$EM$3:$EM$7)) -> 0 | BM13: =SUMPRODUCT(NOT(ISBLANK(BM$3:BM$7))*(BM$3:BM$7=$EN$3:$EN$7)) -> 0 | BN13: =SUMPRODUCT(NOT(ISBLANK(BN$3:BN$7))*(BN$3:BN$7=$EL$3:$EL$7)) -> 0 | BO13: =SUMPRODUCT(NOT(ISBLANK(BO$3:BO$7))*(BO$3:BO$7=$EM$3:$EM$7)) -> 0 | BQ13: =SUMPRODUCT(NOT(ISBLANK(BQ$3:BQ$7))*(BQ$3:BQ$7=$EN$3:$EN$7)) -> 0 | BR13: =SUMPRODUCT(NOT(ISBLANK(BR$3:BR$7))*(BR$3:BR$7=$EL$3:$EL$7)) -> 0 | BS13: =SUMPRODUCT(NOT(ISBLANK(BS$3:BS$7))*(BS$3:BS$7=$EM$3:$EM$7)) -> 0 | BU13: =SUMPRODUCT(NOT(ISBLANK(BU$3:BU$7))*(BU$3:BU$7=$EN$3:$EN$7)) -> 0 | BV13: =SUMPRODUCT(NOT(ISBLANK(BV$3:BV$7))*(BV$3:BV$7=$EL$3:$EL$7)) -> 0 | BW13: =SUMPRODUCT(NOT(ISBLANK(BW$3:BW$7))*(BW$3:BW$7=$EM$3:$EM$7)) -> 0 | BY13: =SUMPRODUCT(NOT(ISBLANK(BY$3:BY$7))*(BY$3:BY$7=$EN$3:$EN$7)) -> 0 | BZ13: =SUMPRODUCT(NOT(ISBLANK(BZ$3:BZ$7))*(BZ$3:BZ$7=$EL$3:$EL$7)) -> 0 | CA13: =SUMPRODUCT(NOT(ISBLANK(CA$3:CA$7))*(CA$3:CA$7=$EM$3:$EM$7)) -> 0 | CC13: =SUMPRODUCT(NOT(ISBLANK(CC$3:CC$7))*(CC$3:CC$7=$EN$3:$EN$7)) -> 0 | CD13: =SUMPRODUCT(NOT(ISBLANK(CD$3:CD$7))*(CD$3:CD$7=$EL$3:$EL$7)) -> 0 | CE13: =SUMPRODUCT(NOT(ISBLANK(CE$3:CE$7))*(CE$3:CE$7=$EM$3:$EM$7)) -> 0 | CG13: =SUMPRODUCT(NOT(ISBLANK(CG$3:CG$7))*(CG$3:CG$7=$EN$3:$EN$7)) -> 0 | CH13: =SUMPRODUCT(NOT(ISBLANK(CH$3:CH$7))*(CH$3:CH$7=$EL$3:$EL$7)) -> 0 | CI13: =SUMPRODUCT(NOT(ISBLANK(CI$3:CI$7))*(CI$3:CI$7=$EM$3:$EM$7)) -> 0 | CK13: =SUMPRODUCT(NOT(ISBLANK(CK$3:CK$7))*(CK$3:CK$7=$EN$3:$EN$7)) -> 0 | CL13: =SUMPRODUCT(NOT(ISBLANK(CL$3:CL$7))*(CL$3:CL$7=$EL$3:$EL$7)) -> 0 | CM13: =SUMPRODUCT(NOT(ISBLANK(CM$3:CM$7))*(CM$3:CM$7=$EM$3:$EM$7)) -> 0 | CO13: =SUMPRODUCT(NOT(ISBLANK(CO$3:CO$7))*(CO$3:CO$7=$EN$3:$EN$7)) -> 0 | CP13: =SUMPRODUCT(NOT(ISBLANK(CP$3:CP$7))*(CP$3:CP$7=$EL$3:$EL$7)) -> 0 | CQ13: =SUMPRODUCT(NOT(ISBLANK(CQ$3:CQ$7))*(CQ$3:CQ$7=$EM$3:$EM$7)) -> 0 | CS13: =SUMPRODUCT(NOT(ISBLANK(CS$3:CS$7))*(CS$3:CS$7=$EN$3:$EN$7)) -> 0 | CT13: =SUMPRODUCT(NOT(ISBLANK(CT$3:CT$7))*(CT$3:CT$7=$EL$3:$EL$7)) -> 0 | CU13: =SUMPRODUCT(NOT(ISBLANK(CU$3:CU$7))*(CU$3:CU$7=$EM$3:$EM$7)) -> 0 | CW13: =SUMPRODUCT(NOT(ISBLANK(CW$3:CW$7))*(CW$3:CW$7=$EN$3:$EN$7)) -> 0 | CX13: =SUMPRODUCT(NOT(ISBLANK(CX$3:CX$7))*(CX$3:CX$7=$EL$3:$EL$7)) -> 0 | CY13: =SUMPRODUCT(NOT(ISBLANK(CY$3:CY$7))*(CY$3:CY$7=$EM$3:$EM$7)) -> 0 | DA13: =SUMPRODUCT(NOT(ISBLANK(DA$3:DA$7))*(DA$3:DA$7=$EN$3:$EN$7)) -> 0 | DB13: =SUMPRODUCT(NOT(ISBLANK(DB$3:DB$7))*(DB$3:DB$7=$EL$3:$EL$7)) -> 0 | DC13: =SUMPRODUCT(NOT(ISBLANK(DC$3:DC$7))*(DC$3:DC$7=$EM$3:$EM$7)) -> 0 | DE13: =SUMPRODUCT(NOT(ISBLANK(DE$3:DE$7))*(DE$3:DE$7=$EN$3:$EN$7)) -> 0 | DF13: =SUMPRODUCT(NOT(ISBLANK(DF$3:DF$7))*(DF$3:DF$7=$EL$3:$EL$7)) -> 0 | DG13: =SUMPRODUCT(NOT(ISBLANK(DG$3:DG$7))*(DG$3:DG$7=$EM$3:$EM$7)) -> 0 | DI13: =SUMPRODUCT(NOT(ISBLANK(DI$3:DI$7))*(DI$3:DI$7=$EN$3:$EN$7)) -> 0 | DJ13: =SUMPRODUCT(NOT(ISBLANK(DJ$3:DJ$7))*(DJ$3:DJ$7=$EL$3:$EL$7)) -> 0 | DK13: =SUMPRODUCT(NOT(ISBLANK(DK$3:DK$7))*(DK$3:DK$7=$EM$3:$EM$7)) -> 0 | DM13: =SUMPRODUCT(NOT(ISBLANK(DM$3:DM$7))*(DM$3:DM$7=$EN$3:$EN$7)) -> 0 | DN13: =SUMPRODUCT(NOT(ISBLANK(DN$3:DN$7))*(DN$3:DN$7=$EL$3:$EL$7)) -> 0 | DO13: =SUMPRODUCT(NOT(ISBLANK(DO$3:DO$7))*(DO$3:DO$7=$EM$3:$EM$7)) -> 0 | DQ13: =SUMPRODUCT(NOT(ISBLANK(DQ$3:DQ$7))*(DQ$3:DQ$7=$EN$3:$EN$7)) -> 0 | DR13: =SUMPRODUCT(NOT(ISBLANK(DR$3:DR$7))*(DR$3:DR$7=$EL$3:$EL$7)) -> 0 | DS13: =SUMPRODUCT(NOT(ISBLANK(DS$3:DS$7))*(DS$3:DS$7=$EM$3:$EM$7)) -> 0 | DU13: =SUMPRODUCT(NOT(ISBLANK(DU$3:DU$7))*(DU$3:DU$7=$EN$3:$EN$7)) -> 0 | DV13: =SUMPRODUCT(NOT(ISBLANK(DV$3:DV$7))*(DV$3:DV$7=$EL$3:$EL$7)) -> 0 | DW13: =SUMPRODUCT(NOT(ISBLANK(DW$3:DW$7))*(DW$3:DW$7=$EM$3:$EM$7)) -> 0 | DY13: =SUMPRODUCT(NOT(ISBLANK(DY$3:DY$7))*(DY$3:DY$7=$EN$3:$EN$7)) -> 0 | DZ13: =SUMPRODUCT(NOT(ISBLANK(DZ$3:DZ$7))*(DZ$3:DZ$7=$EL$3:$EL$7)) -> 0 | EA13: =SUMPRODUCT(NOT(ISBLANK(EA$3:EA$7))*(EA$3:EA$7=$EM$3:$EM$7)) -> 0 | EC13: =SUMPRODUCT(NOT(ISBLANK(EC$3:EC$7))*(EC$3:EC$7=$EN$3:$EN$7)) -> 0 | ED13: =SUMPRODUCT(NOT(ISBLANK(ED$3:ED$7))*(ED$3:ED$7=$EL$3:$EL$7)) -> 0 | EE13: =SUMPRODUCT(NOT(ISBLANK(EE$3:EE$7))*(EE$3:EE$7=$EM$3:$EM$7)) -> 0 | EG13: =SUMPRODUCT(NOT(ISBLANK(EG$3:EG$7))*(EG$3:EG$7=$EN$3:$EN$7)) -> 0 | EH13: =SUMPRODUCT(NOT(ISBLANK(EH$3:EH$7))*(EH$3:EH$7=$EL$3:$EL$7)) -> 0 | EI13: =SUMPRODUCT(NOT(ISBLANK(EI$3:EI$7))*(EI$3:EI$7=$EM$3:$EM$7)) -> 0 | EK13: =SUMPRODUCT(NOT(ISBLANK(EK$3:EK$7))*(EK$3:EK$7=$EN$3:$EN$7)) -> 0
A14: BETTER | B14: =SUMPRODUCT(NOT(ISBLANK(B$3:B$7))*(B$3:B$7<$EO$3:$EO$7)) -> 0 | F14: =SUMPRODUCT(NOT(ISBLANK(F$3:F$7))*(F$3:F$7<$EO$3:$EO$7)) -> 0 | G14: =SUMPRODUCT(NOT(ISBLANK(G$3:G$7))*(G$3:G$7<$EP$3:$EP$7)) -> 0 | I14: =SUMPRODUCT(NOT(ISBLANK(I$3:I$7))*(I$3:I$7<$EQ$3:$EQ$7)) -> 0 | J14: =SUMPRODUCT(NOT(ISBLANK(J$3:J$7))*(J$3:J$7<$EO$3:$EO$7)) -> 0 | N14: =SUMPRODUCT(NOT(ISBLANK(N$3:N$7))*(N$3:N$7<$EO$3:$EO$7)) -> 0 | O14: =SUMPRODUCT(NOT(ISBLANK(O$3:O$7))*(O$3:O$7<$EP$3:$EP$7)) -> 0 | Q14: =SUMPRODUCT(NOT(ISBLANK(Q$3:Q$7))*(Q$3:Q$7<$EQ$3:$EQ$7)) -> 0 | R14: =SUMPRODUCT(NOT(ISBLANK(R$3:R$7))*(R$3:R$7<$EO$3:$EO$7)) -> 0 | V14: =SUMPRODUCT(NOT(ISBLANK(V$3:V$7))*(V$3:V$7<$EO$3:$EO$7)) -> 0 | W14: =SUMPRODUCT(NOT(ISBLANK(W$3:W$7))*(W$3:W$7<$EP$3:$EP$7)) -> 0 | Y14: =SUMPRODUCT(NOT(ISBLANK(Y$3:Y$7))*(Y$3:Y$7<$EQ$3:$EQ$7)) -> 0 | Z14: =SUMPRODUCT(NOT(ISBLANK(Z$3:Z$7))*(Z$3:Z$7<$EO$3:$EO$7)) -> 0 | AD14: =SUMPRODUCT(NOT(ISBLANK(AD$3:AD$7))*(AD$3:AD$7<$EO$3:$EO$7)) -> 0 | AE14: =SUMPRODUCT(NOT(ISBLANK(AE$3:AE$7))*(AE$3:AE$7<$EP$3:$EP$7)) -> 0 | AG14: =SUMPRODUCT(NOT(ISBLANK(AG$3:AG$7))*(AG$3:AG$7<$EQ$3:$EQ$7)) -> 0 | AH14: =SUMPRODUCT(NOT(ISBLANK(AH$3:AH$7))*(AH$3:AH$7<$EO$3:$EO$7)) -> 0 | AL14: =SUMPRODUCT(NOT(ISBLANK(AL$3:AL$7))*(AL$3:AL$7<$EO$3:$EO$7)) -> 0 | AM14: =SUMPRODUCT(NOT(ISBLANK(AM$3:AM$7))*(AM$3:AM$7<$EP$3:$EP$7)) -> 0 | AO14: =SUMPRODUCT(NOT(ISBLANK(AO$3:AO$7))*(AO$3:AO$7<$EQ$3:$EQ$7)) -> 0 | AP14: =SUMPRODUCT(NOT(ISBLANK(AP$3:AP$7))*(AP$3:AP$7<$EO$3:$EO$7)) -> 0 | AT14: =SUMPRODUCT(NOT(ISBLANK(AT$3:AT$7))*(AT$3:AT$7<$EO$3:$EO$7)) -> 0 | AU14: =SUMPRODUCT(NOT(ISBLANK(AU$3:AU$7))*(AU$3:AU$7<$EP$3:$EP$7)) -> 0 | AW14: =SUMPRODUCT(NOT(ISBLANK(AW$3:AW$7))*(AW$3:AW$7<$EQ$3:$EQ$7)) -> 0 | AX14: =SUMPRODUCT(NOT(ISBLANK(AX$3:AX$7))*(AX$3:AX$7<$EO$3:$EO$7)) -> 0 | BB14: =SUMPRODUCT(NOT(ISBLANK(BB$3:BB$7))*(BB$3:BB$7<$EO$3:$EO$7)) -> 0 | BC14: =SUMPRODUCT(NOT(ISBLANK(BC$3:BC$7))*(BC$3:BC$7<$EP$3:$EP$7)) -> 0 | BE14: =SUMPRODUCT(NOT(ISBLANK(BE$3:BE$7))*(BE$3:BE$7<$EQ$3:$EQ$7)) -> 0 | BF14: =SUMPRODUCT(NOT(ISBLANK(BF$3:BF$7))*(BF$3:BF$7<$EO$3:$EO$7)) -> 0 | BG14: =SUMPRODUCT(NOT(ISBLANK(BG$3:BG$7))*(BG$3:BG$7<$EP$3:$EP$7)) -> 0 | BI14: =SUMPRODUCT(NOT(ISBLANK(BI$3:BI$7))*(BI$3:BI$7<$EQ$3:$EQ$7)) -> 0 | BJ14: =SUMPRODUCT(NOT(ISBLANK(BJ$3:BJ$7))*(BJ$3:BJ$7<$EO$3:$EO$7)) -> 0 | BK14: =SUMPRODUCT(NOT(ISBLANK(BK$3:BK$7))*(BK$3:BK$7<$EP$3:$EP$7)) -> 0 | BM14: =SUMPRODUCT(NOT(ISBLANK(BM$3:BM$7))*(BM$3:BM$7<$EQ$3:$EQ$7)) -> 0 | BN14: =SUMPRODUCT(NOT(ISBLANK(BN$3:BN$7))*(BN$3:BN$7<$EO$3:$EO$7)) -> 0 | BO14: =SUMPRODUCT(NOT(ISBLANK(BO$3:BO$7))*(BO$3:BO$7<$EP$3:$EP$7)) -> 0 | BQ14: =SUMPRODUCT(NOT(ISBLANK(BQ$3:BQ$7))*(BQ$3:BQ$7<$EQ$3:$EQ$7)) -> 0 | BR14: =SUMPRODUCT(NOT(ISBLANK(BR$3:BR$7))*(BR$3:BR$7<$EO$3:$EO$7)) -> 0 | BS14: =SUMPRODUCT(NOT(ISBLANK(BS$3:BS$7))*(BS$3:BS$7<$EP$3:$EP$7)) -> 0 | BU14: =SUMPRODUCT(NOT(ISBLANK(BU$3:BU$7))*(BU$3:BU$7<$EQ$3:$EQ$7)) -> 0 | BV14: =SUMPRODUCT(NOT(ISBLANK(BV$3:BV$7))*(BV$3:BV$7<$EO$3:$EO$7)) -> 0 | BW14: =SUMPRODUCT(NOT(ISBLANK(BW$3:BW$7))*(BW$3:BW$7<$EP$3:$EP$7)) -> 0 | BY14: =SUMPRODUCT(NOT(ISBLANK(BY$3:BY$7))*(BY$3:BY$7<$EQ$3:$EQ$7)) -> 0 | BZ14: =SUMPRODUCT(NOT(ISBLANK(BZ$3:BZ$7))*(BZ$3:BZ$7<$EO$3:$EO$7)) -> 0 | CA14: =SUMPRODUCT(NOT(ISBLANK(CA$3:CA$7))*(CA$3:CA$7<$EP$3:$EP$7)) -> 0 | CC14: =SUMPRODUCT(NOT(ISBLANK(CC$3:CC$7))*(CC$3:CC$7<$EQ$3:$EQ$7)) -> 0 | CD14: =SUMPRODUCT(NOT(ISBLANK(CD$3:CD$7))*(CD$3:CD$7<$EO$3:$EO$7)) -> 0 | CE14: =SUMPRODUCT(NOT(ISBLANK(CE$3:CE$7))*(CE$3:CE$7<$EP$3:$EP$7)) -> 0 | CG14: =SUMPRODUCT(NOT(ISBLANK(CG$3:CG$7))*(CG$3:CG$7<$EQ$3:$EQ$7)) -> 0 | CH14: =SUMPRODUCT(NOT(ISBLANK(CH$3:CH$7))*(CH$3:CH$7<$EO$3:$EO$7)) -> 0 | CI14: =SUMPRODUCT(NOT(ISBLANK(CI$3:CI$7))*(CI$3:CI$7<$EP$3:$EP$7)) -> 0 | CK14: =SUMPRODUCT(NOT(ISBLANK(CK$3:CK$7))*(CK$3:CK$7<$EQ$3:$EQ$7)) -> 0 | CL14: =SUMPRODUCT(NOT(ISBLANK(CL$3:CL$7))*(CL$3:CL$7<$EO$3:$EO$7)) -> 0 | CM14: =SUMPRODUCT(NOT(ISBLANK(CM$3:CM$7))*(CM$3:CM$7<$EP$3:$EP$7)) -> 0 | CO14: =SUMPRODUCT(NOT(ISBLANK(CO$3:CO$7))*(CO$3:CO$7<$EQ$3:$EQ$7)) -> 0 | CP14: =SUMPRODUCT(NOT(ISBLANK(CP$3:CP$7))*(CP$3:CP$7<$EO$3:$EO$7)) -> 0 | CQ14: =SUMPRODUCT(NOT(ISBLANK(CQ$3:CQ$7))*(CQ$3:CQ$7<$EP$3:$EP$7)) -> 0 | CS14: =SUMPRODUCT(NOT(ISBLANK(CS$3:CS$7))*(CS$3:CS$7<$EQ$3:$EQ$7)) -> 0 | CT14: =SUMPRODUCT(NOT(ISBLANK(CT$3:CT$7))*(CT$3:CT$7<$EO$3:$EO$7)) -> 0 | CU14: =SUMPRODUCT(NOT(ISBLANK(CU$3:CU$7))*(CU$3:CU$7<$EP$3:$EP$7)) -> 0 | CW14: =SUMPRODUCT(NOT(ISBLANK(CW$3:CW$7))*(CW$3:CW$7<$EQ$3:$EQ$7)) -> 0 | CX14: =SUMPRODUCT(NOT(ISBLANK(CX$3:CX$7))*(CX$3:CX$7<$EO$3:$EO$7)) -> 0 | CY14: =SUMPRODUCT(NOT(ISBLANK(CY$3:CY$7))*(CY$3:CY$7<$EP$3:$EP$7)) -> 0 | DA14: =SUMPRODUCT(NOT(ISBLANK(DA$3:DA$7))*(DA$3:DA$7<$EQ$3:$EQ$7)) -> 0 | DB14: =SUMPRODUCT(NOT(ISBLANK(DB$3:DB$7))*(DB$3:DB$7<$EO$3:$EO$7)) -> 0 | DC14: =SUMPRODUCT(NOT(ISBLANK(DC$3:DC$7))*(DC$3:DC$7<$EP$3:$EP$7)) -> 0 | DE14: =SUMPRODUCT(NOT(ISBLANK(DE$3:DE$7))*(DE$3:DE$7<$EQ$3:$EQ$7)) -> 0 | DF14: =SUMPRODUCT(NOT(ISBLANK(DF$3:DF$7))*(DF$3:DF$7<$EO$3:$EO$7)) -> 0 | DG14: =SUMPRODUCT(NOT(ISBLANK(DG$3:DG$7))*(DG$3:DG$7<$EP$3:$EP$7)) -> 0 | DI14: =SUMPRODUCT(NOT(ISBLANK(DI$3:DI$7))*(DI$3:DI$7<$EQ$3:$EQ$7)) -> 0 | DJ14: =SUMPRODUCT(NOT(ISBLANK(DJ$3:DJ$7))*(DJ$3:DJ$7<$EO$3:$EO$7)) -> 0 | DK14: =SUMPRODUCT(NOT(ISBLANK(DK$3:DK$7))*(DK$3:DK$7<$EP$3:$EP$7)) -> 0 | DM14: =SUMPRODUCT(NOT(ISBLANK(DM$3:DM$7))*(DM$3:DM$7<$EQ$3:$EQ$7)) -> 0 | DN14: =SUMPRODUCT(NOT(ISBLANK(DN$3:DN$7))*(DN$3:DN$7<$EO$3:$EO$7)) -> 0 | DO14: =SUMPRODUCT(NOT(ISBLANK(DO$3:DO$7))*(DO$3:DO$7<$EP$3:$EP$7)) -> 0 | DQ14: =SUMPRODUCT(NOT(ISBLANK(DQ$3:DQ$7))*(DQ$3:DQ$7<$EQ$3:$EQ$7)) -> 0 | DR14: =SUMPRODUCT(NOT(ISBLANK(DR$3:DR$7))*(DR$3:DR$7<$EO$3:$EO$7)) -> 0 | DS14: =SUMPRODUCT(NOT(ISBLANK(DS$3:DS$7))*(DS$3:DS$7<$EP$3:$EP$7)) -> 0 | DU14: =SUMPRODUCT(NOT(ISBLANK(DU$3:DU$7))*(DU$3:DU$7<$EQ$3:$EQ$7)) -> 0 | DV14: =SUMPRODUCT(NOT(ISBLANK(DV$3:DV$7))*(DV$3:DV$7<$EO$3:$EO$7)) -> 0 | DW14: =SUMPRODUCT(NOT(ISBLANK(DW$3:DW$7))*(DW$3:DW$7<$EP$3:$EP$7)) -> 0 | DY14: =SUMPRODUCT(NOT(ISBLANK(DY$3:DY$7))*(DY$3:DY$7<$EQ$3:$EQ$7)) -> 0 | DZ14: =SUMPRODUCT(NOT(ISBLANK(DZ$3:DZ$7))*(DZ$3:DZ$7<$EO$3:$EO$7)) -> 0 | EA14: =SUMPRODUCT(NOT(ISBLANK(EA$3:EA$7))*(EA$3:EA$7<$EP$3:$EP$7)) -> 0 | EC14: =SUMPRODUCT(NOT(ISBLANK(EC$3:EC$7))*(EC$3:EC$7<$EQ$3:$EQ$7)) -> 0 | ED14: =SUMPRODUCT(NOT(ISBLANK(ED$3:ED$7))*(ED$3:ED$7<$EO$3:$EO$7)) -> 0 | EE14: =SUMPRODUCT(NOT(ISBLANK(EE$3:EE$7))*(EE$3:EE$7<$EP$3:$EP$7)) -> 0 | EG14: =SUMPRODUCT(NOT(ISBLANK(EG$3:EG$7))*(EG$3:EG$7<$EQ$3:$EQ$7)) -> 0 | EH14: =SUMPRODUCT(NOT(ISBLANK(EH$3:EH$7))*(EH$3:EH$7<$EO$3:$EO$7)) -> 0 | EI14: =SUMPRODUCT(NOT(ISBLANK(EI$3:EI$7))*(EI$3:EI$7<$EP$3:$EP$7)) -> 0 | EK14: =SUMPRODUCT(NOT(ISBLANK(EK$3:EK$7))*(EK$3:EK$7<$EQ$3:$EQ$7)) -> 0
A15: WORSE | B15: =SUMPRODUCT((NOT(ISBLANK(B$3:B$7))*(B$3:B$7>$EO$3:$EO$7))+ISBLANK(B$3:B$7)) -> 0 | F15: =SUMPRODUCT((NOT(ISBLANK(F$3:F$7))*(F$3:F$7>$EO$3:$EO$7))+ISBLANK(F$3:F$7)) -> 0 | G15: =SUMPRODUCT((NOT(ISBLANK(G$3:G$7))*(G$3:G$7>$EP$3:$EP$7))+ISBLANK(G$3:G$7)) -> 0 | I15: =SUMPRODUCT((NOT(ISBLANK(I$3:I$7))*(I$3:I$7>$EQ$3:$EQ$7))+ISBLANK(I$3:I$7)) -> 0 | J15: =SUMPRODUCT((NOT(ISBLANK(J$3:J$7))*(J$3:J$7>$EO$3:$EO$7))+ISBLANK(J$3:J$7)) -> 0 | N15: =SUMPRODUCT((NOT(ISBLANK(N$3:N$7))*(N$3:N$7>$EO$3:$EO$7))+ISBLANK(N$3:N$7)) -> 0 | O15: =SUMPRODUCT((NOT(ISBLANK(O$3:O$7))*(O$3:O$7>$EP$3:$EP$7))+ISBLANK(O$3:O$7)) -> 0 | Q15: =SUMPRODUCT((NOT(ISBLANK(Q$3:Q$7))*(Q$3:Q$7>$EQ$3:$EQ$7))+ISBLANK(Q$3:Q$7)) -> 0 | R15: =SUMPRODUCT((NOT(ISBLANK(R$3:R$7))*(R$3:R$7>$EO$3:$EO$7))+ISBLANK(R$3:R$7)) -> 0 | V15: =SUMPRODUCT((NOT(ISBLANK(V$3:V$7))*(V$3:V$7>$EO$3:$EO$7))+ISBLANK(V$3:V$7)) -> 0 | W15: =SUMPRODUCT((NOT(ISBLANK(W$3:W$7))*(W$3:W$7>$EP$3:$EP$7))+ISBLANK(W$3:W$7)) -> 0 | Y15: =SUMPRODUCT((NOT(ISBLANK(Y$3:Y$7))*(Y$3:Y$7>$EQ$3:$EQ$7))+ISBLANK(Y$3:Y$7)) -> 0 | Z15: =SUMPRODUCT((NOT(ISBLANK(Z$3:Z$7))*(Z$3:Z$7>$EO$3:$EO$7))+ISBLANK(Z$3:Z$7)) -> 0 | AD15: =SUMPRODUCT((NOT(ISBLANK(AD$3:AD$7))*(AD$3:AD$7>$EO$3:$EO$7))+ISBLANK(AD$3:AD$7)) -> 0 | AE15: =SUMPRODUCT((NOT(ISBLANK(AE$3:AE$7))*(AE$3:AE$7>$EP$3:$EP$7))+ISBLANK(AE$3:AE$7)) -> 0 | AG15: =SUMPRODUCT((NOT(ISBLANK(AG$3:AG$7))*(AG$3:AG$7>$EQ$3:$EQ$7))+ISBLANK(AG$3:AG$7)) -> 0 | AH15: =SUMPRODUCT((NOT(ISBLANK(AH$3:AH$7))*(AH$3:AH$7>$EO$3:$EO$7))+ISBLANK(AH$3:AH$7)) -> 0 | AL15: =SUMPRODUCT((NOT(ISBLANK(AL$3:AL$7))*(AL$3:AL$7>$EO$3:$EO$7))+ISBLANK(AL$3:AL$7)) -> 0 | AM15: =SUMPRODUCT((NOT(ISBLANK(AM$3:AM$7))*(AM$3:AM$7>$EP$3:$EP$7))+ISBLANK(AM$3:AM$7)) -> 0 | AO15: =SUMPRODUCT((NOT(ISBLANK(AO$3:AO$7))*(AO$3:AO$7>$EQ$3:$EQ$7))+ISBLANK(AO$3:AO$7)) -> 0 | AP15: =SUMPRODUCT((NOT(ISBLANK(AP$3:AP$7))*(AP$3:AP$7>$EO$3:$EO$7))+ISBLANK(AP$3:AP$7)) -> 0 | AT15: =SUMPRODUCT((NOT(ISBLANK(AT$3:AT$7))*(AT$3:AT$7>$EO$3:$EO$7))+ISBLANK(AT$3:AT$7)) -> 0 | AU15: =SUMPRODUCT((NOT(ISBLANK(AU$3:AU$7))*(AU$3:AU$7>$EP$3:$EP$7))+ISBLANK(AU$3:AU$7)) -> 0 | AW15: =SUMPRODUCT((NOT(ISBLANK(AW$3:AW$7))*(AW$3:AW$7>$EQ$3:$EQ$7))+ISBLANK(AW$3:AW$7)) -> 0 | AX15: =SUMPRODUCT((NOT(ISBLANK(AX$3:AX$7))*(AX$3:AX$7>$EO$3:$EO$7))+ISBLANK(AX$3:AX$7)) -> 0 | BB15: =SUMPRODUCT((NOT(ISBLANK(BB$3:BB$7))*(BB$3:BB$7>$EO$3:$EO$7))+ISBLANK(BB$3:BB$7)) -> 0 | BC15: =SUMPRODUCT((NOT(ISBLANK(BC$3:BC$7))*(BC$3:BC$7>$EP$3:$EP$7))+ISBLANK(BC$3:BC$7)) -> 0 | BE15: =SUMPRODUCT((NOT(ISBLANK(BE$3:BE$7))*(BE$3:BE$7>$EQ$3:$EQ$7))+ISBLANK(BE$3:BE$7)) -> 0 | BF15: =SUMPRODUCT((NOT(ISBLANK(BF$3:BF$7))*(BF$3:BF$7>$EO$3:$EO$7))+ISBLANK(BF$3:BF$7)) -> 0 | BG15: =SUMPRODUCT((NOT(ISBLANK(BG$3:BG$7))*(BG$3:BG$7>$EP$3:$EP$7))+ISBLANK(BG$3:BG$7)) -> 0 | BI15: =SUMPRODUCT((NOT(ISBLANK(BI$3:BI$7))*(BI$3:BI$7>$EQ$3:$EQ$7))+ISBLANK(BI$3:BI$7)) -> 0 | BJ15: =SUMPRODUCT((NOT(ISBLANK(BJ$3:BJ$7))*(BJ$3:BJ$7>$EO$3:$EO$7))+ISBLANK(BJ$3:BJ$7)) -> 0 | BK15: =SUMPRODUCT((NOT(ISBLANK(BK$3:BK$7))*(BK$3:BK$7>$EP$3:$EP$7))+ISBLANK(BK$3:BK$7)) -> 0 | BM15: =SUMPRODUCT((NOT(ISBLANK(BM$3:BM$7))*(BM$3:BM$7>$EQ$3:$EQ$7))+ISBLANK(BM$3:BM$7)) -> 0 | BN15: =SUMPRODUCT((NOT(ISBLANK(BN$3:BN$7))*(BN$3:BN$7>$EO$3:$EO$7))+ISBLANK(BN$3:BN$7)) -> 0 | BO15: =SUMPRODUCT((NOT(ISBLANK(BO$3:BO$7))*(BO$3:BO$7>$EP$3:$EP$7))+ISBLANK(BO$3:BO$7)) -> 0 | BQ15: =SUMPRODUCT((NOT(ISBLANK(BQ$3:BQ$7))*(BQ$3:BQ$7>$EQ$3:$EQ$7))+ISBLANK(BQ$3:BQ$7)) -> 0 | BR15: =SUMPRODUCT((NOT(ISBLANK(BR$3:BR$7))*(BR$3:BR$7>$EO$3:$EO$7))+ISBLANK(BR$3:BR$7)) -> 0 | BS15: =SUMPRODUCT((NOT(ISBLANK(BS$3:BS$7))*(BS$3:BS$7>$EP$3:$EP$7))+ISBLANK(BS$3:BS$7)) -> 0 | BU15: =SUMPRODUCT((NOT(ISBLANK(BU$3:BU$7))*(BU$3:BU$7>$EQ$3:$EQ$7))+ISBLANK(BU$3:BU$7)) -> 0 | BV15: =SUMPRODUCT((NOT(ISBLANK(BV$3:BV$7))*(BV$3:BV$7>$EO$3:$EO$7))+ISBLANK(BV$3:BV$7)) -> 0 | BW15: =SUMPRODUCT((NOT(ISBLANK(BW$3:BW$7))*(BW$3:BW$7>$EP$3:$EP$7))+ISBLANK(BW$3:BW$7)) -> 0 | BY15: =SUMPRODUCT((NOT(ISBLANK(BY$3:BY$7))*(BY$3:BY$7>$EQ$3:$EQ$7))+ISBLANK(BY$3:BY$7)) -> 0 | BZ15: =SUMPRODUCT((NOT(ISBLANK(BZ$3:BZ$7))*(BZ$3:BZ$7>$EO$3:$EO$7))+ISBLANK(BZ$3:BZ$7)) -> 0 | CA15: =SUMPRODUCT((NOT(ISBLANK(CA$3:CA$7))*(CA$3:CA$7>$EP$3:$EP$7))+ISBLANK(CA$3:CA$7)) -> 0 | CC15: =SUMPRODUCT((NOT(ISBLANK(CC$3:CC$7))*(CC$3:CC$7>$EQ$3:$EQ$7))+ISBLANK(CC$3:CC$7)) -> 0 | CD15: =SUMPRODUCT((NOT(ISBLANK(CD$3:CD$7))*(CD$3:CD$7>$EO$3:$EO$7))+ISBLANK(CD$3:CD$7)) -> 0 | CE15: =SUMPRODUCT((NOT(ISBLANK(CE$3:CE$7))*(CE$3:CE$7>$EP$3:$EP$7))+ISBLANK(CE$3:CE$7)) -> 0 | CG15: =SUMPRODUCT((NOT(ISBLANK(CG$3:CG$7))*(CG$3:CG$7>$EQ$3:$EQ$7))+ISBLANK(CG$3:CG$7)) -> 0 | CH15: =SUMPRODUCT((NOT(ISBLANK(CH$3:CH$7))*(CH$3:CH$7>$EO$3:$EO$7))+ISBLANK(CH$3:CH$7)) -> 0 | CI15: =SUMPRODUCT((NOT(ISBLANK(CI$3:CI$7))*(CI$3:CI$7>$EP$3:$EP$7))+ISBLANK(CI$3:CI$7)) -> 0 | CK15: =SUMPRODUCT((NOT(ISBLANK(CK$3:CK$7))*(CK$3:CK$7>$EQ$3:$EQ$7))+ISBLANK(CK$3:CK$7)) -> 0 | CL15: =SUMPRODUCT((NOT(ISBLANK(CL$3:CL$7))*(CL$3:CL$7>$EO$3:$EO$7))+ISBLANK(CL$3:CL$7)) -> 0 | CM15: =SUMPRODUCT((NOT(ISBLANK(CM$3:CM$7))*(CM$3:CM$7>$EP$3:$EP$7))+ISBLANK(CM$3:CM$7)) -> 0 | CO15: =SUMPRODUCT((NOT(ISBLANK(CO$3:CO$7))*(CO$3:CO$7>$EQ$3:$EQ$7))+ISBLANK(CO$3:CO$7)) -> 0 | CP15: =SUMPRODUCT((NOT(ISBLANK(CP$3:CP$7))*(CP$3:CP$7>$EO$3:$EO$7))+ISBLANK(CP$3:CP$7)) -> 0 | CQ15: =SUMPRODUCT((NOT(ISBLANK(CQ$3:CQ$7))*(CQ$3:CQ$7>$EP$3:$EP$7))+ISBLANK(CQ$3:CQ$7)) -> 0 | CS15: =SUMPRODUCT((NOT(ISBLANK(CS$3:CS$7))*(CS$3:CS$7>$EQ$3:$EQ$7))+ISBLANK(CS$3:CS$7)) -> 0 | CT15: =SUMPRODUCT((NOT(ISBLANK(CT$3:CT$7))*(CT$3:CT$7>$EO$3:$EO$7))+ISBLANK(CT$3:CT$7)) -> 0 | CU15: =SUMPRODUCT((NOT(ISBLANK(CU$3:CU$7))*(CU$3:CU$7>$EP$3:$EP$7))+ISBLANK(CU$3:CU$7)) -> 0 | CW15: =SUMPRODUCT((NOT(ISBLANK(CW$3:CW$7))*(CW$3:CW$7>$EQ$3:$EQ$7))+ISBLANK(CW$3:CW$7)) -> 0 | CX15: =SUMPRODUCT((NOT(ISBLANK(CX$3:CX$7))*(CX$3:CX$7>$EO$3:$EO$7))+ISBLANK(CX$3:CX$7)) -> 0 | CY15: =SUMPRODUCT((NOT(ISBLANK(CY$3:CY$7))*(CY$3:CY$7>$EP$3:$EP$7))+ISBLANK(CY$3:CY$7)) -> 0 | DA15: =SUMPRODUCT((NOT(ISBLANK(DA$3:DA$7))*(DA$3:DA$7>$EQ$3:$EQ$7))+ISBLANK(DA$3:DA$7)) -> 0 | DB15: =SUMPRODUCT((NOT(ISBLANK(DB$3:DB$7))*(DB$3:DB$7>$EO$3:$EO$7))+ISBLANK(DB$3:DB$7)) -> 0 | DC15: =SUMPRODUCT((NOT(ISBLANK(DC$3:DC$7))*(DC$3:DC$7>$EP$3:$EP$7))+ISBLANK(DC$3:DC$7)) -> 0 | DE15: =SUMPRODUCT((NOT(ISBLANK(DE$3:DE$7))*(DE$3:DE$7>$EQ$3:$EQ$7))+ISBLANK(DE$3:DE$7)) -> 0 | DF15: =SUMPRODUCT((NOT(ISBLANK(DF$3:DF$7))*(DF$3:DF$7>$EO$3:$EO$7))+ISBLANK(DF$3:DF$7)) -> 0 | DG15: =SUMPRODUCT((NOT(ISBLANK(DG$3:DG$7))*(DG$3:DG$7>$EP$3:$EP$7))+ISBLANK(DG$3:DG$7)) -> 0 | DI15: =SUMPRODUCT((NOT(ISBLANK(DI$3:DI$7))*(DI$3:DI$7>$EQ$3:$EQ$7))+ISBLANK(DI$3:DI$7)) -> 0 | DJ15: =SUMPRODUCT((NOT(ISBLANK(DJ$3:DJ$7))*(DJ$3:DJ$7>$EO$3:$EO$7))+ISBLANK(DJ$3:DJ$7)) -> 0 | DK15: =SUMPRODUCT((NOT(ISBLANK(DK$3:DK$7))*(DK$3:DK$7>$EP$3:$EP$7))+ISBLANK(DK$3:DK$7)) -> 0 | DM15: =SUMPRODUCT((NOT(ISBLANK(DM$3:DM$7))*(DM$3:DM$7>$EQ$3:$EQ$7))+ISBLANK(DM$3:DM$7)) -> 0 | DN15: =SUMPRODUCT((NOT(ISBLANK(DN$3:DN$7))*(DN$3:DN$7>$EO$3:$EO$7))+ISBLANK(DN$3:DN$7)) -> 0 | DO15: =SUMPRODUCT((NOT(ISBLANK(DO$3:DO$7))*(DO$3:DO$7>$EP$3:$EP$7))+ISBLANK(DO$3:DO$7)) -> 0 | DQ15: =SUMPRODUCT((NOT(ISBLANK(DQ$3:DQ$7))*(DQ$3:DQ$7>$EQ$3:$EQ$7))+ISBLANK(DQ$3:DQ$7)) -> 0 | DR15: =SUMPRODUCT((NOT(ISBLANK(DR$3:DR$7))*(DR$3:DR$7>$EO$3:$EO$7))+ISBLANK(DR$3:DR$7)) -> 0 | DS15: =SUMPRODUCT((NOT(ISBLANK(DS$3:DS$7))*(DS$3:DS$7>$EP$3:$EP$7))+ISBLANK(DS$3:DS$7)) -> 0 | DU15: =SUMPRODUCT((NOT(ISBLANK(DU$3:DU$7))*(DU$3:DU$7>$EQ$3:$EQ$7))+ISBLANK(DU$3:DU$7)) -> 0 | DV15: =SUMPRODUCT((NOT(ISBLANK(DV$3:DV$7))*(DV$3:DV$7>$EO$3:$EO$7))+ISBLANK(DV$3:DV$7)) -> 0 | DW15: =SUMPRODUCT((NOT(ISBLANK(DW$3:DW$7))*(DW$3:DW$7>$EP$3:$EP$7))+ISBLANK(DW$3:DW$7)) -> 0 | DY15: =SUMPRODUCT((NOT(ISBLANK(DY$3:DY$7))*(DY$3:DY$7>$EQ$3:$EQ$7))+ISBLANK(DY$3:DY$7)) -> 0 | DZ15: =SUMPRODUCT((NOT(ISBLANK(DZ$3:DZ$7))*(DZ$3:DZ$7>$EO$3:$EO$7))+ISBLANK(DZ$3:DZ$7)) -> 0 | EA15: =SUMPRODUCT((NOT(ISBLANK(EA$3:EA$7))*(EA$3:EA$7>$EP$3:$EP$7))+ISBLANK(EA$3:EA$7)) -> 0 | EC15: =SUMPRODUCT((NOT(ISBLANK(EC$3:EC$7))*(EC$3:EC$7>$EQ$3:$EQ$7))+ISBLANK(EC$3:EC$7)) -> 0 | ED15: =SUMPRODUCT((NOT(ISBLANK(ED$3:ED$7))*(ED$3:ED$7>$EO$3:$EO$7))+ISBLANK(ED$3:ED$7)) -> 0 | EE15: =SUMPRODUCT((NOT(ISBLANK(EE$3:EE$7))*(EE$3:EE$7>$EP$3:$EP$7))+ISBLANK(EE$3:EE$7)) -> 0 | EG15: =SUMPRODUCT((NOT(ISBLANK(EG$3:EG$7))*(EG$3:EG$7>$EQ$3:$EQ$7))+ISBLANK(EG$3:EG$7)) -> 0 | EH15: =SUMPRODUCT((NOT(ISBLANK(EH$3:EH$7))*(EH$3:EH$7>$EO$3:$EO$7))+ISBLANK(EH$3:EH$7)) -> 0 | EI15: =SUMPRODUCT((NOT(ISBLANK(EI$3:EI$7))*(EI$3:EI$7>$EP$3:$EP$7))+ISBLANK(EI$3:EI$7)) -> 0 | EK15: =SUMPRODUCT((NOT(ISBLANK(EK$3:EK$7))*(EK$3:EK$7>$EQ$3:$EQ$7))+ISBLANK(EK$3:EK$7)) -> 0
A16: WORST | B16: =SUMPRODUCT((NOT(ISBLANK(B$3:B$7))*(B$3:B$7=$ER$3:$ER$7))+ISBLANK(B$3:B$7)) -> 0 | F16: =SUMPRODUCT((NOT(ISBLANK(F$3:F$7))*(F$3:F$7=$ER$3:$ER$7))+ISBLANK(F$3:F$7)) -> 0 | G16: =SUMPRODUCT((NOT(ISBLANK(G$3:G$7))*(G$3:G$7=$ES$3:$ES$7))+ISBLANK(G$3:G$7)) -> 0 | I16: =SUMPRODUCT((NOT(ISBLANK(I$3:I$7))*(I$3:I$7=$ET$3:$ET$7))+ISBLANK(I$3:I$7)) -> 0 | J16: =SUMPRODUCT((NOT(ISBLANK(J$3:J$7))*(J$3:J$7=$ER$3:$ER$7))+ISBLANK(J$3:J$7)) -> 0 | N16: =SUMPRODUCT((NOT(ISBLANK(N$3:N$7))*(N$3:N$7=$ER$3:$ER$7))+ISBLANK(N$3:N$7)) -> 0 | O16: =SUMPRODUCT((NOT(ISBLANK(O$3:O$7))*(O$3:O$7=$ES$3:$ES$7))+ISBLANK(O$3:O$7)) -> 0 | Q16: =SUMPRODUCT((NOT(ISBLANK(Q$3:Q$7))*(Q$3:Q$7=$ET$3:$ET$7))+ISBLANK(Q$3:Q$7)) -> 0 | R16: =SUMPRODUCT((NOT(ISBLANK(R$3:R$7))*(R$3:R$7=$ER$3:$ER$7))+ISBLANK(R$3:R$7)) -> 0 | V16: =SUMPRODUCT((NOT(ISBLANK(V$3:V$7))*(V$3:V$7=$ER$3:$ER$7))+ISBLANK(V$3:V$7)) -> 0 | W16: =SUMPRODUCT((NOT(ISBLANK(W$3:W$7))*(W$3:W$7=$ES$3:$ES$7))+ISBLANK(W$3:W$7)) -> 0 | Y16: =SUMPRODUCT((NOT(ISBLANK(Y$3:Y$7))*(Y$3:Y$7=$ET$3:$ET$7))+ISBLANK(Y$3:Y$7)) -> 0 | Z16: =SUMPRODUCT((NOT(ISBLANK(Z$3:Z$7))*(Z$3:Z$7=$ER$3:$ER$7))+ISBLANK(Z$3:Z$7)) -> 0 | AD16: =SUMPRODUCT((NOT(ISBLANK(AD$3:AD$7))*(AD$3:AD$7=$ER$3:$ER$7))+ISBLANK(AD$3:AD$7)) -> 0 | AE16: =SUMPRODUCT((NOT(ISBLANK(AE$3:AE$7))*(AE$3:AE$7=$ES$3:$ES$7))+ISBLANK(AE$3:AE$7)) -> 0 | AG16: =SUMPRODUCT((NOT(ISBLANK(AG$3:AG$7))*(AG$3:AG$7=$ET$3:$ET$7))+ISBLANK(AG$3:AG$7)) -> 0 | AH16: =SUMPRODUCT((NOT(ISBLANK(AH$3:AH$7))*(AH$3:AH$7=$ER$3:$ER$7))+ISBLANK(AH$3:AH$7)) -> 0 | AL16: =SUMPRODUCT((NOT(ISBLANK(AL$3:AL$7))*(AL$3:AL$7=$ER$3:$ER$7))+ISBLANK(AL$3:AL$7)) -> 0 | AM16: =SUMPRODUCT((NOT(ISBLANK(AM$3:AM$7))*(AM$3:AM$7=$ES$3:$ES$7))+ISBLANK(AM$3:AM$7)) -> 0 | AO16: =SUMPRODUCT((NOT(ISBLANK(AO$3:AO$7))*(AO$3:AO$7=$ET$3:$ET$7))+ISBLANK(AO$3:AO$7)) -> 0 | AP16: =SUMPRODUCT((NOT(ISBLANK(AP$3:AP$7))*(AP$3:AP$7=$ER$3:$ER$7))+ISBLANK(AP$3:AP$7)) -> 0 | AT16: =SUMPRODUCT((NOT(ISBLANK(AT$3:AT$7))*(AT$3:AT$7=$ER$3:$ER$7))+ISBLANK(AT$3:AT$7)) -> 0 | AU16: =SUMPRODUCT((NOT(ISBLANK(AU$3:AU$7))*(AU$3:AU$7=$ES$3:$ES$7))+ISBLANK(AU$3:AU$7)) -> 0 | AW16: =SUMPRODUCT((NOT(ISBLANK(AW$3:AW$7))*(AW$3:AW$7=$ET$3:$ET$7))+ISBLANK(AW$3:AW$7)) -> 0 | AX16: =SUMPRODUCT((NOT(ISBLANK(AX$3:AX$7))*(AX$3:AX$7=$ER$3:$ER$7))+ISBLANK(AX$3:AX$7)) -> 0 | BB16: =SUMPRODUCT((NOT(ISBLANK(BB$3:BB$7))*(BB$3:BB$7=$ER$3:$ER$7))+ISBLANK(BB$3:BB$7)) -> 0 | BC16: =SUMPRODUCT((NOT(ISBLANK(BC$3:BC$7))*(BC$3:BC$7=$ES$3:$ES$7))+ISBLANK(BC$3:BC$7)) -> 0 | BE16: =SUMPRODUCT((NOT(ISBLANK(BE$3:BE$7))*(BE$3:BE$7=$ET$3:$ET$7))+ISBLANK(BE$3:BE$7)) -> 0 | BF16: =SUMPRODUCT((NOT(ISBLANK(BF$3:BF$7))*(BF$3:BF$7=$ER$3:$ER$7))+ISBLANK(BF$3:BF$7)) -> 0 | BG16: =SUMPRODUCT((NOT(ISBLANK(BG$3:BG$7))*(BG$3:BG$7=$ES$3:$ES$7))+ISBLANK(BG$3:BG$7)) -> 0 | BI16: =SUMPRODUCT((NOT(ISBLANK(BI$3:BI$7))*(BI$3:BI$7=$ET$3:$ET$7))+ISBLANK(BI$3:BI$7)) -> 0 | BJ16: =SUMPRODUCT((NOT(ISBLANK(BJ$3:BJ$7))*(BJ$3:BJ$7=$ER$3:$ER$7))+ISBLANK(BJ$3:BJ$7)) -> 0 | BK16: =SUMPRODUCT((NOT(ISBLANK(BK$3:BK$7))*(BK$3:BK$7=$ES$3:$ES$7))+ISBLANK(BK$3:BK$7)) -> 0 | BM16: =SUMPRODUCT((NOT(ISBLANK(BM$3:BM$7))*(BM$3:BM$7=$ET$3:$ET$7))+ISBLANK(BM$3:BM$7)) -> 0 | BN16: =SUMPRODUCT((NOT(ISBLANK(BN$3:BN$7))*(BN$3:BN$7=$ER$3:$ER$7))+ISBLANK(BN$3:BN$7)) -> 0 | BO16: =SUMPRODUCT((NOT(ISBLANK(BO$3:BO$7))*(BO$3:BO$7=$ES$3:$ES$7))+ISBLANK(BO$3:BO$7)) -> 0 | BQ16: =SUMPRODUCT((NOT(ISBLANK(BQ$3:BQ$7))*(BQ$3:BQ$7=$ET$3:$ET$7))+ISBLANK(BQ$3:BQ$7)) -> 0 | BR16: =SUMPRODUCT((NOT(ISBLANK(BR$3:BR$7))*(BR$3:BR$7=$ER$3:$ER$7))+ISBLANK(BR$3:BR$7)) -> 0 | BS16: =SUMPRODUCT((NOT(ISBLANK(BS$3:BS$7))*(BS$3:BS$7=$ES$3:$ES$7))+ISBLANK(BS$3:BS$7)) -> 0 | BU16: =SUMPRODUCT((NOT(ISBLANK(BU$3:BU$7))*(BU$3:BU$7=$ET$3:$ET$7))+ISBLANK(BU$3:BU$7)) -> 0 | BV16: =SUMPRODUCT((NOT(ISBLANK(BV$3:BV$7))*(BV$3:BV$7=$ER$3:$ER$7))+ISBLANK(BV$3:BV$7)) -> 0 | BW16: =SUMPRODUCT((NOT(ISBLANK(BW$3:BW$7))*(BW$3:BW$7=$ES$3:$ES$7))+ISBLANK(BW$3:BW$7)) -> 0 | BY16: =SUMPRODUCT((NOT(ISBLANK(BY$3:BY$7))*(BY$3:BY$7=$ET$3:$ET$7))+ISBLANK(BY$3:BY$7)) -> 0 | BZ16: =SUMPRODUCT((NOT(ISBLANK(BZ$3:BZ$7))*(BZ$3:BZ$7=$ER$3:$ER$7))+ISBLANK(BZ$3:BZ$7)) -> 0 | CA16: =SUMPRODUCT((NOT(ISBLANK(CA$3:CA$7))*(CA$3:CA$7=$ES$3:$ES$7))+ISBLANK(CA$3:CA$7)) -> 0 | CC16: =SUMPRODUCT((NOT(ISBLANK(CC$3:CC$7))*(CC$3:CC$7=$ET$3:$ET$7))+ISBLANK(CC$3:CC$7)) -> 0 | CD16: =SUMPRODUCT((NOT(ISBLANK(CD$3:CD$7))*(CD$3:CD$7=$ER$3:$ER$7))+ISBLANK(CD$3:CD$7)) -> 0 | CE16: =SUMPRODUCT((NOT(ISBLANK(CE$3:CE$7))*(CE$3:CE$7=$ES$3:$ES$7))+ISBLANK(CE$3:CE$7)) -> 0 | CG16: =SUMPRODUCT((NOT(ISBLANK(CG$3:CG$7))*(CG$3:CG$7=$ET$3:$ET$7))+ISBLANK(CG$3:CG$7)) -> 0 | CH16: =SUMPRODUCT((NOT(ISBLANK(CH$3:CH$7))*(CH$3:CH$7=$ER$3:$ER$7))+ISBLANK(CH$3:CH$7)) -> 0 | CI16: =SUMPRODUCT((NOT(ISBLANK(CI$3:CI$7))*(CI$3:CI$7=$ES$3:$ES$7))+ISBLANK(CI$3:CI$7)) -> 0 | CK16: =SUMPRODUCT((NOT(ISBLANK(CK$3:CK$7))*(CK$3:CK$7=$ET$3:$ET$7))+ISBLANK(CK$3:CK$7)) -> 0 | CL16: =SUMPRODUCT((NOT(ISBLANK(CL$3:CL$7))*(CL$3:CL$7=$ER$3:$ER$7))+ISBLANK(CL$3:CL$7)) -> 0 | CM16: =SUMPRODUCT((NOT(ISBLANK(CM$3:CM$7))*(CM$3:CM$7=$ES$3:$ES$7))+ISBLANK(CM$3:CM$7)) -> 0 | CO16: =SUMPRODUCT((NOT(ISBLANK(CO$3:CO$7))*(CO$3:CO$7=$ET$3:$ET$7))+ISBLANK(CO$3:CO$7)) -> 0 | CP16: =SUMPRODUCT((NOT(ISBLANK(CP$3:CP$7))*(CP$3:CP$7=$ER$3:$ER$7))+ISBLANK(CP$3:CP$7)) -> 0 | CQ16: =SUMPRODUCT((NOT(ISBLANK(CQ$3:CQ$7))*(CQ$3:CQ$7=$ES$3:$ES$7))+ISBLANK(CQ$3:CQ$7)) -> 0 | CS16: =SUMPRODUCT((NOT(ISBLANK(CS$3:CS$7))*(CS$3:CS$7=$ET$3:$ET$7))+ISBLANK(CS$3:CS$7)) -> 0 | CT16: =SUMPRODUCT((NOT(ISBLANK(CT$3:CT$7))*(CT$3:CT$7=$ER$3:$ER$7))+ISBLANK(CT$3:CT$7)) -> 0 | CU16: =SUMPRODUCT((NOT(ISBLANK(CU$3:CU$7))*(CU$3:CU$7=$ES$3:$ES$7))+ISBLANK(CU$3:CU$7)) -> 0 | CW16: =SUMPRODUCT((NOT(ISBLANK(CW$3:CW$7))*(CW$3:CW$7=$ET$3:$ET$7))+ISBLANK(CW$3:CW$7)) -> 0 | CX16: =SUMPRODUCT((NOT(ISBLANK(CX$3:CX$7))*(CX$3:CX$7=$ER$3:$ER$7))+ISBLANK(CX$3:CX$7)) -> 0 | CY16: =SUMPRODUCT((NOT(ISBLANK(CY$3:CY$7))*(CY$3:CY$7=$ES$3:$ES$7))+ISBLANK(CY$3:CY$7)) -> 0 | DA16: =SUMPRODUCT((NOT(ISBLANK(DA$3:DA$7))*(DA$3:DA$7=$ET$3:$ET$7))+ISBLANK(DA$3:DA$7)) -> 0 | DB16: =SUMPRODUCT((NOT(ISBLANK(DB$3:DB$7))*(DB$3:DB$7=$ER$3:$ER$7))+ISBLANK(DB$3:DB$7)) -> 0 | DC16: =SUMPRODUCT((NOT(ISBLANK(DC$3:DC$7))*(DC$3:DC$7=$ES$3:$ES$7))+ISBLANK(DC$3:DC$7)) -> 0 | DE16: =SUMPRODUCT((NOT(ISBLANK(DE$3:DE$7))*(DE$3:DE$7=$ET$3:$ET$7))+ISBLANK(DE$3:DE$7)) -> 0 | DF16: =SUMPRODUCT((NOT(ISBLANK(DF$3:DF$7))*(DF$3:DF$7=$ER$3:$ER$7))+ISBLANK(DF$3:DF$7)) -> 0 | DG16: =SUMPRODUCT((NOT(ISBLANK(DG$3:DG$7))*(DG$3:DG$7=$ES$3:$ES$7))+ISBLANK(DG$3:DG$7)) -> 0 | DI16: =SUMPRODUCT((NOT(ISBLANK(DI$3:DI$7))*(DI$3:DI$7=$ET$3:$ET$7))+ISBLANK(DI$3:DI$7)) -> 0 | DJ16: =SUMPRODUCT((NOT(ISBLANK(DJ$3:DJ$7))*(DJ$3:DJ$7=$ER$3:$ER$7))+ISBLANK(DJ$3:DJ$7)) -> 0 | DK16: =SUMPRODUCT((NOT(ISBLANK(DK$3:DK$7))*(DK$3:DK$7=$ES$3:$ES$7))+ISBLANK(DK$3:DK$7)) -> 0 | DM16: =SUMPRODUCT((NOT(ISBLANK(DM$3:DM$7))*(DM$3:DM$7=$ET$3:$ET$7))+ISBLANK(DM$3:DM$7)) -> 0 | DN16: =SUMPRODUCT((NOT(ISBLANK(DN$3:DN$7))*(DN$3:DN$7=$ER$3:$ER$7))+ISBLANK(DN$3:DN$7)) -> 0 | DO16: =SUMPRODUCT((NOT(ISBLANK(DO$3:DO$7))*(DO$3:DO$7=$ES$3:$ES$7))+ISBLANK(DO$3:DO$7)) -> 0 | DQ16: =SUMPRODUCT((NOT(ISBLANK(DQ$3:DQ$7))*(DQ$3:DQ$7=$ET$3:$ET$7))+ISBLANK(DQ$3:DQ$7)) -> 0 | DR16: =SUMPRODUCT((NOT(ISBLANK(DR$3:DR$7))*(DR$3:DR$7=$ER$3:$ER$7))+ISBLANK(DR$3:DR$7)) -> 0 | DS16: =SUMPRODUCT((NOT(ISBLANK(DS$3:DS$7))*(DS$3:DS$7=$ES$3:$ES$7))+ISBLANK(DS$3:DS$7)) -> 0 | DU16: =SUMPRODUCT((NOT(ISBLANK(DU$3:DU$7))*(DU$3:DU$7=$ET$3:$ET$7))+ISBLANK(DU$3:DU$7)) -> 0 | DV16: =SUMPRODUCT((NOT(ISBLANK(DV$3:DV$7))*(DV$3:DV$7=$ER$3:$ER$7))+ISBLANK(DV$3:DV$7)) -> 0 | DW16: =SUMPRODUCT((NOT(ISBLANK(DW$3:DW$7))*(DW$3:DW$7=$ES$3:$ES$7))+ISBLANK(DW$3:DW$7)) -> 0 | DY16: =SUMPRODUCT((NOT(ISBLANK(DY$3:DY$7))*(DY$3:DY$7=$ET$3:$ET$7))+ISBLANK(DY$3:DY$7)) -> 0 | DZ16: =SUMPRODUCT((NOT(ISBLANK(DZ$3:DZ$7))*(DZ$3:DZ$7=$ER$3:$ER$7))+ISBLANK(DZ$3:DZ$7)) -> 0 | EA16: =SUMPRODUCT((NOT(ISBLANK(EA$3:EA$7))*(EA$3:EA$7=$ES$3:$ES$7))+ISBLANK(EA$3:EA$7)) -> 0 | EC16: =SUMPRODUCT((NOT(ISBLANK(EC$3:EC$7))*(EC$3:EC$7=$ET$3:$ET$7))+ISBLANK(EC$3:EC$7)) -> 0 | ED16: =SUMPRODUCT((NOT(ISBLANK(ED$3:ED$7))*(ED$3:ED$7=$ER$3:$ER$7))+ISBLANK(ED$3:ED$7)) -> 0 | EE16: =SUMPRODUCT((NOT(ISBLANK(EE$3:EE$7))*(EE$3:EE$7=$ES$3:$ES$7))+ISBLANK(EE$3:EE$7)) -> 0 | EG16: =SUMPRODUCT((NOT(ISBLANK(EG$3:EG$7))*(EG$3:EG$7=$ET$3:$ET$7))+ISBLANK(EG$3:EG$7)) -> 0 | EH16: =SUMPRODUCT((NOT(ISBLANK(EH$3:EH$7))*(EH$3:EH$7=$ER$3:$ER$7))+ISBLANK(EH$3:EH$7)) -> 0 | EI16: =SUMPRODUCT((NOT(ISBLANK(EI$3:EI$7))*(EI$3:EI$7=$ES$3:$ES$7))+ISBLANK(EI$3:EI$7)) -> 0 | EK16: =SUMPRODUCT((NOT(ISBLANK(EK$3:EK$7))*(EK$3:EK$7=$ET$3:$ET$7))+ISBLANK(EK$3:EK$7)) -> 0

Sheet Merged Runs
A1: Merge criteria: | B1: memelingo-1/lambda-large_30_mlp-tplp-htc | F1: memelingo-1/lambda-large_30_mlp-tplp-htcdl | J1: memelingo-1/lambda-large_35_mlp-tplp-htc | N1: memelingo-1/lambda-large_35_mlp-tplp-htcdl | R1: memelingo-1/lambda-large_40_mlp-tplp-htc | V1: memelingo-1/lambda-large_40_mlp-tplp-htcdl | Z1: memelingo-1/lambda-large_45_mlp-tplp-htc | AD1: memelingo-1/lambda-large_45_mlp-tplp-htcdl | AH1: memelingo-1/lambda-large_50_mlp-tplp-htc | AL1: memelingo-1/lambda-large_50_mlp-tplp-htcdl | AP1: memelingo-1/lambda-large_55_mlp-tplp-htc | AT1: memelingo-1/lambda-large_55_mlp-tplp-htcdl | AX1: memelingo-1/lambda-large_60_mlp-tplp-htc | BB1: memelingo-1/lambda-large_60_mlp-tplp-htcdl | BF1: memelingo-1/lambda-small_10_mlp-tplp-ht | BJ1: memelingo-1/lambda-small_10_mlp-tplp-htc | BN1: memelingo-1/lambda-small_10_mlp-tplp-htcdl | BR1: memelingo-1/lambda-small_12_mlp-tplp-ht | BV1: memelingo-1/lambda-small_12_mlp-tplp-htc | BZ1: memelingo-1/lambda-small_12_mlp-tplp-htcdl | CD1: memelingo-1/lambda-small_14_mlp-tplp-ht | CH1: memelingo-1/lambda-small_14_mlp-tplp-htc | CL1: memelingo-1/lambda-small_14_mlp-tplp-htcdl | CP1: memelingo-1/lambda-small_16_mlp-tplp-ht | CT1: memelingo-1/lambda-small_16_mlp-tplp-htc | CX1: memelingo-1/lambda-small_16_mlp-tplp-htcdl | DB1: memelingo-1/lambda-small_18_mlp-tplp-ht | DF1: memelingo-1/lambda-small_18_mlp-tplp-htc | DJ1: memelingo-1/lambda-small_18_mlp-tplp-htcdl | DN1: memelingo-1/lambda-small_20_mlp-tplp-ht | DR1: memelingo-1/lambda-small_20_mlp-tplp-htc | DV1: memelingo-1/lambda-small_20_mlp-tplp-htcdl | DZ1: memelingo-1/lambda-small_22_mlp-tplp-ht | ED1: memelingo-1/lambda-small_22_mlp-tplp-htc | EH1: memelingo-1/lambda-small_22_mlp-tplp-htcdl | EL1: min | EO1: median | ER1: max
A2: median | B2: time | C2: stime | D2: status | E2: rules | F2: time | G2: stime | H2: status | I2: rules | J2: time | K2: stime | L2: status | M2: rules | N2: time | O2: stime | P2: status | Q2: rules | R2: time | S2: stime | T2: status | U2: rules | V2: time | W2: stime | X2: status | Y2: rules | Z2: time | AA2: stime | AB2: status | AC2: rules | AD2: time | AE2: stime | AF2: status | AG2: rules | AH2: time | AI2: stime | AJ2: status | AK2: rules | AL2: time | AM2: stime | AN2: status | AO2: rules | AP2: time | AQ2: stime | AR2: status | AS2: rules | AT2: time | AU2: stime | AV2: status | AW2: rules | AX2: time | AY2: stime | AZ2: status | BA2: rules | BB2: time | BC2: stime | BD2: status | BE2: rules | BF2: time | BG2: stime | BH2: status | BI2: rules | BJ2: time | BK2: stime | BL2: status | BM2: rules | BN2: time | BO2: stime | BP2: status | BQ2: rules | BR2: time | BS2: stime | BT2: status | BU2: rules | BV2: time | BW2: stime | BX2: status | BY2: rules | BZ2: time | CA2: stime | CB2: status | CC2: rules | CD2: time | CE2: stime | CF2: status | CG2: rules | CH2: time | CI2: stime | CJ2: status | CK2: rules | CL2: time | CM2: stime | CN2: status | CO2: rules | CP2: time | CQ2: stime | CR2: status | CS2: rules | CT2: time | CU2: stime | CV2: status | CW2: rules | CX2: time | CY2: stime | CZ2: status | DA2: rules | DB2: time | DC2: stime | DD2: status | DE2: rules | DF2: time | DG2: stime | DH2: status | DI2: rules | DJ2: time | DK2: stime | DL2: status | DM2: rules | DN2: time | DO2: stime | DP2: status | DQ2: rules | DR2: time | DS2: stime | DT2: status | DU2: rules | DV2: time | DW2: stime | DX2: status | DY2: rules | DZ2: time | EA2: stime | EB2: status | EC2: rules | ED2: time | EE2: stime | EF2: status | EG2: rules | EH2: time | EI2: stime | EJ2: status | EK2: rules | EL2: time | EM2: stime | EN2: rules | EO2: time | EP2: stime | EQ2: rules | ER2: time | ES2: stime | ET2: rules
A3: instances/ft06 | BF3: {=_xlfn.SWITCH($A$2,"average", AVERAGE(Instances!BF3:Instances!BF3),"median", MEDIAN(Instances!BF3:Instances!BF3),"min", MIN(Instances!BF3:Instances!BF3),"max", MAX(Instances!BF3:Instances!BF3),"diff", MAX(Instances!BF3:Instances!BF3)-MIN(Instances!BF3:Instances!BF3))} -> 0 | BG3: {=_xlfn.SWITCH($A$2,"average", AVERAGE(Instances!BG3:Instances!BG3),"median", MEDIAN(Instances!BG3:Instances!BG3),"min", MIN(Instances!BG3:Instances!BG3),"max", MAX(Instances!BG3:Instances!BG3),"diff", MAX(Instances!BG3:Instances!BG3)-MIN(Instances!BG3:Instances!BG3))} -> 0 | BI3: {=_xlfn.SWITCH($A$2,"average", AVERAGE(Instances!BI3:Instances!BI3),"median", MEDIAN(Instances!BI3:Instances!BI3),"min", MIN(Instances!BI3:Instances!BI3),"max", MAX(Instances!BI3:Instances!BI3),"diff", MAX(Instances!BI3:Instances!BI3)-MIN(Instances!BI3:Instances!BI3))} -> 0 | BJ3: {=_xlfn.SWITCH($A$2,"average", AVERAGE(Instances!BJ3:Instances!BJ3),"median", MEDIAN(Instances!BJ3:Instances!BJ3),"min", MIN(Instances!BJ3:Instances!BJ3),"max", MAX(Instances!BJ3:Instances!BJ3),"diff", MAX(Instances!BJ3:Instances!BJ3)-MIN(Instances!BJ3:Instances!BJ3))} -> 0 | BK3: {=_xlfn.SWITCH($A$2,"average", AVERAGE(Instances!BK3:Instances!BK3),"median", MEDIAN(Instances!BK3:Instances!BK3),"min", MIN(Instances!BK3:Instances!BK3),"max", MAX(Instances!BK3:Instances!BK3),"diff", MAX(Instances!BK3:Instances!BK3)-MIN(Instances!BK3:Instances!BK3))} -> 0 | BM3: {=_xlfn.SWITCH($A$2,"average", AVERAGE(Instances!BM3:Instances!BM3),"median", MEDIAN(Instances!BM3:Instances!BM3),"min", MIN(Instances!BM3:Instances!BM3),"max", MAX(Instances!BM3:Instances!BM3),"diff", MAX(Instances!BM3:Instances!BM3)-MIN(Instances!BM3:Instances!BM3))} -> 0 | BN3: {=_xlfn.SWITCH($A$2,"average", AVERAGE(Instances!BN3:Instances!BN3),"median", MEDIAN(Instances!BN3:Instances!BN3),"min", MIN(Instances!BN3:Instances!BN3),"max", MAX(Instances!BN3:Instances!BN3),"diff", MAX(Instances!BN3:Instances!BN3)-MIN(Instances!BN3:Instances!BN3))} -> 0 | BO3: {=_xlfn.SWITCH($A$2,"average", AVERAGE(Instances!BO3:Instances!BO3),"median", MEDIAN(Instances!BO3:Instances!BO3),"min", MIN(Instances!BO3:Instances!BO3),"max", MAX(Instances!BO3:Instances!BO3),"diff", MAX(Instances!BO3:Instances!BO3)-MIN(Instances!BO3:Instances!BO3))} -> 0 | BQ3: {=_xlfn.SWITCH($A$2,"average", AVERAGE(Instances!BQ3:Instances!BQ3),"median", MEDIAN(Instances!BQ3:Instances!BQ3),"min", MIN(Instances!BQ3:Instances!BQ3),"max", MAX(Instances!BQ3:Instances!BQ3),"diff", MAX(Instances!BQ3:Instances!BQ3)-MIN(Instances!BQ3:Instances!BQ3))} -> 0 | BR3: {=_xlfn.SWITCH($A$2,"average", AVERAGE(Instances!BR3:Instances!BR3),"median", MEDIAN(Instances!BR3:Instances!BR3),"min", MIN(Instances!BR3:Instances!BR3),"max", MAX(Instances!BR3:Instances!BR3),"diff", MAX(Instances!BR3:Instances!BR3)-MIN(Instances!BR3:Instances!BR3))} -> 0 | BS3: {=_xlfn.SWITCH($A$2,"average", AVERAGE(Instances!BS3:Instances!BS3),"median", MEDIAN(Instances!BS3:Instances!BS3),"min", MIN(Instances!BS3:Instances!BS3),"max", MAX(Instances!BS3:Instances!BS3),"diff", MAX(Instances!BS3:Instances!BS3)-MIN(Instances!BS3:Instances!BS3))} -> 0 | BU3: {=_xlfn.SWITCH($A$2,"average", AVERAGE(Instances!BU3:Instances!BU3),"median", MEDIAN(Instances!BU3:Instances!BU3),"min", MIN(Instances!BU3:Instances!BU3),"max", MAX(Instances!BU3:Instances!BU3),"diff", MAX(Instances!BU3:Instances!BU3)-MIN(Instances!BU3:Instances!BU3))} -> 0 | BV3: {=_xlfn.SWITCH($A$2,"average", AVERAGE(Instances!BV3:Instances!BV3),"median", MEDIAN(Instances!BV3:Instances!BV3),"min", MIN(Instances!BV3:Instances!BV3),"max", MAX(Instances!BV3:Instances!BV3),"diff", MAX(Instances!BV3:Instances!BV3)-MIN(Instances!BV3:Instances!BV3))} -> 0 | BW3: {=_xlfn.SWITCH($A$2,"average", AVERAGE(Instances!BW3:Instances!BW3),"median", MEDIAN(Instances!BW3:Instances!BW3),"min", MIN(Instances!BW3:Instances!BW3),"max", MAX(Instances!BW3:Instances!BW3),"diff", MAX(Instances!BW3:Instances!BW3)-MIN(Instances!BW3:Instances!BW3))} -> 0 | BY3: {=_xlfn.SWITCH($A$2,"average", AVERAGE(Instances!BY3:Instances!BY3),"median", MEDIAN(Instances!BY3:Instances!BY3),"min", MIN(Instances!BY3:Instances!BY3),"max", MAX(Instances!BY3:Instances!BY3),"diff", MAX(Instances!BY3:Instances!BY3)-MIN(Instances!BY3:Instances!BY3))} -> 0 | BZ3: {=_xlfn.SWITCH($A$2,"average", AVERAGE(Instances!BZ3:Instances!BZ3),"median", MEDIAN(Instances!BZ3:Instances!BZ3),"min", MIN(Instances!BZ3:Instances!BZ3),"max", MAX(Instances!BZ3:Instances!BZ3),"diff", MAX(Instances!BZ3:Instances!BZ3)-MIN(Instances!BZ3:Instances!BZ3))} -> 0 | CA3: {=_xlfn.SWITCH($A$2,"average", AVERAGE(Instances!CA3:Instances!CA3),"median", MEDIAN(Instances!CA3:Instances!CA3),"min", MIN(Instances!CA3:Instances!CA3),"max", MAX(Instances!CA3:Instances!CA3),"diff", MAX(Instances!CA3:Instances!CA3)-MIN(Instances!CA3:Instances!CA3))} -> 0 | CC3: {=_xlfn.SWITCH($A$2,"average", AVERAGE(Instances!CC3:Instances!CC3),"median", MEDIAN(Instances!CC3:Instances!CC3),"min", MIN(Instances!CC3:Instances!CC3),"max", MAX(Instances!CC3:Instances!CC3),"diff", MAX(Instances!CC3:Instances!CC3)-MIN(Instances!CC3:Instances!CC3))} -> 0 | CD3: {=_xlfn.SWITCH($A$2,"average", AVERAGE(Instances!CD3:Instances!CD3),"median", MEDIAN(Instances!CD3:Instances!CD3),"min", MIN(Instances!CD3:Instances!CD3),"max", MAX(Instances!CD3:Instances!CD3),"diff", MAX(Instances!CD3:Instances!CD3)-MIN(Instances!CD3:Instances!CD3))} -> 0 | CE3: {=_xlfn.SWITCH($A$2,"average", AVERAGE(Instances!CE3:Instances!CE3),"median", MEDIAN(Instances!CE3:Instances!CE3),"min", MIN(Instances!CE3:Instances!CE3),"max", MAX(Instances!CE3:Instances!CE3),"diff", MAX(Instances!CE3:Instances!CE3)-MIN(Instances!CE3:Instances!CE3))} -> 0 | CG3: {=_xlfn.SWITCH($A$2,"average", AVERAGE(Instances!CG3:Instances!CG3),"median", MEDIAN(Instances!CG3:Instances!CG3),"min", MIN(Instances!CG3:Instances!CG3),"max", MAX(Instances!CG3:Instances!CG3),"diff", MAX(Instances!CG3:Instances!CG3)-MIN(Instances!CG3:Instances!CG3))} -> 0 | CH3: {=_xlfn.SWITCH($A$2,"average", AVERAGE(Instances!CH3:Instances!CH3),"median", MEDIAN(Instances!CH3:Instances!CH3),"min", MIN(Instances!CH3:Instances!CH3),"max", MAX(Instances!CH3:Instances!CH3),"diff", MAX(Instances!CH3:Instances!CH3)-MIN(Instances!CH3:Instances!CH3))} -> 0 | CI3: {=_xlfn.SWITCH($A$2,"average", AVERAGE(Instances!CI3:Instances!CI3),"median", MEDIAN(Instances!CI3:Instances!CI3),"min", MIN(Instances!CI3:Instances!CI3),"max", MAX(Instances!CI3:Instances!CI3),"diff", MAX(Instances!CI3:Instances!CI3)-MIN(Instances!CI3:Instances!CI3))} -> 0 | CK3: {=_xlfn.SWITCH($A$2,"average", AVERAGE(Instances!CK3:Instances!CK3),"median", MEDIAN(Instances!CK3:Instances!CK3),"min", MIN(Instances!CK3:Instances!CK3),"max", MAX(Instances!CK3:Instances!CK3),"diff", MAX(Instances!CK3:Instances!CK3)-MIN(Instances!CK3:Instances!CK3))} -> 0 | CL3: {=_xlfn.SWITCH($A$2,"average", AVERAGE(Instances!CL3:Instances!CL3),"median", MEDIAN(Instances!CL3:Instances!CL3),"min", MIN(Instances!CL3:Instances!CL3),"max", MAX(Instances!CL3:Instances!CL3),"diff", MAX(Instances!CL3:Instances!CL3)-MIN(Instances!CL3:Instances!CL3))} -> 0 | CM3: {=_xlfn.SWITCH($A$2,"average", AVERAGE(Instances!CM3:Instances!CM3),"median", MEDIAN(Instances!CM3:Instances!CM3),"min", MIN(Instances!CM3:Instances!CM3),"max", MAX(Instances!CM3:Instances!CM3),"diff", MAX(Instances!CM3:Instances!CM3)-MIN(Instances!CM3:Instances!CM3))} -> 0 | CO3: {=_xlfn.SWITCH($A$2,"average", AVERAGE(Instances!CO3:Instances!CO3),"median", MEDIAN(Instances!CO3:Instances!CO3),"min", MIN(Instances!CO3:Instances!CO3),"max", MAX(Instances!CO3:Instances!CO3),"diff", MAX(Instances!CO3:Instances!CO3)-MIN(Instances!CO3:Instances!CO3))} -> 0 | CP3: {=_xlfn.SWITCH($A$2,"average", AVERAGE(Instances!CP3:Instances!CP3),"median", MEDIAN(Instances!CP3:Instances!CP3),"min", MIN(Instances!CP3:Instances!CP3),"max", MAX(Instances!CP3:Instances!CP3),"diff", MAX(Instances!CP3:Instances!CP3)-MIN(Instances!CP3:Instances!CP3))} -> 0 | CQ3: {=_xlfn.SWITCH($A$2,"average", AVERAGE(Instances!CQ3:Instances!CQ3),"median", MEDIAN(Instances!CQ3:Instances!CQ3),"min", MIN(Instances!CQ3:Instances!CQ3),"max", MAX(Instances!CQ3:Instances!CQ3),"diff", MAX(Instances!CQ3:Instances!CQ3)-MIN(Instances!CQ3:Instances!CQ3))} -> 0 | CS3: {=_xlfn.SWITCH($A$2,"average", AVERAGE(Instances!CS3:Instances!CS3),"median", MEDIAN(Instances!CS3:Instances!CS3),"min", MIN(Instances!CS3:Instances!CS3),"max", MAX(Instances!CS3:Instances!CS3),"diff", MAX(Instances!CS3:Instances!CS3)-MIN(Instances!CS3:Instances!CS3))} -> 0 | CT3: {=_xlfn.SWITCH($A$2,"average", AVERAGE(Instances!CT3:Instances!CT3),"median", MEDIAN(Instances!CT3:Instances!CT3),"min", MIN(Instances!CT3:Instances!CT3),"max", MAX(Instances!CT3:Instances!CT3),"diff", MAX(Instances!CT3:Instances!CT3)-MIN(Instances!CT3:Instances!CT3))} -> 0 | CU3: {=_xlfn.SWITCH($A$2,"average", AVERAGE(Instances!CU3:Instances!CU3),"median", MEDIAN(Instances!CU3:Instances!CU3),"min", MIN(Instances!CU3:Instances!CU3),"max", MAX(Instances!CU3:Instances!CU3),"diff", MAX(Instances!CU3:Instances!CU3)-MIN(Instances!CU3:Instances!CU3))} -> 0 | CW3: {=_xlfn.SWITCH($A$2,"average", AVERAGE(Instances!CW3:Instances!CW3),"median", MEDIAN(Instances!CW3:Instances!CW3),"min", MIN(Instances!CW3:Instances!CW3),"max", MAX(Instances!CW3:Instances!CW3),"diff", MAX(Instances!CW3:Instances!CW3)-MIN(Instances!CW3:Instances!CW3))} -> 0 | CX3: {=_xlfn.SWITCH($A$2,"average", AVERAGE(Instances!CX3:Instances!CX3),"median", MEDIAN(Instances!CX3:Instances!CX3),"min", MIN(Instances!CX3:Instances!CX3),"max", MAX(Instances!CX3:Instances!CX3),"diff", MAX(Instances!CX3:Instances!CX3)-MIN(Instances!CX3:Instances!CX3))} -> 0 | CY3: {=_xlfn.SWITCH($A$2,"average", AVERAGE(Instances!CY3:Instances!CY3),"median", MEDIAN(Instances!CY3:Instances!CY3),"min", MIN(Instances!CY3:Instances!CY3),"max", MAX(Instances!CY3:Instances!CY3),"diff", MAX(Instances!CY3:Instances!CY3)-MIN(Instances!CY3:Instances!CY3))} -> 0 | DA3: {=_xlfn.SWITCH($A$2,"average", AVERAGE(Instances!DA3:Instances!DA3),"median", MEDIAN(Instances!DA3:Instances!DA3),"min", MIN(Instances!DA3:Instances!DA3),"max", MAX(Instances!DA3:Instances!DA3),"diff", MAX(Instances!DA3:Instances!DA3)-MIN(Instances!DA3:Instances!DA3))} -> 0 | DB3: {=_xlfn.SWITCH($A$2,"average", AVERAGE(Instances!DB3:Instances!DB3),"median", MEDIAN(Instances!DB3:Instances!DB3),"min", MIN(Instances!DB3:Instances!DB3),"max", MAX(Instances!DB3:Instances!DB3),"diff", MAX(Instances!DB3:Instances!DB3)-MIN(Instances!DB3:Instances!DB3))} -> 0 | DC3: {=_xlfn.SWITCH($A$2,"average", AVERAGE(Instances!DC3:Instances!DC3),"median", MEDIAN(Instances!DC3:Instances!DC3),"min", MIN(Instances!DC3:Instances!DC3),"max", MAX(Instances!DC3:Instances!DC3),"diff", MAX(Instances!DC3:Instances!DC3)-MIN(Instances!DC3:Instances!DC3))} -> 0 | DE3: {=_xlfn.SWITCH($A$2,"average", AVERAGE(Instances!DE3:Instances!DE3),"median", MEDIAN(Instances!DE3:Instances!DE3),"min", MIN(Instances!DE3:Instances!DE3),"max", MAX(Instances!DE3:Instances!DE3),"diff", MAX(Instances!DE3:Instances!DE3)-MIN(Instances!DE3:Instances!DE3))} -> 0 | DF3: {=_xlfn.SWITCH($A$2,"average", AVERAGE(Instances!DF3:Instances!DF3),"median", MEDIAN(Instances!DF3:Instances!DF3),"min", MIN(Instances!DF3:Instances!DF3),"max", MAX(Instances!DF3:Instances!DF3),"diff", MAX(Instances!DF3:Instances!DF3)-MIN(Instances!DF3:Instances!DF3))} -> 0 | DG3: {=_xlfn.SWITCH($A$2,"average", AVERAGE(Instances!DG3:Instances!DG3),"median", MEDIAN(Instances!DG3:Instances!DG3),"min", MIN(Instances!DG3:Instances!DG3),"max", MAX(Instances!DG3:Instances!DG3),"diff", MAX(Instances!DG3:Instances!DG3)-MIN(Instances!DG3:Instances!DG3))} -> 0 | DI3: {=_xlfn.SWITCH($A$2,"average", AVERAGE(Instances!DI3:Instances!DI3),"median", MEDIAN(Instances!DI3:Instances!DI3),"min", MIN(Instances!DI3:Instances!DI3),"max", MAX(Instances!DI3:Instances!DI3),"diff", MAX(Instances!DI3:Instances!DI3)-MIN(Instances!DI3:Instances!DI3))} -> 0 | DJ3: {=_xlfn.SWITCH($A$2,"average", AVERAGE(Instances!DJ3:Instances!DJ3),"median", MEDIAN(Instances!DJ3:Instances!DJ3),"min", MIN(Instances!DJ3:Instances!DJ3),"max", MAX(Instances!DJ3:Instances!DJ3),"diff", MAX(Instances!DJ3:Instances!DJ3)-MIN(Instances!DJ3:Instances!DJ3))} -> 0 | DK3: {=_xlfn.SWITCH($A$2,"average", AVERAGE(Instances!DK3:Instances!DK3),"median", MEDIAN(Instances!DK3:Instances!DK3),"min", MIN(Instances!DK3:Instances!DK3),"max", MAX(Instances!DK3:Instances!DK3),"diff", MAX(Instances!DK3:Instances!DK3)-MIN(Instances!DK3:Instances!DK3))} -> 0 | DM3: {=_xlfn.SWITCH($A$2,"average", AVERAGE(Instances!DM3:Instances!DM3),"median", MEDIAN(Instances!DM3:Instances!DM3),"min", MIN(Instances!DM3:Instances!DM3),"max", MAX(Instances!DM3:Instances!DM3),"diff", MAX(Instances!DM3:Instances!DM3)-MIN(Instances!DM3:Instances!DM3))} -> 0 | DN3: {=_xlfn.SWITCH($A$2,"average", AVERAGE(Instances!DN3:Instances!DN3),"median", MEDIAN(Instances!DN3:Instances!DN3),"min", MIN(Instances!DN3:Instances!DN3),"max", MAX(Instances!DN3:Instances!DN3),"diff", MAX(Instances!DN3:Instances!DN3)-MIN(Instances!DN3:Instances!DN3))} -> 0 | DO3: {=_xlfn.SWITCH($A$2,"average", AVERAGE(Instances!DO3:Instances!DO3),"median", MEDIAN(Instances!DO3:Instances!DO3),"min", MIN(Instances!DO3:Instances!DO3),"max", MAX(Instances!DO3:Instances!DO3),"diff", MAX(Instances!DO3:Instances!DO3)-MIN(Instances!DO3:Instances!DO3))} -> 0 | DQ3: {=_xlfn.SWITCH($A$2,"average", AVERAGE(Instances!DQ3:Instances!DQ3),"median", MEDIAN(Instances!DQ3:Instances!DQ3),"min", MIN(Instances!DQ3:Instances!DQ3),"max", MAX(Instances!DQ3:Instances!DQ3),"diff", MAX(Instances!DQ3:Instances!DQ3)-MIN(Instances!DQ3:Instances!DQ3))} -> 0 | DR3: {=_xlfn.SWITCH($A$2,"average", AVERAGE(Instances!DR3:Instances!DR3),"median", MEDIAN(Instances!DR3:Instances!DR3),"min", MIN(Instances!DR3:Instances!DR3),"max", MAX(Instances!DR3:Instances!DR3),"diff", MAX(Instances!DR3:Instances!DR3)-MIN(Instances!DR3:Instances!DR3))} -> 0 | DS3: {=_xlfn.SWITCH($A$2,"average", AVERAGE(Instances!DS3:Instances!DS3),"median", MEDIAN(Instances!DS3:Instances!DS3),"min", MIN(Instances!DS3:Instances!DS3),"max", MAX(Instances!DS3:Instances!DS3),"diff", MAX(Instances!DS3:Instances!DS3)-MIN(Instances!DS3:Instances!DS3))} -> 0 | DU3: {=_xlfn.SWITCH($A$2,"average", AVERAGE(Instances!DU3:Instances!DU3),"median", MEDIAN(Instances!DU3:Instances!DU3),"min", MIN(Instances!DU3:Instances!DU3),"max", MAX(Instances!DU3:Instances!DU3),"diff", MAX(Instances!DU3:Instances!DU3)-MIN(Instances!DU3:Instances!DU3))} -> 0 | DV3: {=_xlfn.SWITCH($A$2,"average", AVERAGE(Instances!DV3:Instances!DV3),"median", MEDIAN(Instances!DV3:Instances!DV3),"min", MIN(Instances!DV3:Instances!DV3),"max", MAX(Instances!DV3:Instances!DV3),"diff", MAX(Instances!DV3:Instances!DV3)-MIN(Instances!DV3:Instances!DV3))} -> 0 | DW3: {=_xlfn.SWITCH($A$2,"average", AVERAGE(Instances!DW3:Instances!DW3),"median", MEDIAN(Instances!DW3:Instances!DW3),"min", MIN(Instances!DW3:Instances!DW3),"max", MAX(Instances!DW3:Instances!DW3),"diff", MAX(Instances!DW3:Instances!DW3)-MIN(Instances!DW3:Instances!DW3))} -> 0 | DY3: {=_xlfn.SWITCH($A$2,"average", AVERAGE(Instances!DY3:Instances!DY3),"median", MEDIAN(Instances!DY3:Instances!DY3),"min", MIN(Instances!DY3:Instances!DY3),"max", MAX(Instances!DY3:Instances!DY3),"diff", MAX(Instances!DY3:Instances!DY3)-MIN(Instances!DY3:Instances!DY3))} -> 0 | DZ3: {=_xlfn.SWITCH($A$2,"average", AVERAGE(Instances!DZ3:Instances!DZ3),"median", MEDIAN(Instances!DZ3:Instances!DZ3),"min", MIN(Instances!DZ3:Instances!DZ3),"max", MAX(Instances!DZ3:Instances!DZ3),"diff", MAX(Instances!DZ3:Instances!DZ3)-MIN(Instances!DZ3:Instances!DZ3))} -> 0 | EA3: {=_xlfn.SWITCH($A$2,"average", AVERAGE(Instances!EA3:Instances!EA3),"median", MEDIAN(Instances!EA3:Instances!EA3),"min", MIN(Instances!EA3:Instances!EA3),"max", MAX(Instances!EA3:Instances!EA3),"diff", MAX(Instances!EA3:Instances!EA3)-MIN(Instances!EA3:Instances!EA3))} -> 0 | EC3: {=_xlfn.SWITCH($A$2,"average", AVERAGE(Instances!EC3:Instances!EC3),"median", MEDIAN(Instances!EC3:Instances!EC3),"min", MIN(Instances!EC3:Instances!EC3),"max", MAX(Instances!EC3:Instances!EC3),"diff", MAX(Instances!EC3:Instances!EC3)-MIN(Instances!EC3:Instances!EC3))} -> 0 | ED3: {=_xlfn.SWITCH($A$2,"average", AVERAGE(Instances!ED3:Instances!ED3),"median", MEDIAN(Instances!ED3:Instances!ED3),"min", MIN(Instances!ED3:Instances!ED3),"max", MAX(Instances!ED3:Instances!ED3),"diff", MAX(Instances!ED3:Instances!ED3)-MIN(Instances!ED3:Instances!ED3))} -> 0 | EE3: {=_xlfn.SWITCH($A$2,"average", AVERAGE(Instances!EE3:Instances!EE3),"median", MEDIAN(Instances!EE3:Instances!EE3),"min", MIN(Instances!EE3:Instances!EE3),"max", MAX(Instances!EE3:Instances!EE3),"diff", MAX(Instances!EE3:Instances!EE3)-MIN(Instances!EE3:Instances!EE3))} -> 0 | EG3: {=_xlfn.SWITCH($A$2,"average", AVERAGE(Instances!EG3:Instances!EG3),"median", MEDIAN(Instances!EG3:Instances!EG3),"min", MIN(Instances!EG3:Instances!EG3),"max", MAX(Instances!EG3:Instances!EG3),"diff", MAX(Instances!EG3:Instances!EG3)-MIN(Instances!EG3:Instances!EG3))} -> 0 | EH3: {=_xlfn.SWITCH($A$2,"average", AVERAGE(Instances!EH3:Instances!EH3),"median", MEDIAN(Instances!EH3:Instances!EH3),"min", MIN(Instances!EH3:Instances!EH3),"max", MAX(Instances!EH3:Instances!EH3),"diff", MAX(Instances!EH3:Instances!EH3)-MIN(Instances!EH3:Instances!EH3))} -> 0 | EI3: {=_xlfn.SWITCH($A$2,"average", AVERAGE(Instances!EI3:Instances!EI3),"median", MEDIAN(Instances!EI3:Instances!EI3),"min", MIN(Instances!EI3:Instances!EI3),"max", MAX(Instances!EI3:Instances!EI3),"diff", MAX(Instances!EI3:Instances!EI3)-MIN(Instances!EI3:Instances!EI3))} -> 0 | EK3: {=_xlfn.SWITCH($A$2,"average", AVERAGE(Instances!EK3:Instances!EK3),"median", MEDIAN(Instances!EK3:Instances!EK3),"min", MIN(Instances!EK3:Instances!EK3),"max", MAX(Instances!EK3:Instances!EK3),"diff", MAX(Instances!EK3:Instances!EK3)-MIN(Instances!EK3:Instances!EK3))} -> 0 | EL3: =MIN($B3,$F3,$J3,$N3,$R3,$V3,$Z3,$AD3,$AH3,$AL3,$AP3,$AT3,$AX3,$BB3,$BF3,$BJ3,$BN3,$BR3,$BV3,$BZ3,$CD3,$CH3,$CL3,$CP3,$CT3,$CX3,$DB3,$DF3,$DJ3,$DN3,$DR3,$DV3,$DZ3,$ED3,$EH3) -> 0 | EM3: =MIN($C3,$G3,$K3,$O3,$S3,$W3,$AA3,$AE3,$AI3,$AM3,$AQ3,$AU3,$AY3,$BC3,$BG3,$BK3,$BO3,$BS3,$BW3,$CA3,$CE3,$CI3,$CM3,$CQ3,$CU3,$CY3,$DC3,$DG3,$DK3,$DO3,$DS3,$DW3,$EA3,$EE3,$EI3) -> 0 | EN3: =MIN($E3,$I3,$M3,$Q3,$U3,$Y3,$AC3,$AG3,$AK3,$AO3,$AS3,$AW3,$BA3,$BE3,$BI3,$BM3,$BQ3,$BU3,$BY3,$CC3,$CG3,$CK3,$CO3,$CS3,$CW3,$DA3,$DE3,$DI3,$DM3,$DQ3,$DU3,$DY3,$EC3,$EG3,$EK3) -> 0 | EO3: =MEDIAN($B3,$F3,$J3,$N3,$R3,$V3,$Z3,$AD3,$AH3,$AL3,$AP3,$AT3,$AX3,$BB3,$BF3,$BJ3,$BN3,$BR3,$BV3,$BZ3,$CD3,$CH3,$CL3,$CP3,$CT3,$CX3,$DB3,$DF3,$DJ3,$DN3,$DR3,$DV3,$DZ3,$ED3,$EH3) -> 0 | EP3: =MEDIAN($C3,$G3,$K3,$O3,$S3,$W3,$AA3,$AE3,$AI3,$AM3,$AQ3,$AU3,$AY3,$BC3,$BG3,$BK3,$BO3,$BS3,$BW3,$CA3,$CE3,$CI3,$CM3,$CQ3,$CU3,$CY3,$DC3,$DG3,$DK3,$DO3,$DS3,$DW3,$EA3,$EE3,$EI3) -> 0 | EQ3: =MEDIAN($E3,$I3,$M3,$Q3,$U3,$Y3,$AC3,$AG3,$AK3,$AO3,$AS3,$AW3,$BA3,$BE3,$BI3,$BM3,$BQ3,$BU3,$BY3,$CC3,$CG3,$CK3,$CO3,$CS3,$CW3,$DA3,$DE3,$DI3,$DM3,$DQ3,$DU3,$DY3,$EC3,$EG3,$EK3) -> 0 | ER3: =MAX($B3,$F3,$J3,$N3,$R3,$V3,$Z3,$AD3,$AH3,$AL3,$AP3,$AT3,$AX3,$BB3,$BF3,$BJ3,$BN3,$BR3,$BV3,$BZ3,$CD3,$CH3,$CL3,$CP3,$CT3,$CX3,$DB3,$DF3,$DJ3,$DN3,$DR3,$DV3,$DZ3,$ED3,$EH3) -> 0 | ES3: =MAX($C3,$G3,$K3,$O3,$S3,$W3,$AA3,$AE3,$AI3,$AM3,$AQ3,$AU3,$AY3,$BC3,$BG3,$BK3,$BO3,$BS3,$BW3,$CA3,$CE3,$CI3,$CM3,$CQ3,$CU3,$CY3,$DC3,$DG3,$DK3,$DO3,$DS3,$DW3,$EA3,$EE3,$EI3) -> 0 | ET3: =MAX($E3,$I3,$M3,$Q3,$U3,$Y3,$AC3,$AG3,$AK3,$AO3,$AS3,$AW3,$BA3,$BE3,$BI3,$BM3,$BQ3,$BU3,$BY3,$CC3,$CG3,$CK3,$CO3,$CS3,$CW3,$DA3,$DE3,$DI3,$DM3,$DQ3,$DU3,$DY3,$EC3,$EG3,$EK3) -> 0
A4: instances/ft10const10 | B4: {=_xlfn.SWITCH($A$2,"average", AVERAGE(Instances!B4:Instances!B4),"median", MEDIAN(Instances!B4:Instances!B4),"min", MIN(Instances!B4:Instances!B4),"max", MAX(Instances!B4:Instances!B4),"diff", MAX(Instances!B4:Instances!B4)-MIN(Instances!B4:Instances!B4))} -> 0 | F4: {=_xlfn.SWITCH($A$2,"average", AVERAGE(Instances!F4:Instances!F4),"median", MEDIAN(Instances!F4:Instances!F4),"min", MIN(Instances!F4:Instances!F4),"max", MAX(Instances!F4:Instances!F4),"diff", MAX(Instances!F4:Instances!F4)-MIN(Instances!F4:Instances!F4))} -> 0 | G4: {=_xlfn.SWITCH($A$2,"average", AVERAGE(Instances!G4:Instances!G4),"median", MEDIAN(Instances!G4:Instances!G4),"min", MIN(Instances!G4:Instances!G4),"max", MAX(Instances!G4:Instances!G4),"diff", MAX(Instances!G4:Instances!G4)-MIN(Instances!G4:Instances!G4))} -> 0 | I4: {=_xlfn.SWITCH($A$2,"average", AVERAGE(Instances!I4:Instances!I4),"median", MEDIAN(Instances!I4:Instances!I4),"min", MIN(Instances!I4:Instances!I4),"max", MAX(Instances!I4:Instances!I4),"diff", MAX(Instances!I4:Instances!I4)-MIN(Instances!I4:Instances!I4))} -> 0 | J4: {=_xlfn.SWITCH($A$2,"average", AVERAGE(Instances!J4:Instances!J4),"median", MEDIAN(Instances!J4:Instances!J4),"min", MIN(Instances!J4:Instances!J4),"max", MAX(Instances!J4:Instances!J4),"diff", MAX(Instances!J4:Instances!J4)-MIN(Instances!J4:Instances!J4))} -> 0 | N4: {=_xlfn.SWITCH($A$2,"average", AVERAGE(Instances!N4:Instances!N4),"median", MEDIAN(Instances!N4:Instances!N4),"min", MIN(Instances!N4:Instances!N4),"max", MAX(Instances!N4:Instances!N4),"diff", MAX(Instances!N4:Instances!N4)-MIN(Instances!N4:Instances!N4))} -> 0 | O4: {=_xlfn.SWITCH($A$2,"average", AVERAGE(Instances!O4:Instances!O4),"median", MEDIAN(Instances!O4:Instances!O4),"min", MIN(Instances!O4:Instances!O4),"max", MAX(Instances!O4:Instances!O4),"diff", MAX(Instances!O4:Instances!O4)-MIN(Instances!O4:Instances!O4))} -> 0 | Q4: {=_xlfn.SWITCH($A$2,"average", AVERAGE(Instances!Q4:Instances!Q4),"median", MEDIAN(Instances!Q4:Instances!Q4),"min", MIN(Instances!Q4:Instances!Q4),"max", MAX(Instances!Q4:Instances!Q4),"diff", MAX(Instances!Q4:Instances!Q4)-MIN(Instances!Q4:Instances!Q4))} -> 0 | R4: {=_xlfn.SWITCH($A$2,"average", AVERAGE(Instances!R4:Instances!R4),"median", MEDIAN(Instances!R4:Instances!R4),"min", MIN(Instances!R4:Instances!R4),"max", MAX(Instances!R4:Instances!R4),"diff", MAX(Instances!R4:Instances!R4)-MIN(Instances!R4:Instances!R4))} -> 0 | V4: {=_xlfn.SWITCH($A$2,"average", AVERAGE(Instances!V4:Instances!V4),"median", MEDIAN(Instances!V4:Instances!V4),"min", MIN(Instances!V4:Instances!V4),"max", MAX(Instances!V4:Instances!V4),"diff", MAX(Instances!V4:Instances!V4)-MIN(Instances!V4:Instances!V4))} -> 0 | W4: {=_xlfn.SWITCH($A$2,"average", AVERAGE(Instances!W4:Instances!W4),"median", MEDIAN(Instances!W4:Instances!W4),"min", MIN(Instances!W4:Instances!W4),"max", MAX(Instances!W4:Instances!W4),"diff", MAX(Instances!W4:Instances!W4)-MIN(Instances!W4:Instances!W4))} -> 0 | Y4: {=_xlfn.SWITCH($A$2,"average", AVERAGE(Instances!Y4:Instances!Y4),"median", MEDIAN(Instances!Y4:Instances!Y4),"min", MIN(Instances!Y4:Instances!Y4),"max", MAX(Instances!Y4:Instances!Y4),"diff", MAX(Instances!Y4:Instances!Y4)-MIN(Instances!Y4:Instances!Y4))} -> 0 | Z4: {=_xlfn.SWITCH($A$2,"average", AVERAGE(Instances!Z4:Instances!Z4),"median", MEDIAN(Instances!Z4:Instances!Z4),"min", MIN(Instances!Z4:Instances!Z4),"max", MAX(Instances!Z4:Instances!Z4),"diff", MAX(Instances!Z4:Instances!Z4)-MIN(Instances!Z4:Instances!Z4))} -> 0 | AD4: {=_xlfn.SWITCH($A$2,"average", AVERAGE(Instances!AD4:Instances!AD4),"median", MEDIAN(Instances!AD4:Instances!AD4),"min", MIN(Instances!AD4:Instances!AD4),"max", MAX(Instances!AD4:Instances!AD4),"diff", MAX(Instances!AD4:Instances!AD4)-MIN(Instances!AD4:Instances!AD4))} -> 0 | AE4: {=_xlfn.SWITCH($A$2,"average", AVERAGE(Instances!AE4:Instances!AE4),"median", MEDIAN(Instances!AE4:Instances!AE4),"min", MIN(Instances!AE4:Instances!AE4),"max", MAX(Instances!AE4:Instances!AE4),"diff", MAX(Instances!AE4:Instances!AE4)-MIN(Instances!AE4:Instances!AE4))} -> 0 | AG4: {=_xlfn.SWITCH($A$2,"average", AVERAGE(Instances!AG4:Instances!AG4),"median", MEDIAN(Instances!AG4:Instances!AG4),"min", MIN(Instances!AG4:Instances!AG4),"max", MAX(Instances!AG4:Instances!AG4),"diff", MAX(Instances!AG4:Instances!AG4)-MIN(Instances!AG4:Instances!AG4))} -> 0 | AH4: {=_xlfn.SWITCH($A$2,"average", AVERAGE(Instances!AH4:Instances!AH4),"median", MEDIAN(Instances!AH4:Instances!AH4),"min", MIN(Instances!AH4:Instances!AH4),"max", MAX(Instances!AH4:Instances!AH4),"diff", MAX(Instances!AH4:Instances!AH4)-MIN(Instances!AH4:Instances!AH4))} -> 0 | AL4: {=_xlfn.SWITCH($A$2,"average", AVERAGE(Instances!AL4:Instances!AL4),"median", MEDIAN(Instances!AL4:Instances!AL4),"min", MIN(Instances!AL4:Instances!AL4),"max", MAX(Instances!AL4:Instances!AL4),"diff", MAX(Instances!AL4:Instances!AL4)-MIN(Instances!AL4:Instances!AL4))} -> 0 | AM4: {=_xlfn.SWITCH($A$2,"average", AVERAGE(Instances!AM4:Instances!AM4),"median", MEDIAN(Instances!AM4:Instances!AM4),"min", MIN(Instances!AM4:Instances!AM4),"max", MAX(Instances!AM4:Instances!AM4),"diff", MAX(Instances!AM4:Instances!AM4)-MIN(Instances!AM4:Instances!AM4))} -> 0 | AO4: {=_xlfn.SWITCH($A$2,"average", AVERAGE(Instances!AO4:Instances!AO4),"median", MEDIAN(Instances!AO4:Instances!AO4),"min", MIN(Instances!AO4:Instances!AO4),"max", MAX(Instances!AO4:Instances!AO4),"diff", MAX(Instances!AO4:Instances!AO4)-MIN(Instances!AO4:Instances!AO4))} -> 0 | AP4: {=_xlfn.SWITCH($A$2,"average", AVERAGE(Instances!AP4:Instances!AP4),"median", MEDIAN(Instances!AP4:Instances!AP4),"min", MIN(Instances!AP4:Instances!AP4),"max", MAX(Instances!AP4:Instances!AP4),"diff", MAX(Instances!AP4:Instances!AP4)-MIN(Instances!AP4:Instances!AP4))} -> 0 | AT4: {=_xlfn.SWITCH($A$2,"average", AVERAGE(Instances!AT4:Instances!AT4),"median", MEDIAN(Instances!AT4:Instances!AT4),"min", MIN(Instances!AT4:Instances!AT4),"max", MAX(Instances!AT4:Instances!AT4),"diff", MAX(Instances!AT4:Instances!AT4)-MIN(Instances!AT4:Instances!AT4))} -> 0 | AU4: {=_xlfn.SWITCH($A$2,"average", AVERAGE(Instances!AU4:Instances!AU4),"median", MEDIAN(Instances!AU4:Instances!AU4),"min", MIN(Instances!AU4:Instances!AU4),"max", MAX(Instances!AU4:Instances!AU4),"diff", MAX(Instances!AU4:Instances!AU4)-MIN(Instances!AU4:Instances!AU4))} -> 0 | AW4: {=_xlfn.SWITCH($A$2,"average", AVERAGE(Instances!AW4:Instances!AW4),"median", MEDIAN(Instances!AW4:Instances!AW4),"min", MIN(Instances!AW4:Instances!AW4),"max", MAX(Instances!AW4:Instances!AW4),"diff", MAX(Instances!AW4:Instances!AW4)-MIN(Instances!AW4:Instances!AW4))} -> 0 | AX4: {=_xlfn.SWITCH($A$2,"average", AVERAGE(Instances!AX4:Instances!AX4),"median", MEDIAN(Instances!AX4:Instances!AX4),"min", MIN(Instances!AX4:Instances!AX4),"max", MAX(Instances!AX4:Instances!AX4),"diff", MAX(Instances!AX4:Instances!AX4)-MIN(Instances!AX4:Instances!AX4))} -> 0 | BB4: {=_xlfn.SWITCH($A$2,"average", AVERAGE(Instances!BB4:Instances!BB4),"median", MEDIAN(Instances!BB4:Instances!BB4),"min", MIN(Instances!BB4:Instances!BB4),"max", MAX(Instances!BB4:Instances!BB4),"diff", MAX(Instances!BB4:Instances!BB4)-MIN(Instances!BB4:Instances!BB4))} -> 0 | BC4: {=_xlfn.SWITCH($A$2,"average", AVERAGE(Instances!BC4:Instances!BC4),"median", MEDIAN(Instances!BC4:Instances!BC4),"min", MIN(Instances!BC4:Instances!BC4),"max", MAX(Instances!BC4:Instances!BC4),"diff", MAX(Instances!BC4:Instances!BC4)-MIN(Instances!BC4:Instances!BC4))} -> 0 | BE4: {=_xlfn.SWITCH($A$2,"average", AVERAGE(Instances!BE4:Instances!BE4),"median", MEDIAN(Instances!BE4:Instances!BE4),"min", MIN(Instances!BE4:Instances!BE4),"max", MAX(Instances!BE4:Instances!BE4),"diff", MAX(Instances!BE4:Instances!BE4)-MIN(Instances!BE4:Instances!BE4))} -> 0 | EL4: =MIN($B4,$F4,$J4,$N4,$R4,$V4,$Z4,$AD4,$AH4,$AL4,$AP4,$AT4,$AX4,$BB4,$BF4,$BJ4,$BN4,$BR4,$BV4,$BZ4,$CD4,$CH4,$CL4,$CP4,$CT4,$CX4,$DB4,$DF4,$DJ4,$DN4,$DR4,$DV4,$DZ4,$ED4,$EH4) -> 0 | EM4: =MIN($C4,$G4,$K4,$O4,$S4,$W4,$AA4,$AE4,$AI4,$AM4,$AQ4,$AU4,$AY4,$BC4,$BG4,$BK4,$BO4,$BS4,$BW4,$CA4,$CE4,$CI4,$CM4,$CQ4,$CU4,$CY4,$DC4,$DG4,$DK4,$DO4,$DS4,$DW4,$EA4,$EE4,$EI4) -> 0 | EN4: =MIN($E4,$I4,$M4,$Q4,$U4,$Y4,$AC4,$AG4,$AK4,$AO4,$AS4,$AW4,$BA4,$BE4,$BI4,$BM4,$BQ4,$BU4,$BY4,$CC4,$CG4,$CK4,$CO4,$CS4,$CW4,$DA4,$DE4,$DI4,$DM4,$DQ4,$DU4,$DY4,$EC4,$EG4,$EK4) -> 0 | EO4: =MEDIAN($B4,$F4,$J4,$N4,$R4,$V4,$Z4,$AD4,$AH4,$AL4,$AP4,$AT4,$AX4,$BB4,$BF4,$BJ4,$BN4,$BR4,$BV4,$BZ4,$CD4,$CH4,$CL4,$CP4,$CT4,$CX4,$DB4,$DF4,$DJ4,$DN4,$DR4,$DV4,$DZ4,$ED4,$EH4) -> 0 | EP4: =MEDIAN($C4,$G4,$K4,$O4,$S4,$W4,$AA4,$AE4,$AI4,$AM4,$AQ4,$AU4,$AY4,$BC4,$BG4,$BK4,$BO4,$BS4,$BW4,$CA4,$CE4,$CI4,$CM4,$CQ4,$CU4,$CY4,$DC4,$DG4,$DK4,$DO4,$DS4,$DW4,$EA4,$EE4,$EI4) -> 0 | EQ4: =MEDIAN($E4,$I4,$M4,$Q4,$U4,$Y4,$AC4,$AG4,$AK4,$AO4,$AS4,$AW4,$BA4,$BE4,$BI4,$BM4,$BQ4,$BU4,$BY4,$CC4,$CG4,$CK4,$CO4,$CS4,$CW4,$DA4,$DE4,$DI4,$DM4,$DQ4,$DU4,$DY4,$EC4,$EG4,$EK4) -> 0 | ER4: =MAX($B4,$F4,$J4,$N4,$R4,$V4,$Z4,$AD4,$AH4,$AL4,$AP4,$AT4,$AX4,$BB4,$BF4,$BJ4,$BN4,$BR4,$BV4,$BZ4,$CD4,$CH4,$CL4,$CP4,$CT4,$CX4,$DB4,$DF4,$DJ4,$DN4,$DR4,$DV4,$DZ4,$ED4,$EH4) -> 0 | ES4: =MAX($C4,$G4,$K4,$O4,$S4,$W4,$AA4,$AE4,$AI4,$AM4,$AQ4,$AU4,$AY4,$BC4,$BG4,$BK4,$BO4,$BS4,$BW4,$CA4,$CE4,$CI4,$CM4,$CQ4,$CU4,$CY4,$DC4,$DG4,$DK4,$DO4,$DS4,$DW4,$EA4,$EE4,$EI4) -> 0 | ET4: =MAX($E4,$I4,$M4,$Q4,$U4,$Y4,$AC4,$AG4,$AK4,$AO4,$AS4,$AW4,$BA4,$BE4,$BI4,$BM4,$BQ4,$BU4,$BY4,$CC4,$CG4,$CK4,$CO4,$CS4,$CW4,$DA4,$DE4,$DI4,$DM4,$DQ4,$DU4,$DY4,$EC4,$EG4,$EK4) -> 0
A5: instances/ft10const15 | B5: {=_xlfn.SWITCH($A$2,"average", AVERAGE(Instances!B5:Instances!B5),"median", MEDIAN(Instances!B5:Instances!B5),"min", MIN(Instances!B5:Instances!B5),"max", MAX(Instances!B5:Instances!B5),"diff", MAX(Instances!B5:Instances!B5)-MIN(Instances!B5:Instances!B5))} -> 0 | F5: {=_xlfn.SWITCH($A$2,"average", AVERAGE(Instances!F5:Instances!F5),"median", MEDIAN(Instances!F5:Instances!F5),"min", MIN(Instances!F5:Instances!F5),"max", MAX(Instances!F5:Instances!F5),"diff", MAX(Instances!F5:Instances!F5)-MIN(Instances!F5:Instances!F5))} -> 0 | G5: {=_xlfn.SWITCH($A$2,"average", AVERAGE(Instances!G5:Instances!G5),"median", MEDIAN(Instances!G5:Instances!G5),"min", MIN(Instances!G5:Instances!G5),"max", MAX(Instances!G5:Instances!G5),"diff", MAX(Instances!G5:Instances!G5)-MIN(Instances!G5:Instances!G5))} -> 0 | I5: {=_xlfn.SWITCH($A$2,"average", AVERAGE(Instances!I5:Instances!I5),"median", MEDIAN(Instances!I5:Instances!I5),"min", MIN(Instances!I5:Instances!I5),"max", MAX(Instances!I5:Instances!I5),"diff", MAX(Instances!I5:Instances!I5)-MIN(Instances!I5:Instances!I5))} -> 0 | J5: {=_xlfn.SWITCH($A$2,"average", AVERAGE(Instances!J5:Instances!J5),"median", MEDIAN(Instances!J5:Instances!J5),"min", MIN(Instances!J5:Instances!J5),"max", MAX(Instances!J5:Instances!J5),"diff", MAX(Instances!J5:Instances!J5)-MIN(Instances!J5:Instances!J5))} -> 0 | N5: {=_xlfn.SWITCH($A$2,"average", AVERAGE(Instances!N5:Instances!N5),"median", MEDIAN(Instances!N5:Instances!N5),"min", MIN(Instances!N5:Instances!N5),"max", MAX(Instances!N5:Instances!N5),"diff", MAX(Instances!N5:Instances!N5)-MIN(Instances!N5:Instances!N5))} -> 0 | O5: {=_xlfn.SWITCH($A$2,"average", AVERAGE(Instances!O5:Instances!O5),"median", MEDIAN(Instances!O5:Instances!O5),"min", MIN(Instances!O5:Instances!O5),"max", MAX(Instances!O5:Instances!O5),"diff", MAX(Instances!O5:Instances!O5)-MIN(Instances!O5:Instances!O5))} -> 0 | Q5: {=_xlfn.SWITCH($A$2,"average", AVERAGE(Instances!Q5:Instances!Q5),"median", MEDIAN(Instances!Q5:Instances!Q5),"min", MIN(Instances!Q5:Instances!Q5),"max", MAX(Instances!Q5:Instances!Q5),"diff", MAX(Instances!Q5:Instances!Q5)-MIN(Instances!Q5:Instances!Q5))} -> 0 | R5: {=_xlfn.SWITCH($A$2,"average", AVERAGE(Instances!R5:Instances!R5),"median", MEDIAN(Instances!R5:Instances!R5),"min", MIN(Instances!R5:Instances!R5),"max", MAX(Instances!R5:Instances!R5),"diff", MAX(Instances!R5:Instances!R5)-MIN(Instances!R5:Instances!R5))} -> 0 | V5: {=_xlfn.SWITCH($A$2,"average", AVERAGE(Instances!V5:Instances!V5),"median", MEDIAN(Instances!V5:Instances!V5),"min", MIN(Instances!V5:Instances!V5),"max", MAX(Instances!V5:Instances!V5),"diff", MAX(Instances!V5:Instances!V5)-MIN(Instances!V5:Instances!V5))} -> 0 | W5: {=_xlfn.SWITCH($A$2,"average", AVERAGE(Instances!W5:Instances!W5),"median", MEDIAN(Instances!W5:Instances!W5),"min", MIN(Instances!W5:Instances!W5),"max", MAX(Instances!W5:Instances!W5),"diff", MAX(Instances!W5:Instances!W5)-MIN(Instances!W5:Instances!W5))} -> 0 | Y5: {=_xlfn.SWITCH($A$2,"average", AVERAGE(Instances!Y5:Instances!Y5),"median", MEDIAN(Instances!Y5:Instances!Y5),"min", MIN(Instances!Y5:Instances!Y5),"max", MAX(Instances!Y5:Instances!Y5),"diff", MAX(Instances!Y5:Instances!Y5)-MIN(Instances!Y5:Instances!Y5))} -> 0 | Z5: {=_xlfn.SWITCH($A$2,"average", AVERAGE(Instances!Z5:Instances!Z5),"median", MEDIAN(Instances!Z5:Instances!Z5),"min", MIN(Instances!Z5:Instances!Z5),"max", MAX(Instances!Z5:Instances!Z5),"diff", MAX(Instances!Z5:Instances!Z5)-MIN(Instances!Z5:Instances!Z5))} -> 0 | AD5: {=_xlfn.SWITCH($A$2,"average", AVERAGE(Instances!AD5:Instances!AD5),"median", MEDIAN(Instances!AD5:Instances!AD5),"min", MIN(Instances!AD5:Instances!AD5),"max", MAX(Instances!AD5:Instances!AD5),"diff", MAX(Instances!AD5:Instances!AD5)-MIN(Instances!AD5:Instances!AD5))} -> 0 | AE5: {=_xlfn.SWITCH($A$2,"average", AVERAGE(Instances!AE5:Instances!AE5),"median", MEDIAN(Instances!AE5:Instances!AE5),"min", MIN(Instances!AE5:Instances!AE5),"max", MAX(Instances!AE5:Instances!AE5),"diff", MAX(Instances!AE5:Instances!AE5)-MIN(Instances!AE5:Instances!AE5))} -> 0 | AG5: {=_xlfn.SWITCH($A$2,"average", AVERAGE(Instances!AG5:Instances!AG5),"median", MEDIAN(Instances!AG5:Instances!AG5),"min", MIN(Instances!AG5:Instances!AG5),"max", MAX(Instances!AG5:Instances!AG5),"diff", MAX(Instances!AG5:Instances!AG5)-MIN(Instances!AG5:Instances!AG5))} -> 0 | AH5: {=_xlfn.SWITCH($A$2,"average", AVERAGE(Instances!AH5:Instances!AH5),"median", MEDIAN(Instances!AH5:Instances!AH5),"min", MIN(Instances!AH5:Instances!AH5),"max", MAX(Instances!AH5:Instances!AH5),"diff", MAX(Instances!AH5:Instances!AH5)-MIN(Instances!AH5:Instances!AH5))} -> 0 | AL5: {=_xlfn.SWITCH($A$2,"average", AVERAGE(Instances!AL5:Instances!AL5),"median", MEDIAN(Instances!AL5:Instances!AL5),"min", MIN(Instances!AL5:Instances!AL5),"max", MAX(Instances!AL5:Instances!AL5),"diff", MAX(Instances!AL5:Instances!AL5)-MIN(Instances!AL5:Instances!AL5))} -> 0 | AM5: {=_xlfn.SWITCH($A$2,"average", AVERAGE(Instances!AM5:Instances!AM5),"median", MEDIAN(Instances!AM5:Instances!AM5),"min", MIN(Instances!AM5:Instances!AM5),"max", MAX(Instances!AM5:Instances!AM5),"diff", MAX(Instances!AM5:Instances!AM5)-MIN(Instances!AM5:Instances!AM5))} -> 0 | AO5: {=_xlfn.SWITCH($A$2,"average", AVERAGE(Instances!AO5:Instances!AO5),"median", MEDIAN(Instances!AO5:Instances!AO5),"min", MIN(Instances!AO5:Instances!AO5),"max", MAX(Instances!AO5:Instances!AO5),"diff", MAX(Instances!AO5:Instances!AO5)-MIN(Instances!AO5:Instances!AO5))} -> 0 | AP5: {=_xlfn.SWITCH($A$2,"average", AVERAGE(Instances!AP5:Instances!AP5),"median", MEDIAN(Instances!AP5:Instances!AP5),"min", MIN(Instances!AP5:Instances!AP5),"max", MAX(Instances!AP5:Instances!AP5),"diff", MAX(Instances!AP5:Instances!AP5)-MIN(Instances!AP5:Instances!AP5))} -> 0 | AT5: {=_xlfn.SWITCH($A$2,"average", AVERAGE(Instances!AT5:Instances!AT5),"median", MEDIAN(Instances!AT5:Instances!AT5),"min", MIN(Instances!AT5:Instances!AT5),"max", MAX(Instances!AT5:Instances!AT5),"diff", MAX(Instances!AT5:Instances!AT5)-MIN(Instances!AT5:Instances!AT5))} -> 0 | AU5: {=_xlfn.SWITCH($A$2,"average", AVERAGE(Instances!AU5:Instances!AU5),"median", MEDIAN(Instances!AU5:Instances!AU5),"min", MIN(Instances!AU5:Instances!AU5),"max", MAX(Instances!AU5:Instances!AU5),"diff", MAX(Instances!AU5:Instances!AU5)-MIN(Instances!AU5:Instances!AU5))} -> 0 | AW5: {=_xlfn.SWITCH($A$2,"average", AVERAGE(Instances!AW5:Instances!AW5),"median", MEDIAN(Instances!AW5:Instances!AW5),"min", MIN(Instances!AW5:Instances!AW5),"max", MAX(Instances!AW5:Instances!AW5),"diff", MAX(Instances!AW5:Instances!AW5)-MIN(Instances!AW5:Instances!AW5))} -> 0 | AX5: {=_xlfn.SWITCH($A$2,"average", AVERAGE(Instances!AX5:Instances!AX5),"median", MEDIAN(Instances!AX5:Instances!AX5),"min", MIN(Instances!AX5:Instances!AX5),"max", MAX(Instances!AX5:Instances!AX5),"diff", MAX(Instances!AX5:Instances!AX5)-MIN(Instances!AX5:Instances!AX5))} -> 0 | BB5: {=_xlfn.SWITCH($A$2,"average", AVERAGE(Instances!BB5:Instances!BB5),"median", MEDIAN(Instances!BB5:Instances!BB5),"min", MIN(Instances!BB5:Instances!BB5),"max", MAX(Instances!BB5:Instances!BB5),"diff", MAX(Instances!BB5:Instances!BB5)-MIN(Instances!BB5:Instances!BB5))} -> 0 | BC5: {=_xlfn.SWITCH($A$2,"average", AVERAGE(Instances!BC5:Instances!BC5),"median", MEDIAN(Instances!BC5:Instances!BC5),"min", MIN(Instances!BC5:Instances!BC5),"max", MAX(Instances!BC5:Instances!BC5),"diff", MAX(Instances!BC5:Instances!BC5)-MIN(Instances!BC5:Instances!BC5))} -> 0 | BE5: {=_xlfn.SWITCH($A$2,"average", AVERAGE(Instances!BE5:Instances!BE5),"median", MEDIAN(Instances!BE5:Instances!BE5),"min", MIN(Instances!BE5:Instances!BE5),"max", MAX(Instances!BE5:Instances!BE5),"diff", MAX(Instances!BE5:Instances!BE5)-MIN(Instances!BE5:Instances!BE5))} -> 0 | EL5: =MIN($B5,$F5,$J5,$N5,$R5,$V5,$Z5,$AD5,$AH5,$AL5,$AP5,$AT5,$AX5,$BB5,$BF5,$BJ5,$BN5,$BR5,$BV5,$BZ5,$CD5,$CH5,$CL5,$CP5,$CT5,$CX5,$DB5,$DF5,$DJ5,$DN5,$DR5,$DV5,$DZ5,$ED5,$EH5) -> 0 | EM5: =MIN($C5,$G5,$K5,$O5,$S5,$W5,$AA5,$AE5,$AI5,$AM5,$AQ5,$AU5,$AY5,$BC5,$BG5,$BK5,$BO5,$BS5,$BW5,$CA5,$CE5,$CI5,$CM5,$CQ5,$CU5,$CY5,$DC5,$DG5,$DK5,$DO5,$DS5,$DW5,$EA5,$EE5,$EI5) -> 0 | EN5: =MIN($E5,$I5,$M5,$Q5,$U5,$Y5,$AC5,$AG5,$AK5,$AO5,$AS5,$AW5,$BA5,$BE5,$BI5,$BM5,$BQ5,$BU5,$BY5,$CC5,$CG5,$CK5,$CO5,$CS5,$CW5,$DA5,$DE5,$DI5,$DM5,$DQ5,$DU5,$DY5,$EC5,$EG5,$EK5) -> 0 | EO5: =MEDIAN($B5,$F5,$J5,$N5,$R5,$V5,$Z5,$AD5,$AH5,$AL5,$AP5,$AT5,$AX5,$BB5,$BF5,$BJ5,$BN5,$BR5,$BV5,$BZ5,$CD5,$CH5,$CL5,$CP5,$CT5,$CX5,$DB5,$DF5,$DJ5,$DN5,$DR5,$DV5,$DZ5,$ED5,$EH5) -> 0 | EP5: =MEDIAN($C5,$G5,$K5,$O5,$S5,$W5,$AA5,$AE5,$AI5,$AM5,$AQ5,$AU5,$AY5,$BC5,$BG5,$BK5,$BO5,$BS5,$BW5,$CA5,$CE5,$CI5,$CM5,$CQ5,$CU5,$CY5,$DC5,$DG5,$DK5,$DO5,$DS5,$DW5,$EA5,$EE5,$EI5) -> 0 | EQ5: =MEDIAN($E5,$I5,$M5,$Q5,$U5,$Y5,$AC5,$AG5,$AK5,$AO5,$AS5,$AW5,$BA5,$BE5,$BI5,$BM5,$BQ5,$BU5,$BY5,$CC5,$CG5,$CK5,$CO5,$CS5,$CW5,$DA5,$DE5,$DI5,$DM5,$DQ5,$DU5,$DY5,$EC5,$EG5,$EK5) -> 0 | ER5: =MAX($B5,$F5,$J5,$N5,$R5,$V5,$Z5,$AD5,$AH5,$AL5,$AP5,$AT5,$AX5,$BB5,$BF5,$BJ5,$BN5,$BR5,$BV5,$BZ5,$CD5,$CH5,$CL5,$CP5,$CT5,$CX5,$DB5,$DF5,$DJ5,$DN5,$DR5,$DV5,$DZ5,$ED5,$EH5) -> 0 | ES5: =MAX($C5,$G5,$K5,$O5,$S5,$W5,$AA5,$AE5,$AI5,$AM5,$AQ5,$AU5,$AY5,$BC5,$BG5,$BK5,$BO5,$BS5,$BW5,$CA5,$CE5,$CI5,$CM5,$CQ5,$CU5,$CY5,$DC5,$DG5,$DK5,$DO5,$DS5,$DW5,$EA5,$EE5,$EI5) -> 0 | ET5: =MAX($E5,$I5,$M5,$Q5,$U5,$Y5,$AC5,$AG5,$AK5,$AO5,$AS5,$AW5,$BA5,$BE5,$BI5,$BM5,$BQ5,$BU5,$BY5,$CC5,$CG5,$CK5,$CO5,$CS5,$CW5,$DA5,$DE5,$DI5,$DM5,$DQ5,$DU5,$DY5,$EC5,$EG5,$EK5) -> 0
A6: instances/ft10const2 | B6: {=_xlfn.SWITCH($A$2,"average", AVERAGE(Instances!B6:Instances!B6),"median", MEDIAN(Instances!B6:Instances!B6),"min", MIN(Instances!B6:Instances!B6),"max", MAX(Instances!B6:Instances!B6),"diff", MAX(Instances!B6:Instances!B6)-MIN(Instances!B6:Instances!B6))} -> 0 | F6: {=_xlfn.SWITCH($A$2,"average", AVERAGE(Instances!F6:Instances!F6),"median", MEDIAN(Instances!F6:Instances!F6),"min", MIN(Instances!F6:Instances!F6),"max", MAX(Instances!F6:Instances!F6),"diff", MAX(Instances!F6:Instances!F6)-MIN(Instances!F6:Instances!F6))} -> 0 | G6: {=_xlfn.SWITCH($A$2,"average", AVERAGE(Instances!G6:Instances!G6),"median", MEDIAN(Instances!G6:Instances!G6),"min", MIN(Instances!G6:Instances!G6),"max", MAX(Instances!G6:Instances!G6),"diff", MAX(Instances!G6:Instances!G6)-MIN(Instances!G6:Instances!G6))} -> 0 | I6: {=_xlfn.SWITCH($A$2,"average", AVERAGE(Instances!I6:Instances!I6),"median", MEDIAN(Instances!I6:Instances!I6),"min", MIN(Instances!I6:Instances!I6),"max", MAX(Instances!I6:Instances!I6),"diff", MAX(Instances!I6:Instances!I6)-MIN(Instances!I6:Instances!I6))} -> 0 | J6: {=_xlfn.SWITCH($A$2,"average", AVERAGE(Instances!J6:Instances!J6),"median", MEDIAN(Instances!J6:Instances!J6),"min", MIN(Instances!J6:Instances!J6),"max", MAX(Instances!J6:Instances!J6),"diff", MAX(Instances!J6:Instances!J6)-MIN(Instances!J6:Instances!J6))} -> 0 | N6: {=_xlfn.SWITCH($A$2,"average", AVERAGE(Instances!N6:Instances!N6),"median", MEDIAN(Instances!N6:Instances!N6),"min", MIN(Instances!N6:Instances!N6),"max", MAX(Instances!N6:Instances!N6),"diff", MAX(Instances!N6:Instances!N6)-MIN(Instances!N6:Instances!N6))} -> 0 | O6: {=_xlfn.SWITCH($A$2,"average", AVERAGE(Instances!O6:Instances!O6),"median", MEDIAN(Instances!O6:Instances!O6),"min", MIN(Instances!O6:Instances!O6),"max", MAX(Instances!O6:Instances!O6),"diff", MAX(Instances!O6:Instances!O6)-MIN(Instances!O6:Instances!O6))} -> 0 | Q6: {=_xlfn.SWITCH($A$2,"average", AVERAGE(Instances!Q6:Instances!Q6),"median", MEDIAN(Instances!Q6:Instances!Q6),"min", MIN(Instances!Q6:Instances!Q6),"max", MAX(Instances!Q6:Instances!Q6),"diff", MAX(Instances!Q6:Instances!Q6)-MIN(Instances!Q6:Instances!Q6))} -> 0 | R6: {=_xlfn.SWITCH($A$2,"average", AVERAGE(Instances!R6:Instances!R6),"median", MEDIAN(Instances!R6:Instances!R6),"min", MIN(Instances!R6:Instances!R6),"max", MAX(Instances!R6:Instances!R6),"diff", MAX(Instances!R6:Instances!R6)-MIN(Instances!R6:Instances!R6))} -> 0 | V6: {=_xlfn.SWITCH($A$2,"average", AVERAGE(Instances!V6:Instances!V6),"median", MEDIAN(Instances!V6:Instances!V6),"min", MIN(Instances!V6:Instances!V6),"max", MAX(Instances!V6:Instances!V6),"diff", MAX(Instances!V6:Instances!V6)-MIN(Instances!V6:Instances!V6))} -> 0 | W6: {=_xlfn.SWITCH($A$2,"average", AVERAGE(Instances!W6:Instances!W6),"median", MEDIAN(Instances!W6:Instances!W6),"min", MIN(Instances!W6:Instances!W6),"max", MAX(Instances!W6:Instances!W6),"diff", MAX(Instances!W6:Instances!W6)-MIN(Instances!W6:Instances!W6))} -> 0 | Y6: {=_xlfn.SWITCH($A$2,"average", AVERAGE(Instances!Y6:Instances!Y6),"median", MEDIAN(Instances!Y6:Instances!Y6),"min", MIN(Instances!Y6:Instances!Y6),"max", MAX(Instances!Y6:Instances!Y6),"diff", MAX(Instances!Y6:Instances!Y6)-MIN(Instances!Y6:Instances!Y6))} -> 0 | Z6: {=_xlfn.SWITCH($A$2,"average", AVERAGE(Instances!Z6:Instances!Z6),"median", MEDIAN(Instances!Z6:Instances!Z6),"min", MIN(Instances!Z6:Instances!Z6),"max", MAX(Instances!Z6:Instances!Z6),"diff", MAX(Instances!Z6:Instances!Z6)-MIN(Instances!Z6:Instances!Z6))} -> 0 | AD6: {=_xlfn.SWITCH($A$2,"average", AVERAGE(Instances!AD6:Instances!AD6),"median", MEDIAN(Instances!AD6:Instances!AD6),"min", MIN(Instances!AD6:Instances!AD6),"max", MAX(Instances!AD6:Instances!AD6),"diff", MAX(Instances!AD6:Instances!AD6)-MIN(Instances!AD6:Instances!AD6))} -> 0 | AE6: {=_xlfn.SWITCH($A$2,"average", AVERAGE(Instances!AE6:Instances!AE6),"median", MEDIAN(Instances!AE6:Instances!AE6),"min", MIN(Instances!AE6:Instances!AE6),"max", MAX(Instances!AE6:Instances!AE6),"diff", MAX(Instances!AE6:Instances!AE6)-MIN(Instances!AE6:Instances!AE6))} -> 0 | AG6: {=_xlfn.SWITCH($A$2,"average", AVERAGE(Instances!AG6:Instances!AG6),"median", MEDIAN(Instances!AG6:Instances!AG6),"min", MIN(Instances!AG6:Instances!AG6),"max", MAX(Instances!AG6:Instances!AG6),"diff", MAX(Instances!AG6:Instances!AG6)-MIN(Instances!AG6:Instances!AG6))} -> 0 | AH6: {=_xlfn.SWITCH($A$2,"average", AVERAGE(Instances!AH6:Instances!AH6),"median", MEDIAN(Instances!AH6:Instances!AH6),"min", MIN(Instances!AH6:Instances!AH6),"max", MAX(Instances!AH6:Instances!AH6),"diff", MAX(Instances!AH6:Instances!AH6)-MIN(Instances!AH6:Instances!AH6))} -> 0 | AL6: {=_xlfn.SWITCH($A$2,"average", AVERAGE(Instances!AL6:Instances!AL6),"median", MEDIAN(Instances!AL6:Instances!AL6),"min", MIN(Instances!AL6:Instances!AL6),"max", MAX(Instances!AL6:Instances!AL6),"diff", MAX(Instances!AL6:Instances!AL6)-MIN(Instances!AL6:Instances!AL6))} -> 0 | AM6: {=_xlfn.SWITCH($A$2,"average", AVERAGE(Instances!AM6:Instances!AM6),"median", MEDIAN(Instances!AM6:Instances!AM6),"min", MIN(Instances!AM6:Instances!AM6),"max", MAX(Instances!AM6:Instances!AM6),"diff", MAX(Instances!AM6:Instances!AM6)-MIN(Instances!AM6:Instances!AM6))} -> 0 | AO6: {=_xlfn.SWITCH($A$2,"average", AVERAGE(Instances!AO6:Instances!AO6),"median", MEDIAN(Instances!AO6:Instances!AO6),"min", MIN(Instances!AO6:Instances!AO6),"max", MAX(Instances!AO6:Instances!AO6),"diff", MAX(Instances!AO6:Instances!AO6)-MIN(Instances!AO6:Instances!AO6))} -> 0 | AP6: {=_xlfn.SWITCH($A$2,"average", AVERAGE(Instances!AP6:Instances!AP6),"median", MEDIAN(Instances!AP6:Instances!AP6),"min", MIN(Instances!AP6:Instances!AP6),"max", MAX(Instances!AP6:Instances!AP6),"diff", MAX(Instances!AP6:Instances!AP6)-MIN(Instances!AP6:Instances!AP6))} -> 0 | AT6: {=_xlfn.SWITCH($A$2,"average", AVERAGE(Instances!AT6:Instances!AT6),"median", MEDIAN(Instances!AT6:Instances!AT6),"min", MIN(Instances!AT6:Instances!AT6),"max", MAX(Instances!AT6:Instances!AT6),"diff", MAX(Instances!AT6:Instances!AT6)-MIN(Instances!AT6:Instances!AT6))} -> 0 | AU6: {=_xlfn.SWITCH($A$2,"average", AVERAGE(Instances!AU6:Instances!AU6),"median", MEDIAN(Instances!AU6:Instances!AU6),"min", MIN(Instances!AU6:Instances!AU6),"max", MAX(Instances!AU6:Instances!AU6),"diff", MAX(Instances!AU6:Instances!AU6)-MIN(Instances!AU6:Instances!AU6))} -> 0 | AW6: {=_xlfn.SWITCH($A$2,"average", AVERAGE(Instances!AW6:Instances!AW6),"median", MEDIAN(Instances!AW6:Instances!AW6),"min", MIN(Instances!AW6:Instances!AW6),"max", MAX(Instances!AW6:Instances!AW6),"diff", MAX(Instances!AW6:Instances!AW6)-MIN(Instances!AW6:Instances!AW6))} -> 0 | AX6: {=_xlfn.SWITCH($A$2,"average", AVERAGE(Instances!AX6:Instances!AX6),"median", MEDIAN(Instances!AX6:Instances!AX6),"min", MIN(Instances!AX6:Instances!AX6),"max", MAX(Instances!AX6:Instances!AX6),"diff", MAX(Instances!AX6:Instances!AX6)-MIN(Instances!AX6:Instances!AX6))} -> 0 | BB6: {=_xlfn.SWITCH($A$2,"average", AVERAGE(Instances!BB6:Instances!BB6),"median", MEDIAN(Instances!BB6:Instances!BB6),"min", MIN(Instances!BB6:Instances!BB6),"max", MAX(Instances!BB6:Instances!BB6),"diff", MAX(Instances!BB6:Instances!BB6)-MIN(Instances!BB6:Instances!BB6))} -> 0 | BC6: {=_xlfn.SWITCH($A$2,"average", AVERAGE(Instances!BC6:Instances!BC6),"median", MEDIAN(Instances!BC6:Instances!BC6),"min", MIN(Instances!BC6:Instances!BC6),"max", MAX(Instances!BC6:Instances!BC6),"diff", MAX(Instances!BC6:Instances!BC6)-MIN(Instances!BC6:Instances!BC6))} -> 0 | BE6: {=_xlfn.SWITCH($A$2,"average", AVERAGE(Instances!BE6:Instances!BE6),"median", MEDIAN(Instances!BE6:Instances!BE6),"min", MIN(Instances!BE6:Instances!BE6),"max", MAX(Instances!BE6:Instances!BE6),"diff", MAX(Instances!BE6:Instances!BE6)-MIN(Instances!BE6:Instances!BE6))} -> 0 | EL6: =MIN($B6,$F6,$J6,$N6,$R6,$V6,$Z6,$AD6,$AH6,$AL6,$AP6,$AT6,$AX6,$BB6,$BF6,$BJ6,$BN6,$BR6,$BV6,$BZ6,$CD6,$CH6,$CL6,$CP6,$CT6,$CX6,$DB6,$DF6,$DJ6,$DN6,$DR6,$DV6,$DZ6,$ED6,$EH6) -> 0 | EM6: =MIN($C6,$G6,$K6,$O6,$S6,$W6,$AA6,$AE6,$AI6,$AM6,$AQ6,$AU6,$AY6,$BC6,$BG6,$BK6,$BO6,$BS6,$BW6,$CA6,$CE6,$CI6,$CM6,$CQ6,$CU6,$CY6,$DC6,$DG6,$DK6,$DO6,$DS6,$DW6,$EA6,$EE6,$EI6) -> 0 | EN6: =MIN($E6,$I6,$M6,$Q6,$U6,$Y6,$AC6,$AG6,$AK6,$AO6,$AS6,$AW6,$BA6,$BE6,$BI6,$BM6,$BQ6,$BU6,$BY6,$CC6,$CG6,$CK6,$CO6,$CS6,$CW6,$DA6,$DE6,$DI6,$DM6,$DQ6,$DU6,$DY6,$EC6,$EG6,$EK6) -> 0 | EO6: =MEDIAN($B6,$F6,$J6,$N6,$R6,$V6,$Z6,$AD6,$AH6,$AL6,$AP6,$AT6,$AX6,$BB6,$BF6,$BJ6,$BN6,$BR6,$BV6,$BZ6,$CD6,$CH6,$CL6,$CP6,$CT6,$CX6,$DB6,$DF6,$DJ6,$DN6,$DR6,$DV6,$DZ6,$ED6,$EH6) -> 0 | EP6: =MEDIAN($C6,$G6,$K6,$O6,$S6,$W6,$AA6,$AE6,$AI6,$AM6,$AQ6,$AU6,$AY6,$BC6,$BG6,$BK6,$BO6,$BS6,$BW6,$CA6,$CE6,$CI6,$CM6,$CQ6,$CU6,$CY6,$DC6,$DG6,$DK6,$DO6,$DS6,$DW6,$EA6,$EE6,$EI6) -> 0 | EQ6: =MEDIAN($E6,$I6,$M6,$Q6,$U6,$Y6,$AC6,$AG6,$AK6,$AO6,$AS6,$AW6,$BA6,$BE6,$BI6,$BM6,$BQ6,$BU6,$BY6,$CC6,$CG6,$CK6,$CO6,$CS6,$CW6,$DA6,$DE6,$DI6,$DM6,$DQ6,$DU6,$DY6,$EC6,$EG6,$EK6) -> 0 | ER6: =MAX($B6,$F6,$J6,$N6,$R6,$V6,$Z6,$AD6,$AH6,$AL6,$AP6,$AT6,$AX6,$BB6,$BF6,$BJ6,$BN6,$BR6,$BV6,$BZ6,$CD6,$CH6,$CL6,$CP6,$CT6,$CX6,$DB6,$DF6,$DJ6,$DN6,$DR6,$DV6,$DZ6,$ED6,$EH6) -> 0 | ES6: =MAX($C6,$G6,$K6,$O6,$S6,$W6,$AA6,$AE6,$AI6,$AM6,$AQ6,$AU6,$AY6,$BC6,$BG6,$BK6,$BO6,$BS6,$BW6,$CA6,$CE6,$CI6,$CM6,$CQ6,$CU6,$CY6,$DC6,$DG6,$DK6,$DO6,$DS6,$DW6,$EA6,$EE6,$EI6) -> 0 | ET6: =MAX($E6,$I6,$M6,$Q6,$U6,$Y6,$AC6,$AG6,$AK6,$AO6,$AS6,$AW6,$BA6,$BE6,$BI6,$BM6,$BQ6,$BU6,$BY6,$CC6,$CG6,$CK6,$CO6,$CS6,$CW6,$DA6,$DE6,$DI6,$DM6,$DQ6,$DU6,$DY6,$EC6,$EG6,$EK6) -> 0
A7: instances/ft10const5 | B7: {=_xlfn.SWITCH($A$2,"average", AVERAGE(Instances!B7:Instances!B7),"median", MEDIAN(Instances!B7:Instances!B7),"min", MIN(Instances!B7:Instances!B7),"max", MAX(Instances!B7:Instances!B7),"diff", MAX(Instances!B7:Instances!B7)-MIN(Instances!B7:Instances!B7))} -> 0 | F7: {=_xlfn.SWITCH($A$2,"average", AVERAGE(Instances!F7:Instances!F7),"median", MEDIAN(Instances!F7:Instances!F7),"min", MIN(Instances!F7:Instances!F7),"max", MAX(Instances!F7:Instances!F7),"diff", MAX(Instances!F7:Instances!F7)-MIN(Instances!F7:Instances!F7))} -> 0 | G7: {=_xlfn.SWITCH($A$2,"average", AVERAGE(Instances!G7:Instances!G7),"median", MEDIAN(Instances!G7:Instances!G7),"min", MIN(Instances!G7:Instances!G7),"max", MAX(Instances!G7:Instances!G7),"diff", MAX(Instances!G7:Instances!G7)-MIN(Instances!G7:Instances!G7))} -> 0 | I7: {=_xlfn.SWITCH($A$2,"average", AVERAGE(Instances!I7:Instances!I7),"median", MEDIAN(Instances!I7:Instances!I7),"min", MIN(Instances!I7:Instances!I7),"max", MAX(Instances!I7:Instances!I7),"diff", MAX(Instances!I7:Instances!I7)-MIN(Instances!I7:Instances!I7))} -> 0 | J7: {=_xlfn.SWITCH($A$2,"average", AVERAGE(Instances!J7:Instances!J7),"median", MEDIAN(Instances!J7:Instances!J7),"min", MIN(Instances!J7:Instances!J7),"max", MAX(Instances!J7:Instances!J7),"diff", MAX(Instances!J7:Instances!J7)-MIN(Instances!J7:Instances!J7))} -> 0 | N7: {=_xlfn.SWITCH($A$2,"average", AVERAGE(Instances!N7:Instances!N7),"median", MEDIAN(Instances!N7:Instances!N7),"min", MIN(Instances!N7:Instances!N7),"max", MAX(Instances!N7:Instances!N7),"diff", MAX(Instances!N7:Instances!N7)-MIN(Instances!N7:Instances!N7))} -> 0 | O7: {=_xlfn.SWITCH($A$2,"average", AVERAGE(Instances!O7:Instances!O7),"median", MEDIAN(Instances!O7:Instances!O7),"min", MIN(Instances!O7:Instances!O7),"max", MAX(Instances!O7:Instances!O7),"diff", MAX(Instances!O7:Instances!O7)-MIN(Instances!O7:Instances!O7))} -> 0 | Q7: {=_xlfn.SWITCH($A$2,"average", AVERAGE(Instances!Q7:Instances!Q7),"median", MEDIAN(Instances!Q7:Instances!Q7),"min", MIN(Instances!Q7:Instances!Q7),"max", MAX(Instances!Q7:Instances!Q7),"diff", MAX(Instances!Q7:Instances!Q7)-MIN(Instances!Q7:Instances!Q7))} -> 0 | R7: {=_xlfn.SWITCH($A$2,"average", AVERAGE(Instances!R7:Instances!R7),"median", MEDIAN(Instances!R7:Instances!R7),"min", MIN(Instances!R7:Instances!R7),"max", MAX(Instances!R7:Instances!R7),"diff", MAX(Instances!R7:Instances!R7)-MIN(Instances!R7:Instances!R7))} -> 0 | V7: {=_xlfn.SWITCH($A$2,"average", AVERAGE(Instances!V7:Instances!V7),"median", MEDIAN(Instances!V7:Instances!V7),"min", MIN(Instances!V7:Instances!V7),"max", MAX(Instances!V7:Instances!V7),"diff", MAX(Instances!V7:Instances!V7)-MIN(Instances!V7:Instances!V7))} -> 0 | W7: {=_xlfn.SWITCH($A$2,"average", AVERAGE(Instances!W7:Instances!W7),"median", MEDIAN(Instances!W7:Instances!W7),"min", MIN(Instances!W7:Instances!W7),"max", MAX(Instances!W7:Instances!W7),"diff", MAX(Instances!W7:Instances!W7)-MIN(Instances!W7:Instances!W7))} -> 0 | Y7: {=_xlfn.SWITCH($A$2,"average", AVERAGE(Instances!Y7:Instances!Y7),"median", MEDIAN(Instances!Y7:Instances!Y7),"min", MIN(Instances!Y7:Instances!Y7),"max", MAX(Instances!Y7:Instances!Y7),"diff", MAX(Instances!Y7:Instances!Y7)-MIN(Instances!Y7:Instances!Y7))} -> 0 | Z7: {=_xlfn.SWITCH($A$2,"average", AVERAGE(Instances!Z7:Instances!Z7),"median", MEDIAN(Instances!Z7:Instances!Z7),"min", MIN(Instances!Z7:Instances!Z7),"max", MAX(Instances!Z7:Instances!Z7),"diff", MAX(Instances!Z7:Instances!Z7)-MIN(Instances!Z7:Instances!Z7))} -> 0 | AD7: {=_xlfn.SWITCH($A$2,"average", AVERAGE(Instances!AD7:Instances!AD7),"median", MEDIAN(Instances!AD7:Instances!AD7),"min", MIN(Instances!AD7:Instances!AD7),"max", MAX(Instances!AD7:Instances!AD7),"diff", MAX(Instances!AD7:Instances!AD7)-MIN(Instances!AD7:Instances!AD7))} -> 0 | AE7: {=_xlfn.SWITCH($A$2,"average", AVERAGE(Instances!AE7:Instances!AE7),"median", MEDIAN(Instances!AE7:Instances!AE7),"min", MIN(Instances!AE7:Instances!AE7),"max", MAX(Instances!AE7:Instances!AE7),"diff", MAX(Instances!AE7:Instances!AE7)-MIN(Instances!AE7:Instances!AE7))} -> 0 | AG7: {=_xlfn.SWITCH($A$2,"average", AVERAGE(Instances!AG7:Instances!AG7),"median", MEDIAN(Instances!AG7:Instances!AG7),"min", MIN(Instances!AG7:Instances!AG7),"max", MAX(Instances!AG7:Instances!AG7),"diff", MAX(Instances!AG7:Instances!AG7)-MIN(Instances!AG7:Instances!AG7))} -> 0 | AH7: {=_xlfn.SWITCH($A$2,"average", AVERAGE(Instances!AH7:Instances!AH7),"median", MEDIAN(Instances!AH7:Instances!AH7),"min", MIN(Instances!AH7:Instances!AH7),"max", MAX(Instances!AH7:Instances!AH7),"diff", MAX(Instances!AH7:Instances!AH7)-MIN(Instances!AH7:Instances!AH7))} -> 0 | AL7: {=_xlfn.SWITCH($A$2,"average", AVERAGE(Instances!AL7:Instances!AL7),"median", MEDIAN(Instances!AL7:Instances!AL7),"min", MIN(Instances!AL7:Instances!AL7),"max", MAX(Instances!AL7:Instances!AL7),"diff", MAX(Instances!AL7:Instances!AL7)-MIN(Instances!AL7:Instances!AL7))} -> 0 | AM7: {=_xlfn.SWITCH($A$2,"average", AVERAGE(Instances!AM7:Instances!AM7),"median", MEDIAN(Instances!AM7:Instances!AM7),"min", MIN(Instances!AM7:Instances!AM7),"max", MAX(Instances!AM7:Instances!AM7),"diff", MAX(Instances!AM7:Instances!AM7)-MIN(Instances!AM7:Instances!AM7))} -> 0 | AO7: {=_xlfn.SWITCH($A$2,"average", AVERAGE(Instances!AO7:Instances!AO7),"median", MEDIAN(Instances!AO7:Instances!AO7),"min", MIN(Instances!AO7:Instances!AO7),"max", MAX(Instances!AO7:Instances!AO7),"diff", MAX(Instances!AO7:Instances!AO7)-MIN(Instances!AO7:Instances!AO7))} -> 0 | AP7: {=_xlfn.SWITCH($A$2,"average", AVERAGE(Instances!AP7:Instances!AP7),"median", MEDIAN(Instances!AP7:Instances!AP7),"min", MIN(Instances!AP7:Instances!AP7),"max", MAX(Instances!AP7:Instances!AP7),"diff", MAX(Instances!AP7:Instances!AP7)-MIN(Instances!AP7:Instances!AP7))} -> 0 | AT7: {=_xlfn.SWITCH($A$2,"average", AVERAGE(Instances!AT7:Instances!AT7),"median", MEDIAN(Instances!AT7:Instances!AT7),"min", MIN(Instances!AT7:Instances!AT7),"max", MAX(Instances!AT7:Instances!AT7),"diff", MAX(Instances!AT7:Instances!AT7)-MIN(Instances!AT7:Instances!AT7))} -> 0 | AU7: {=_xlfn.SWITCH($A$2,"average", AVERAGE(Instances!AU7:Instances!AU7),"median", MEDIAN(Instances!AU7:Instances!AU7),"min", MIN(Instances!AU7:Instances!AU7),"max", MAX(Instances!AU7:Instances!AU7),"diff", MAX(Instances!AU7:Instances!AU7)-MIN(Instances!AU7:Instances!AU7))} -> 0 | AW7: {=_xlfn.SWITCH($A$2,"average", AVERAGE(Instances!AW7:Instances!AW7),"median", MEDIAN(Instances!AW7:Instances!AW7),"min", MIN(Instances!AW7:Instances!AW7),"max", MAX(Instances!AW7:Instances!AW7),"diff", MAX(Instances!AW7:Instances!AW7)-MIN(Instances!AW7:Instances!AW7))} -> 0 | AX7: {=_xlfn.SWITCH($A$2,"average", AVERAGE(Instances!AX7:Instances!AX7),"median", MEDIAN(Instances!AX7:Instances!AX7),"min", MIN(Instances!AX7:Instances!AX7),"max", MAX(Instances!AX7:Instances!AX7),"diff", MAX(Instances!AX7:Instances!AX7)-MIN(Instances!AX7:Instances!AX7))} -> 0 | BB7: {=_xlfn.SWITCH($A$2,"average", AVERAGE(Instances!BB7:Instances!BB7),"median", MEDIAN(Instances!BB7:Instances!BB7),"min", MIN(Instances!BB7:Instances!BB7),"max", MAX(Instances!BB7:Instances!BB7),"diff", MAX(Instances!BB7:Instances!BB7)-MIN(Instances!BB7:Instances!BB7))} -> 0 | BC7: {=_xlfn.SWITCH($A$2,"average", AVERAGE(Instances!BC7:Instances!BC7),"median", MEDIAN(Instances!BC7:Instances!BC7),"min", MIN(Instances!BC7:Instances!BC7),"max", MAX(Instances!BC7:Instances!BC7),"diff", MAX(Instances!BC7:Instances!BC7)-MIN(Instances!BC7:Instances!BC7))} -> 0 | BE7: {=_xlfn.SWITCH($A$2,"average", AVERAGE(Instances!BE7:Instances!BE7),"median", MEDIAN(Instances!BE7:Instances!BE7),"min", MIN(Instances!BE7:Instances!BE7),"max", MAX(Instances!BE7:Instances!BE7),"diff", MAX(Instances!BE7:Instances!BE7)-MIN(Instances!BE7:Instances!BE7))} -> 0 | EL7: =MIN($B7,$F7,$J7,$N7,$R7,$V7,$Z7,$AD7,$AH7,$AL7,$AP7,$AT7,$AX7,$BB7,$BF7,$BJ7,$BN7,$BR7,$BV7,$BZ7,$CD7,$CH7,$CL7,$CP7,$CT7,$CX7,$DB7,$DF7,$DJ7,$DN7,$DR7,$DV7,$DZ7,$ED7,$EH7) -> 0 | EM7: =MIN($C7,$G7,$K7,$O7,$S7,$W7,$AA7,$AE7,$AI7,$AM7,$AQ7,$AU7,$AY7,$BC7,$BG7,$BK7,$BO7,$BS7,$BW7,$CA7,$CE7,$CI7,$CM7,$CQ7,$CU7,$CY7,$DC7,$DG7,$DK7,$DO7,$DS7,$DW7,$EA7,$EE7,$EI7) -> 0 | EN7: =MIN($E7,$I7,$M7,$Q7,$U7,$Y7,$AC7,$AG7,$AK7,$AO7,$AS7,$AW7,$BA7,$BE7,$BI7,$BM7,$BQ7,$BU7,$BY7,$CC7,$CG7,$CK7,$CO7,$CS7,$CW7,$DA7,$DE7,$DI7,$DM7,$DQ7,$DU7,$DY7,$EC7,$EG7,$EK7) -> 0 | EO7: =MEDIAN($B7,$F7,$J7,$N7,$R7,$V7,$Z7,$AD7,$AH7,$AL7,$AP7,$AT7,$AX7,$BB7,$BF7,$BJ7,$BN7,$BR7,$BV7,$BZ7,$CD7,$CH7,$CL7,$CP7,$CT7,$CX7,$DB7,$DF7,$DJ7,$DN7,$DR7,$DV7,$DZ7,$ED7,$EH7) -> 0 | EP7: =MEDIAN($C7,$G7,$K7,$O7,$S7,$W7,$AA7,$AE7,$AI7,$AM7,$AQ7,$AU7,$AY7,$BC7,$BG7,$BK7,$BO7,$BS7,$BW7,$CA7,$CE7,$CI7,$CM7,$CQ7,$CU7,$CY7,$DC7,$DG7,$DK7,$DO7,$DS7,$DW7,$EA7,$EE7,$EI7) -> 0 | EQ7: =MEDIAN($E7,$I7,$M7,$Q7,$U7,$Y7,$AC7,$AG7,$AK7,$AO7,$AS7,$AW7,$BA7,$BE7,$BI7,$BM7,$BQ7,$BU7,$BY7,$CC7,$CG7,$CK7,$CO7,$CS7,$CW7,$DA7,$DE7,$DI7,$DM7,$DQ7,$DU7,$DY7,$EC7,$EG7,$EK7) -> 0 | ER7: =MAX($B7,$F7,$J7,$N7,$R7,$V7,$Z7,$AD7,$AH7,$AL7,$AP7,$AT7,$AX7,$BB7,$BF7,$BJ7,$BN7,$BR7,$BV7,$BZ7,$CD7,$CH7,$CL7,$CP7,$CT7,$CX7,$DB7,$DF7,$DJ7,$DN7,$DR7,$DV7,$DZ7,$ED7,$EH7) -> 0 | ES7: =MAX($C7,$G7,$K7,$O7,$S7,$W7,$AA7,$AE7,$AI7,$AM7,$AQ7,$AU7,$AY7,$BC7,$BG7,$BK7,$BO7,$BS7,$BW7,$CA7,$CE7,$CI7,$CM7,$CQ7,$CU7,$CY7,$DC7,$DG7,$DK7,$DO7,$DS7,$DW7,$EA7,$EE7,$EI7) -> 0 | ET7: =MAX($E7,$I7,$M7,$Q7,$U7,$Y7,$AC7,$AG7,$AK7,$AO7,$AS7,$AW7,$BA7,$BE7,$BI7,$BM7,$BQ7,$BU7,$BY7,$CC7,$CG7,$CK7,$CO7,$CS7,$CW7,$DA7,$DE7,$DI7,$DM7,$DQ7,$DU7,$DY7,$EC7,$EG7,$EK7) -> 0
A9: SUM | B9: =SUM(B$3:B$7) -> 0 | F9: =SUM(F$3:F$7) -> 0 | G9: =SUM(G$3:G$7) -> 0 | I9: =SUM(I$3:I$7) -> 0 | J9: =SUM(J$3:J$7) -> 0 | N9: =SUM(N$3:N$7) -> 0 | O9: =SUM(O$3:O$7) -> 0 | Q9: =SUM(Q$3:Q$7) -> 0 | R9: =SUM(R$3:R$7) -> 0 | V9: =SUM(V$3:V$7) -> 0 | W9: =SUM(W$3:W$7) -> 0 | Y9: =SUM(Y$3:Y$7) -> 0 | Z9: =SUM(Z$3:Z$7) -> 0 | AD9: =SUM(AD$3:AD$7) -> 0 | AE9: =SUM(AE$3:AE$7) -> 0 | AG9: =SUM(AG$3:AG$7) -> 0 | AH9: =SUM(AH$3:AH$7) -> 0 | AL9: =SUM(AL$3:AL$7) -> 0 | AM9: =SUM(AM$3:AM$7) -> 0 | AO9: =SUM(AO$3:AO$7) -> 0 | AP9: =SUM(AP$3:AP$7) -> 0 | AT9: =SUM(AT$3:AT$7) -> 0 | AU9: =SUM(AU$3:AU$7) -> 0 | AW9: =SUM(AW$3:AW$7) -> 0 | AX9: =SUM(AX$3:AX$7) -> 0 | BB9: =SUM(BB$3:BB$7) -> 0 | BC9: =SUM(BC$3:BC$7) -> 0 | BE9: =SUM(BE$3:BE$7) -> 0 | BF9: =SUM(BF$3:BF$7) -> 0 | BG9: =SUM(BG$3:BG$7) -> 0 | BI9: =SUM(BI$3:BI$7) -> 0 | BJ9: =SUM(BJ$3:BJ$7) -> 0 | BK9: =SUM(BK$3:BK$7) -> 0 | BM9: =SUM(BM$3:BM$7) -> 0 | BN9: =SUM(BN$3:BN$7) -> 0 | BO9: =SUM(BO$3:BO$7) -> 0 | BQ9: =SUM(BQ$3:BQ$7) -> 0 | BR9: =SUM(BR$3:BR$7) -> 0 | BS9: =SUM(BS$3:BS$7) -> 0 | BU9: =SUM(BU$3:BU$7) -> 0 | BV9: =SUM(BV$3:BV$7) -> 0 | BW9: =SUM(BW$3:BW$7) -> 0 | BY9: =SUM(BY$3:BY$7) -> 0 | BZ9: =SUM(BZ$3:BZ$7) -> 0 | CA9: =SUM(CA$3:CA$7) -> 0 | CC9: =SUM(CC$3:CC$7) -> 0 | CD9: =SUM(CD$3:CD$7) -> 0 | CE9: =SUM(CE$3:CE$7) -> 0 | CG9: =SUM(CG$3:CG$7) -> 0 | CH9: =SUM(CH$3:CH$7) -> 0 | CI9: =SUM(CI$3:CI$7) -> 0 | CK9: =SUM(CK$3:CK$7) -> 0 | CL9: =SUM(CL$3:CL$7) -> 0 | CM9: =SUM(CM$3:CM$7) -> 0 | CO9: =SUM(CO$3:CO$7) -> 0 | CP9: =SUM(CP$3:CP$7) -> 0 | CQ9: =SUM(CQ$3:CQ$7) -> 0 | CS9: =SUM(CS$3:CS$7) -> 0 | CT9: =SUM(CT$3:CT$7) -> 0 | CU9: =SUM(CU$3:CU$7) -> 0 | CW9: =SUM(CW$3:CW$7) -> 0 | CX9: =SUM(CX$3:CX$7) -> 0 | CY9: =SUM(CY$3:CY$7) -> 0 | DA9: =SUM(DA$3:DA$7) -> 0 | DB9: =SUM(DB$3:DB$7) -> 0 | DC9: =SUM(DC$3:DC$7) -> 0 | DE9: =SUM(DE$3:DE$7) -> 0 | DF9: =SUM(DF$3:DF$7) -> 0 | DG9: =SUM(DG$3:DG$7) -> 0 | DI9: =SUM(DI$3:DI$7) -> 0 | DJ9: =SUM(DJ$3:DJ$7) -> 0 | DK9: =SUM(DK$3:DK$7) -> 0 | DM9: =SUM(DM$3:DM$7) -> 0 | DN9: =SUM(DN$3:DN$7) -> 0 | DO9: =SUM(DO$3:DO$7) -> 0 | DQ9: =SUM(DQ$3:DQ$7) -> 0 | DR9: =SUM(DR$3:DR$7) -> 0 | DS9: =SUM(DS$3:DS$7) -> 0 | DU9: =SUM(DU$3:DU$7) -> 0 | DV9: =SUM(DV$3:DV$7) -> 0 | DW9: =SUM(DW$3:DW$7) -> 0 | DY9: =SUM(DY$3:DY$7) -> 0 | DZ9: =SUM(DZ$3:DZ$7) -> 0 | EA9: =SUM(EA$3:EA$7) -> 0 | EC9: =SUM(EC$3:EC$7) -> 0 | ED9: =SUM(ED$3:ED$7) -> 0 | EE9: =SUM(EE$3:EE$7) -> 0 | EG9: =SUM(EG$3:EG$7) -> 0 | EH9: =SUM(EH$3:EH$7) -> 0 | EI9: =SUM(EI$3:EI$7) -> 0 | EK9: =SUM(EK$3:EK$7) -> 0 | EL9: =SUM(EL$3:EL$7) -> 0 | EM9: =SUM(EM$3:EM$7) -> 0 | EN9: =SUM(EN$3:EN$7) -> 0 | EO9: =SUM(EO$3:EO$7) -> 0 | EP9: =SUM(EP$3:EP$7) -> 0 | EQ9: =SUM(EQ$3:EQ$7) -> 0 | ER9: =SUM(ER$3:ER$7) -> 0 | ... ET9: =SUM(ET$3:ET$7) -> 0
A10: AVG | B10: =AVERAGE(B$3:B$7) -> 0 | F10: =AVERAGE(F$3:F$7) -> 0 | G10: =AVERAGE(G$3:G$7) -> 0 | I10: =AVERAGE(I$3:I$7) -> 0 | J10: =AVERAGE(J$3:J$7) -> 0 | N10: =AVERAGE(N$3:N$7) -> 0 | O10: =AVERAGE(O$3:O$7) -> 0 | Q10: =AVERAGE(Q$3:Q$7) -> 0 | R10: =AVERAGE(R$3:R$7) -> 0 | V10: =AVERAGE(V$3:V$7) -> 0 | W10: =AVERAGE(W$3:W$7) -> 0 | Y10: =AVERAGE(Y$3:Y$7) -> 0 | Z10: =AVERAGE(Z$3:Z$7) -> 0 | AD10: =AVERAGE(AD$3:AD$7) -> 0 | AE10: =AVERAGE(AE$3:AE$7) -> 0 | AG10: =AVERAGE(AG$3:AG$7) -> 0 | AH10: =AVERAGE(AH$3:AH$7) -> 0 | AL10: =AVERAGE(AL$3:AL$7) -> 0 | AM10: =AVERAGE(AM$3:AM$7) -> 0 | AO10: =AVERAGE(AO$3:AO$7) -> 0 | AP10: =AVERAGE(AP$3:AP$7) -> 0 | AT10: =AVERAGE(AT$3:AT$7) -> 0 | AU10: =AVERAGE(AU$3:AU$7) -> 0 | AW10: =AVERAGE(AW$3:AW$7) -> 0 | AX10: =AVERAGE(AX$3:AX$7) -> 0 | BB10: =AVERAGE(BB$3:BB$7) -> 0 | BC10: =AVERAGE(BC$3:BC$7) -> 0 | BE10: =AVERAGE(BE$3:BE$7) -> 0 | BF10: =AVERAGE(BF$3:BF$7) -> 0 | BG10: =AVERAGE(BG$3:BG$7) -> 0 | BI10: =AVERAGE(BI$3:BI$7) -> 0 | BJ10: =AVERAGE(BJ$3:BJ$7) -> 0 | BK10: =AVERAGE(BK$3:BK$7) -> 0 | BM10: =AVERAGE(BM$3:BM$7) -> 0 | BN10: =AVERAGE(BN$3:BN$7) -> 0 | BO10: =AVERAGE(BO$3:BO$7) -> 0 | BQ10: =AVERAGE(BQ$3:BQ$7) -> 0 | BR10: =AVERAGE(BR$3:BR$7) -> 0 | BS10: =AVERAGE(BS$3:BS$7) -> 0 | BU10: =AVERAGE(BU$3:BU$7) -> 0 | BV10: =AVERAGE(BV$3:BV$7) -> 0 | BW10: =AVERAGE(BW$3:BW$7) -> 0 | BY10: =AVERAGE(BY$3:BY$7) -> 0 | BZ10: =AVERAGE(BZ$3:BZ$7) -> 0 | CA10: =AVERAGE(CA$3:CA$7) -> 0 | CC10: =AVERAGE(CC$3:CC$7) -> 0 | CD10: =AVERAGE(CD$3:CD$7) -> 0 | CE10: =AVERAGE(CE$3:CE$7) -> 0 | CG10: =AVERAGE(CG$3:CG$7) -> 0 | CH10: =AVERAGE(CH$3:CH$7) -> 0 | CI10: =AVERAGE(CI$3:CI$7) -> 0 | CK10: =AVERAGE(CK$3:CK$7) -> 0 | CL10: =AVERAGE(CL$3:CL$7) -> 0 | CM10: =AVERAGE(CM$3:CM$7) -> 0 | CO10: =AVERAGE(CO$3:CO$7) -> 0 | CP10: =AVERAGE(CP$3:CP$7) -> 0 | CQ10: =AVERAGE(CQ$3:CQ$7) -> 0 | CS10: =AVERAGE(CS$3:CS$7) -> 0 | CT10: =AVERAGE(CT$3:CT$7) -> 0 | CU10: =AVERAGE(CU$3:CU$7) -> 0 | CW10: =AVERAGE(CW$3:CW$7) -> 0 | CX10: =AVERAGE(CX$3:CX$7) -> 0 | CY10: =AVERAGE(CY$3:CY$7) -> 0 | DA10: =AVERAGE(DA$3:DA$7) -> 0 | DB10: =AVERAGE(DB$3:DB$7) -> 0 | DC10: =AVERAGE(DC$3:DC$7) -> 0 | DE10: =AVERAGE(DE$3:DE$7) -> 0 | DF10: =AVERAGE(DF$3:DF$7) -> 0 | DG10: =AVERAGE(DG$3:DG$7) -> 0 | DI10: =AVERAGE(DI$3:DI$7) -> 0 | DJ10: =AVERAGE(DJ$3:DJ$7) -> 0 | DK10: =AVERAGE(DK$3:DK$7) -> 0 | DM10: =AVERAGE(DM$3:DM$7) -> 0 | DN10: =AVERAGE(DN$3:DN$7) -> 0 | DO10: =AVERAGE(DO$3:DO$7) -> 0 | DQ10: =AVERAGE(DQ$3:DQ$7) -> 0 | DR10: =AVERAGE(DR$3:DR$7) -> 0 | DS10: =AVERAGE(DS$3:DS$7) -> 0 | DU10: =AVERAGE(DU$3:DU$7) -> 0 | DV10: =AVERAGE(DV$3:DV$7) -> 0 | DW10: =AVERAGE(DW$3:DW$7) -> 0 | DY10: =AVERAGE(DY$3:DY$7) -> 0 | DZ10: =AVERAGE(DZ$3:DZ$7) -> 0 | EA10: =AVERAGE(EA$3:EA$7) -> 0 | EC10: =AVERAGE(EC$3:EC$7) -> 0 | ED10: =AVERAGE(ED$3:ED$7) -> 0 | EE10: =AVERAGE(EE$3:EE$7) -> 0 | EG10: =AVERAGE(EG$3:EG$7) -> 0 | EH10: =AVERAGE(EH$3:EH$7) -> 0 | EI10: =AVERAGE(EI$3:EI$7) -> 0 | EK10: =AVERAGE(EK$3:EK$7) -> 0 | EL10: =AVERAGE(EL$3:EL$7) -> 0 | EM10: =AVERAGE(EM$3:EM$7) -> 0 | EN10: =AVERAGE(EN$3:EN$7) -> 0 | EO10: =AVERAGE(EO$3:EO$7) -> 0 | EP10: =AVERAGE(EP$3:EP$7) -> 0 | EQ10: =AVERAGE(EQ$3:EQ$7) -> 0 | ER10: =AVERAGE(ER$3:ER$7) -> 0 | ... ET10: =AVERAGE(ET$3:ET$7) -> 0
A11: DEV | B11: =STDEV(B$3:B$7) -> 0 | F11: =STDEV(F$3:F$7) -> 0 | G11: =STDEV(G$3:G$7) -> 0 | I11: =STDEV(I$3:I$7) -> 0 | J11: =STDEV(J$3:J$7) -> 0 | N11: =STDEV(N$3:N$7) -> 0 | O11: =STDEV(O$3:O$7) -> 0 | Q11: =STDEV(Q$3:Q$7) -> 0 | R11: =STDEV(R$3:R$7) -> 0 | V11: =STDEV(V$3:V$7) -> 0 | W11: =STDEV(W$3:W$7) -> 0 | Y11: =STDEV(Y$3:Y$7) -> 0 | Z11: =STDEV(Z$3:Z$7) -> 0 | AD11: =STDEV(AD$3:AD$7) -> 0 | AE11: =STDEV(AE$3:AE$7) -> 0 | AG11: =STDEV(AG$3:AG$7) -> 0 | AH11: =STDEV(AH$3:AH$7) -> 0 | AL11: =STDEV(AL$3:AL$7) -> 0 | AM11: =STDEV(AM$3:AM$7) -> 0 | AO11: =STDEV(AO$3:AO$7) -> 0 | AP11: =STDEV(AP$3:AP$7) -> 0 | AT11: =STDEV(AT$3:AT$7) -> 0 | AU11: =STDEV(AU$3:AU$7) -> 0 | AW11: =STDEV(AW$3:AW$7) -> 0 | AX11: =STDEV(AX$3:AX$7) -> 0 | BB11: =STDEV(BB$3:BB$7) -> 0 | BC11: =STDEV(BC$3:BC$7) -> 0 | BE11: =STDEV(BE$3:BE$7) -> 0 | BF11: =STDEV(BF$3:BF$7) -> 0 | BG11: =STDEV(BG$3:BG$7) -> 0 | BI11: =STDEV(BI$3:BI$7) -> 0 | BJ11: =STDEV(BJ$3:BJ$7) -> 0 | BK11: =STDEV(BK$3:BK$7) -> 0 | BM11: =STDEV(BM$3:BM$7) -> 0 | BN11: =STDEV(BN$3:BN$7) -> 0 | BO11: =STDEV(BO$3:BO$7) -> 0 | BQ11: =STDEV(BQ$3:BQ$7) -> 0 | BR11: =STDEV(BR$3:BR$7) -> 0 | BS11: =STDEV(BS$3:BS$7) -> 0 | BU11: =STDEV(BU$3:BU$7) -> 0 | BV11: =STDEV(BV$3:BV$7) -> 0 | BW11: =STDEV(BW$3:BW$7) -> 0 | BY11: =STDEV(BY$3:BY$7) -> 0 | BZ11: =STDEV(BZ$3:BZ$7) -> 0 | CA11: =STDEV(CA$3:CA$7) -> 0 | CC11: =STDEV(CC$3:CC$7) -> 0 | CD11: =STDEV(CD$3:CD$7) -> 0 | CE11: =STDEV(CE$3:CE$7) -> 0 | CG11: =STDEV(CG$3:CG$7) -> 0 | CH11: =STDEV(CH$3:CH$7) -> 0 | CI11: =STDEV(CI$3:CI$7) -> 0 | CK11: =STDEV(CK$3:CK$7) -> 0 | CL11: =STDEV(CL$3:CL$7) -> 0 | CM11: =STDEV(CM$3:CM$7) -> 0 | CO11: =STDEV(CO$3:CO$7) -> 0 | CP11: =STDEV(CP$3:CP$7) -> 0 | CQ11: =STDEV(CQ$3:CQ$7) -> 0 | CS11: =STDEV(CS$3:CS$7) -> 0 | CT11: =STDEV(CT$3:CT$7) -> 0 | CU11: =STDEV(CU$3:CU$7) -> 0 | CW11: =STDEV(CW$3:CW$7) -> 0 | CX11: =STDEV(CX$3:CX$7) -> 0 | CY11: =STDEV(CY$3:CY$7) -> 0 | DA11: =STDEV(DA$3:DA$7) -> 0 | DB11: =STDEV(DB$3:DB$7) -> 0 | DC11: =STDEV(DC$3:DC$7) -> 0 | DE11: =STDEV(DE$3:DE$7) -> 0 | DF11: =STDEV(DF$3:DF$7) -> 0 | DG11: =STDEV(DG$3:DG$7) -> 0 | DI11: =STDEV(DI$3:DI$7) -> 0 | DJ11: =STDEV(DJ$3:DJ$7) -> 0 | DK11: =STDEV(DK$3:DK$7) -> 0 | DM11: =STDEV(DM$3:DM$7) -> 0 | DN11: =STDEV(DN$3:DN$7) -> 0 | DO11: =STDEV(DO$3:DO$7) -> 0 | DQ11: =STDEV(DQ$3:DQ$7) -> 0 | DR11: =STDEV(DR$3:DR$7) -> 0 | DS11: =STDEV(DS$3:DS$7) -> 0 | DU11: =STDEV(DU$3:DU$7) -> 0 | DV11: =STDEV(DV$3:DV$7) -> 0 | DW11: =STDEV(DW$3:DW$7) -> 0 | DY11: =STDEV(DY$3:DY$7) -> 0 | DZ11: =STDEV(DZ$3:DZ$7) -> 0 | EA11: =STDEV(EA$3:EA$7) -> 0 | EC11: =STDEV(EC$3:EC$7) -> 0 | ED11: =STDEV(ED$3:ED$7) -> 0 | EE11: =STDEV(EE$3:EE$7) -> 0 | EG11: =STDEV(EG$3:EG$7) -> 0 | EH11: =STDEV(EH$3:EH$7) -> 0 | EI11: =STDEV(EI$3:EI$7) -> 0 | EK11: =STDEV(EK$3:EK$7) -> 0 | EL11: =STDEV(EL$3:EL$7) -> 0 | EM11: =STDEV(EM$3:EM$7) -> 0 | EN11: =STDEV(EN$3:EN$7) -> 0 | EO11: =STDEV(EO$3:EO$7) -> 0 | EP11: =STDEV(EP$3:EP$7) -> 0 | EQ11: =STDEV(EQ$3:EQ$7) -> 0 | ER11: =STDEV(ER$3:ER$7) -> 0 | ... ET11: =STDEV(ET$3:ET$7) -> 0
A12: DST | B12: =SUMPRODUCT(--(B$3:B$7-$EL$3:$EL$7)^2)^0.5 -> 0 | F12: =SUMPRODUCT(--(F$3:F$7-$EL$3:$EL$7)^2)^0.5 -> 0 | G12: =SUMPRODUCT(--(G$3:G$7-$EM$3:$EM$7)^2)^0.5 -> 0 | I12: =SUMPRODUCT(--(I$3:I$7-$EN$3:$EN$7)^2)^0.5 -> 0 | J12: =SUMPRODUCT(--(J$3:J$7-$EL$3:$EL$7)^2)^0.5 -> 0 | N12: =SUMPRODUCT(--(N$3:N$7-$EL$3:$EL$7)^2)^0.5 -> 0 | O12: =SUMPRODUCT(--(O$3:O$7-$EM$3:$EM$7)^2)^0.5 -> 0 | Q12: =SUMPRODUCT(--(Q$3:Q$7-$EN$3:$EN$7)^2)^0.5 -> 0 | R12: =SUMPRODUCT(--(R$3:R$7-$EL$3:$EL$7)^2)^0.5 -> 0 | V12: =SUMPRODUCT(--(V$3:V$7-$EL$3:$EL$7)^2)^0.5 -> 0 | W12: =SUMPRODUCT(--(W$3:W$7-$EM$3:$EM$7)^2)^0.5 -> 0 | Y12: =SUMPRODUCT(--(Y$3:Y$7-$EN$3:$EN$7)^2)^0.5 -> 0 | Z12: =SUMPRODUCT(--(Z$3:Z$7-$EL$3:$EL$7)^2)^0.5 -> 0 | AD12: =SUMPRODUCT(--(AD$3:AD$7-$EL$3:$EL$7)^2)^0.5 -> 0 | AE12: =SUMPRODUCT(--(AE$3:AE$7-$EM$3:$EM$7)^2)^0.5 -> 0 | AG12: =SUMPRODUCT(--(AG$3:AG$7-$EN$3:$EN$7)^2)^0.5 -> 0 | AH12: =SUMPRODUCT(--(AH$3:AH$7-$EL$3:$EL$7)^2)^0.5 -> 0 | AL12: =SUMPRODUCT(--(AL$3:AL$7-$EL$3:$EL$7)^2)^0.5 -> 0 | AM12: =SUMPRODUCT(--(AM$3:AM$7-$EM$3:$EM$7)^2)^0.5 -> 0 | AO12: =SUMPRODUCT(--(AO$3:AO$7-$EN$3:$EN$7)^2)^0.5 -> 0 | AP12: =SUMPRODUCT(--(AP$3:AP$7-$EL$3:$EL$7)^2)^0.5 -> 0 | AT12: =SUMPRODUCT(--(AT$3:AT$7-$EL$3:$EL$7)^2)^0.5 -> 0 | AU12: =SUMPRODUCT(--(AU$3:AU$7-$EM$3:$EM$7)^2)^0.5 -> 0 | AW12: =SUMPRODUCT(--(AW$3:AW$7-$EN$3:$EN$7)^2)^0.5 -> 0 | AX12: =SUMPRODUCT(--(AX$3:AX$7-$EL$3:$EL$7)^2)^0.5 -> 0 | BB12: =SUMPRODUCT(--(BB$3:BB$7-$EL$3:$EL$7)^2)^0.5 -> 0 | BC12: =SUMPRODUCT(--(BC$3:BC$7-$EM$3:$EM$7)^2)^0.5 -> 0 | BE12: =SUMPRODUCT(--(BE$3:BE$7-$EN$3:$EN$7)^2)^0.5 -> 0 | BF12: =SUMPRODUCT(--(BF$3:BF$7-$EL$3:$EL$7)^2)^0.5 -> 0 | BG12: =SUMPRODUCT(--(BG$3:BG$7-$EM$3:$EM$7)^2)^0.5 -> 0 | BI12: =SUMPRODUCT(--(BI$3:BI$7-$EN$3:$EN$7)^2)^0.5 -> 0 | BJ12: =SUMPRODUCT(--(BJ$3:BJ$7-$EL$3:$EL$7)^2)^0.5 -> 0 | BK12: =SUMPRODUCT(--(BK$3:BK$7-$EM$3:$EM$7)^2)^0.5 -> 0 | BM12: =SUMPRODUCT(--(BM$3:BM$7-$EN$3:$EN$7)^2)^0.5 -> 0 | BN12: =SUMPRODUCT(--(BN$3:BN$7-$EL$3:$EL$7)^2)^0.5 -> 0 | BO12: =SUMPRODUCT(--(BO$3:BO$7-$EM$3:$EM$7)^2)^0.5 -> 0 | BQ12: =SUMPRODUCT(--(BQ$3:BQ$7-$EN$3:$EN$7)^2)^0.5 -> 0 | BR12: =SUMPRODUCT(--(BR$3:BR$7-$EL$3:$EL$7)^2)^0.5 -> 0 | BS12: =SUMPRODUCT(--(BS$3:BS$7-$EM$3:$EM$7)^2)^0.5 -> 0 | BU12: =SUMPRODUCT(--(BU$3:BU$7-$EN$3:$EN$7)^2)^0.5 -> 0 | BV12: =SUMPRODUCT(--(BV$3:BV$7-$EL$3:$EL$7)^2)^0.5 -> 0 | BW12: =SUMPRODUCT(--(BW$3:BW$7-$EM$3:$EM$7)^2)^0.5 -> 0 | BY12: =SUMPRODUCT(--(BY$3:BY$7-$EN$3:$EN$7)^2)^0.5 -> 0 | BZ12: =SUMPRODUCT(--(BZ$3:BZ$7-$EL$3:$EL$7)^2)^0.5 -> 0 | CA12: =SUMPRODUCT(--(CA$3:CA$7-$EM$3:$EM$7)^2)^0.5 -> 0 | CC12: =SUMPRODUCT(--(CC$3:CC$7-$EN$3:$EN$7)^2)^0.5 -> 0 | CD12: =SUMPRODUCT(--(CD$3:CD$7-$EL$3:$EL$7)^2)^0.5 -> 0 | CE12: =SUMPRODUCT(--(CE$3:CE$7-$EM$3:$EM$7)^2)^0.5 -> 0 | CG12: =SUMPRODUCT(--(CG$3:CG$7-$EN$3:$EN$7)^2)^0.5 -> 0 | CH12: =SUMPRODUCT(--(CH$3:CH$7-$EL$3:$EL$7)^2)^0.5 -> 0 | CI12: =SUMPRODUCT(--(CI$3:CI$7-$EM$3:$EM$7)^2)^0.5 -> 0 | CK12: =SUMPRODUCT(--(CK$3:CK$7-$EN$3:$EN$7)^2)^0.5 -> 0 | CL12: =SUMPRODUCT(--(CL$3:CL$7-$EL$3:$EL$7)^2)^0.5 -> 0 | CM12: =SUMPRODUCT(--(CM$3:CM$7-$EM$3:$EM$7)^2)^0.5 -> 0 | CO12: =SUMPRODUCT(--(CO$3:CO$7-$EN$3:$EN$7)^2)^0.5 -> 0 | CP12: =SUMPRODUCT(--(CP$3:CP$7-$EL$3:$EL$7)^2)^0.5 -> 0 | CQ12: =SUMPRODUCT(--(CQ$3:CQ$7-$EM$3:$EM$7)^2)^0.5 -> 0 | CS12: =SUMPRODUCT(--(CS$3:CS$7-$EN$3:$EN$7)^2)^0.5 -> 0 | CT12: =SUMPRODUCT(--(CT$3:CT$7-$EL$3:$EL$7)^2)^0.5 -> 0 | CU12: =SUMPRODUCT(--(CU$3:CU$7-$EM$3:$EM$7)^2)^0.5 -> 0 | CW12: =SUMPRODUCT(--(CW$3:CW$7-$EN$3:$EN$7)^2)^0.5 -> 0 | CX12: =SUMPRODUCT(--(CX$3:CX$7-$EL$3:$EL$7)^2)^0.5 -> 0 | CY12: =SUMPRODUCT(--(CY$3:CY$7-$EM$3:$EM$7)^2)^0.5 -> 0 | DA12: =SUMPRODUCT(--(DA$3:DA$7-$EN$3:$EN$7)^2)^0.5 -> 0 | DB12: =SUMPRODUCT(--(DB$3:DB$7-$EL$3:$EL$7)^2)^0.5 -> 0 | DC12: =SUMPRODUCT(--(DC$3:DC$7-$EM$3:$EM$7)^2)^0.5 -> 0 | DE12: =SUMPRODUCT(--(DE$3:DE$7-$EN$3:$EN$7)^2)^0.5 -> 0 | DF12: =SUMPRODUCT(--(DF$3:DF$7-$EL$3:$EL$7)^2)^0.5 -> 0 | DG12: =SUMPRODUCT(--(DG$3:DG$7-$EM$3:$EM$7)^2)^0.5 -> 0 | DI12: =SUMPRODUCT(--(DI$3:DI$7-$EN$3:$EN$7)^2)^0.5 -> 0 | DJ12: =SUMPRODUCT(--(DJ$3:DJ$7-$EL$3:$EL$7)^2)^0.5 -> 0 | DK12: =SUMPRODUCT(--(DK$3:DK$7-$EM$3:$EM$7)^2)^0.5 -> 0 | DM12: =SUMPRODUCT(--(DM$3:DM$7-$EN$3:$EN$7)^2)^0.5 -> 0 | DN12: =SUMPRODUCT(--(DN$3:DN$7-$EL$3:$EL$7)^2)^0.5 -> 0 | DO12: =SUMPRODUCT(--(DO$3:DO$7-$EM$3:$EM$7)^2)^0.5 -> 0 | DQ12: =SUMPRODUCT(--(DQ$3:DQ$7-$EN$3:$EN$7)^2)^0.5 -> 0 | DR12: =SUMPRODUCT(--(DR$3:DR$7-$EL$3:$EL$7)^2)^0.5 -> 0 | DS12: =SUMPRODUCT(--(DS$3:DS$7-$EM$3:$EM$7)^2)^0.5 -> 0 | DU12: =SUMPRODUCT(--(DU$3:DU$7-$EN$3:$EN$7)^2)^0.5 -> 0 | DV12: =SUMPRODUCT(--(DV$3:DV$7-$EL$3:$EL$7)^2)^0.5 -> 0 | DW12: =SUMPRODUCT(--(DW$3:DW$7-$EM$3:$EM$7)^2)^0.5 -> 0 | DY12: =SUMPRODUCT(--(DY$3:DY$7-$EN$3:$EN$7)^2)^0.5 -> 0 | DZ12: =SUMPRODUCT(--(DZ$3:DZ$7-$EL$3:$EL$7)^2)^0.5 -> 0 | EA12: =SUMPRODUCT(--(EA$3:EA$7-$EM$3:$EM$7)^2)^0.5 -> 0 | EC12: =SUMPRODUCT(--(EC$3:EC$7-$EN$3:$EN$7)^2)^0.5 -> 0 | ED12: =SUMPRODUCT(--(ED$3:ED$7-$EL$3:$EL$7)^2)^0.5 -> 0 | EE12: =SUMPRODUCT(--(EE$3:EE$7-$EM$3:$EM$7)^2)^0.5 -> 0 | EG12: =SUMPRODUCT(--(EG$3:EG$7-$EN$3:$EN$7)^2)^0.5 -> 0 | EH12: =SUMPRODUCT(--(EH$3:EH$7-$EL$3:$EL$7)^2)^0.5 -> 0 | EI12: =SUMPRODUCT(--(EI$3:EI$7-$EM$3:$EM$7)^2)^0.5 -> 0 | EK12: =SUMPRODUCT(--(EK$3:EK$7-$EN$3:$EN$7)^2)^0.5 -> 0
A13: BEST | B13: =SUMPRODUCT(NOT(ISBLANK(B$3:B$7))*(B$3:B$7=$EL$3:$EL$7)) -> 0 | F13: =SUMPRODUCT(NOT(ISBLANK(F$3:F$7))*(F$3:F$7=$EL$3:$EL$7)) -> 0 | G13: =SUMPRODUCT(NOT(ISBLANK(G$3:G$7))*(G$3:G$7=$EM$3:$EM$7)) -> 0 | I13: =SUMPRODUCT(NOT(ISBLANK(I$3:I$7))*(I$3:I$7=$EN$3:$EN$7)) -> 0 | J13: =SUMPRODUCT(NOT(ISBLANK(J$3:J$7))*(J$3:J$7=$EL$3:$EL$7)) -> 0 | N13: =SUMPRODUCT(NOT(ISBLANK(N$3:N$7))*(N$3:N$7=$EL$3:$EL$7)) -> 0 | O13: =SUMPRODUCT(NOT(ISBLANK(O$3:O$7))*(O$3:O$7=$EM$3:$EM$7)) -> 0 | Q13: =SUMPRODUCT(NOT(ISBLANK(Q$3:Q$7))*(Q$3:Q$7=$EN$3:$EN$7)) -> 0 | R13: =SUMPRODUCT(NOT(ISBLANK(R$3:R$7))*(R$3:R$7=$EL$3:$EL$7)) -> 0 | V13: =SUMPRODUCT(NOT(ISBLANK(V$3:V$7))*(V$3:V$7=$EL$3:$EL$7)) -> 0 | W13: =SUMPRODUCT(NOT(ISBLANK(W$3:W$7))*(W$3:W$7=$EM$3:$EM$7)) -> 0 | Y13: =SUMPRODUCT(NOT(ISBLANK(Y$3:Y$7))*(Y$3:Y$7=$EN$3:$EN$7)) -> 0 | Z13: =SUMPRODUCT(NOT(ISBLANK(Z$3:Z$7))*(Z$3:Z$7=$EL$3:$EL$7)) -> 0 | AD13: =SUMPRODUCT(NOT(ISBLANK(AD$3:AD$7))*(AD$3:AD$7=$EL$3:$EL$7)) -> 0 | AE13: =SUMPRODUCT(NOT(ISBLANK(AE$3:AE$7))*(AE$3:AE$7=$EM$3:$EM$7)) -> 0 | AG13: =SUMPRODUCT(NOT(ISBLANK(AG$3:AG$7))*(AG$3:AG$7=$EN$3:$EN$7)) -> 0 | AH13: =SUMPRODUCT(NOT(ISBLANK(AH$3:AH$7))*(AH$3:AH$7=$EL$3:$EL$7)) -> 0 | AL13: =SUMPRODUCT(NOT(ISBLANK(AL$3:AL$7))*(AL$3:AL$7=$EL$3:$EL$7)) -> 0 | AM13: =SUMPRODUCT(NOT(ISBLANK(AM$3:AM$7))*(AM$3:AM$7=$EM$3:$EM$7)) -> 0 | AO13: =SUMPRODUCT(NOT(ISBLANK(AO$3:AO$7))*(AO$3:AO$7=$EN$3:$EN$7)) -> 0 | AP13: =SUMPRODUCT(NOT(ISBLANK(AP$3:AP$7))*(AP$3:AP$7=$EL$3:$EL$7)) -> 0 | AT13: =SUMPRODUCT(NOT(ISBLANK(AT$3:AT$7))*(AT$3:AT$7=$EL$3:$EL$7)) -> 0 | AU13: =SUMPRODUCT(NOT(ISBLANK(AU$3:AU$7))*(AU$3:AU$7=$EM$3:$EM$7)) -> 0 | AW13: =SUMPRODUCT(NOT(ISBLANK(AW$3:AW$7))*(AW$3:AW$7=$EN$3:$EN$7)) -> 0 | AX13: =SUMPRODUCT(NOT(ISBLANK(AX$3:AX$7))*(AX$3:AX$7=$EL$3:$EL$7)) -> 0 | BB13: =SUMPRODUCT(NOT(ISBLANK(BB$3:BB$7))*(BB$3:BB$7=$EL$3:$EL$7)) -> 0 | BC13: =SUMPRODUCT(NOT(ISBLANK(BC$3:BC$7))*(BC$3:BC$7=$EM$3:$EM$7)) -> 0 | BE13: =SUMPRODUCT(NOT(ISBLANK(BE$3:BE$7))*(BE$3:BE$7=$EN$3:$EN$7)) -> 0 | BF13: =SUMPRODUCT(NOT(ISBLANK(BF$3:BF$7))*(BF$3:BF$7=$EL$3:$EL$7)) -> 0 | BG13: =SUMPRODUCT(NOT(ISBLANK(BG$3:BG$7))*(BG$3:BG$7=$EM$3:$EM$7)) -> 0 | BI13: =SUMPRODUCT(NOT(ISBLANK(BI$3:BI$7))*(BI$3:BI$7=$EN$3:$EN$7)) -> 0 | BJ13: =SUMPRODUCT(NOT(ISBLANK(BJ$3:BJ$7))*(BJ$3:BJ$7=$EL$3:$EL$7)) -> 0 | BK13: =SUMPRODUCT(NOT(ISBLANK(BK$3:BK$7))*(BK$3:BK$7=$EM$3:$EM$7)) -> 0 | BM13: =SUMPRODUCT(NOT(ISBLANK(BM$3:BM$7))*(BM$3:BM$7=$EN$3:$EN$7)) -> 0 | BN13: =SUMPRODUCT(NOT(ISBLANK(BN$3:BN$7))*(BN$3:BN$7=$EL$3:$EL$7)) -> 0 | BO13: =SUMPRODUCT(NOT(ISBLANK(BO$3:BO$7))*(BO$3:BO$7=$EM$3:$EM$7)) -> 0 | BQ13: =SUMPRODUCT(NOT(ISBLANK(BQ$3:BQ$7))*(BQ$3:BQ$7=$EN$3:$EN$7)) -> 0 | BR13: =SUMPRODUCT(NOT(ISBLANK(BR$3:BR$7))*(BR$3:BR$7=$EL$3:$EL$7)) -> 0 | BS13: =SUMPRODUCT(NOT(ISBLANK(BS$3:BS$7))*(BS$3:BS$7=$EM$3:$EM$7)) -> 0 | BU13: =SUMPRODUCT(NOT(ISBLANK(BU$3:BU$7))*(BU$3:BU$7=$EN$3:$EN$7)) -> 0 | BV13: =SUMPRODUCT(NOT(ISBLANK(BV$3:BV$7))*(BV$3:BV$7=$EL$3:$EL$7)) -> 0 | BW13: =SUMPRODUCT(NOT(ISBLANK(BW$3:BW$7))*(BW$3:BW$7=$EM$3:$EM$7)) -> 0 | BY13: =SUMPRODUCT(NOT(ISBLANK(BY$3:BY$7))*(BY$3:BY$7=$EN$3:$EN$7)) -> 0 | BZ13: =SUMPRODUCT(NOT(ISBLANK(BZ$3:BZ$7))*(BZ$3:BZ$7=$EL$3:$EL$7)) -> 0 | CA13: =SUMPRODUCT(NOT(ISBLANK(CA$3:CA$7))*(CA$3:CA$7=$EM$3:$EM$7)) -> 0 | CC13: =SUMPRODUCT(NOT(ISBLANK(CC$3:CC$7))*(CC$3:CC$7=$EN$3:$EN$7)) -> 0 | CD13: =SUMPRODUCT(NOT(ISBLANK(CD$3:CD$7))*(CD$3:CD$7=$EL$3:$EL$7)) -> 0 | CE13: =SUMPRODUCT(NOT(ISBLANK(CE$3:CE$7))*(CE$3:CE$7=$EM$3:$EM$7)) -> 0 | CG13: =SUMPRODUCT(NOT(ISBLANK(CG$3:CG$7))*(CG$3:CG$7=$EN$3:$EN$7)) -> 0 | CH13: =SUMPRODUCT(NOT(ISBLANK(CH$3:CH$7))*(CH$3:CH$7=$EL$3:$EL$7)) -> 0 | CI13: =SUMPRODUCT(NOT(ISBLANK(CI$3:CI$7))*(CI$3:CI$7=$EM$3:$EM$7)) -> 0 | CK13: =SUMPRODUCT(NOT(ISBLANK(CK$3:CK$7))*(CK$3:CK$7=$EN$3:$EN$7)) -> 0 | CL13: =SUMPRODUCT(NOT(ISBLANK(CL$3:CL$7))*(CL$3:CL$7=$EL$3:$EL$7)) -> 0 | CM13: =SUMPRODUCT(NOT(ISBLANK(CM$3:CM$7))*(CM$3:CM$7=$EM$3:$EM$7)) -> 0 | CO13: =SUMPRODUCT(NOT(ISBLANK(CO$3:CO$7))*(CO$3:CO$7=$EN$3:$EN$7)) -> 0 | CP13: =SUMPRODUCT(NOT(ISBLANK(CP$3:CP$7))*(CP$3:CP$7=$EL$3:$EL$7)) -> 0 | CQ13: =SUMPRODUCT(NOT(ISBLANK(CQ$3:CQ$7))*(CQ$3:CQ$7=$EM$3:$EM$7)) -> 0 | CS13: =SUMPRODUCT(NOT(ISBLANK(CS$3:CS$7))*(CS$3:CS$7=$EN$3:$EN$7)) -> 0 | CT13: =SUMPRODUCT(NOT(ISBLANK(CT$3:CT$7))*(CT$3:CT$7=$EL$3:$EL$7)) -> 0 | CU13: =SUMPRODUCT(NOT(ISBLANK(CU$3:CU$7))*(CU$3:CU$7=$EM$3:$EM$7)) -> 0 | CW13: =SUMPRODUCT(NOT(ISBLANK(CW$3:CW$7))*(CW$3:CW$7=$EN$3:$EN$7)) -> 0 | CX13: =SUMPRODUCT(NOT(ISBLANK(CX$3:CX$7))*(CX$3:CX$7=$EL$3:$EL$7)) -> 0 | CY13: =SUMPRODUCT(NOT(ISBLANK(CY$3:CY$7))*(CY$3:CY$7=$EM$3:$EM$7)) -> 0 | DA13: =SUMPRODUCT(NOT(ISBLANK(DA$3:DA$7))*(DA$3:DA$7=$EN$3:$EN$7)) -> 0 | DB13: =SUMPRODUCT(NOT(ISBLANK(DB$3:DB$7))*(DB$3:DB$7=$EL$3:$EL$7)) -> 0 | DC13: =SUMPRODUCT(NOT(ISBLANK(DC$3:DC$7))*(DC$3:DC$7=$EM$3:$EM$7)) -> 0 | DE13: =SUMPRODUCT(NOT(ISBLANK(DE$3:DE$7))*(DE$3:DE$7=$EN$3:$EN$7)) -> 0 | DF13: =SUMPRODUCT(NOT(ISBLANK(DF$3:DF$7))*(DF$3:DF$7=$EL$3:$EL$7)) -> 0 | DG13: =SUMPRODUCT(NOT(ISBLANK(DG$3:DG$7))*(DG$3:DG$7=$EM$3:$EM$7)) -> 0 | DI13: =SUMPRODUCT(NOT(ISBLANK(DI$3:DI$7))*(DI$3:DI$7=$EN$3:$EN$7)) -> 0 | DJ13: =SUMPRODUCT(NOT(ISBLANK(DJ$3:DJ$7))*(DJ$3:DJ$7=$EL$3:$EL$7)) -> 0 | DK13: =SUMPRODUCT(NOT(ISBLANK(DK$3:DK$7))*(DK$3:DK$7=$EM$3:$EM$7)) -> 0 | DM13: =SUMPRODUCT(NOT(ISBLANK(DM$3:DM$7))*(DM$3:DM$7=$EN$3:$EN$7)) -> 0 | DN13: =SUMPRODUCT(NOT(ISBLANK(DN$3:DN$7))*(DN$3:DN$7=$EL$3:$EL$7)) -> 0 | DO13: =SUMPRODUCT(NOT(ISBLANK(DO$3:DO$7))*(DO$3:DO$7=$EM$3:$EM$7)) -> 0 | DQ13: =SUMPRODUCT(NOT(ISBLANK(DQ$3:DQ$7))*(DQ$3:DQ$7=$EN$3:$EN$7)) -> 0 | DR13: =SUMPRODUCT(NOT(ISBLANK(DR$3:DR$7))*(DR$3:DR$7=$EL$3:$EL$7)) -> 0 | DS13: =SUMPRODUCT(NOT(ISBLANK(DS$3:DS$7))*(DS$3:DS$7=$EM$3:$EM$7)) -> 0 | DU13: =SUMPRODUCT(NOT(ISBLANK(DU$3:DU$7))*(DU$3:DU$7=$EN$3:$EN$7)) -> 0 | DV13: =SUMPRODUCT(NOT(ISBLANK(DV$3:DV$7))*(DV$3:DV$7=$EL$3:$EL$7)) -> 0 | DW13: =SUMPRODUCT(NOT(ISBLANK(DW$3:DW$7))*(DW$3:DW$7=$EM$3:$EM$7)) -> 0 | DY13: =SUMPRODUCT(NOT(ISBLANK(DY$3:DY$7))*(DY$3:DY$7=$EN$3:$EN$7)) -> 0 | DZ13: =SUMPRODUCT(NOT(ISBLANK(DZ$3:DZ$7))*(DZ$3:DZ$7=$EL$3:$EL$7)) -> 0 | EA13: =SUMPRODUCT(NOT(ISBLANK(EA$3:EA$7))*(EA$3:EA$7=$EM$3:$EM$7)) -> 0 | EC13: =SUMPRODUCT(NOT(ISBLANK(EC$3:EC$7))*(EC$3:EC$7=$EN$3:$EN$7)) -> 0 | ED13: =SUMPRODUCT(NOT(ISBLANK(ED$3:ED$7))*(ED$3:ED$7=$EL$3:$EL$7)) -> 0 | EE13: =SUMPRODUCT(NOT(ISBLANK(EE$3:EE$7))*(EE$3:EE$7=$EM$3:$EM$7)) -> 0 | EG13: =SUMPRODUCT(NOT(ISBLANK(EG$3:EG$7))*(EG$3:EG$7=$EN$3:$EN$7)) -> 0 | EH13: =SUMPRODUCT(NOT(ISBLANK(EH$3:EH$7))*(EH$3:EH$7=$EL$3:$EL$7)) -> 0 | EI13: =SUMPRODUCT(NOT(ISBLANK(EI$3:EI$7))*(EI$3:EI$7=$EM$3:$EM$7)) -> 0 | EK13: =SUMPRODUCT(NOT(ISBLANK(EK$3:EK$7))*(EK$3:EK$7=$EN$3:$EN$7)) -> 0
A14: BETTER | B14: =SUMPRODUCT(NOT(ISBLANK(B$3:B$7))*(B$3:B$7<$EO$3:$EO$7)) -> 0 | F14: =SUMPRODUCT(NOT(ISBLANK(F$3:F$7))*(F$3:F$7<$EO$3:$EO$7)) -> 0 | G14: =SUMPRODUCT(NOT(ISBLANK(G$3:G$7))*(G$3:G$7<$EP$3:$EP$7)) -> 0 | I14: =SUMPRODUCT(NOT(ISBLANK(I$3:I$7))*(I$3:I$7<$EQ$3:$EQ$7)) -> 0 | J14: =SUMPRODUCT(NOT(ISBLANK(J$3:J$7))*(J$3:J$7<$EO$3:$EO$7)) -> 0 | N14: =SUMPRODUCT(NOT(ISBLANK(N$3:N$7))*(N$3:N$7<$EO$3:$EO$7)) -> 0 | O14: =SUMPRODUCT(NOT(ISBLANK(O$3:O$7))*(O$3:O$7<$EP$3:$EP$7)) -> 0 | Q14: =SUMPRODUCT(NOT(ISBLANK(Q$3:Q$7))*(Q$3:Q$7<$EQ$3:$EQ$7)) -> 0 | R14: =SUMPRODUCT(NOT(ISBLANK(R$3:R$7))*(R$3:R$7<$EO$3:$EO$7)) -> 0 | V14: =SUMPRODUCT(NOT(ISBLANK(V$3:V$7))*(V$3:V$7<$EO$3:$EO$7)) -> 0 | W14: =SUMPRODUCT(NOT(ISBLANK(W$3:W$7))*(W$3:W$7<$EP$3:$EP$7)) -> 0 | Y14: =SUMPRODUCT(NOT(ISBLANK(Y$3:Y$7))*(Y$3:Y$7<$EQ$3:$EQ$7)) -> 0 | Z14: =SUMPRODUCT(NOT(ISBLANK(Z$3:Z$7))*(Z$3:Z$7<$EO$3:$EO$7)) -> 0 | AD14: =SUMPRODUCT(NOT(ISBLANK(AD$3:AD$7))*(AD$3:AD$7<$EO$3:$EO$7)) -> 0 | AE14: =SUMPRODUCT(NOT(ISBLANK(AE$3:AE$7))*(AE$3:AE$7<$EP$3:$EP$7)) -> 0 | AG14: =SUMPRODUCT(NOT(ISBLANK(AG$3:AG$7))*(AG$3:AG$7<$EQ$3:$EQ$7)) -> 0 | AH14: =SUMPRODUCT(NOT(ISBLANK(AH$3:AH$7))*(AH$3:AH$7<$EO$3:$EO$7)) -> 0 | AL14: =SUMPRODUCT(NOT(ISBLANK(AL$3:AL$7))*(AL$3:AL$7<$EO$3:$EO$7)) -> 0 | AM14: =SUMPRODUCT(NOT(ISBLANK(AM$3:AM$7))*(AM$3:AM$7<$EP$3:$EP$7)) -> 0 | AO14: =SUMPRODUCT(NOT(ISBLANK(AO$3:AO$7))*(AO$3:AO$7<$EQ$3:$EQ$7)) -> 0 | AP14: =SUMPRODUCT(NOT(ISBLANK(AP$3:AP$7))*(AP$3:AP$7<$EO$3:$EO$7)) -> 0 | AT14: =SUMPRODUCT(NOT(ISBLANK(AT$3:AT$7))*(AT$3:AT$7<$EO$3:$EO$7)) -> 0 | AU14: =SUMPRODUCT(NOT(ISBLANK(AU$3:AU$7))*(AU$3:AU$7<$EP$3:$EP$7)) -> 0 | AW14: =SUMPRODUCT(NOT(ISBLANK(AW$3:AW$7))*(AW$3:AW$7<$EQ$3:$EQ$7)) -> 0 | AX14: =SUMPRODUCT(NOT(ISBLANK(AX$3:AX$7))*(AX$3:AX$7<$EO$3:$EO$7)) -> 0 | BB14: =SUMPRODUCT(NOT(ISBLANK(BB$3:BB$7))*(BB$3:BB$7<$EO$3:$EO$7)) -> 0 | BC14: =SUMPRODUCT(NOT(ISBLANK(BC$3:BC$7))*(BC$3:BC$7<$EP$3:$EP$7)) -> 0 | BE14: =SUMPRODUCT(NOT(ISBLANK(BE$3:BE$7))*(BE$3:BE$7<$EQ$3:$EQ$7)) -> 0 | BF14: =SUMPRODUCT(NOT(ISBLANK(BF$3:BF$7))*(BF$3:BF$7<$EO$3:$EO$7)) -> 0 | BG14: =SUMPRODUCT(NOT(ISBLANK(BG$3:BG$7))*(BG$3:BG$7<$EP$3:$EP$7)) -> 0 | BI14: =SUMPRODUCT(NOT(ISBLANK(BI$3:BI$7))*(BI$3:BI$7<$EQ$3:$EQ$7)) -> 0 | BJ14: =SUMPRODUCT(NOT(ISBLANK(BJ$3:BJ$7))*(BJ$3:BJ$7<$EO$3:$EO$7)) -> 0 | BK14: =SUMPRODUCT(NOT(ISBLANK(BK$3:BK$7))*(BK$3:BK$7<$EP$3:$EP$7)) -> 0 | BM14: =SUMPRODUCT(NOT(ISBLANK(BM$3:BM$7))*(BM$3:BM$7<$EQ$3:$EQ$7)) -> 0 | BN14: =SUMPRODUCT(NOT(ISBLANK(BN$3:BN$7))*(BN$3:BN$7<$EO$3:$EO$7)) -> 0 | BO14: =SUMPRODUCT(NOT(ISBLANK(BO$3:BO$7))*(BO$3:BO$7<$EP$3:$EP$7)) -> 0 | BQ14: =SUMPRODUCT(NOT(ISBLANK(BQ$3:BQ$7))*(BQ$3:BQ$7<$EQ$3:$EQ$7)) -> 0 | BR14: =SUMPRODUCT(NOT(ISBLANK(BR$3:BR$7))*(BR$3:BR$7<$EO$3:$EO$7)) -> 0 | BS14: =SUMPRODUCT(NOT(ISBLANK(BS$3:BS$7))*(BS$3:BS$7<$EP$3:$EP$7)) -> 0 | BU14: =SUMPRODUCT(NOT(ISBLANK(BU$3:BU$7))*(BU$3:BU$7<$EQ$3:$EQ$7)) -> 0 | BV14: =SUMPRODUCT(NOT(ISBLANK(BV$3:BV$7))*(BV$3:BV$7<$EO$3:$EO$7)) -> 0 | BW14: =SUMPRODUCT(NOT(ISBLANK(BW$3:BW$7))*(BW$3:BW$7<$EP$3:$EP$7)) -> 0 | BY14: =SUMPRODUCT(NOT(ISBLANK(BY$3:BY$7))*(BY$3:BY$7<$EQ$3:$EQ$7)) -> 0 | BZ14: =SUMPRODUCT(NOT(ISBLANK(BZ$3:BZ$7))*(BZ$3:BZ$7<$EO$3:$EO$7)) -> 0 | CA14: =SUMPRODUCT(NOT(ISBLANK(CA$3:CA$7))*(CA$3:CA$7<$EP$3:$EP$7)) -> 0 | CC14: =SUMPRODUCT(NOT(ISBLANK(CC$3:CC$7))*(CC$3:CC$7<$EQ$3:$EQ$7)) -> 0 | CD14: =SUMPRODUCT(NOT(ISBLANK(CD$3:CD$7))*(CD$3:CD$7<$EO$3:$EO$7)) -> 0 | CE14: =SUMPRODUCT(NOT(ISBLANK(CE$3:CE$7))*(CE$3:CE$7<$EP$3:$EP$7)) -> 0 | CG14: =SUMPRODUCT(NOT(ISBLANK(CG$3:CG$7))*(CG$3:CG$7<$EQ$3:$EQ$7)) -> 0 | CH14: =SUMPRODUCT(NOT(ISBLANK(CH$3:CH$7))*(CH$3:CH$7<$EO$3:$EO$7)) -> 0 | CI14: =SUMPRODUCT(NOT(ISBLANK(CI$3:CI$7))*(CI$3:CI$7<$EP$3:$EP$7)) -> 0 | CK14: =SUMPRODUCT(NOT(ISBLANK(CK$3:CK$7))*(CK$3:CK$7<$EQ$3:$EQ$7)) -> 0 | CL14: =SUMPRODUCT(NOT(ISBLANK(CL$3:CL$7))*(CL$3:CL$7<$EO$3:$EO$7)) -> 0 | CM14: =SUMPRODUCT(NOT(ISBLANK(CM$3:CM$7))*(CM$3:CM$7<$EP$3:$EP$7)) -> 0 | CO14: =SUMPRODUCT(NOT(ISBLANK(CO$3:CO$7))*(CO$3:CO$7<$EQ$3:$EQ$7)) -> 0 | CP14: =SUMPRODUCT(NOT(ISBLANK(CP$3:CP$7))*(CP$3:CP$7<$EO$3:$EO$7)) -> 0 | CQ14: =SUMPRODUCT(NOT(ISBLANK(CQ$3:CQ$7))*(CQ$3:CQ$7<$EP$3:$EP$7)) -> 0 | CS14: =SUMPRODUCT(NOT(ISBLANK(CS$3:CS$7))*(CS$3:CS$7<$EQ$3:$EQ$7)) -> 0 | CT14: =SUMPRODUCT(NOT(ISBLANK(CT$3:CT$7))*(CT$3:CT$7<$EO$3:$EO$7)) -> 0 | CU14: =SUMPRODUCT(NOT(ISBLANK(CU$3:CU$7))*(CU$3:CU$7<$EP$3:$EP$7)) -> 0 | CW14: =SUMPRODUCT(NOT(ISBLANK(CW$3:CW$7))*(CW$3:CW$7<$EQ$3:$EQ$7)) -> 0 | CX14: =SUMPRODUCT(NOT(ISBLANK(CX$3:CX$7))*(CX$3:CX$7<$EO$3:$EO$7)) -> 0 | CY14: =SUMPRODUCT(NOT(ISBLANK(CY$3:CY$7))*(CY$3:CY$7<$EP$3:$EP$7)) -> 0 | DA14: =SUMPRODUCT(NOT(ISBLANK(DA$3:DA$7))*(DA$3:DA$7<$EQ$3:$EQ$7)) -> 0 | DB14: =SUMPRODUCT(NOT(ISBLANK(DB$3:DB$7))*(DB$3:DB$7<$EO$3:$EO$7)) -> 0 | DC14: =SUMPRODUCT(NOT(ISBLANK(DC$3:DC$7))*(DC$3:DC$7<$EP$3:$EP$7)) -> 0 | DE14: =SUMPRODUCT(NOT(ISBLANK(DE$3:DE$7))*(DE$3:DE$7<$EQ$3:$EQ$7)) -> 0 | DF14: =SUMPRODUCT(NOT(ISBLANK(DF$3:DF$7))*(DF$3:DF$7<$EO$3:$EO$7)) -> 0 | DG14: =SUMPRODUCT(NOT(ISBLANK(DG$3:DG$7))*(DG$3:DG$7<$EP$3:$EP$7)) -> 0 | DI14: =SUMPRODUCT(NOT(ISBLANK(DI$3:DI$7))*(DI$3:DI$7<$EQ$3:$EQ$7)) -> 0 | DJ14: =SUMPRODUCT(NOT(ISBLANK(DJ$3:DJ$7))*(DJ$3:DJ$7<$EO$3:$EO$7)) -> 0 | DK14: =SUMPRODUCT(NOT(ISBLANK(DK$3:DK$7))*(DK$3:DK$7<$EP$3:$EP$7)) -> 0 | DM14: =SUMPRODUCT(NOT(ISBLANK(DM$3:DM$7))*(DM$3:DM$7<$EQ$3:$EQ$7)) -> 0 | DN14: =SUMPRODUCT(NOT(ISBLANK(DN$3:DN$7))*(DN$3:DN$7<$EO$3:$EO$7)) -> 0 | DO14: =SUMPRODUCT(NOT(ISBLANK(DO$3:DO$7))*(DO$3:DO$7<$EP$3:$EP$7)) -> 0 | DQ14: =SUMPRODUCT(NOT(ISBLANK(DQ$3:DQ$7))*(DQ$3:DQ$7<$EQ$3:$EQ$7)) -> 0 | DR14: =SUMPRODUCT(NOT(ISBLANK(DR$3:DR$7))*(DR$3:DR$7<$EO$3:$EO$7)) -> 0 | DS14: =SUMPRODUCT(NOT(ISBLANK(DS$3:DS$7))*(DS$3:DS$7<$EP$3:$EP$7)) -> 0 | DU14: =SUMPRODUCT(NOT(ISBLANK(DU$3:DU$7))*(DU$3:DU$7<$EQ$3:$EQ$7)) -> 0 | DV14: =SUMPRODUCT(NOT(ISBLANK(DV$3:DV$7))*(DV$3:DV$7<$EO$3:$EO$7)) -> 0 | DW14: =SUMPRODUCT(NOT(ISBLANK(DW$3:DW$7))*(DW$3:DW$7<$EP$3:$EP$7)) -> 0 | DY14: =SUMPRODUCT(NOT(ISBLANK(DY$3:DY$7))*(DY$3:DY$7<$EQ$3:$EQ$7)) -> 0 | DZ14: =SUMPRODUCT(NOT(ISBLANK(DZ$3:DZ$7))*(DZ$3:DZ$7<$EO$3:$EO$7)) -> 0 | EA14: =SUMPRODUCT(NOT(ISBLANK(EA$3:EA$7))*(EA$3:EA$7<$EP$3:$EP$7)) -> 0 | EC14: =SUMPRODUCT(NOT(ISBLANK(EC$3:EC$7))*(EC$3:EC$7<$EQ$3:$EQ$7)) -> 0 | ED14: =SUMPRODUCT(NOT(ISBLANK(ED$3:ED$7))*(ED$3:ED$7<$EO$3:$EO$7)) -> 0 | EE14: =SUMPRODUCT(NOT(ISBLANK(EE$3:EE$7))*(EE$3:EE$7<$EP$3:$EP$7)) -> 0 | EG14: =SUMPRODUCT(NOT(ISBLANK(EG$3:EG$7))*(EG$3:EG$7<$EQ$3:$EQ$7)) -> 0 | EH14: =SUMPRODUCT(NOT(ISBLANK(EH$3:EH$7))*(EH$3:EH$7<$EO$3:$EO$7)) -> 0 | EI14: =SUMPRODUCT(NOT(ISBLANK(EI$3:EI$7))*(EI$3:EI$7<$EP$3:$EP$7)) -> 0 | EK14: =SUMPRODUCT(NOT(ISBLANK(EK$3:EK$7))*(EK$3:EK$7<$EQ$3:$EQ$7)) -> 0
A15: WORSE | B15: =SUMPRODUCT((NOT(ISBLANK(B$3:B$7))*(B$3:B$7>$EO$3:$EO$7))+ISBLANK(B$3:B$7)) -> 0 | F15: =SUMPRODUCT((NOT(ISBLANK(F$3:F$7))*(F$3:F$7>$EO$3:$EO$7))+ISBLANK(F$3:F$7)) -> 0 | G15: =SUMPRODUCT((NOT(ISBLANK(G$3:G$7))*(G$3:G$7>$EP$3:$EP$7))+ISBLANK(G$3:G$7)) -> 0 | I15: =SUMPRODUCT((NOT(ISBLANK(I$3:I$7))*(I$3:I$7>$EQ$3:$EQ$7))+ISBLANK(I$3:I$7)) -> 0 | J15: =SUMPRODUCT((NOT(ISBLANK(J$3:J$7))*(J$3:J$7>$EO$3:$EO$7))+ISBLANK(J$3:J$7)) -> 0 | N15: =SUMPRODUCT((NOT(ISBLANK(N$3:N$7))*(N$3:N$7>$EO$3:$EO$7))+ISBLANK(N$3:N$7)) -> 0 | O15: =SUMPRODUCT((NOT(ISBLANK(O$3:O$7))*(O$3:O$7>$EP$3:$EP$7))+ISBLANK(O$3:O$7)) -> 0 | Q15: =SUMPRODUCT((NOT(ISBLANK(Q$3:Q$7))*(Q$3:Q$7>$EQ$3:$EQ$7))+ISBLANK(Q$3:Q$7)) -> 0 | R15: =SUMPRODUCT((NOT(ISBLANK(R$3:R$7))*(R$3:R$7>$EO$3:$EO$7))+ISBLANK(R$3:R$7)) -> 0 | V15: =SUMPRODUCT((NOT(ISBLANK(V$3:V$7))*(V$3:V$7>$EO$3:$EO$7))+ISBLANK(V$3:V$7)) -> 0 | W15: =SUMPRODUCT((NOT(ISBLANK(W$3:W$7))*(W$3:W$7>$EP$3:$EP$7))+ISBLANK(W$3:W$7)) -> 0 | Y15: =SUMPRODUCT((NOT(ISBLANK(Y$3:Y$7))*(Y$3:Y$7>$EQ$3:$EQ$7))+ISBLANK(Y$3:Y$7)) -> 0 | Z15: =SUMPRODUCT((NOT(ISBLANK(Z$3:Z$7))*(Z$3:Z$7>$EO$3:$EO$7))+ISBLANK(Z$3:Z$7)) -> 0 | AD15: =SUMPRODUCT((NOT(ISBLANK(AD$3:AD$7))*(AD$3:AD$7>$EO$3:$EO$7))+ISBLANK(AD$3:AD$7)) -> 0 | AE15: =SUMPRODUCT((NOT(ISBLANK(AE$3:AE$7))*(AE$3:AE$7>$EP$3:$EP$7))+ISBLANK(AE$3:AE$7)) -> 0 | AG15: =SUMPRODUCT((NOT(ISBLANK(AG$3:AG$7))*(AG$3:AG$7>$EQ$3:$EQ$7))+ISBLANK(AG$3:AG$7)) -> 0 | AH15: =SUMPRODUCT((NOT(ISBLANK(AH$3:AH$7))*(AH$3:AH$7>$EO$3:$EO$7))+ISBLANK(AH$3:AH$7)) -> 0 | AL15: =SUMPRODUCT((NOT(ISBLANK(AL$3:AL$7))*(AL$3:AL$7>$EO$3:$EO$7))+ISBLANK(AL$3:AL$7)) -> 0 | AM15: =SUMPRODUCT((NOT(ISBLANK(AM$3:AM$7))*(AM$3:AM$7>$EP$3:$EP$7))+ISBLANK(AM$3:AM$7)) -> 0 | AO15: =SUMPRODUCT((NOT(ISBLANK(AO$3:AO$7))*(AO$3:AO$7>$EQ$3:$EQ$7))+ISBLANK(AO$3:AO$7)) -> 0 | AP15: =SUMPRODUCT((NOT(ISBLANK(AP$3:AP$7))*(AP$3:AP$7>$EO$3:$EO$7))+ISBLANK(AP$3:AP$7)) -> 0 | AT15: =SUMPRODUCT((NOT(ISBLANK(AT$3:AT$7))*(AT$3:AT$7>$EO$3:$EO$7))+ISBLANK(AT$3:AT$7)) -> 0 | AU15: =SUMPRODUCT((NOT(ISBLANK(AU$3:AU$7))*(AU$3:AU$7>$EP$3:$EP$7))+ISBLANK(AU$3:AU$7)) -> 0 | AW15: =SUMPRODUCT((NOT(ISBLANK(AW$3:AW$7))*(AW$3:AW$7>$EQ$3:$EQ$7))+ISBLANK(AW$3:AW$7)) -> 0 | AX15: =SUMPRODUCT((NOT(ISBLANK(AX$3:AX$7))*(AX$3:AX$7>$EO$3:$EO$7))+ISBLANK(AX$3:AX$7)) -> 0 | BB15: =SUMPRODUCT((NOT(ISBLANK(BB$3:BB$7))*(BB$3:BB$7>$EO$3:$EO$7))+ISBLANK(BB$3:BB$7)) -> 0 | BC15: =SUMPRODUCT((NOT(ISBLANK(BC$3:BC$7))*(BC$3:BC$7>$EP$3:$EP$7))+ISBLANK(BC$3:BC$7)) -> 0 | BE15: =SUMPRODUCT((NOT(ISBLANK(BE$3:BE$7))*(BE$3:BE$7>$EQ$3:$EQ$7))+ISBLANK(BE$3:BE$7)) -> 0 | BF15: =SUMPRODUCT((NOT(ISBLANK(BF$3:BF$7))*(BF$3:BF$7>$EO$3:$EO$7))+ISBLANK(BF$3:BF$7)) -> 0 | BG15: =SUMPRODUCT((NOT(ISBLANK(BG$3:BG$7))*(BG$3:BG$7>$EP$3:$EP$7))+ISBLANK(BG$3:BG$7)) -> 0 | BI15: =SUMPRODUCT((NOT(ISBLANK(BI$3:BI$7))*(BI$3:BI$7>$EQ$3:$EQ$7))+ISBLANK(BI$3:BI$7)) -> 0 | BJ15: =SUMPRODUCT((NOT(ISBLANK(BJ$3:BJ$7))*(BJ$3:BJ$7>$EO$3:$EO$7))+ISBLANK(BJ$3:BJ$7)) -> 0 | BK15: =SUMPRODUCT((NOT(ISBLANK(BK$3:BK$7))*(BK$3:BK$7>$EP$3:$EP$7))+ISBLANK(BK$3:BK$7)) -> 0 | BM15: =SUMPRODUCT((NOT(ISBLANK(BM$3:BM$7))*(BM$3:BM$7>$EQ$3:$EQ$7))+ISBLANK(BM$3:BM$7)) -> 0 | BN15: =SUMPRODUCT((NOT(ISBLANK(BN$3:BN$7))*(BN$3:BN$7>$EO$3:$EO$7))+ISBLANK(BN$3:BN$7)) -> 0 | BO15: =SUMPRODUCT((NOT(ISBLANK(BO$3:BO$7))*(BO$3:BO$7>$EP$3:$EP$7))+ISBLANK(BO$3:BO$7)) -> 0 | BQ15: =SUMPRODUCT((NOT(ISBLANK(BQ$3:BQ$7))*(BQ$3:BQ$7>$EQ$3:$EQ$7))+ISBLANK(BQ$3:BQ$7)) -> 0 | BR15: =SUMPRODUCT((NOT(ISBLANK(BR$3:BR$7))*(BR$3:BR$7>$EO$3:$EO$7))+ISBLANK(BR$3:BR$7)) -> 0 | BS15: =SUMPRODUCT((NOT(ISBLANK(BS$3:BS$7))*(BS$3:BS$7>$EP$3:$EP$7))+ISBLANK(BS$3:BS$7)) -> 0 | BU15: =SUMPRODUCT((NOT(ISBLANK(BU$3:BU$7))*(BU$3:BU$7>$EQ$3:$EQ$7))+ISBLANK(BU$3:BU$7)) -> 0 | BV15: =SUMPRODUCT((NOT(ISBLANK(BV$3:BV$7))*(BV$3:BV$7>$EO$3:$EO$7))+ISBLANK(BV$3:BV$7)) -> 0 | BW15: =SUMPRODUCT((NOT(ISBLANK(BW$3:BW$7))*(BW$3:BW$7>$EP$3:$EP$7))+ISBLANK(BW$3:BW$7)) -> 0 | BY15: =SUMPRODUCT((NOT(ISBLANK(BY$3:BY$7))*(BY$3:BY$7>$EQ$3:$EQ$7))+ISBLANK(BY$3:BY$7)) -> 0 | BZ15: =SUMPRODUCT((NOT(ISBLANK(BZ$3:BZ$7))*(BZ$3:BZ$7>$EO$3:$EO$7))+ISBLANK(BZ$3:BZ$7)) -> 0 | CA15: =SUMPRODUCT((NOT(ISBLANK(CA$3:CA$7))*(CA$3:CA$7>$EP$3:$EP$7))+ISBLANK(CA$3:CA$7)) -> 0 | CC15: =SUMPRODUCT((NOT(ISBLANK(CC$3:CC$7))*(CC$3:CC$7>$EQ$3:$EQ$7))+ISBLANK(CC$3:CC$7)) -> 0 | CD15: =SUMPRODUCT((NOT(ISBLANK(CD$3:CD$7))*(CD$3:CD$7>$EO$3:$EO$7))+ISBLANK(CD$3:CD$7)) -> 0 | CE15: =SUMPRODUCT((NOT(ISBLANK(CE$3:CE$7))*(CE$3:CE$7>$EP$3:$EP$7))+ISBLANK(CE$3:CE$7)) -> 0 | CG15: =SUMPRODUCT((NOT(ISBLANK(CG$3:CG$7))*(CG$3:CG$7>$EQ$3:$EQ$7))+ISBLANK(CG$3:CG$7)) -> 0 | CH15: =SUMPRODUCT((NOT(ISBLANK(CH$3:CH$7))*(CH$3:CH$7>$EO$3:$EO$7))+ISBLANK(CH$3:CH$7)) -> 0 | CI15: =SUMPRODUCT((NOT(ISBLANK(CI$3:CI$7))*(CI$3:CI$7>$EP$3:$EP$7))+ISBLANK(CI$3:CI$7)) -> 0 | CK15: =SUMPRODUCT((NOT(ISBLANK(CK$3:CK$7))*(CK$3:CK$7>$EQ$3:$EQ$7))+ISBLANK(CK$3:CK$7)) -> 0 | CL15: =SUMPRODUCT((NOT(ISBLANK(CL$3:CL$7))*(CL$3:CL$7>$EO$3:$EO$7))+ISBLANK(CL$3:CL$7)) -> 0 | CM15: =SUMPRODUCT((NOT(ISBLANK(CM$3:CM$7))*(CM$3:CM$7>$EP$3:$EP$7))+ISBLANK(CM$3:CM$7)) -> 0 | CO15: =SUMPRODUCT((NOT(ISBLANK(CO$3:CO$7))*(CO$3:CO$7>$EQ$3:$EQ$7))+ISBLANK(CO$3:CO$7)) -> 0 | CP15: =SUMPRODUCT((NOT(ISBLANK(CP$3:CP$7))*(CP$3:CP$7>$EO$3:$EO$7))+ISBLANK(CP$3:CP$7)) -> 0 | CQ15: =SUMPRODUCT((NOT(ISBLANK(CQ$3:CQ$7))*(CQ$3:CQ$7>$EP$3:$EP$7))+ISBLANK(CQ$3:CQ$7)) -> 0 | CS15: =SUMPRODUCT((NOT(ISBLANK(CS$3:CS$7))*(CS$3:CS$7>$EQ$3:$EQ$7))+ISBLANK(CS$3:CS$7)) -> 0 | CT15: =SUMPRODUCT((NOT(ISBLANK(CT$3:CT$7))*(CT$3:CT$7>$EO$3:$EO$7))+ISBLANK(CT$3:CT$7)) -> 0 | CU15: =SUMPRODUCT((NOT(ISBLANK(CU$3:CU$7))*(CU$3:CU$7>$EP$3:$EP$7))+ISBLANK(CU$3:CU$7)) -> 0 | CW15: =SUMPRODUCT((NOT(ISBLANK(CW$3:CW$7))*(CW$3:CW$7>$EQ$3:$EQ$7))+ISBLANK(CW$3:CW$7)) -> 0 | CX15: =SUMPRODUCT((NOT(ISBLANK(CX$3:CX$7))*(CX$3:CX$7>$EO$3:$EO$7))+ISBLANK(CX$3:CX$7)) -> 0 | CY15: =SUMPRODUCT((NOT(ISBLANK(CY$3:CY$7))*(CY$3:CY$7>$EP$3:$EP$7))+ISBLANK(CY$3:CY$7)) -> 0 | DA15: =SUMPRODUCT((NOT(ISBLANK(DA$3:DA$7))*(DA$3:DA$7>$EQ$3:$EQ$7))+ISBLANK(DA$3:DA$7)) -> 0 | DB15: =SUMPRODUCT((NOT(ISBLANK(DB$3:DB$7))*(DB$3:DB$7>$EO$3:$EO$7))+ISBLANK(DB$3:DB$7)) -> 0 | DC15: =SUMPRODUCT((NOT(ISBLANK(DC$3:DC$7))*(DC$3:DC$7>$EP$3:$EP$7))+ISBLANK(DC$3:DC$7)) -> 0 | DE15: =SUMPRODUCT((NOT(ISBLANK(DE$3:DE$7))*(DE$3:DE$7>$EQ$3:$EQ$7))+ISBLANK(DE$3:DE$7)) -> 0 | DF15: =SUMPRODUCT((NOT(ISBLANK(DF$3:DF$7))*(DF$3:DF$7>$EO$3:$EO$7))+ISBLANK(DF$3:DF$7)) -> 0 | DG15: =SUMPRODUCT((NOT(ISBLANK(DG$3:DG$7))*(DG$3:DG$7>$EP$3:$EP$7))+ISBLANK(DG$3:DG$7)) -> 0 | DI15: =SUMPRODUCT((NOT(ISBLANK(DI$3:DI$7))*(DI$3:DI$7>$EQ$3:$EQ$7))+ISBLANK(DI$3:DI$7)) -> 0 | DJ15: =SUMPRODUCT((NOT(ISBLANK(DJ$3:DJ$7))*(DJ$3:DJ$7>$EO$3:$EO$7))+ISBLANK(DJ$3:DJ$7)) -> 0 | DK15: =SUMPRODUCT((NOT(ISBLANK(DK$3:DK$7))*(DK$3:DK$7>$EP$3:$EP$7))+ISBLANK(DK$3:DK$7)) -> 0 | DM15: =SUMPRODUCT((NOT(ISBLANK(DM$3:DM$7))*(DM$3:DM$7>$EQ$3:$EQ$7))+ISBLANK(DM$3:DM$7)) -> 0 | DN15: =SUMPRODUCT((NOT(ISBLANK(DN$3:DN$7))*(DN$3:DN$7>$EO$3:$EO$7))+ISBLANK(DN$3:DN$7)) -> 0 | DO15: =SUMPRODUCT((NOT(ISBLANK(DO$3:DO$7))*(DO$3:DO$7>$EP$3:$EP$7))+ISBLANK(DO$3:DO$7)) -> 0 | DQ15: =SUMPRODUCT((NOT(ISBLANK(DQ$3:DQ$7))*(DQ$3:DQ$7>$EQ$3:$EQ$7))+ISBLANK(DQ$3:DQ$7)) -> 0 | DR15: =SUMPRODUCT((NOT(ISBLANK(DR$3:DR$7))*(DR$3:DR$7>$EO$3:$EO$7))+ISBLANK(DR$3:DR$7)) -> 0 | DS15: =SUMPRODUCT((NOT(ISBLANK(DS$3:DS$7))*(DS$3:DS$7>$EP$3:$EP$7))+ISBLANK(DS$3:DS$7)) -> 0 | DU15: =SUMPRODUCT((NOT(ISBLANK(DU$3:DU$7))*(DU$3:DU$7>$EQ$3:$EQ$7))+ISBLANK(DU$3:DU$7)) -> 0 | DV15: =SUMPRODUCT((NOT(ISBLANK(DV$3:DV$7))*(DV$3:DV$7>$EO$3:$EO$7))+ISBLANK(DV$3:DV$7)) -> 0 | DW15: =SUMPRODUCT((NOT(ISBLANK(DW$3:DW$7))*(DW$3:DW$7>$EP$3:$EP$7))+ISBLANK(DW$3:DW$7)) -> 0 | DY15: =SUMPRODUCT((NOT(ISBLANK(DY$3:DY$7))*(DY$3:DY$7>$EQ$3:$EQ$7))+ISBLANK(DY$3:DY$7)) -> 0 | DZ15: =SUMPRODUCT((NOT(ISBLANK(DZ$3:DZ$7))*(DZ$3:DZ$7>$EO$3:$EO$7))+ISBLANK(DZ$3:DZ$7)) -> 0 | EA15: =SUMPRODUCT((NOT(ISBLANK(EA$3:EA$7))*(EA$3:EA$7>$EP$3:$EP$7))+ISBLANK(EA$3:EA$7)) -> 0 | EC15: =SUMPRODUCT((NOT(ISBLANK(EC$3:EC$7))*(EC$3:EC$7>$EQ$3:$EQ$7))+ISBLANK(EC$3:EC$7)) -> 0 | ED15: =SUMPRODUCT((NOT(ISBLANK(ED$3:ED$7))*(ED$3:ED$7>$EO$3:$EO$7))+ISBLANK(ED$3:ED$7)) -> 0 | EE15: =SUMPRODUCT((NOT(ISBLANK(EE$3:EE$7))*(EE$3:EE$7>$EP$3:$EP$7))+ISBLANK(EE$3:EE$7)) -> 0 | EG15: =SUMPRODUCT((NOT(ISBLANK(EG$3:EG$7))*(EG$3:EG$7>$EQ$3:$EQ$7))+ISBLANK(EG$3:EG$7)) -> 0 | EH15: =SUMPRODUCT((NOT(ISBLANK(EH$3:EH$7))*(EH$3:EH$7>$EO$3:$EO$7))+ISBLANK(EH$3:EH$7)) -> 0 | EI15: =SUMPRODUCT((NOT(ISBLANK(EI$3:EI$7))*(EI$3:EI$7>$EP$3:$EP$7))+ISBLANK(EI$3:EI$7)) -> 0 | EK15: =SUMPRODUCT((NOT(ISBLANK(EK$3:EK$7))*(EK$3:EK$7>$EQ$3:$EQ$7))+ISBLANK(EK$3:EK$7)) -> 0
A16: WORST | B16: =SUMPRODUCT((NOT(ISBLANK(B$3:B$7))*(B$3:B$7=$ER$3:$ER$7))+ISBLANK(B$3:B$7)) -> 0 | F16: =SUMPRODUCT((NOT(ISBLANK(F$3:F$7))*(F$3:F$7=$ER$3:$ER$7))+ISBLANK(F$3:F$7)) -> 0 | G16: =SUMPRODUCT((NOT(ISBLANK(G$3:G$7))*(G$3:G$7=$ES$3:$ES$7))+ISBLANK(G$3:G$7)) -> 0 | I16: =SUMPRODUCT((NOT(ISBLANK(I$3:I$7))*(I$3:I$7=$ET$3:$ET$7))+ISBLANK(I$3:I$7)) -> 0 | J16: =SUMPRODUCT((NOT(ISBLANK(J$3:J$7))*(J$3:J$7=$ER$3:$ER$7))+ISBLANK(J$3:J$7)) -> 0 | N16: =SUMPRODUCT((NOT(ISBLANK(N$3:N$7))*(N$3:N$7=$ER$3:$ER$7))+ISBLANK(N$3:N$7)) -> 0 | O16: =SUMPRODUCT((NOT(ISBLANK(O$3:O$7))*(O$3:O$7=$ES$3:$ES$7))+ISBLANK(O$3:O$7)) -> 0 | Q16: =SUMPRODUCT((NOT(ISBLANK(Q$3:Q$7))*(Q$3:Q$7=$ET$3:$ET$7))+ISBLANK(Q$3:Q$7)) -> 0 | R16: =SUMPRODUCT((NOT(ISBLANK(R$3:R$7))*(R$3:R$7=$ER$3:$ER$7))+ISBLANK(R$3:R$7)) -> 0 | V16: =SUMPRODUCT((NOT(ISBLANK(V$3:V$7))*(V$3:V$7=$ER$3:$ER$7))+ISBLANK(V$3:V$7)) -> 0 | W16: =SUMPRODUCT((NOT(ISBLANK(W$3:W$7))*(W$3:W$7=$ES$3:$ES$7))+ISBLANK(W$3:W$7)) -> 0 | Y16: =SUMPRODUCT((NOT(ISBLANK(Y$3:Y$7))*(Y$3:Y$7=$ET$3:$ET$7))+ISBLANK(Y$3:Y$7)) -> 0 | Z16: =SUMPRODUCT((NOT(ISBLANK(Z$3:Z$7))*(Z$3:Z$7=$ER$3:$ER$7))+ISBLANK(Z$3:Z$7)) -> 0 | AD16: =SUMPRODUCT((NOT(ISBLANK(AD$3:AD$7))*(AD$3:AD$7=$ER$3:$ER$7))+ISBLANK(AD$3:AD$7)) -> 0 | AE16: =SUMPRODUCT((NOT(ISBLANK(AE$3:AE$7))*(AE$3:AE$7=$ES$3:$ES$7))+ISBLANK(AE$3:AE$7)) -> 0 | AG16: =SUMPRODUCT((NOT(ISBLANK(AG$3:AG$7))*(AG$3:AG$7=$ET$3:$ET$7))+ISBLANK(AG$3:AG$7)) -> 0 | AH16: =SUMPRODUCT((NOT(ISBLANK(AH$3:AH$7))*(AH$3:AH$7=$ER$3:$ER$7))+ISBLANK(AH$3:AH$7)) -> 0 | AL16: =SUMPRODUCT((NOT(ISBLANK(AL$3:AL$7))*(AL$3:AL$7=$ER$3:$ER$7))+ISBLANK(AL$3:AL$7)) -> 0 | AM16: =SUMPRODUCT((NOT(ISBLANK(AM$3:AM$7))*(AM$3:AM$7=$ES$3:$ES$7))+ISBLANK(AM$3:AM$7)) -> 0 | AO16: =SUMPRODUCT((NOT(ISBLANK(AO$3:AO$7))*(AO$3:AO$7=$ET$3:$ET$7))+ISBLANK(AO$3:AO$7)) -> 0 | AP16: =SUMPRODUCT((NOT(ISBLANK(AP$3:AP$7))*(AP$3:AP$7=$ER$3:$ER$7))+ISBLANK(AP$3:AP$7)) -> 0 | AT16: =SUMPRODUCT((NOT(ISBLANK(AT$3:AT$7))*(AT$3:AT$7=$ER$3:$ER$7))+ISBLANK(AT$3:AT$7)) -> 0 | AU16: =SUMPRODUCT((NOT(ISBLANK(AU$3:AU$7))*(AU$3:AU$7=$ES$3:$ES$7))+ISBLANK(AU$3:AU$7)) -> 0 | AW16: =SUMPRODUCT((NOT(ISBLANK(AW$3:AW$7))*(AW$3:AW$7=$ET$3:$ET$7))+ISBLANK(AW$3:AW$7)) -> 0 | AX16: =SUMPRODUCT((NOT(ISBLANK(AX$3:AX$7))*(AX$3:AX$7=$ER$3:$ER$7))+ISBLANK(AX$3:AX$7)) -> 0 | BB16: =SUMPRODUCT((NOT(ISBLANK(BB$3:BB$7))*(BB$3:BB$7=$ER$3:$ER$7))+ISBLANK(BB$3:BB$7)) -> 0 | BC16: =SUMPRODUCT((NOT(ISBLANK(BC$3:BC$7))*(BC$3:BC$7=$ES$3:$ES$7))+ISBLANK(BC$3:BC$7)) -> 0 | BE16: =SUMPRODUCT((NOT(ISBLANK(BE$3:BE$7))*(BE$3:BE$7=$ET$3:$ET$7))+ISBLANK(BE$3:BE$7)) -> 0 | BF16: =SUMPRODUCT((NOT(ISBLANK(BF$3:BF$7))*(BF$3:BF$7=$ER$3:$ER$7))+ISBLANK(BF$3:BF$7)) -> 0 | BG16: =SUMPRODUCT((NOT(ISBLANK(BG$3:BG$7))*(BG$3:BG$7=$ES$3:$ES$7))+ISBLANK(BG$3:BG$7)) -> 0 | BI16: =SUMPRODUCT((NOT(ISBLANK(BI$3:BI$7))*(BI$3:BI$7=$ET$3:$ET$7))+ISBLANK(BI$3:BI$7)) -> 0 | BJ16: =SUMPRODUCT((NOT(ISBLANK(BJ$3:BJ$7))*(BJ$3:BJ$7=$ER$3:$ER$7))+ISBLANK(BJ$3:BJ$7)) -> 0 | BK16: =SUMPRODUCT((NOT(ISBLANK(BK$3:BK$7))*(BK$3:BK$7=$ES$3:$ES$7))+ISBLANK(BK$3:BK$7)) -> 0 | BM16: =SUMPRODUCT((NOT(ISBLANK(BM$3:BM$7))*(BM$3:BM$7=$ET$3:$ET$7))+ISBLANK(BM$3:BM$7)) -> 0 | BN16: =SUMPRODUCT((NOT(ISBLANK(BN$3:BN$7))*(BN$3:BN$7=$ER$3:$ER$7))+ISBLANK(BN$3:BN$7)) -> 0 | BO16: =SUMPRODUCT((NOT(ISBLANK(BO$3:BO$7))*(BO$3:BO$7=$ES$3:$ES$7))+ISBLANK(BO$3:BO$7)) -> 0 | BQ16: =SUMPRODUCT((NOT(ISBLANK(BQ$3:BQ$7))*(BQ$3:BQ$7=$ET$3:$ET$7))+ISBLANK(BQ$3:BQ$7)) -> 0 | BR16: =SUMPRODUCT((NOT(ISBLANK(BR$3:BR$7))*(BR$3:BR$7=$ER$3:$ER$7))+ISBLANK(BR$3:BR$7)) -> 0 | BS16: =SUMPRODUCT((NOT(ISBLANK(BS$3:BS$7))*(BS$3:BS$7=$ES$3:$ES$7))+ISBLANK(BS$3:BS$7)) -> 0 | BU16: =SUMPRODUCT((NOT(ISBLANK(BU$3:BU$7))*(BU$3:BU$7=$ET$3:$ET$7))+ISBLANK(BU$3:BU$7)) -> 0 | BV16: =SUMPRODUCT((NOT(ISBLANK(BV$3:BV$7))*(BV$3:BV$7=$ER$3:$ER$7))+ISBLANK(BV$3:BV$7)) -> 0 | BW16: =SUMPRODUCT((NOT(ISBLANK(BW$3:BW$7))*(BW$3:BW$7=$ES$3:$ES$7))+ISBLANK(BW$3:BW$7)) -> 0 | BY16: =SUMPRODUCT((NOT(ISBLANK(BY$3:BY$7))*(BY$3:BY$7=$ET$3:$ET$7))+ISBLANK(BY$3:BY$7)) -> 0 | BZ16: =SUMPRODUCT((NOT(ISBLANK(BZ$3:BZ$7))*(BZ$3:BZ$7=$ER$3:$ER$7))+ISBLANK(BZ$3:BZ$7)) -> 0 | CA16: =SUMPRODUCT((NOT(ISBLANK(CA$3:CA$7))*(CA$3:CA$7=$ES$3:$ES$7))+ISBLANK(CA$3:CA$7)) -> 0 | CC16: =SUMPRODUCT((NOT(ISBLANK(CC$3:CC$7))*(CC$3:CC$7=$ET$3:$ET$7))+ISBLANK(CC$3:CC$7)) -> 0 | CD16: =SUMPRODUCT((NOT(ISBLANK(CD$3:CD$7))*(CD$3:CD$7=$ER$3:$ER$7))+ISBLANK(CD$3:CD$7)) -> 0 | CE16: =SUMPRODUCT((NOT(ISBLANK(CE$3:CE$7))*(CE$3:CE$7=$ES$3:$ES$7))+ISBLANK(CE$3:CE$7)) -> 0 | CG16: =SUMPRODUCT((NOT(ISBLANK(CG$3:CG$7))*(CG$3:CG$7=$ET$3:$ET$7))+ISBLANK(CG$3:CG$7)) -> 0 | CH16: =SUMPRODUCT((NOT(ISBLANK(CH$3:CH$7))*(CH$3:CH$7=$ER$3:$ER$7))+ISBLANK(CH$3:CH$7)) -> 0 | CI16: =SUMPRODUCT((NOT(ISBLANK(CI$3:CI$7))*(CI$3:CI$7=$ES$3:$ES$7))+ISBLANK(CI$3:CI$7)) -> 0 | CK16: =SUMPRODUCT((NOT(ISBLANK(CK$3:CK$7))*(CK$3:CK$7=$ET$3:$ET$7))+ISBLANK(CK$3:CK$7)) -> 0 | CL16: =SUMPRODUCT((NOT(ISBLANK(CL$3:CL$7))*(CL$3:CL$7=$ER$3:$ER$7))+ISBLANK(CL$3:CL$7)) -> 0 | CM16: =SUMPRODUCT((NOT(ISBLANK(CM$3:CM$7))*(CM$3:CM$7=$ES$3:$ES$7))+ISBLANK(CM$3:CM$7)) -> 0 | CO16: =SUMPRODUCT((NOT(ISBLANK(CO$3:CO$7))*(CO$3:CO$7=$ET$3:$ET$7))+ISBLANK(CO$3:CO$7)) -> 0 | CP16: =SUMPRODUCT((NOT(ISBLANK(CP$3:CP$7))*(CP$3:CP$7=$ER$3:$ER$7))+ISBLANK(CP$3:CP$7)) -> 0 | CQ16: =SUMPRODUCT((NOT(ISBLANK(CQ$3:CQ$7))*(CQ$3:CQ$7=$ES$3:$ES$7))+ISBLANK(CQ$3:CQ$7)) -> 0 | CS16: =SUMPRODUCT((NOT(ISBLANK(CS$3:CS$7))*(CS$3:CS$7=$ET$3:$ET$7))+ISBLANK(CS$3:CS$7)) -> 0 | CT16: =SUMPRODUCT((NOT(ISBLANK(CT$3:CT$7))*(CT$3:CT$7=$ER$3:$ER$7))+ISBLANK(CT$3:CT$7)) -> 0 | CU16: =SUMPRODUCT((NOT(ISBLANK(CU$3:CU$7))*(CU$3:CU$7=$ES$3:$ES$7))+ISBLANK(CU$3:CU$7)) -> 0 | CW16: =SUMPRODUCT((NOT(ISBLANK(CW$3:CW$7))*(CW$3:CW$7=$ET$3:$ET$7))+ISBLANK(CW$3:CW$7)) -> 0 | CX16: =SUMPRODUCT((NOT(ISBLANK(CX$3:CX$7))*(CX$3:CX$7=$ER$3:$ER$7))+ISBLANK(CX$3:CX$7)) -> 0 | CY16: =SUMPRODUCT((NOT(ISBLANK(CY$3:CY$7))*(CY$3:CY$7=$ES$3:$ES$7))+ISBLANK(CY$3:CY$7)) -> 0 | DA16: =SUMPRODUCT((NOT(ISBLANK(DA$3:DA$7))*(DA$3:DA$7=$ET$3:$ET$7))+ISBLANK(DA$3:DA$7)) -> 0 | DB16: =SUMPRODUCT((NOT(ISBLANK(DB$3:DB$7))*(DB$3:DB$7=$ER$3:$ER$7))+ISBLANK(DB$3:DB$7)) -> 0 | DC16: =SUMPRODUCT((NOT(ISBLANK(DC$3:DC$7))*(DC$3:DC$7=$ES$3:$ES$7))+ISBLANK(DC$3:DC$7)) -> 0 | DE16: =SUMPRODUCT((NOT(ISBLANK(DE$3:DE$7))*(DE$3:DE$7=$ET$3:$ET$7))+ISBLANK(DE$3:DE$7)) -> 0 | DF16: =SUMPRODUCT((NOT(ISBLANK(DF$3:DF$7))*(DF$3:DF$7=$ER$3:$ER$7))+ISBLANK(DF$3:DF$7)) -> 0 | DG16: =SUMPRODUCT((NOT(ISBLANK(DG$3:DG$7))*(DG$3:DG$7=$ES$3:$ES$7))+ISBLANK(DG$3:DG$7)) -> 0 | DI16: =SUMPRODUCT((NOT(ISBLANK(DI$3:DI$7))*(DI$3:DI$7=$ET$3:$ET$7))+ISBLANK(DI$3:DI$7)) -> 0 | DJ16: =SUMPRODUCT((NOT(ISBLANK(DJ$3:DJ$7))*(DJ$3:DJ$7=$ER$3:$ER$7))+ISBLANK(DJ$3:DJ$7)) -> 0 | DK16: =SUMPRODUCT((NOT(ISBLANK(DK$3:DK$7))*(DK$3:DK$7=$ES$3:$ES$7))+ISBLANK(DK$3:DK$7)) -> 0 | DM16: =SUMPRODUCT((NOT(ISBLANK(DM$3:DM$7))*(DM$3:DM$7=$ET$3:$ET$7))+ISBLANK(DM$3:DM$7)) -> 0 | DN16: =SUMPRODUCT((NOT(ISBLANK(DN$3:DN$7))*(DN$3:DN$7=$ER$3:$ER$7))+ISBLANK(DN$3:DN$7)) -> 0 | DO16: =SUMPRODUCT((NOT(ISBLANK(DO$3:DO$7))*(DO$3:DO$7=$ES$3:$ES$7))+ISBLANK(DO$3:DO$7)) -> 0 | DQ16: =SUMPRODUCT((NOT(ISBLANK(DQ$3:DQ$7))*(DQ$3:DQ$7=$ET$3:$ET$7))+ISBLANK(DQ$3:DQ$7)) -> 0 | DR16: =SUMPRODUCT((NOT(ISBLANK(DR$3:DR$7))*(DR$3:DR$7=$ER$3:$ER$7))+ISBLANK(DR$3:DR$7)) -> 0 | DS16: =SUMPRODUCT((NOT(ISBLANK(DS$3:DS$7))*(DS$3:DS$7=$ES$3:$ES$7))+ISBLANK(DS$3:DS$7)) -> 0 | DU16: =SUMPRODUCT((NOT(ISBLANK(DU$3:DU$7))*(DU$3:DU$7=$ET$3:$ET$7))+ISBLANK(DU$3:DU$7)) -> 0 | DV16: =SUMPRODUCT((NOT(ISBLANK(DV$3:DV$7))*(DV$3:DV$7=$ER$3:$ER$7))+ISBLANK(DV$3:DV$7)) -> 0 | DW16: =SUMPRODUCT((NOT(ISBLANK(DW$3:DW$7))*(DW$3:DW$7=$ES$3:$ES$7))+ISBLANK(DW$3:DW$7)) -> 0 | DY16: =SUMPRODUCT((NOT(ISBLANK(DY$3:DY$7))*(DY$3:DY$7=$ET$3:$ET$7))+ISBLANK(DY$3:DY$7)) -> 0 | DZ16: =SUMPRODUCT((NOT(ISBLANK(DZ$3:DZ$7))*(DZ$3:DZ$7=$ER$3:$ER$7))+ISBLANK(DZ$3:DZ$7)) -> 0 | EA16: =SUMPRODUCT((NOT(ISBLANK(EA$3:EA$7))*(EA$3:EA$7=$ES$3:$ES$7))+ISBLANK(EA$3:EA$7)) -> 0 | EC16: =SUMPRODUCT((NOT(ISBLANK(EC$3:EC$7))*(EC$3:EC$7=$ET$3:$ET$7))+ISBLANK(EC$3:EC$7)) -> 0 | ED16: =SUMPRODUCT((NOT(ISBLANK(ED$3:ED$7))*(ED$3:ED$7=$ER$3:$ER$7))+ISBLANK(ED$3:ED$7)) -> 0 | EE16: =SUMPRODUCT((NOT(ISBLANK(EE$3:EE$7))*(EE$3:EE$7=$ES$3:$ES$7))+ISBLANK(EE$3:EE$7)) -> 0 | EG16: =SUMPRODUCT((NOT(ISBLANK(EG$3:EG$7))*(EG$3:EG$7=$ET$3:$ET$7))+ISBLANK(EG$3:EG$7)) -> 0 | EH16: =SUMPRODUCT((NOT(ISBLANK(EH$3:EH$7))*(EH$3:EH$7=$ER$3:$ER$7))+ISBLANK(EH$3:EH$7)) -> 0 | EI16: =SUMPRODUCT((NOT(ISBLANK(EI$3:EI$7))*(EI$3:EI$7=$ES$3:$ES$7))+ISBLANK(EI$3:EI$7)) -> 0 | EK16: =SUMPRODUCT((NOT(ISBLANK(EK$3:EK$7))*(EK$3:EK$7=$ET$3:$ET$7))+ISBLANK(EK$3:EK$7)) -> 0

Sheet Classes
B1: memelingo-1/lambda-large_30_mlp-tplp-htc | F1: memelingo-1/lambda-large_30_mlp-tplp-htcdl | J1: memelingo-1/lambda-large_35_mlp-tplp-htc | N1: memelingo-1/lambda-large_35_mlp-tplp-htcdl | R1: memelingo-1/lambda-large_40_mlp-tplp-htc | V1: memelingo-1/lambda-large_40_mlp-tplp-htcdl | Z1: memelingo-1/lambda-large_45_mlp-tplp-htc | AD1: memelingo-1/lambda-large_45_mlp-tplp-htcdl | AH1: memelingo-1/lambda-large_50_mlp-tplp-htc | AL1: memelingo-1/lambda-large_50_mlp-tplp-htcdl | AP1: memelingo-1/lambda-large_55_mlp-tplp-htc | AT1: memelingo-1/lambda-large_55_mlp-tplp-htcdl | AX1: memelingo-1/lambda-large_60_mlp-tplp-htc | BB1: memelingo-1/lambda-large_60_mlp-tplp-htcdl | BF1: memelingo-1/lambda-small_10_mlp-tplp-ht | BJ1: memelingo-1/lambda-small_10_mlp-tplp-htc | BN1: memelingo-1/lambda-small_10_mlp-tplp-htcdl | BR1: memelingo-1/lambda-small_12_mlp-tplp-ht | BV1: memelingo-1/lambda-small_12_mlp-tplp-htc | BZ1: memelingo-1/lambda-small_12_mlp-tplp-htcdl | CD1: memelingo-1/lambda-small_14_mlp-tplp-ht | CH1: memelingo-1/lambda-small_14_mlp-tplp-htc | CL1: memelingo-1/lambda-small_14_mlp-tplp-htcdl | CP1: memelingo-1/lambda-small_16_mlp-tplp-ht | CT1: memelingo-1/lambda-small_16_mlp-tplp-htc | CX1: memelingo-1/lambda-small_16_mlp-tplp-htcdl | DB1: memelingo-1/lambda-small_18_mlp-tplp-ht | DF1: memelingo-1/lambda-small_18_mlp-tplp-htc | DJ1: memelingo-1/lambda-small_18_mlp-tplp-htcdl | DN1: memelingo-1/lambda-small_20_mlp-tplp-ht | DR1: memelingo-1/lambda-small_20_mlp-tplp-htc | DV1: memelingo-1/lambda-small_20_mlp-tplp-htcdl | DZ1: memelingo-1/lambda-small_22_mlp-tplp-ht | ED1: memelingo-1/lambda-small_22_mlp-tplp-htc | EH1: memelingo-1/lambda-small_22_mlp-tplp-htcdl | EL1: min | EO1: median | ER1: max
B2: time | C2: stime | D2: status | E2: rules | F2: time | G2: stime | H2: status | I2: rules | J2: time | K2: stime | L2: status | M2: rules | N2: time | O2: stime | P2: status | Q2: rules | R2: time | S2: stime | T2: status | U2: rules | V2: time | W2: stime | X2: status | Y2: rules | Z2: time | AA2: stime | AB2: status | AC2: rules | AD2: time | AE2: stime | AF2: status | AG2: rules | AH2: time | AI2: stime | AJ2: status | AK2: rules | AL2: time | AM2: stime | AN2: status | AO2: rules | AP2: time | AQ2: stime | AR2: status | AS2: rules | AT2: time | AU2: stime | AV2: status | AW2: rules | AX2: time | AY2: stime | AZ2: status | BA2: rules | BB2: time | BC2: stime | BD2: status | BE2: rules | BF2: time | BG2: stime | BH2: status | BI2: rules | BJ2: time | BK2: stime | BL2: status | BM2: rules | BN2: time | BO2: stime | BP2: status | BQ2: rules | BR2: time | BS2: stime | BT2: status | BU2: rules | BV2: time | BW2: stime | BX2: status | BY2: rules | BZ2: time | CA2: stime | CB2: status | CC2: rules | CD2: time | CE2: stime | CF2: status | CG2: rules | CH2: time | CI2: stime | CJ2: status | CK2: rules | CL2: time | CM2: stime | CN2: status | CO2: rules | CP2: time | CQ2: stime | CR2: status | CS2: rules | CT2: time | CU2: stime | CV2: status | CW2: rules | CX2: time | CY2: stime | CZ2: status | DA2: rules | DB2: time | DC2: stime | DD2: status | DE2: rules | DF2: time | DG2: stime | DH2: status | DI2: rules | DJ2: time | DK2: stime | DL2: status | DM2: rules | DN2: time | DO2: stime | DP2: status | DQ2: rules | DR2: time | DS2: stime | DT2: status | DU2: rules | DV2: time | DW2: stime | DX2: status | DY2: rules | DZ2: time | EA2: stime | EB2: status | EC2: rules | ED2: time | EE2: stime | EF2: status | EG2: rules | EH2: time | EI2: stime | EJ2: status | EK2: rules | EL2: time | EM2: stime | EN2: rules | EO2: time | EP2: stime | EQ2: rules | ER2: time | ES2: stime | ET2: rules
A3: instances | BF3: =AVERAGE(Instances!BF3:Instances!BF3) -> 0 | BG3: =AVERAGE(Instances!BG3:Instances!BG3) -> 0 | BI3: =AVERAGE(Instances!BI3:Instances!BI3) -> 0 | BJ3: =AVERAGE(Instances!BJ3:Instances!BJ3) -> 0 | BK3: =AVERAGE(Instances!BK3:Instances!BK3) -> 0 | BM3: =AVERAGE(Instances!BM3:Instances!BM3) -> 0 | BN3: =AVERAGE(Instances!BN3:Instances!BN3) -> 0 | BO3: =AVERAGE(Instances!BO3:Instances!BO3) -> 0 | BQ3: =AVERAGE(Instances!BQ3:Instances!BQ3) -> 0 | BR3: =AVERAGE(Instances!BR3:Instances!BR3) -> 0 | BS3: =AVERAGE(Instances!BS3:Instances!BS3) -> 0 | BU3: =AVERAGE(Instances!BU3:Instances!BU3) -> 0 | BV3: =AVERAGE(Instances!BV3:Instances!BV3) -> 0 | BW3: =AVERAGE(Instances!BW3:Instances!BW3) -> 0 | BY3: =AVERAGE(Instances!BY3:Instances!BY3) -> 0 | BZ3: =AVERAGE(Instances!BZ3:Instances!BZ3) -> 0 | CA3: =AVERAGE(Instances!CA3:Instances!CA3) -> 0 | CC3: =AVERAGE(Instances!CC3:Instances!CC3) -> 0 | CD3: =AVERAGE(Instances!CD3:Instances!CD3) -> 0 | CE3: =AVERAGE(Instances!CE3:Instances!CE3) -> 0 | CG3: =AVERAGE(Instances!CG3:Instances!CG3) -> 0 | CH3: =AVERAGE(Instances!CH3:Instances!CH3) -> 0 | CI3: =AVERAGE(Instances!CI3:Instances!CI3) -> 0 | CK3: =AVERAGE(Instances!CK3:Instances!CK3) -> 0 | CL3: =AVERAGE(Instances!CL3:Instances!CL3) -> 0 | CM3: =AVERAGE(Instances!CM3:Instances!CM3) -> 0 | CO3: =AVERAGE(Instances!CO3:Instances!CO3) -> 0 | CP3: =AVERAGE(Instances!CP3:Instances!CP3) -> 0 | CQ3: =AVERAGE(Instances!CQ3:Instances!CQ3) -> 0 | CS3: =AVERAGE(Instances!CS3:Instances!CS3) -> 0 | CT3: =AVERAGE(Instances!CT3:Instances!CT3) -> 0 | CU3: =AVERAGE(Instances!CU3:Instances!CU3) -> 0 | CW3: =AVERAGE(Instances!CW3:Instances!CW3) -> 0 | CX3: =AVERAGE(Instances!CX3:Instances!CX3) -> 0 | CY3: =AVERAGE(Instances!CY3:Instances!CY3) -> 0 | DA3: =AVERAGE(Instances!DA3:Instances!DA3) -> 0 | DB3: =AVERAGE(Instances!DB3:Instances!DB3) -> 0 | DC3: =AVERAGE(Instances!DC3:Instances!DC3) -> 0 | DE3: =AVERAGE(Instances!DE3:Instances!DE3) -> 0 | DF3: =AVERAGE(Instances!DF3:Instances!DF3) -> 0 | DG3: =AVERAGE(Instances!DG3:Instances!DG3) -> 0 | DI3: =AVERAGE(Instances!DI3:Instances!DI3) -> 0 | DJ3: =AVERAGE(Instances!DJ3:Instances!DJ3) -> 0 | DK3: =AVERAGE(Instances!DK3:Instances!DK3) -> 0 | DM3: =AVERAGE(Instances!DM3:Instances!DM3) -> 0 | DN3: =AVERAGE(Instances!DN3:Instances!DN3) -> 0 | DO3: =AVERAGE(Instances!DO3:Instances!DO3) -> 0 | DQ3: =AVERAGE(Instances!DQ3:Instances!DQ3) -> 0 | DR3: =AVERAGE(Instances!DR3:Instances!DR3) -> 0 | DS3: =AVERAGE(Instances!DS3:Instances!DS3) -> 0 | DU3: =AVERAGE(Instances!DU3:Instances!DU3) -> 0 | DV3: =AVERAGE(Instances!DV3:Instances!DV3) -> 0 | DW3: =AVERAGE(Instances!DW3:Instances!DW3) -> 0 | DY3: =AVERAGE(Instances!DY3:Instances!DY3) -> 0 | DZ3: =AVERAGE(Instances!DZ3:Instances!DZ3) -> 0 | EA3: =AVERAGE(Instances!EA3:Instances!EA3) -> 0 | EC3: =AVERAGE(Instances!EC3:Instances!EC3) -> 0 | ED3: =AVERAGE(Instances!ED3:Instances!ED3) -> 0 | EE3: =AVERAGE(Instances!EE3:Instances!EE3) -> 0 | EG3: =AVERAGE(Instances!EG3:Instances!EG3) -> 0 | EH3: =AVERAGE(Instances!EH3:Instances!EH3) -> 0 | EI3: =AVERAGE(Instances!EI3:Instances!EI3) -> 0 | EK3: =AVERAGE(Instances!EK3:Instances!EK3) -> 0 | EL3: =MIN($B3,$F3,$J3,$N3,$R3,$V3,$Z3,$AD3,$AH3,$AL3,$AP3,$AT3,$AX3,$BB3,$BF3,$BJ3,$BN3,$BR3,$BV3,$BZ3,$CD3,$CH3,$CL3,$CP3,$CT3,$CX3,$DB3,$DF3,$DJ3,$DN3,$DR3,$DV3,$DZ3,$ED3,$EH3) -> 0 | EM3: =MIN($C3,$G3,$K3,$O3,$S3,$W3,$AA3,$AE3,$AI3,$AM3,$AQ3,$AU3,$AY3,$BC3,$BG3,$BK3,$BO3,$BS3,$BW3,$CA3,$CE3,$CI3,$CM3,$CQ3,$CU3,$CY3,$DC3,$DG3,$DK3,$DO3,$DS3,$DW3,$EA3,$EE3,$EI3) -> 0 | EN3: =MIN($E3,$I3,$M3,$Q3,$U3,$Y3,$AC3,$AG3,$AK3,$AO3,$AS3,$AW3,$BA3,$BE3,$BI3,$BM3,$BQ3,$BU3,$BY3,$CC3,$CG3,$CK3,$CO3,$CS3,$CW3,$DA3,$DE3,$DI3,$DM3,$DQ3,$DU3,$DY3,$EC3,$EG3,$EK3) -> 0 | EO3: =MEDIAN($B3,$F3,$J3,$N3,$R3,$V3,$Z3,$AD3,$AH3,$AL3,$AP3,$AT3,$AX3,$BB3,$BF3,$BJ3,$BN3,$BR3,$BV3,$BZ3,$CD3,$CH3,$CL3,$CP3,$CT3,$CX3,$DB3,$DF3,$DJ3,$DN3,$DR3,$DV3,$DZ3,$ED3,$EH3) -> 0 | EP3: =MEDIAN($C3,$G3,$K3,$O3,$S3,$W3,$AA3,$AE3,$AI3,$AM3,$AQ3,$AU3,$AY3,$BC3,$BG3,$BK3,$BO3,$BS3,$BW3,$CA3,$CE3,$CI3,$CM3,$CQ3,$CU3,$CY3,$DC3,$DG3,$DK3,$DO3,$DS3,$DW3,$EA3,$EE3,$EI3) -> 0 | EQ3: =MEDIAN($E3,$I3,$M3,$Q3,$U3,$Y3,$AC3,$AG3,$AK3,$AO3,$AS3,$AW3,$BA3,$BE3,$BI3,$BM3,$BQ3,$BU3,$BY3,$CC3,$CG3,$CK3,$CO3,$CS3,$CW3,$DA3,$DE3,$DI3,$DM3,$DQ3,$DU3,$DY3,$EC3,$EG3,$EK3) -> 0 | ER3: =MAX($B3,$F3,$J3,$N3,$R3,$V3,$Z3,$AD3,$AH3,$AL3,$AP3,$AT3,$AX3,$BB3,$BF3,$BJ3,$BN3,$BR3,$BV3,$BZ3,$CD3,$CH3,$CL3,$CP3,$CT3,$CX3,$DB3,$DF3,$DJ3,$DN3,$DR3,$DV3,$DZ3,$ED3,$EH3) -> 0 | ES3: =MAX($C3,$G3,$K3,$O3,$S3,$W3,$AA3,$AE3,$AI3,$AM3,$AQ3,$AU3,$AY3,$BC3,$BG3,$BK3,$BO3,$BS3,$BW3,$CA3,$CE3,$CI3,$CM3,$CQ3,$CU3,$CY3,$DC3,$DG3,$DK3,$DO3,$DS3,$DW3,$EA3,$EE3,$EI3) -> 0 | ET3: =MAX($E3,$I3,$M3,$Q3,$U3,$Y3,$AC3,$AG3,$AK3,$AO3,$AS3,$AW3,$BA3,$BE3,$BI3,$BM3,$BQ3,$BU3,$BY3,$CC3,$CG3,$CK3,$CO3,$CS3,$CW3,$DA3,$DE3,$DI3,$DM3,$DQ3,$DU3,$DY3,$EC3,$EG3,$EK3) -> 0
A4: instances | B4: =AVERAGE(Instances!B4:Instances!B7) -> 0 | F4: =AVERAGE(Instances!F4:Instances!F7) -> 0 | G4: =AVERAGE(Instances!G4:Instances!G7) -> 0 | I4: =AVERAGE(Instances!I4:Instances!I7) -> 0 | J4: =AVERAGE(Instances!J4:Instances!J7) -> 0 | N4: =AVERAGE(Instances!N4:Instances!N7) -> 0 | O4: =AVERAGE(Instances!O4:Instances!O7) -> 0 | Q4: =AVERAGE(Instances!Q4:Instances!Q7) -> 0 | R4: =AVERAGE(Instances!R4:Instances!R7) -> 0 | V4: =AVERAGE(Instances!V4:Instances!V7) -> 0 | W4: =AVERAGE(Instances!W4:Instances!W7) -> 0 | Y4: =AVERAGE(Instances!Y4:Instances!Y7) -> 0 | Z4: =AVERAGE(Instances!Z4:Instances!Z7) -> 0 | AD4: =AVERAGE(Instances!AD4:Instances!AD7) -> 0 | AE4: =AVERAGE(Instances!AE4:Instances!AE7) -> 0 | AG4: =AVERAGE(Instances!AG4:Instances!AG7) -> 0 | AH4: =AVERAGE(Instances!AH4:Instances!AH7) -> 0 | AL4: =AVERAGE(Instances!AL4:Instances!AL7) -> 0 | AM4: =AVERAGE(Instances!AM4:Instances!AM7) -> 0 | AO4: =AVERAGE(Instances!AO4:Instances!AO7) -> 0 | AP4: =AVERAGE(Instances!AP4:Instances!AP7) -> 0 | AT4: =AVERAGE(Instances!AT4:Instances!AT7) -> 0 | AU4: =AVERAGE(Instances!AU4:Instances!AU7) -> 0 | AW4: =AVERAGE(Instances!AW4:Instances!AW7) -> 0 | AX4: =AVERAGE(Instances!AX4:Instances!AX7) -> 0 | BB4: =AVERAGE(Instances!BB4:Instances!BB7) -> 0 | BC4: =AVERAGE(Instances!BC4:Instances!BC7) -> 0 | BE4: =AVERAGE(Instances!BE4:Instances!BE7) -> 0 | EL4: =MIN($B4,$F4,$J4,$N4,$R4,$V4,$Z4,$AD4,$AH4,$AL4,$AP4,$AT4,$AX4,$BB4,$BF4,$BJ4,$BN4,$BR4,$BV4,$BZ4,$CD4,$CH4,$CL4,$CP4,$CT4,$CX4,$DB4,$DF4,$DJ4,$DN4,$DR4,$DV4,$DZ4,$ED4,$EH4) -> 0 | EM4: =MIN($C4,$G4,$K4,$O4,$S4,$W4,$AA4,$AE4,$AI4,$AM4,$AQ4,$AU4,$AY4,$BC4,$BG4,$BK4,$BO4,$BS4,$BW4,$CA4,$CE4,$CI4,$CM4,$CQ4,$CU4,$CY4,$DC4,$DG4,$DK4,$DO4,$DS4,$DW4,$EA4,$EE4,$EI4) -> 0 | EN4: =MIN($E4,$I4,$M4,$Q4,$U4,$Y4,$AC4,$AG4,$AK4,$AO4,$AS4,$AW4,$BA4,$BE4,$BI4,$BM4,$BQ4,$BU4,$BY4,$CC4,$CG4,$CK4,$CO4,$CS4,$CW4,$DA4,$DE4,$DI4,$DM4,$DQ4,$DU4,$DY4,$EC4,$EG4,$EK4) -> 0 | EO4: =MEDIAN($B4,$F4,$J4,$N4,$R4,$V4,$Z4,$AD4,$AH4,$AL4,$AP4,$AT4,$AX4,$BB4,$BF4,$BJ4,$BN4,$BR4,$BV4,$BZ4,$CD4,$CH4,$CL4,$CP4,$CT4,$CX4,$DB4,$DF4,$DJ4,$DN4,$DR4,$DV4,$DZ4,$ED4,$EH4) -> 0 | EP4: =MEDIAN($C4,$G4,$K4,$O4,$S4,$W4,$AA4,$AE4,$AI4,$AM4,$AQ4,$AU4,$AY4,$BC4,$BG4,$BK4,$BO4,$BS4,$BW4,$CA4,$CE4,$CI4,$CM4,$CQ4,$CU4,$CY4,$DC4,$DG4,$DK4,$DO4,$DS4,$DW4,$EA4,$EE4,$EI4) -> 0 | EQ4: =MEDIAN($E4,$I4,$M4,$Q4,$U4,$Y4,$AC4,$AG4,$AK4,$AO4,$AS4,$AW4,$BA4,$BE4,$BI4,$BM4,$BQ4,$BU4,$BY4,$CC4,$CG4,$CK4,$CO4,$CS4,$CW4,$DA4,$DE4,$DI4,$DM4,$DQ4,$DU4,$DY4,$EC4,$EG4,$EK4) -> 0 | ER4: =MAX($B4,$F4,$J4,$N4,$R4,$V4,$Z4,$AD4,$AH4,$AL4,$AP4,$AT4,$AX4,$BB4,$BF4,$BJ4,$BN4,$BR4,$BV4,$BZ4,$CD4,$CH4,$CL4,$CP4,$CT4,$CX4,$DB4,$DF4,$DJ4,$DN4,$DR4,$DV4,$DZ4,$ED4,$EH4) -> 0 | ES4: =MAX($C4,$G4,$K4,$O4,$S4,$W4,$AA4,$AE4,$AI4,$AM4,$AQ4,$AU4,$AY4,$BC4,$BG4,$BK4,$BO4,$BS4,$BW4,$CA4,$CE4,$CI4,$CM4,$CQ4,$CU4,$CY4,$DC4,$DG4,$DK4,$DO4,$DS4,$DW4,$EA4,$EE4,$EI4) -> 0 | ET4: =MAX($E4,$I4,$M4,$Q4,$U4,$Y4,$AC4,$AG4,$AK4,$AO4,$AS4,$AW4,$BA4,$BE4,$BI4,$BM4,$BQ4,$BU4,$BY4,$CC4,$CG4,$CK4,$CO4,$CS4,$CW4,$DA4,$DE4,$DI4,$DM4,$DQ4,$DU4,$DY4,$EC4,$EG4,$EK4) -> 0
A6: SUM | B6: =SUM(B$3:B$4) -> 0 | F6: =SUM(F$3:F$4) -> 0 | G6: =SUM(G$3:G$4) -> 0 | I6: =SUM(I$3:I$4) -> 0 | J6: =SUM(J$3:J$4) -> 0 | N6: =SUM(N$3:N$4) -> 0 | O6: =SUM(O$3:O$4) -> 0 | Q6: =SUM(Q$3:Q$4) -> 0 | R6: =SUM(R$3:R$4) -> 0 | V6: =SUM(V$3:V$4) -> 0 | W6: =SUM(W$3:W$4) -> 0 | Y6: =SUM(Y$3:Y$4) -> 0 | Z6: =SUM(Z$3:Z$4) -> 0 | AD6: =SUM(AD$3:AD$4) -> 0 | AE6: =SUM(AE$3:AE$4) -> 0 | AG6: =SUM(AG$3:AG$4) -> 0 | AH6: =SUM(AH$3:AH$4) -> 0 | AL6: =SUM(AL$3:AL$4) -> 0 | AM6: =SUM(AM$3:AM$4) -> 0 | AO6: =SUM(AO$3:AO$4) -> 0 | AP6: =SUM(AP$3:AP$4) -> 0 | AT6: =SUM(AT$3:AT$4) -> 0 | AU6: =SUM(AU$3:AU$4) -> 0 | AW6: =SUM(AW$3:AW$4) -> 0 | AX6: =SUM(AX$3:AX$4) -> 0 | BB6: =SUM(BB$3:BB$4) -> 0 | BC6: =SUM(BC$3:BC$4) -> 0 | BE6: =SUM(BE$3:BE$4) -> 0 | BF6: =SUM(BF$3:BF$4) -> 0 | BG6: =SUM(BG$3:BG$4) -> 0 | BI6: =SUM(BI$3:BI$4) -> 0 | BJ6: =SUM(BJ$3:BJ$4) -> 0 | BK6: =SUM(BK$3:BK$4) -> 0 | BM6: =SUM(BM$3:BM$4) -> 0 | BN6: =SUM(BN$3:BN$4) -> 0 | BO6: =SUM(BO$3:BO$4) -> 0 | BQ6: =SUM(BQ$3:BQ$4) -> 0 | BR6: =SUM(BR$3:BR$4) -> 0 | BS6: =SUM(BS$3:BS$4) -> 0 | BU6: =SUM(BU$3:BU$4) -> 0 | BV6: =SUM(BV$3:BV$4) -> 0 | BW6: =SUM(BW$3:BW$4) -> 0 | BY6: =SUM(BY$3:BY$4) -> 0 | BZ6: =SUM(BZ$3:BZ$4) -> 0 | CA6: =SUM(CA$3:CA$4) -> 0 | CC6: =SUM(CC$3:CC$4) -> 0 | CD6: =SUM(CD$3:CD$4) -> 0 | CE6: =SUM(CE$3:CE$4) -> 0 | CG6: =SUM(CG$3:CG$4) -> 0 | CH6: =SUM(CH$3:CH$4) -> 0 | CI6: =SUM(CI$3:CI$4) -> 0 | CK6: =SUM(CK$3:CK$4) -> 0 | CL6: =SUM(CL$3:CL$4) -> 0 | CM6: =SUM(CM$3:CM$4) -> 0 | CO6: =SUM(CO$3:CO$4) -> 0 | CP6: =SUM(CP$3:CP$4) -> 0 | CQ6: =SUM(CQ$3:CQ$4) -> 0 | CS6: =SUM(CS$3:CS$4) -> 0 | CT6: =SUM(CT$3:CT$4) -> 0 | CU6: =SUM(CU$3:CU$4) -> 0 | CW6: =SUM(CW$3:CW$4) -> 0 | CX6: =SUM(CX$3:CX$4) -> 0 | CY6: =SUM(CY$3:CY$4) -> 0 | DA6: =SUM(DA$3:DA$4) -> 0 | DB6: =SUM(DB$3:DB$4) -> 0 | DC6: =SUM(DC$3:DC$4) -> 0 | DE6: =SUM(DE$3:DE$4) -> 0 | DF6: =SUM(DF$3:DF$4) -> 0 | DG6: =SUM(DG$3:DG$4) -> 0 | DI6: =SUM(DI$3:DI$4) -> 0 | DJ6: =SUM(DJ$3:DJ$4) -> 0 | DK6: =SUM(DK$3:DK$4) -> 0 | DM6: =SUM(DM$3:DM$4) -> 0 | DN6: =SUM(DN$3:DN$4) -> 0 | DO6: =SUM(DO$3:DO$4) -> 0 | DQ6: =SUM(DQ$3:DQ$4) -> 0 | DR6: =SUM(DR$3:DR$4) -> 0 | DS6: =SUM(DS$3:DS$4) -> 0 | DU6: =SUM(DU$3:DU$4) -> 0 | DV6: =SUM(DV$3:DV$4) -> 0 | DW6: =SUM(DW$3:DW$4) -> 0 | DY6: =SUM(DY$3:DY$4) -> 0 | DZ6: =SUM(DZ$3:DZ$4) -> 0 | EA6: =SUM(EA$3:EA$4) -> 0 | EC6: =SUM(EC$3:EC$4) -> 0 | ED6: =SUM(ED$3:ED$4) -> 0 | EE6: =SUM(EE$3:EE$4) -> 0 | EG6: =SUM(EG$3:EG$4) -> 0 | EH6: =SUM(EH$3:EH$4) -> 0 | EI6: =SUM(EI$3:EI$4) -> 0 | EK6: =SUM(EK$3:EK$4) -> 0 | EL6: =SUM(EL$3:EL$4) -> 0 | EM6: =SUM(EM$3:EM$4) -> 0 | EN6: =SUM(EN$3:EN$4) -> 0 | EO6: =SUM(EO$3:EO$4) -> 0 | EP6: =SUM(EP$3:EP$4) -> 0 | EQ6: =SUM(EQ$3:EQ$4) -> 0 | ER6: =SUM(ER$3:ER$4) -> 0 | ... ET6: =SUM(ET$3:ET$4) -> 0
A7: AVG | B7: =AVERAGE(B$3:B$4) -> 0 | F7: =AVERAGE(F$3:F$4) -> 0 | G7: =AVERAGE(G$3:G$4) -> 0 | I7: =AVERAGE(I$3:I$4) -> 0 | J7: =AVERAGE(J$3:J$4) -> 0 | N7: =AVERAGE(N$3:N$4) -> 0 | O7: =AVERAGE(O$3:O$4) -> 0 | Q7: =AVERAGE(Q$3:Q$4) -> 0 | R7: =AVERAGE(R$3:R$4) -> 0 | V7: =AVERAGE(V$3:V$4) -> 0 | W7: =AVERAGE(W$3:W$4) -> 0 | Y7: =AVERAGE(Y$3:Y$4) -> 0 | Z7: =AVERAGE(Z$3:Z$4) -> 0 | AD7: =AVERAGE(AD$3:AD$4) -> 0 | AE7: =AVERAGE(AE$3:AE$4) -> 0 | AG7: =AVERAGE(AG$3:AG$4) -> 0 | AH7: =AVERAGE(AH$3:AH$4) -> 0 | AL7: =AVERAGE(AL$3:AL$4) -> 0 | AM7: =AVERAGE(AM$3:AM$4) -> 0 | AO7: =AVERAGE(AO$3:AO$4) -> 0 | AP7: =AVERAGE(AP$3:AP$4) -> 0 | AT7: =AVERAGE(AT$3:AT$4) -> 0 | AU7: =AVERAGE(AU$3:AU$4) -> 0 | AW7: =AVERAGE(AW$3:AW$4) -> 0 | AX7: =AVERAGE(AX$3:AX$4) -> 0 | BB7: =AVERAGE(BB$3:BB$4) -> 0 | BC7: =AVERAGE(BC$3:BC$4) -> 0 | BE7: =AVERAGE(BE$3:BE$4) -> 0 | BF7: =AVERAGE(BF$3:BF$4) -> 0 | BG7: =AVERAGE(BG$3:BG$4) -> 0 | BI7: =AVERAGE(BI$3:BI$4) -> 0 | BJ7: =AVERAGE(BJ$3:BJ$4) -> 0 | BK7: =AVERAGE(BK$3:BK$4) -> 0 | BM7: =AVERAGE(BM$3:BM$4) -> 0 | BN7: =AVERAGE(BN$3:BN$4) -> 0 | BO7: =AVERAGE(BO$3:BO$4) -> 0 | BQ7: =AVERAGE(BQ$3:BQ$4) -> 0 | BR7: =AVERAGE(BR$3:BR$4) -> 0 | BS7: =AVERAGE(BS$3:BS$4) -> 0 | BU7: =AVERAGE(BU$3:BU$4) -> 0 | BV7: =AVERAGE(BV$3:BV$4) -> 0 | BW7: =AVERAGE(BW$3:BW$4) -> 0 | BY7: =AVERAGE(BY$3:BY$4) -> 0 | BZ7: =AVERAGE(BZ$3:BZ$4) -> 0 | CA7: =AVERAGE(CA$3:CA$4) -> 0 | CC7: =AVERAGE(CC$3:CC$4) -> 0 | CD7: =AVERAGE(CD$3:CD$4) -> 0 | CE7: =AVERAGE(CE$3:CE$4) -> 0 | CG7: =AVERAGE(CG$3:CG$4) -> 0 | CH7: =AVERAGE(CH$3:CH$4) -> 0 | CI7: =AVERAGE(CI$3:CI$4) -> 0 | CK7: =AVERAGE(CK$3:CK$4) -> 0 | CL7: =AVERAGE(CL$3:CL$4) -> 0 | CM7: =AVERAGE(CM$3:CM$4) -> 0 | CO7: =AVERAGE(CO$3:CO$4) -> 0 | CP7: =AVERAGE(CP$3:CP$4) -> 0 | CQ7: =AVERAGE(CQ$3:CQ$4) -> 0 | CS7: =AVERAGE(CS$3:CS$4) -> 0 | CT7: =AVERAGE(CT$3:CT$4) -> 0 | CU7: =AVERAGE(CU$3:CU$4) -> 0 | CW7: =AVERAGE(CW$3:CW$4) -> 0 | CX7: =AVERAGE(CX$3:CX$4) -> 0 | CY7: =AVERAGE(CY$3:CY$4) -> 0 | DA7: =AVERAGE(DA$3:DA$4) -> 0 | DB7: =AVERAGE(DB$3:DB$4) -> 0 | DC7: =AVERAGE(DC$3:DC$4) -> 0 | DE7: =AVERAGE(DE$3:DE$4) -> 0 | DF7: =AVERAGE(DF$3:DF$4) -> 0 | DG7: =AVERAGE(DG$3:DG$4) -> 0 | DI7: =AVERAGE(DI$3:DI$4) -> 0 | DJ7: =AVERAGE(DJ$3:DJ$4) -> 0 | DK7: =AVERAGE(DK$3:DK$4) -> 0 | DM7: =AVERAGE(DM$3:DM$4) -> 0 | DN7: =AVERAGE(DN$3:DN$4) -> 0 | DO7: =AVERAGE(DO$3:DO$4) -> 0 | DQ7: =AVERAGE(DQ$3:DQ$4) -> 0 | DR7: =AVERAGE(DR$3:DR$4) -> 0 | DS7: =AVERAGE(DS$3:DS$4) -> 0 | DU7: =AVERAGE(DU$3:DU$4) -> 0 | DV7: =AVERAGE(DV$3:DV$4) -> 0 | DW7: =AVERAGE(DW$3:DW$4) -> 0 | DY7: =AVERAGE(DY$3:DY$4) -> 0 | DZ7: =AVERAGE(DZ$3:DZ$4) -> 0 | EA7: =AVERAGE(EA$3:EA$4) -> 0 | EC7: =AVERAGE(EC$3:EC$4) -> 0 | ED7: =AVERAGE(ED$3:ED$4) -> 0 | EE7: =AVERAGE(EE$3:EE$4) -> 0 | EG7: =AVERAGE(EG$3:EG$4) -> 0 | EH7: =AVERAGE(EH$3:EH$4) -> 0 | EI7: =AVERAGE(EI$3:EI$4) -> 0 | EK7: =AVERAGE(EK$3:EK$4) -> 0 | EL7: =AVERAGE(EL$3:EL$4) -> 0 | EM7: =AVERAGE(EM$3:EM$4) -> 0 | EN7: =AVERAGE(EN$3:EN$4) -> 0 | EO7: =AVERAGE(EO$3:EO$4) -> 0 | EP7: =AVERAGE(EP$3:EP$4) -> 0 | EQ7: =AVERAGE(EQ$3:EQ$4) -> 0 | ER7: =AVERAGE(ER$3:ER$4) -> 0 | ... ET7: =AVERAGE(ET$3:ET$4) -> 0
A8: DEV | B8: =STDEV(B$3:B$4) -> 0 | F8: =STDEV(F$3:F$4) -> 0 | G8: =STDEV(G$3:G$4) -> 0 | I8: =STDEV(I$3:I$4) -> 0 | J8: =STDEV(J$3:J$4) -> 0 | N8: =STDEV(N$3:N$4) -> 0 | O8: =STDEV(O$3:O$4) -> 0 | Q8: =STDEV(Q$3:Q$4) -> 0 | R8: =STDEV(R$3:R$4) -> 0 | V8: =STDEV(V$3:V$4) -> 0 | W8: =STDEV(W$3:W$4) -> 0 | Y8: =STDEV(Y$3:Y$4) -> 0 | Z8: =STDEV(Z$3:Z$4) -> 0 | AD8: =STDEV(AD$3:AD$4) -> 0 | AE8: =STDEV(AE$3:AE$4) -> 0 | AG8: =STDEV(AG$3:AG$4) -> 0 | AH8: =STDEV(AH$3:AH$4) -> 0 | AL8: =STDEV(AL$3:AL$4) -> 0 | AM8: =STDEV(AM$3:AM$4) -> 0 | AO8: =STDEV(AO$3:AO$4) -> 0 | AP8: =STDEV(AP$3:AP$4) -> 0 | AT8: =STDEV(AT$3:AT$4) -> 0 | AU8: =STDEV(AU$3:AU$4) -> 0 | AW8: =STDEV(AW$3:AW$4) -> 0 | AX8: =STDEV(AX$3:AX$4) -> 0 | BB8: =STDEV(BB$3:BB$4) -> 0 | BC8: =STDEV(BC$3:BC$4) -> 0 | BE8: =STDEV(BE$3:BE$4) -> 0 | BF8: =STDEV(BF$3:BF$4) -> 0 | BG8: =STDEV(BG$3:BG$4) -> 0 | BI8: =STDEV(BI$3:BI$4) -> 0 | BJ8: =STDEV(BJ$3:BJ$4) -> 0 | BK8: =STDEV(BK$3:BK$4) -> 0 | BM8: =STDEV(BM$3:BM$4) -> 0 | BN8: =STDEV(BN$3:BN$4) -> 0 | BO8: =STDEV(BO$3:BO$4) -> 0 | BQ8: =STDEV(BQ$3:BQ$4) -> 0 | BR8: =STDEV(BR$3:BR$4) -> 0 | BS8: =STDEV(BS$3:BS$4) -> 0 | BU8: =STDEV(BU$3:BU$4) -> 0 | BV8: =STDEV(BV$3:BV$4) -> 0 | BW8: =STDEV(BW$3:BW$4) -> 0 | BY8: =STDEV(BY$3:BY$4) -> 0 | BZ8: =STDEV(BZ$3:BZ$4) -> 0 | CA8: =STDEV(CA$3:CA$4) -> 0 | CC8: =STDEV(CC$3:CC$4) -> 0 | CD8: =STDEV(CD$3:CD$4) -> 0 | CE8: =STDEV(CE$3:CE$4) -> 0 | CG8: =STDEV(CG$3:CG$4) -> 0 | CH8: =STDEV(CH$3:CH$4) -> 0 | CI8: =STDEV(CI$3:CI$4) -> 0 | CK8: =STDEV(CK$3:CK$4) -> 0 | CL8: =STDEV(CL$3:CL$4) -> 0 | CM8: =STDEV(CM$3:CM$4) -> 0 | CO8: =STDEV(CO$3:CO$4) -> 0 | CP8: =STDEV(CP$3:CP$4) -> 0 | CQ8: =STDEV(CQ$3:CQ$4) -> 0 | CS8: =STDEV(CS$3:CS$4) -> 0 | CT8: =STDEV(CT$3:CT$4) -> 0 | CU8: =STDEV(CU$3:CU$4) -> 0 | CW8: =STDEV(CW$3:CW$4) -> 0 | CX8: =STDEV(CX$3:CX$4) -> 0 | CY8: =STDEV(CY$3:CY$4) -> 0 | DA8: =STDEV(DA$3:DA$4) -> 0 | DB8: =STDEV(DB$3:DB$4) -> 0 | DC8: =STDEV(DC$3:DC$4) -> 0 | DE8: =STDEV(DE$3:DE$4) -> 0 | DF8: =STDEV(DF$3:DF$4) -> 0 | DG8: =STDEV(DG$3:DG$4) -> 0 | DI8: =STDEV(DI$3:DI$4) -> 0 | DJ8: =STDEV(DJ$3:DJ$4) -> 0 | DK8: =STDEV(DK$3:DK$4) -> 0 | DM8: =STDEV(DM$3:DM$4) -> 0 | DN8: =STDEV(DN$3:DN$4) -> 0 | DO8: =STDEV(DO$3:DO$4) -> 0 | DQ8: =STDEV(DQ$3:DQ$4) -> 0 | DR8: =STDEV(DR$3:DR$4) -> 0 | DS8: =STDEV(DS$3:DS$4) -> 0 | DU8: =STDEV(DU$3:DU$4) -> 0 | DV8: =STDEV(DV$3:DV$4) -> 0 | DW8: =STDEV(DW$3:DW$4) -> 0 | DY8: =STDEV(DY$3:DY$4) -> 0 | DZ8: =STDEV(DZ$3:DZ$4) -> 0 | EA8: =STDEV(EA$3:EA$4) -> 0 | EC8: =STDEV(EC$3:EC$4) -> 0 | ED8: =STDEV(ED$3:ED$4) -> 0 | EE8: =STDEV(EE$3:EE$4) -> 0 | EG8: =STDEV(EG$3:EG$4) -> 0 | EH8: =STDEV(EH$3:EH$4) -> 0 | EI8: =STDEV(EI$3:EI$4) -> 0 | EK8: =STDEV(EK$3:EK$4) -> 0 | EL8: =STDEV(EL$3:EL$4) -> 0 | EM8: =STDEV(EM$3:EM$4) -> 0 | EN8: =STDEV(EN$3:EN$4) -> 0 | EO8: =STDEV(EO$3:EO$4) -> 0 | EP8: =STDEV(EP$3:EP$4) -> 0 | EQ8: =STDEV(EQ$3:EQ$4) -> 0 | ER8: =STDEV(ER$3:ER$4) -> 0 | ... ET8: =STDEV(ET$3:ET$4) -> 0
A9: DST | B9: =SUMPRODUCT(--(B$3:B$4-$EL$3:$EL$4)^2)^0.5 -> 0 | F9: =SUMPRODUCT(--(F$3:F$4-$EL$3:$EL$4)^2)^0.5 -> 0 | G9: =SUMPRODUCT(--(G$3:G$4-$EM$3:$EM$4)^2)^0.5 -> 0 | I9: =SUMPRODUCT(--(I$3:I$4-$EN$3:$EN$4)^2)^0.5 -> 0 | J9: =SUMPRODUCT(--(J$3:J$4-$EL$3:$EL$4)^2)^0.5 -> 0 | N9: =SUMPRODUCT(--(N$3:N$4-$EL$3:$EL$4)^2)^0.5 -> 0 | O9: =SUMPRODUCT(--(O$3:O$4-$EM$3:$EM$4)^2)^0.5 -> 0 | Q9: =SUMPRODUCT(--(Q$3:Q$4-$EN$3:$EN$4)^2)^0.5 -> 0 | R9: =SUMPRODUCT(--(R$3:R$4-$EL$3:$EL$4)^2)^0.5 -> 0 | V9: =SUMPRODUCT(--(V$3:V$4-$EL$3:$EL$4)^2)^0.5 -> 0 | W9: =SUMPRODUCT(--(W$3:W$4-$EM$3:$EM$4)^2)^0.5 -> 0 | Y9: =SUMPRODUCT(--(Y$3:Y$4-$EN$3:$EN$4)^2)^0.5 -> 0 | Z9: =SUMPRODUCT(--(Z$3:Z$4-$EL$3:$EL$4)^2)^0.5 -> 0 | AD9: =SUMPRODUCT(--(AD$3:AD$4-$EL$3:$EL$4)^2)^0.5 -> 0 | AE9: =SUMPRODUCT(--(AE$3:AE$4-$EM$3:$EM$4)^2)^0.5 -> 0 | AG9: =SUMPRODUCT(--(AG$3:AG$4-$EN$3:$EN$4)^2)^0.5 -> 0 | AH9: =SUMPRODUCT(--(AH$3:AH$4-$EL$3:$EL$4)^2)^0.5 -> 0 | AL9: =SUMPRODUCT(--(AL$3:AL$4-$EL$3:$EL$4)^2)^0.5 -> 0 | AM9: =SUMPRODUCT(--(AM$3:AM$4-$EM$3:$EM$4)^2)^0.5 -> 0 | AO9: =SUMPRODUCT(--(AO$3:AO$4-$EN$3:$EN$4)^2)^0.5 -> 0 | AP9: =SUMPRODUCT(--(AP$3:AP$4-$EL$3:$EL$4)^2)^0.5 -> 0 | AT9: =SUMPRODUCT(--(AT$3:AT$4-$EL$3:$EL$4)^2)^0.5 -> 0 | AU9: =SUMPRODUCT(--(AU$3:AU$4-$EM$3:$EM$4)^2)^0.5 -> 0 | AW9: =SUMPRODUCT(--(AW$3:AW$4-$EN$3:$EN$4)^2)^0.5 -> 0 | AX9: =SUMPRODUCT(--(AX$3:AX$4-$EL$3:$EL$4)^2)^0.5 -> 0 | BB9: =SUMPRODUCT(--(BB$3:BB$4-$EL$3:$EL$4)^2)^0.5 -> 0 | BC9: =SUMPRODUCT(--(BC$3:BC$4-$EM$3:$EM$4)^2)^0.5 -> 0 | BE9: =SUMPRODUCT(--(BE$3:BE$4-$EN$3:$EN$4)^2)^0.5 -> 0 | BF9: =SUMPRODUCT(--(BF$3:BF$4-$EL$3:$EL$4)^2)^0.5 -> 0 | BG9: =SUMPRODUCT(--(BG$3:BG$4-$EM$3:$EM$4)^2)^0.5 -> 0 | BI9: =SUMPRODUCT(--(BI$3:BI$4-$EN$3:$EN$4)^2)^0.5 -> 0 | BJ9: =SUMPRODUCT(--(BJ$3:BJ$4-$EL$3:$EL$4)^2)^0.5 -> 0 | BK9: =SUMPRODUCT(--(BK$3:BK$4-$EM$3:$EM$4)^2)^0.5 -> 0 | BM9: =SUMPRODUCT(--(BM$3:BM$4-$EN$3:$EN$4)^2)^0.5 -> 0 | BN9: =SUMPRODUCT(--(BN$3:BN$4-$EL$3:$EL$4)^2)^0.5 -> 0 | BO9: =SUMPRODUCT(--(BO$3:BO$4-$EM$3:$EM$4)^2)^0.5 -> 0 | BQ9: =SUMPRODUCT(--(BQ$3:BQ$4-$EN$3:$EN$4)^2)^0.5 -> 0 | BR9: =SUMPRODUCT(--(BR$3:BR$4-$EL$3:$EL$4)^2)^0.5 -> 0 | BS9: =SUMPRODUCT(--(BS$3:BS$4-$EM$3:$EM$4)^2)^0.5 -> 0 | BU9: =SUMPRODUCT(--(BU$3:BU$4-$EN$3:$EN$4)^2)^0.5 -> 0 | BV9: =SUMPRODUCT(--(BV$3:BV$4-$EL$3:$EL$4)^2)^0.5 -> 0 | BW9: =SUMPRODUCT(--(BW$3:BW$4-$EM$3:$EM$4)^2)^0.5 -> 0 | BY9: =SUMPRODUCT(--(BY$3:BY$4-$EN$3:$EN$4)^2)^0.5 -> 0 | BZ9: =SUMPRODUCT(--(BZ$3:BZ$4-$EL$3:$EL$4)^2)^0.5 -> 0 | CA9: =SUMPRODUCT(--(CA$3:CA$4-$EM$3:$EM$4)^2)^0.5 -> 0 | CC9: =SUMPRODUCT(--(CC$3:CC$4-$EN$3:$EN$4)^2)^0.5 -> 0 | CD9: =SUMPRODUCT(--(CD$3:CD$4-$EL$3:$EL$4)^2)^0.5 -> 0 | CE9: =SUMPRODUCT(--(CE$3:CE$4-$EM$3:$EM$4)^2)^0.5 -> 0 | CG9: =SUMPRODUCT(--(CG$3:CG$4-$EN$3:$EN$4)^2)^0.5 -> 0 | CH9: =SUMPRODUCT(--(CH$3:CH$4-$EL$3:$EL$4)^2)^0.5 -> 0 | CI9: =SUMPRODUCT(--(CI$3:CI$4-$EM$3:$EM$4)^2)^0.5 -> 0 | CK9: =SUMPRODUCT(--(CK$3:CK$4-$EN$3:$EN$4)^2)^0.5 -> 0 | CL9: =SUMPRODUCT(--(CL$3:CL$4-$EL$3:$EL$4)^2)^0.5 -> 0 | CM9: =SUMPRODUCT(--(CM$3:CM$4-$EM$3:$EM$4)^2)^0.5 -> 0 | CO9: =SUMPRODUCT(--(CO$3:CO$4-$EN$3:$EN$4)^2)^0.5 -> 0 | CP9: =SUMPRODUCT(--(CP$3:CP$4-$EL$3:$EL$4)^2)^0.5 -> 0 | CQ9: =SUMPRODUCT(--(CQ$3:CQ$4-$EM$3:$EM$4)^2)^0.5 -> 0 | CS9: =SUMPRODUCT(--(CS$3:CS$4-$EN$3:$EN$4)^2)^0.5 -> 0 | CT9: =SUMPRODUCT(--(CT$3:CT$4-$EL$3:$EL$4)^2)^0.5 -> 0 | CU9: =SUMPRODUCT(--(CU$3:CU$4-$EM$3:$EM$4)^2)^0.5 -> 0 | CW9: =SUMPRODUCT(--(CW$3:CW$4-$EN$3:$EN$4)^2)^0.5 -> 0 | CX9: =SUMPRODUCT(--(CX$3:CX$4-$EL$3:$EL$4)^2)^0.5 -> 0 | CY9: =SUMPRODUCT(--(CY$3:CY$4-$EM$3:$EM$4)^2)^0.5 -> 0 | DA9: =SUMPRODUCT(--(DA$3:DA$4-$EN$3:$EN$4)^2)^0.5 -> 0 | DB9: =SUMPRODUCT(--(DB$3:DB$4-$EL$3:$EL$4)^2)^0.5 -> 0 | DC9: =SUMPRODUCT(--(DC$3:DC$4-$EM$3:$EM$4)^2)^0.5 -> 0 | DE9: =SUMPRODUCT(--(DE$3:DE$4-$EN$3:$EN$4)^2)^0.5 -> 0 | DF9: =SUMPRODUCT(--(DF$3:DF$4-$EL$3:$EL$4)^2)^0.5 -> 0 | DG9: =SUMPRODUCT(--(DG$3:DG$4-$EM$3:$EM$4)^2)^0.5 -> 0 | DI9: =SUMPRODUCT(--(DI$3:DI$4-$EN$3:$EN$4)^2)^0.5 -> 0 | DJ9: =SUMPRODUCT(--(DJ$3:DJ$4-$EL$3:$EL$4)^2)^0.5 -> 0 | DK9: =SUMPRODUCT(--(DK$3:DK$4-$EM$3:$EM$4)^2)^0.5 -> 0 | DM9: =SUMPRODUCT(--(DM$3:DM$4-$EN$3:$EN$4)^2)^0.5 -> 0 | DN9: =SUMPRODUCT(--(DN$3:DN$4-$EL$3:$EL$4)^2)^0.5 -> 0 | DO9: =SUMPRODUCT(--(DO$3:DO$4-$EM$3:$EM$4)^2)^0.5 -> 0 | DQ9: =SUMPRODUCT(--(DQ$3:DQ$4-$EN$3:$EN$4)^2)^0.5 -> 0 | DR9: =SUMPRODUCT(--(DR$3:DR$4-$EL$3:$EL$4)^2)^0.5 -> 0 | DS9: =SUMPRODUCT(--(DS$3:DS$4-$EM$3:$EM$4)^2)^0.5 -> 0 | DU9: =SUMPRODUCT(--(DU$3:DU$4-$EN$3:$EN$4)^2)^0.5 -> 0 | DV9: =SUMPRODUCT(--(DV$3:DV$4-$EL$3:$EL$4)^2)^0.5 -> 0 | DW9: =SUMPRODUCT(--(DW$3:DW$4-$EM$3:$EM$4)^2)^0.5 -> 0 | DY9: =SUMPRODUCT(--(DY$3:DY$4-$EN$3:$EN$4)^2)^0.5 -> 0 | DZ9: =SUMPRODUCT(--(DZ$3:DZ$4-$EL$3:$EL$4)^2)^0.5 -> 0 | EA9: =SUMPRODUCT(--(EA$3:EA$4-$EM$3:$EM$4)^2)^0.5 -> 0 | EC9: =SUMPRODUCT(--(EC$3:EC$4-$EN$3:$EN$4)^2)^0.5 -> 0 | ED9: =SUMPRODUCT(--(ED$3:ED$4-$EL$3:$EL$4)^2)^0.5 -> 0 | EE9: =SUMPRODUCT(--(EE$3:EE$4-$EM$3:$EM$4)^2)^0.5 -> 0 | EG9: =SUMPRODUCT(--(EG$3:EG$4-$EN$3:$EN$4)^2)^0.5 -> 0 | EH9: =SUMPRODUCT(--(EH$3:EH$4-$EL$3:$EL$4)^2)^0.5 -> 0 | EI9: =SUMPRODUCT(--(EI$3:EI$4-$EM$3:$EM$4)^2)^0.5 -> 0 | EK9: =SUMPRODUCT(--(EK$3:EK$4-$EN$3:$EN$4)^2)^0.5 -> 0
A10: BEST | B10: =SUMPRODUCT(NOT(ISBLANK(B$3:B$4))*(B$3:B$4=$EL$3:$EL$4)) -> 0 | F10: =SUMPRODUCT(NOT(ISBLANK(F$3:F$4))*(F$3:F$4=$EL$3:$EL$4)) -> 0 | G10: =SUMPRODUCT(NOT(ISBLANK(G$3:G$4))*(G$3:G$4=$EM$3:$EM$4)) -> 0 | I10: =SUMPRODUCT(NOT(ISBLANK(I$3:I$4))*(I$3:I$4=$EN$3:$EN$4)) -> 0 | J10: =SUMPRODUCT(NOT(ISBLANK(J$3:J$4))*(J$3:J$4=$EL$3:$EL$4)) -> 0 | N10: =SUMPRODUCT(NOT(ISBLANK(N$3:N$4))*(N$3:N$4=$EL$3:$EL$4)) -> 0 | O10: =SUMPRODUCT(NOT(ISBLANK(O$3:O$4))*(O$3:O$4=$EM$3:$EM$4)) -> 0 | Q10: =SUMPRODUCT(NOT(ISBLANK(Q$3:Q$4))*(Q$3:Q$4=$EN$3:$EN$4)) -> 0 | R10: =SUMPRODUCT(NOT(ISBLANK(R$3:R$4))*(R$3:R$4=$EL$3:$EL$4)) -> 0 | V10: =SUMPRODUCT(NOT(ISBLANK(V$3:V$4))*(V$3:V$4=$EL$3:$EL$4)) -> 0 | W10: =SUMPRODUCT(NOT(ISBLANK(W$3:W$4))*(W$3:W$4=$EM$3:$EM$4)) -> 0 | Y10: =SUMPRODUCT(NOT(ISBLANK(Y$3:Y$4))*(Y$3:Y$4=$EN$3:$EN$4)) -> 0 | Z10: =SUMPRODUCT(NOT(ISBLANK(Z$3:Z$4))*(Z$3:Z$4=$EL$3:$EL$4)) -> 0 | AD10: =SUMPRODUCT(NOT(ISBLANK(AD$3:AD$4))*(AD$3:AD$4=$EL$3:$EL$4)) -> 0 | AE10: =SUMPRODUCT(NOT(ISBLANK(AE$3:AE$4))*(AE$3:AE$4=$EM$3:$EM$4)) -> 0 | AG10: =SUMPRODUCT(NOT(ISBLANK(AG$3:AG$4))*(AG$3:AG$4=$EN$3:$EN$4)) -> 0 | AH10: =SUMPRODUCT(NOT(ISBLANK(AH$3:AH$4))*(AH$3:AH$4=$EL$3:$EL$4)) -> 0 | AL10: =SUMPRODUCT(NOT(ISBLANK(AL$3:AL$4))*(AL$3:AL$4=$EL$3:$EL$4)) -> 0 | AM10: =SUMPRODUCT(NOT(ISBLANK(AM$3:AM$4))*(AM$3:AM$4=$EM$3:$EM$4)) -> 0 | AO10: =SUMPRODUCT(NOT(ISBLANK(AO$3:AO$4))*(AO$3:AO$4=$EN$3:$EN$4)) -> 0 | AP10: =SUMPRODUCT(NOT(ISBLANK(AP$3:AP$4))*(AP$3:AP$4=$EL$3:$EL$4)) -> 0 | AT10: =SUMPRODUCT(NOT(ISBLANK(AT$3:AT$4))*(AT$3:AT$4=$EL$3:$EL$4)) -> 0 | AU10: =SUMPRODUCT(NOT(ISBLANK(AU$3:AU$4))*(AU$3:AU$4=$EM$3:$EM$4)) -> 0 | AW10: =SUMPRODUCT(NOT(ISBLANK(AW$3:AW$4))*(AW$3:AW$4=$EN$3:$EN$4)) -> 0 | AX10: =SUMPRODUCT(NOT(ISBLANK(AX$3:AX$4))*(AX$3:AX$4=$EL$3:$EL$4)) -> 0 | BB10: =SUMPRODUCT(NOT(ISBLANK(BB$3:BB$4))*(BB$3:BB$4=$EL$3:$EL$4)) -> 0 | BC10: =SUMPRODUCT(NOT(ISBLANK(BC$3:BC$4))*(BC$3:BC$4=$EM$3:$EM$4)) -> 0 | BE10: =SUMPRODUCT(NOT(ISBLANK(BE$3:BE$4))*(BE$3:BE$4=$EN$3:$EN$4)) -> 0 | BF10: =SUMPRODUCT(NOT(ISBLANK(BF$3:BF$4))*(BF$3:BF$4=$EL$3:$EL$4)) -> 0 | BG10: =SUMPRODUCT(NOT(ISBLANK(BG$3:BG$4))*(BG$3:BG$4=$EM$3:$EM$4)) -> 0 | BI10: =SUMPRODUCT(NOT(ISBLANK(BI$3:BI$4))*(BI$3:BI$4=$EN$3:$EN$4)) -> 0 | BJ10: =SUMPRODUCT(NOT(ISBLANK(BJ$3:BJ$4))*(BJ$3:BJ$4=$EL$3:$EL$4)) -> 0 | BK10: =SUMPRODUCT(NOT(ISBLANK(BK$3:BK$4))*(BK$3:BK$4=$EM$3:$EM$4)) -> 0 | BM10: =SUMPRODUCT(NOT(ISBLANK(BM$3:BM$4))*(BM$3:BM$4=$EN$3:$EN$4)) -> 0 | BN10: =SUMPRODUCT(NOT(ISBLANK(BN$3:BN$4))*(BN$3:BN$4=$EL$3:$EL$4)) -> 0 | BO10: =SUMPRODUCT(NOT(ISBLANK(BO$3:BO$4))*(BO$3:BO$4=$EM$3:$EM$4)) -> 0 | BQ10: =SUMPRODUCT(NOT(ISBLANK(BQ$3:BQ$4))*(BQ$3:BQ$4=$EN$3:$EN$4)) -> 0 | BR10: =SUMPRODUCT(NOT(ISBLANK(BR$3:BR$4))*(BR$3:BR$4=$EL$3:$EL$4)) -> 0 | BS10: =SUMPRODUCT(NOT(ISBLANK(BS$3:BS$4))*(BS$3:BS$4=$EM$3:$EM$4)) -> 0 | BU10: =SUMPRODUCT(NOT(ISBLANK(BU$3:BU$4))*(BU$3:BU$4=$EN$3:$EN$4)) -> 0 | BV10: =SUMPRODUCT(NOT(ISBLANK(BV$3:BV$4))*(BV$3:BV$4=$EL$3:$EL$4)) -> 0 | BW10: =SUMPRODUCT(NOT(ISBLANK(BW$3:BW$4))*(BW$3:BW$4=$EM$3:$EM$4)) -> 0 | BY10: =SUMPRODUCT(NOT(ISBLANK(BY$3:BY$4))*(BY$3:BY$4=$EN$3:$EN$4)) -> 0 | BZ10: =SUMPRODUCT(NOT(ISBLANK(BZ$3:BZ$4))*(BZ$3:BZ$4=$EL$3:$EL$4)) -> 0 | CA10: =SUMPRODUCT(NOT(ISBLANK(CA$3:CA$4))*(CA$3:CA$4=$EM$3:$EM$4)) -> 0 | CC10: =SUMPRODUCT(NOT(ISBLANK(CC$3:CC$4))*(CC$3:CC$4=$EN$3:$EN$4)) -> 0 | CD10: =SUMPRODUCT(NOT(ISBLANK(CD$3:CD$4))*(CD$3:CD$4=$EL$3:$EL$4)) -> 0 | CE10: =SUMPRODUCT(NOT(ISBLANK(CE$3:CE$4))*(CE$3:CE$4=$EM$3:$EM$4)) -> 0 | CG10: =SUMPRODUCT(NOT(ISBLANK(CG$3:CG$4))*(CG$3:CG$4=$EN$3:$EN$4)) -> 0 | CH10: =SUMPRODUCT(NOT(ISBLANK(CH$3:CH$4))*(CH$3:CH$4=$EL$3:$EL$4)) -> 0 | CI10: =SUMPRODUCT(NOT(ISBLANK(CI$3:CI$4))*(CI$3:CI$4=$EM$3:$EM$4)) -> 0 | CK10: =SUMPRODUCT(NOT(ISBLANK(CK$3:CK$4))*(CK$3:CK$4=$EN$3:$EN$4)) -> 0 | CL10: =SUMPRODUCT(NOT(ISBLANK(CL$3:CL$4))*(CL$3:CL$4=$EL$3:$EL$4)) -> 0 | CM10: =SUMPRODUCT(NOT(ISBLANK(CM$3:CM$4))*(CM$3:CM$4=$EM$3:$EM$4)) -> 0 | CO10: =SUMPRODUCT(NOT(ISBLANK(CO$3:CO$4))*(CO$3:CO$4=$EN$3:$EN$4)) -> 0 | CP10: =SUMPRODUCT(NOT(ISBLANK(CP$3:CP$4))*(CP$3:CP$4=$EL$3:$EL$4)) -> 0 | CQ10: =SUMPRODUCT(NOT(ISBLANK(CQ$3:CQ$4))*(CQ$3:CQ$4=$EM$3:$EM$4)) -> 0 | CS10: =SUMPRODUCT(NOT(ISBLANK(CS$3:CS$4))*(CS$3:CS$4=$EN$3:$EN$4)) -> 0 | CT10: =SUMPRODUCT(NOT(ISBLANK(CT$3:CT$4))*(CT$3:CT$4=$EL$3:$EL$4)) -> 0 | CU10: =SUMPRODUCT(NOT(ISBLANK(CU$3:CU$4))*(CU$3:CU$4=$EM$3:$EM$4)) -> 0 | CW10: =SUMPRODUCT(NOT(ISBLANK(CW$3:CW$4))*(CW$3:CW$4=$EN$3:$EN$4)) -> 0 | CX10: =SUMPRODUCT(NOT(ISBLANK(CX$3:CX$4))*(CX$3:CX$4=$EL$3:$EL$4)) -> 0 | CY10: =SUMPRODUCT(NOT(ISBLANK(CY$3:CY$4))*(CY$3:CY$4=$EM$3:$EM$4)) -> 0 | DA10: =SUMPRODUCT(NOT(ISBLANK(DA$3:DA$4))*(DA$3:DA$4=$EN$3:$EN$4)) -> 0 | DB10: =SUMPRODUCT(NOT(ISBLANK(DB$3:DB$4))*(DB$3:DB$4=$EL$3:$EL$4)) -> 0 | DC10: =SUMPRODUCT(NOT(ISBLANK(DC$3:DC$4))*(DC$3:DC$4=$EM$3:$EM$4)) -> 0 | DE10: =SUMPRODUCT(NOT(ISBLANK(DE$3:DE$4))*(DE$3:DE$4=$EN$3:$EN$4)) -> 0 | DF10: =SUMPRODUCT(NOT(ISBLANK(DF$3:DF$4))*(DF$3:DF$4=$EL$3:$EL$4)) -> 0 | DG10: =SUMPRODUCT(NOT(ISBLANK(DG$3:DG$4))*(DG$3:DG$4=$EM$3:$EM$4)) -> 0 | DI10: =SUMPRODUCT(NOT(ISBLANK(DI$3:DI$4))*(DI$3:DI$4=$EN$3:$EN$4)) -> 0 | DJ10: =SUMPRODUCT(NOT(ISBLANK(DJ$3:DJ$4))*(DJ$3:DJ$4=$EL$3:$EL$4)) -> 0 | DK10: =SUMPRODUCT(NOT(ISBLANK(DK$3:DK$4))*(DK$3:DK$4=$EM$3:$EM$4)) -> 0 | DM10: =SUMPRODUCT(NOT(ISBLANK(DM$3:DM$4))*(DM$3:DM$4=$EN$3:$EN$4)) -> 0 | DN10: =SUMPRODUCT(NOT(ISBLANK(DN$3:DN$4))*(DN$3:DN$4=$EL$3:$EL$4)) -> 0 | DO10: =SUMPRODUCT(NOT(ISBLANK(DO$3:DO$4))*(DO$3:DO$4=$EM$3:$EM$4)) -> 0 | DQ10: =SUMPRODUCT(NOT(ISBLANK(DQ$3:DQ$4))*(DQ$3:DQ$4=$EN$3:$EN$4)) -> 0 | DR10: =SUMPRODUCT(NOT(ISBLANK(DR$3:DR$4))*(DR$3:DR$4=$EL$3:$EL$4)) -> 0 | DS10: =SUMPRODUCT(NOT(ISBLANK(DS$3:DS$4))*(DS$3:DS$4=$EM$3:$EM$4)) -> 0 | DU10: =SUMPRODUCT(NOT(ISBLANK(DU$3:DU$4))*(DU$3:DU$4=$EN$3:$EN$4)) -> 0 | DV10: =SUMPRODUCT(NOT(ISBLANK(DV$3:DV$4))*(DV$3:DV$4=$EL$3:$EL$4)) -> 0 | DW10: =SUMPRODUCT(NOT(ISBLANK(DW$3:DW$4))*(DW$3:DW$4=$EM$3:$EM$4)) -> 0 | DY10: =SUMPRODUCT(NOT(ISBLANK(DY$3:DY$4))*(DY$3:DY$4=$EN$3:$EN$4)) -> 0 | DZ10: =SUMPRODUCT(NOT(ISBLANK(DZ$3:DZ$4))*(DZ$3:DZ$4=$EL$3:$EL$4)) -> 0 | EA10: =SUMPRODUCT(NOT(ISBLANK(EA$3:EA$4))*(EA$3:EA$4=$EM$3:$EM$4)) -> 0 | EC10: =SUMPRODUCT(NOT(ISBLANK(EC$3:EC$4))*(EC$3:EC$4=$EN$3:$EN$4)) -> 0 | ED10: =SUMPRODUCT(NOT(ISBLANK(ED$3:ED$4))*(ED$3:ED$4=$EL$3:$EL$4)) -> 0 | EE10: =SUMPRODUCT(NOT(ISBLANK(EE$3:EE$4))*(EE$3:EE$4=$EM$3:$EM$4)) -> 0 | EG10: =SUMPRODUCT(NOT(ISBLANK(EG$3:EG$4))*(EG$3:EG$4=$EN$3:$EN$4)) -> 0 | EH10: =SUMPRODUCT(NOT(ISBLANK(EH$3:EH$4))*(EH$3:EH$4=$EL$3:$EL$4)) -> 0 | EI10: =SUMPRODUCT(NOT(ISBLANK(EI$3:EI$4))*(EI$3:EI$4=$EM$3:$EM$4)) -> 0 | EK10: =SUMPRODUCT(NOT(ISBLANK(EK$3:EK$4))*(EK$3:EK$4=$EN$3:$EN$4)) -> 0
