Workbook

Sheet Instances
B1: memelingo-1/allapproaches_mlp-tplp-ht | G1: memelingo-1/allapproaches_mlp-tplp-htc | L1: memelingo-1/allapproaches_mlp-tplp-htcdl | Q1: min | U1: median | Y1: max
B2: time | C2: stime | D2: status | E2: rules | F2: ctime | G2: time | H2: stime | I2: status | J2: rules | K2: ctime | L2: time | M2: stime | N2: status | O2: rules | P2: ctime | Q2: time | R2: stime | S2: rules | T2: ctime | U2: time | V2: stime | W2: rules | X2: ctime | Y2: time | Z2: stime | AA2: rules | AB2: ctime
A3: instances/x6_y6_a1_f1 | B3: 9.09 | C3: 0.04 | D3: SATISFIABLE | E3: 217479 | F3: 2.505 | G3: 10.97 | H3: 0.1 | I3: SATISFIABLE | J3: 173796 | K3: 2.414 | L3: 10.78 | M3: 2.11 | N3: SATISFIABLE | O3: 173796 | P3: 4.328 | Q3: =MIN($B3,$G3,$L3) -> 0 | R3: =MIN($C3,$H3,$M3) -> 0 | S3: =MIN($E3,$J3,$O3) -> 0 | T3: =MIN($F3,$K3,$P3) -> 0 | U3: =MEDIAN($B3,$G3,$L3) -> 0 | V3: =MEDIAN($C3,$H3,$M3) -> 0 | W3: =MEDIAN($E3,$J3,$O3) -> 0 | X3: =MEDIAN($F3,$K3,$P3) -> 0 | Y3: =MAX($B3,$G3,$L3) -> 0 | Z3: =MAX($C3,$H3,$M3) -> 0 | AA3: =MAX($E3,$J3,$O3) -> 0 | AB3: =MAX($F3,$K3,$P3) -> 0
A4: instances/x6_y6_a1_f10 | B4: 114.37 | C4: 50.22 | D4: SATISFIABLE | E4: 9460199 | F4: 106.964 | G4: 10.24 | H4: 1.99 | I4: SATISFIABLE | J4: 173907 | K4: 4.467 | L4: 15.27 | M4: 6.61 | N4: SATISFIABLE | O4: 173907 | P4: 8.907 | Q4: =MIN($B4,$G4,$L4) -> 0 | R4: =MIN($C4,$H4,$M4) -> 0 | S4: =MIN($E4,$J4,$O4) -> 0 | T4: =MIN($F4,$K4,$P4) -> 0 | U4: =MEDIAN($B4,$G4,$L4) -> 0 | V4: =MEDIAN($C4,$H4,$M4) -> 0 | W4: =MEDIAN($E4,$J4,$O4) -> 0 | X4: =MEDIAN($F4,$K4,$P4) -> 0 | Y4: =MAX($B4,$G4,$L4) -> 0 | Z4: =MAX($C4,$H4,$M4) -> 0 | AA4: =MAX($E4,$J4,$O4) -> 0 | AB4: =MAX($F4,$K4,$P4) -> 0
A5: instances/x6_y6_a1_f15 | B5: 440.57 | C5: 328.7 | D5: SATISFIABLE | E5: 21474749 | F5: 429.593 | G5: 10.91 | H5: 0.71 | I5: SATISFIABLE | J5: 173907 | K5: 3.409 | L5: 17.12 | M5: 6.67 | N5: SATISFIABLE | O5: 173907 | P5: 8.877 | Q5: =MIN($B5,$G5,$L5) -> 0 | R5: =MIN($C5,$H5,$M5) -> 0 | S5: =MIN($E5,$J5,$O5) -> 0 | T5: =MIN($F5,$K5,$P5) -> 0 | U5: =MEDIAN($B5,$G5,$L5) -> 0 | V5: =MEDIAN($C5,$H5,$M5) -> 0 | W5: =MEDIAN($E5,$J5,$O5) -> 0 | X5: =MEDIAN($F5,$K5,$P5) -> 0 | Y5: =MAX($B5,$G5,$L5) -> 0 | Z5: =MAX($C5,$H5,$M5) -> 0 | AA5: =MAX($E5,$J5,$O5) -> 0 | AB5: =MAX($F5,$K5,$P5) -> 0
A6: instances/x6_y6_a1_f20 | B6: 545.88 | C6: 299.63 | D6: SATISFIABLE | E6: 38405549 | F6: 534.493 | G6: 8.92 | H6: 0.75 | I6: SATISFIABLE | J6: 173907 | K6: 3.343 | L6: 15.44 | M6: 6.65 | N6: SATISFIABLE | O6: 173907 | P6: 8.932 | Q6: =MIN($B6,$G6,$L6) -> 0 | R6: =MIN($C6,$H6,$M6) -> 0 | S6: =MIN($E6,$J6,$O6) -> 0 | T6: =MIN($F6,$K6,$P6) -> 0 | U6: =MEDIAN($B6,$G6,$L6) -> 0 | V6: =MEDIAN($C6,$H6,$M6) -> 0 | W6: =MEDIAN($E6,$J6,$O6) -> 0 | X6: =MEDIAN($F6,$K6,$P6) -> 0 | Y6: =MAX($B6,$G6,$L6) -> 0 | Z6: =MAX($C6,$H6,$M6) -> 0 | AA6: =MAX($E6,$J6,$O6) -> 0 | AB6: =MAX($F6,$K6,$P6) -> 0
A7: instances/x6_y6_a1_f25 | B7: 1200 | C7: 0 | D7: UNKNOWN | E7: 0 | F7: 262.742 | G7: 12.11 | H7: 0.57 | I7: SATISFIABLE | J7: 173907 | K7: 2.981 | L7: 16.15 | M7: 7.92 | N7: SATISFIABLE | O7: 173907 | P7: 10.389 | Q7: =MIN($B7,$G7,$L7) -> 0 | R7: =MIN($C7,$H7,$M7) -> 0 | S7: =MIN($E7,$J7,$O7) -> 0 | T7: =MIN($F7,$K7,$P7) -> 0 | U7: =MEDIAN($B7,$G7,$L7) -> 0 | V7: =MEDIAN($C7,$H7,$M7) -> 0 | W7: =MEDIAN($E7,$J7,$O7) -> 0 | X7: =MEDIAN($F7,$K7,$P7) -> 0 | Y7: =MAX($B7,$G7,$L7) -> 0 | Z7: =MAX($C7,$H7,$M7) -> 0 | AA7: =MAX($E7,$J7,$O7) -> 0 | AB7: =MAX($F7,$K7,$P7) -> 0
A8: instances/x6_y6_a1_f30 | B8: 1200 | C8: 0 | D8: UNKNOWN | E8: 0 | F8: 186.394 | G8: 9.61 | H8: 0.7 | I8: SATISFIABLE | J8: 173907 | K8: 3.283 | L8: 15.96 | M8: 6.63 | N8: SATISFIABLE | O8: 173907 | P8: 8.846 | Q8: =MIN($B8,$G8,$L8) -> 0 | R8: =MIN($C8,$H8,$M8) -> 0 | S8: =MIN($E8,$J8,$O8) -> 0 | T8: =MIN($F8,$K8,$P8) -> 0 | U8: =MEDIAN($B8,$G8,$L8) -> 0 | V8: =MEDIAN($C8,$H8,$M8) -> 0 | W8: =MEDIAN($E8,$J8,$O8) -> 0 | X8: =MEDIAN($F8,$K8,$P8) -> 0 | Y8: =MAX($B8,$G8,$L8) -> 0 | Z8: =MAX($C8,$H8,$M8) -> 0 | AA8: =MAX($E8,$J8,$O8) -> 0 | AB8: =MAX($F8,$K8,$P8) -> 0
A9: instances/x6_y6_a1_f35 | B9: 1200 | C9: 0 | D9: UNKNOWN | E9: 0 | F9: 239.967 | G9: 12.18 | H9: 0.69 | I9: SATISFIABLE | J9: 173907 | K9: 3.135 | L9: 17.47 | M9: 6.63 | N9: SATISFIABLE | O9: 173907 | P9: 8.872 | Q9: =MIN($B9,$G9,$L9) -> 0 | R9: =MIN($C9,$H9,$M9) -> 0 | S9: =MIN($E9,$J9,$O9) -> 0 | T9: =MIN($F9,$K9,$P9) -> 0 | U9: =MEDIAN($B9,$G9,$L9) -> 0 | V9: =MEDIAN($C9,$H9,$M9) -> 0 | W9: =MEDIAN($E9,$J9,$O9) -> 0 | X9: =MEDIAN($F9,$K9,$P9) -> 0 | Y9: =MAX($B9,$G9,$L9) -> 0 | Z9: =MAX($C9,$H9,$M9) -> 0 | AA9: =MAX($E9,$J9,$O9) -> 0 | AB9: =MAX($F9,$K9,$P9) -> 0
A10: instances/x6_y6_a1_f40 | B10: 1200 | C10: 0 | D10: UNKNOWN | E10: 0 | F10: 224.577 | G10: 12.07 | H10: 0.89 | I10: SATISFIABLE | J10: 173907 | K10: 3.41 | L10: 18.55 | M10: 9.42 | N10: SATISFIABLE | O10: 173907 | P10: 11.994 | Q10: =MIN($B10,$G10,$L10) -> 0 | R10: =MIN($C10,$H10,$M10) -> 0 | S10: =MIN($E10,$J10,$O10) -> 0 | T10: =MIN($F10,$K10,$P10) -> 0 | U10: =MEDIAN($B10,$G10,$L10) -> 0 | V10: =MEDIAN($C10,$H10,$M10) -> 0 | W10: =MEDIAN($E10,$J10,$O10) -> 0 | X10: =MEDIAN($F10,$K10,$P10) -> 0 | Y10: =MAX($B10,$G10,$L10) -> 0 | Z10: =MAX($C10,$H10,$M10) -> 0 | AA10: =MAX($E10,$J10,$O10) -> 0 | AB10: =MAX($F10,$K10,$P10) -> 0
A11: instances/x6_y6_a1_f5 | B11: 36.1 | C11: 14.45 | D11: SATISFIABLE | E11: 2361888 | F11: 29.493 | G11: 9.33 | H11: 0.6 | I11: SATISFIABLE | J11: 173907 | K11: 3.056 | L11: 18.8 | M11: 9.13 | N11: SATISFIABLE | O11: 173907 | P11: 11.392 | Q11: =MIN($B11,$G11,$L11) -> 0 | R11: =MIN($C11,$H11,$M11) -> 0 | S11: =MIN($E11,$J11,$O11) -> 0 | T11: =MIN($F11,$K11,$P11) -> 0 | U11: =MEDIAN($B11,$G11,$L11) -> 0 | V11: =MEDIAN($C11,$H11,$M11) -> 0 | W11: =MEDIAN($E11,$J11,$O11) -> 0 | X11: =MEDIAN($F11,$K11,$P11) -> 0 | Y11: =MAX($B11,$G11,$L11) -> 0 | Z11: =MAX($C11,$H11,$M11) -> 0 | AA11: =MAX($E11,$J11,$O11) -> 0 | AB11: =MAX($F11,$K11,$P11) -> 0
A12: instances/x6_y6_a2_f1 | B12: 12.56 | C12: 0.16 | D12: SATISFIABLE | E12: 367974 | F12: 5.959 | G12: 13.72 | H12: 0.62 | I12: SATISFIABLE | J12: 326578 | K12: 4.957 | L12: 25.64 | M12: 14.4 | N12: SATISFIABLE | O12: 326578 | P12: 18.671 | Q12: =MIN($B12,$G12,$L12) -> 0 | R12: =MIN($C12,$H12,$M12) -> 0 | S12: =MIN($E12,$J12,$O12) -> 0 | T12: =MIN($F12,$K12,$P12) -> 0 | U12: =MEDIAN($B12,$G12,$L12) -> 0 | V12: =MEDIAN($C12,$H12,$M12) -> 0 | W12: =MEDIAN($E12,$J12,$O12) -> 0 | X12: =MEDIAN($F12,$K12,$P12) -> 0 | Y12: =MAX($B12,$G12,$L12) -> 0 | Z12: =MAX($C12,$H12,$M12) -> 0 | AA12: =MAX($E12,$J12,$O12) -> 0 | AB12: =MAX($F12,$K12,$P12) -> 0
A13: instances/x6_y6_a2_f10 | B13: 1200 | G13: 38.8 | H13: 25.05 | I13: SATISFIABLE | J13: 326689 | K13: 29.447 | L13: 51.85 | M13: 39.4 | N13: SATISFIABLE | O13: 326689 | P13: 43.633 | Q13: =MIN($B13,$G13,$L13) -> 0 | R13: =MIN($C13,$H13,$M13) -> 0 | S13: =MIN($E13,$J13,$O13) -> 0 | T13: =MIN($F13,$K13,$P13) -> 0 | U13: =MEDIAN($B13,$G13,$L13) -> 0 | V13: =MEDIAN($C13,$H13,$M13) -> 0 | W13: =MEDIAN($E13,$J13,$O13) -> 0 | X13: =MEDIAN($F13,$K13,$P13) -> 0 | Y13: =MAX($B13,$G13,$L13) -> 0 | Z13: =MAX($C13,$H13,$M13) -> 0 | AA13: =MAX($E13,$J13,$O13) -> 0 | AB13: =MAX($F13,$K13,$P13) -> 0
A14: instances/x6_y6_a2_f15 | B14: 1200 | G14: 40.16 | H14: 29.35 | I14: SATISFIABLE | J14: 326689 | K14: 34.035 | L14: 51.63 | M14: 39.29 | N14: SATISFIABLE | O14: 326689 | P14: 43.737 | Q14: =MIN($B14,$G14,$L14) -> 0 | R14: =MIN($C14,$H14,$M14) -> 0 | S14: =MIN($E14,$J14,$O14) -> 0 | T14: =MIN($F14,$K14,$P14) -> 0 | U14: =MEDIAN($B14,$G14,$L14) -> 0 | V14: =MEDIAN($C14,$H14,$M14) -> 0 | W14: =MEDIAN($E14,$J14,$O14) -> 0 | X14: =MEDIAN($F14,$K14,$P14) -> 0 | Y14: =MAX($B14,$G14,$L14) -> 0 | Z14: =MAX($C14,$H14,$M14) -> 0 | AA14: =MAX($E14,$J14,$O14) -> 0 | AB14: =MAX($F14,$K14,$P14) -> 0
A15: instances/x6_y6_a2_f20 | B15: 1200 | G15: 135.82 | H15: 122.25 | I15: SATISFIABLE | J15: 326689 | K15: 126.721 | L15: 53.43 | M15: 41.82 | N15: SATISFIABLE | O15: 326689 | P15: 47.03 | Q15: =MIN($B15,$G15,$L15) -> 0 | R15: =MIN($C15,$H15,$M15) -> 0 | S15: =MIN($E15,$J15,$O15) -> 0 | T15: =MIN($F15,$K15,$P15) -> 0 | U15: =MEDIAN($B15,$G15,$L15) -> 0 | V15: =MEDIAN($C15,$H15,$M15) -> 0 | W15: =MEDIAN($E15,$J15,$O15) -> 0 | X15: =MEDIAN($F15,$K15,$P15) -> 0 | Y15: =MAX($B15,$G15,$L15) -> 0 | Z15: =MAX($C15,$H15,$M15) -> 0 | AA15: =MAX($E15,$J15,$O15) -> 0 | AB15: =MAX($F15,$K15,$P15) -> 0
A16: instances/x6_y6_a2_f25 | B16: 1200 | C16: 0 | D16: UNKNOWN | E16: 0 | F16: 259.737 | G16: 48.42 | H16: 37.08 | I16: SATISFIABLE | J16: 326689 | K16: 41.793 | L16: 50.76 | M16: 39.94 | N16: SATISFIABLE | O16: 326689 | P16: 44.231 | Q16: =MIN($B16,$G16,$L16) -> 0 | R16: =MIN($C16,$H16,$M16) -> 0 | S16: =MIN($E16,$J16,$O16) -> 0 | T16: =MIN($F16,$K16,$P16) -> 0 | U16: =MEDIAN($B16,$G16,$L16) -> 0 | V16: =MEDIAN($C16,$H16,$M16) -> 0 | W16: =MEDIAN($E16,$J16,$O16) -> 0 | X16: =MEDIAN($F16,$K16,$P16) -> 0 | Y16: =MAX($B16,$G16,$L16) -> 0 | Z16: =MAX($C16,$H16,$M16) -> 0 | AA16: =MAX($E16,$J16,$O16) -> 0 | AB16: =MAX($F16,$K16,$P16) -> 0
A17: instances/x6_y6_a2_f30 | B17: 1200 | C17: 0 | D17: UNKNOWN | E17: 0 | F17: 263.801 | G17: 92.37 | H17: 79.2 | I17: SATISFIABLE | J17: 326689 | K17: 83.68 | L17: 63.72 | M17: 51.78 | N17: SATISFIABLE | O17: 326689 | P17: 57.285 | Q17: =MIN($B17,$G17,$L17) -> 0 | R17: =MIN($C17,$H17,$M17) -> 0 | S17: =MIN($E17,$J17,$O17) -> 0 | T17: =MIN($F17,$K17,$P17) -> 0 | U17: =MEDIAN($B17,$G17,$L17) -> 0 | V17: =MEDIAN($C17,$H17,$M17) -> 0 | W17: =MEDIAN($E17,$J17,$O17) -> 0 | X17: =MEDIAN($F17,$K17,$P17) -> 0 | Y17: =MAX($B17,$G17,$L17) -> 0 | Z17: =MAX($C17,$H17,$M17) -> 0 | AA17: =MAX($E17,$J17,$O17) -> 0 | AB17: =MAX($F17,$K17,$P17) -> 0
A18: instances/x6_y6_a2_f35 | B18: 1200 | C18: 0 | D18: UNKNOWN | E18: 0 | F18: 256.978 | G18: 19.59 | H18: 8.3 | I18: SATISFIABLE | J18: 326689 | K18: 13.005 | L18: 52.13 | M18: 39.09 | N18: SATISFIABLE | O18: 326689 | P18: 43.358 | Q18: =MIN($B18,$G18,$L18) -> 0 | R18: =MIN($C18,$H18,$M18) -> 0 | S18: =MIN($E18,$J18,$O18) -> 0 | T18: =MIN($F18,$K18,$P18) -> 0 | U18: =MEDIAN($B18,$G18,$L18) -> 0 | V18: =MEDIAN($C18,$H18,$M18) -> 0 | W18: =MEDIAN($E18,$J18,$O18) -> 0 | X18: =MEDIAN($F18,$K18,$P18) -> 0 | Y18: =MAX($B18,$G18,$L18) -> 0 | Z18: =MAX($C18,$H18,$M18) -> 0 | AA18: =MAX($E18,$J18,$O18) -> 0 | AB18: =MAX($F18,$K18,$P18) -> 0
A19: instances/x6_y6_a2_f40 | B19: 1200 | C19: 0 | D19: UNKNOWN | E19: 0 | F19: 214.776 | G19: 46.91 | H19: 33.01 | I19: SATISFIABLE | J19: 326689 | K19: 37.626 | L19: 50.29 | M19: 39.58 | N19: SATISFIABLE | O19: 326689 | P19: 43.841 | Q19: =MIN($B19,$G19,$L19) -> 0 | R19: =MIN($C19,$H19,$M19) -> 0 | S19: =MIN($E19,$J19,$O19) -> 0 | T19: =MIN($F19,$K19,$P19) -> 0 | U19: =MEDIAN($B19,$G19,$L19) -> 0 | V19: =MEDIAN($C19,$H19,$M19) -> 0 | W19: =MEDIAN($E19,$J19,$O19) -> 0 | X19: =MEDIAN($F19,$K19,$P19) -> 0 | Y19: =MAX($B19,$G19,$L19) -> 0 | Z19: =MAX($C19,$H19,$M19) -> 0 | AA19: =MAX($E19,$J19,$O19) -> 0 | AB19: =MAX($F19,$K19,$P19) -> 0
A20: instances/x6_y6_a2_f5 | B20: 422.24 | C20: 397.66 | D20: SATISFIABLE | E20: 2512383 | F20: 415.351 | G20: 62.27 | H20: 48.77 | I20: SATISFIABLE | J20: 326689 | K20: 53.164 | L20: 42.93 | M20: 31.79 | N20: SATISFIABLE | O20: 326689 | P20: 36.06 | Q20: =MIN($B20,$G20,$L20) -> 0 | R20: =MIN($C20,$H20,$M20) -> 0 | S20: =MIN($E20,$J20,$O20) -> 0 | T20: =MIN($F20,$K20,$P20) -> 0 | U20: =MEDIAN($B20,$G20,$L20) -> 0 | V20: =MEDIAN($C20,$H20,$M20) -> 0 | W20: =MEDIAN($E20,$J20,$O20) -> 0 | X20: =MEDIAN($F20,$K20,$P20) -> 0 | Y20: =MAX($B20,$G20,$L20) -> 0 | Z20: =MAX($C20,$H20,$M20) -> 0 | AA20: =MAX($E20,$J20,$O20) -> 0 | AB20: =MAX($F20,$K20,$P20) -> 0
A21: instances/x6_y6_a3_f1 | B21: 16.58 | C21: 1.91 | D21: SATISFIABLE | E21: 520090 | F21: 10.321 | G21: 17.25 | H21: 1.25 | I21: SATISFIABLE | J21: 480980 | K21: 7.809 | L21: 29.38 | M21: 14.26 | N21: SATISFIABLE | O21: 480980 | P21: 20.761 | Q21: =MIN($B21,$G21,$L21) -> 0 | R21: =MIN($C21,$H21,$M21) -> 0 | S21: =MIN($E21,$J21,$O21) -> 0 | T21: =MIN($F21,$K21,$P21) -> 0 | U21: =MEDIAN($B21,$G21,$L21) -> 0 | V21: =MEDIAN($C21,$H21,$M21) -> 0 | W21: =MEDIAN($E21,$J21,$O21) -> 0 | X21: =MEDIAN($F21,$K21,$P21) -> 0 | Y21: =MAX($B21,$G21,$L21) -> 0 | Z21: =MAX($C21,$H21,$M21) -> 0 | AA21: =MAX($E21,$J21,$O21) -> 0 | AB21: =MAX($F21,$K21,$P21) -> 0
A22: instances/x6_y6_a3_f10 | B22: 1200 | G22: 68.37 | H22: 52.34 | I22: SATISFIABLE | J22: 481091 | K22: 58.924 | L22: 328.34 | M22: 314.06 | N22: SATISFIABLE | O22: 481091 | P22: 321.997 | Q22: =MIN($B22,$G22,$L22) -> 0 | R22: =MIN($C22,$H22,$M22) -> 0 | S22: =MIN($E22,$J22,$O22) -> 0 | T22: =MIN($F22,$K22,$P22) -> 0 | U22: =MEDIAN($B22,$G22,$L22) -> 0 | V22: =MEDIAN($C22,$H22,$M22) -> 0 | W22: =MEDIAN($E22,$J22,$O22) -> 0 | X22: =MEDIAN($F22,$K22,$P22) -> 0 | Y22: =MAX($B22,$G22,$L22) -> 0 | Z22: =MAX($C22,$H22,$M22) -> 0 | AA22: =MAX($E22,$J22,$O22) -> 0 | AB22: =MAX($F22,$K22,$P22) -> 0
A23: instances/x6_y6_a3_f15 | B23: 1200 | G23: 296.38 | H23: 283.21 | I23: SATISFIABLE | J23: 481091 | K23: 290.57 | L23: 286.43 | M23: 271.62 | N23: SATISFIABLE | O23: 481091 | P23: 278.021 | Q23: =MIN($B23,$G23,$L23) -> 0 | R23: =MIN($C23,$H23,$M23) -> 0 | S23: =MIN($E23,$J23,$O23) -> 0 | T23: =MIN($F23,$K23,$P23) -> 0 | U23: =MEDIAN($B23,$G23,$L23) -> 0 | V23: =MEDIAN($C23,$H23,$M23) -> 0 | W23: =MEDIAN($E23,$J23,$O23) -> 0 | X23: =MEDIAN($F23,$K23,$P23) -> 0 | Y23: =MAX($B23,$G23,$L23) -> 0 | Z23: =MAX($C23,$H23,$M23) -> 0 | AA23: =MAX($E23,$J23,$O23) -> 0 | AB23: =MAX($F23,$K23,$P23) -> 0
A24: instances/x6_y6_a3_f20 | B24: 1200 | G24: 73.62 | H24: 57.53 | I24: SATISFIABLE | J24: 481091 | K24: 64.112 | L24: 271.99 | M24: 257.58 | N24: SATISFIABLE | O24: 481091 | P24: 264.049 | Q24: =MIN($B24,$G24,$L24) -> 0 | R24: =MIN($C24,$H24,$M24) -> 0 | S24: =MIN($E24,$J24,$O24) -> 0 | T24: =MIN($F24,$K24,$P24) -> 0 | U24: =MEDIAN($B24,$G24,$L24) -> 0 | V24: =MEDIAN($C24,$H24,$M24) -> 0 | W24: =MEDIAN($E24,$J24,$O24) -> 0 | X24: =MEDIAN($F24,$K24,$P24) -> 0 | Y24: =MAX($B24,$G24,$L24) -> 0 | Z24: =MAX($C24,$H24,$M24) -> 0 | AA24: =MAX($E24,$J24,$O24) -> 0 | AB24: =MAX($F24,$K24,$P24) -> 0
A25: instances/x6_y6_a3_f25 | B25: 1200 | C25: 0 | D25: UNKNOWN | E25: 0 | F25: 269.818 | G25: 131.91 | H25: 116.03 | I25: SATISFIABLE | J25: 481091 | K25: 122.644 | L25: 274.62 | M25: 260.38 | N25: SATISFIABLE | O25: 481091 | P25: 266.814 | Q25: =MIN($B25,$G25,$L25) -> 0 | R25: =MIN($C25,$H25,$M25) -> 0 | S25: =MIN($E25,$J25,$O25) -> 0 | T25: =MIN($F25,$K25,$P25) -> 0 | U25: =MEDIAN($B25,$G25,$L25) -> 0 | V25: =MEDIAN($C25,$H25,$M25) -> 0 | W25: =MEDIAN($E25,$J25,$O25) -> 0 | X25: =MEDIAN($F25,$K25,$P25) -> 0 | Y25: =MAX($B25,$G25,$L25) -> 0 | Z25: =MAX($C25,$H25,$M25) -> 0 | AA25: =MAX($E25,$J25,$O25) -> 0 | AB25: =MAX($F25,$K25,$P25) -> 0
A26: instances/x6_y6_a3_f30 | B26: 1200 | C26: 0 | D26: UNKNOWN | E26: 0 | F26: 190.12 | G26: 40.67 | H26: 26.67 | I26: SATISFIABLE | J26: 481091 | K26: 33.94 | L26: 282.52 | M26: 269.27 | N26: SATISFIABLE | O26: 481091 | P26: 275.697 | Q26: =MIN($B26,$G26,$L26) -> 0 | R26: =MIN($C26,$H26,$M26) -> 0 | S26: =MIN($E26,$J26,$O26) -> 0 | T26: =MIN($F26,$K26,$P26) -> 0 | U26: =MEDIAN($B26,$G26,$L26) -> 0 | V26: =MEDIAN($C26,$H26,$M26) -> 0 | W26: =MEDIAN($E26,$J26,$O26) -> 0 | X26: =MEDIAN($F26,$K26,$P26) -> 0 | Y26: =MAX($B26,$G26,$L26) -> 0 | Z26: =MAX($C26,$H26,$M26) -> 0 | AA26: =MAX($E26,$J26,$O26) -> 0 | AB26: =MAX($F26,$K26,$P26) -> 0
A27: instances/x6_y6_a3_f35 | B27: 1200 | C27: 0 | D27: UNKNOWN | E27: 0 | F27: 259.328 | G27: 38.28 | H27: 22.28 | I27: SATISFIABLE | J27: 481091 | K27: 28.904 | L27: 283.7 | M27: 270.72 | N27: SATISFIABLE | O27: 481091 | P27: 277.086 | Q27: =MIN($B27,$G27,$L27) -> 0 | R27: =MIN($C27,$H27,$M27) -> 0 | S27: =MIN($E27,$J27,$O27) -> 0 | T27: =MIN($F27,$K27,$P27) -> 0 | U27: =MEDIAN($B27,$G27,$L27) -> 0 | V27: =MEDIAN($C27,$H27,$M27) -> 0 | W27: =MEDIAN($E27,$J27,$O27) -> 0 | X27: =MEDIAN($F27,$K27,$P27) -> 0 | Y27: =MAX($B27,$G27,$L27) -> 0 | Z27: =MAX($C27,$H27,$M27) -> 0 | AA27: =MAX($E27,$J27,$O27) -> 0 | AB27: =MAX($F27,$K27,$P27) -> 0
A28: instances/x6_y6_a3_f40 | B28: 1200 | C28: 0 | D28: UNKNOWN | E28: 0 | F28: 181.632 | G28: 150.09 | H28: 136.14 | I28: SATISFIABLE | J28: 481091 | K28: 143.447 | L28: 283.45 | M28: 268.39 | N28: SATISFIABLE | O28: 481091 | P28: 274.89 | Q28: =MIN($B28,$G28,$L28) -> 0 | R28: =MIN($C28,$H28,$M28) -> 0 | S28: =MIN($E28,$J28,$O28) -> 0 | T28: =MIN($F28,$K28,$P28) -> 0 | U28: =MEDIAN($B28,$G28,$L28) -> 0 | V28: =MEDIAN($C28,$H28,$M28) -> 0 | W28: =MEDIAN($E28,$J28,$O28) -> 0 | X28: =MEDIAN($F28,$K28,$P28) -> 0 | Y28: =MAX($B28,$G28,$L28) -> 0 | Z28: =MAX($C28,$H28,$M28) -> 0 | AA28: =MAX($E28,$J28,$O28) -> 0 | AB28: =MAX($F28,$K28,$P28) -> 0
A29: instances/x6_y6_a3_f5 | B29: 709.53 | C29: 682.5 | D29: SATISFIABLE | E29: 2664499 | F29: 702.544 | G29: 108.42 | H29: 92.42 | I29: SATISFIABLE | J29: 481091 | K29: 99.071 | L29: 289.56 | M29: 275.19 | N29: SATISFIABLE | O29: 481091 | P29: 281.627 | Q29: =MIN($B29,$G29,$L29) -> 0 | R29: =MIN($C29,$H29,$M29) -> 0 | S29: =MIN($E29,$J29,$O29) -> 0 | T29: =MIN($F29,$K29,$P29) -> 0 | U29: =MEDIAN($B29,$G29,$L29) -> 0 | V29: =MEDIAN($C29,$H29,$M29) -> 0 | W29: =MEDIAN($E29,$J29,$O29) -> 0 | X29: =MEDIAN($F29,$K29,$P29) -> 0 | Y29: =MAX($B29,$G29,$L29) -> 0 | Z29: =MAX($C29,$H29,$M29) -> 0 | AA29: =MAX($E29,$J29,$O29) -> 0 | AB29: =MAX($F29,$K29,$P29) -> 0
A30: instances/x6_y6_a4_f1 | B30: 18 | C30: 0.4 | D30: SATISFIABLE | E30: 673826 | F30: 11.588 | G30: 16.84 | H30: 0.91 | I30: SATISFIABLE | J30: 637002 | K30: 10.264 | L30: 27.37 | M30: 10.72 | N30: SATISFIABLE | O30: 637002 | P30: 19.205 | Q30: =MIN($B30,$G30,$L30) -> 0 | R30: =MIN($C30,$H30,$M30) -> 0 | S30: =MIN($E30,$J30,$O30) -> 0 | T30: =MIN($F30,$K30,$P30) -> 0 | U30: =MEDIAN($B30,$G30,$L30) -> 0 | V30: =MEDIAN($C30,$H30,$M30) -> 0 | W30: =MEDIAN($E30,$J30,$O30) -> 0 | X30: =MEDIAN($F30,$K30,$P30) -> 0 | Y30: =MAX($B30,$G30,$L30) -> 0 | Z30: =MAX($C30,$H30,$M30) -> 0 | AA30: =MAX($E30,$J30,$O30) -> 0 | AB30: =MAX($F30,$K30,$P30) -> 0
A31: instances/x6_y6_a4_f10 | B31: 1200 | G31: 120.81 | H31: 102.87 | I31: SATISFIABLE | J31: 637113 | K31: 111.573 | L31: 1181.22 | M31: 1165.36 | N31: SATISFIABLE | O31: 637113 | P31: 1174.03 | Q31: =MIN($B31,$G31,$L31) -> 0 | R31: =MIN($C31,$H31,$M31) -> 0 | S31: =MIN($E31,$J31,$O31) -> 0 | T31: =MIN($F31,$K31,$P31) -> 0 | U31: =MEDIAN($B31,$G31,$L31) -> 0 | V31: =MEDIAN($C31,$H31,$M31) -> 0 | W31: =MEDIAN($E31,$J31,$O31) -> 0 | X31: =MEDIAN($F31,$K31,$P31) -> 0 | Y31: =MAX($B31,$G31,$L31) -> 0 | Z31: =MAX($C31,$H31,$M31) -> 0 | AA31: =MAX($E31,$J31,$O31) -> 0 | AB31: =MAX($F31,$K31,$P31) -> 0
A32: instances/x6_y6_a4_f15 | B32: 1200 | G32: 70.47 | H32: 54.11 | I32: SATISFIABLE | J32: 637113 | K32: 63.946 | L32: 1169.77 | M32: 1153.44 | N32: SATISFIABLE | O32: 637113 | P32: 1162.059 | Q32: =MIN($B32,$G32,$L32) -> 0 | R32: =MIN($C32,$H32,$M32) -> 0 | S32: =MIN($E32,$J32,$O32) -> 0 | T32: =MIN($F32,$K32,$P32) -> 0 | U32: =MEDIAN($B32,$G32,$L32) -> 0 | V32: =MEDIAN($C32,$H32,$M32) -> 0 | W32: =MEDIAN($E32,$J32,$O32) -> 0 | X32: =MEDIAN($F32,$K32,$P32) -> 0 | Y32: =MAX($B32,$G32,$L32) -> 0 | Z32: =MAX($C32,$H32,$M32) -> 0 | AA32: =MAX($E32,$J32,$O32) -> 0 | AB32: =MAX($F32,$K32,$P32) -> 0
A33: instances/x6_y6_a4_f20 | B33: 1200 | D33: UNKNOWN | G33: 50.05 | H33: 31.91 | I33: SATISFIABLE | J33: 637113 | K33: 40.685 | L33: 1182.83 | M33: 1165.82 | N33: SATISFIABLE | O33: 637113 | P33: 1174.368 | Q33: =MIN($B33,$G33,$L33) -> 0 | R33: =MIN($C33,$H33,$M33) -> 0 | S33: =MIN($E33,$J33,$O33) -> 0 | T33: =MIN($F33,$K33,$P33) -> 0 | U33: =MEDIAN($B33,$G33,$L33) -> 0 | V33: =MEDIAN($C33,$H33,$M33) -> 0 | W33: =MEDIAN($E33,$J33,$O33) -> 0 | X33: =MEDIAN($F33,$K33,$P33) -> 0 | Y33: =MAX($B33,$G33,$L33) -> 0 | Z33: =MAX($C33,$H33,$M33) -> 0 | AA33: =MAX($E33,$J33,$O33) -> 0 | AB33: =MAX($F33,$K33,$P33) -> 0
A34: instances/x6_y6_a4_f25 | B34: 1200 | C34: 0 | D34: UNKNOWN | E34: 0 | F34: 242.127 | G34: 331.06 | H34: 314.99 | I34: SATISFIABLE | J34: 637113 | K34: 324.3 | L34: 1186.01 | M34: 1170.19 | N34: SATISFIABLE | O34: 637113 | P34: 1178.792 | Q34: =MIN($B34,$G34,$L34) -> 0 | R34: =MIN($C34,$H34,$M34) -> 0 | S34: =MIN($E34,$J34,$O34) -> 0 | T34: =MIN($F34,$K34,$P34) -> 0 | U34: =MEDIAN($B34,$G34,$L34) -> 0 | V34: =MEDIAN($C34,$H34,$M34) -> 0 | W34: =MEDIAN($E34,$J34,$O34) -> 0 | X34: =MEDIAN($F34,$K34,$P34) -> 0 | Y34: =MAX($B34,$G34,$L34) -> 0 | Z34: =MAX($C34,$H34,$M34) -> 0 | AA34: =MAX($E34,$J34,$O34) -> 0 | AB34: =MAX($F34,$K34,$P34) -> 0
A35: instances/x6_y6_a4_f30 | B35: 1200 | C35: 0 | D35: UNKNOWN | E35: 0 | F35: 262.179 | G35: 156.51 | H35: 140.95 | I35: SATISFIABLE | J35: 637113 | K35: 150.329 | L35: 1172.12 | M35: 1156.34 | N35: SATISFIABLE | O35: 637113 | P35: 1164.874 | Q35: =MIN($B35,$G35,$L35) -> 0 | R35: =MIN($C35,$H35,$M35) -> 0 | S35: =MIN($E35,$J35,$O35) -> 0 | T35: =MIN($F35,$K35,$P35) -> 0 | U35: =MEDIAN($B35,$G35,$L35) -> 0 | V35: =MEDIAN($C35,$H35,$M35) -> 0 | W35: =MEDIAN($E35,$J35,$O35) -> 0 | X35: =MEDIAN($F35,$K35,$P35) -> 0 | Y35: =MAX($B35,$G35,$L35) -> 0 | Z35: =MAX($C35,$H35,$M35) -> 0 | AA35: =MAX($E35,$J35,$O35) -> 0 | AB35: =MAX($F35,$K35,$P35) -> 0
A36: instances/x6_y6_a4_f35 | B36: 1200 | C36: 0 | D36: UNKNOWN | E36: 0 | F36: 265.252 | G36: 118.5 | H36: 100.37 | I36: SATISFIABLE | J36: 637113 | K36: 109.154 | L36: 1179.62 | M36: 1162.26 | N36: SATISFIABLE | O36: 637113 | P36: 1170.83 | Q36: =MIN($B36,$G36,$L36) -> 0 | R36: =MIN($C36,$H36,$M36) -> 0 | S36: =MIN($E36,$J36,$O36) -> 0 | T36: =MIN($F36,$K36,$P36) -> 0 | U36: =MEDIAN($B36,$G36,$L36) -> 0 | V36: =MEDIAN($C36,$H36,$M36) -> 0 | W36: =MEDIAN($E36,$J36,$O36) -> 0 | X36: =MEDIAN($F36,$K36,$P36) -> 0 | Y36: =MAX($B36,$G36,$L36) -> 0 | Z36: =MAX($C36,$H36,$M36) -> 0 | AA36: =MAX($E36,$J36,$O36) -> 0 | AB36: =MAX($F36,$K36,$P36) -> 0
A37: instances/x6_y6_a4_f40 | B37: 1200 | C37: 0 | D37: UNKNOWN | E37: 0 | F37: 248.844 | G37: 30.14 | H37: 12.09 | I37: SATISFIABLE | J37: 637113 | K37: 20.859 | L37: 1188.52 | M37: 1171.39 | N37: SATISFIABLE | O37: 637113 | P37: 1182 | Q37: =MIN($B37,$G37,$L37) -> 0 | R37: =MIN($C37,$H37,$M37) -> 0 | S37: =MIN($E37,$J37,$O37) -> 0 | T37: =MIN($F37,$K37,$P37) -> 0 | U37: =MEDIAN($B37,$G37,$L37) -> 0 | V37: =MEDIAN($C37,$H37,$M37) -> 0 | W37: =MEDIAN($E37,$J37,$O37) -> 0 | X37: =MEDIAN($F37,$K37,$P37) -> 0 | Y37: =MAX($B37,$G37,$L37) -> 0 | Z37: =MAX($C37,$H37,$M37) -> 0 | AA37: =MAX($E37,$J37,$O37) -> 0 | AB37: =MAX($F37,$K37,$P37) -> 0
A38: instances/x6_y6_a4_f5 | B38: 1200 | C38: 1170.98 | D38: UNKNOWN | E38: 2818235 | F38: 1194.082 | G38: 202.02 | H38: 183.98 | I38: SATISFIABLE | J38: 637113 | K38: 192.577 | L38: 1200 | M38: 1184.69 | N38: UNKNOWN | O38: 637113 | P38: 1194.386 | Q38: =MIN($B38,$G38,$L38) -> 0 | R38: =MIN($C38,$H38,$M38) -> 0 | S38: =MIN($E38,$J38,$O38) -> 0 | T38: =MIN($F38,$K38,$P38) -> 0 | U38: =MEDIAN($B38,$G38,$L38) -> 0 | V38: =MEDIAN($C38,$H38,$M38) -> 0 | W38: =MEDIAN($E38,$J38,$O38) -> 0 | X38: =MEDIAN($F38,$K38,$P38) -> 0 | Y38: =MAX($B38,$G38,$L38) -> 0 | Z38: =MAX($C38,$H38,$M38) -> 0 | AA38: =MAX($E38,$J38,$O38) -> 0 | AB38: =MAX($F38,$K38,$P38) -> 0
A40: SUM | B40: =SUM(B$3:B$38) -> 0 | C40: =SUM(C$3:C$38) -> 0 | E40: =SUM(E$3:E$38) -> 0 | F40: =SUM(F$3:F$38) -> 0 | G40: =SUM(G$3:G$38) -> 0 | H40: =SUM(H$3:H$38) -> 0 | J40: =SUM(J$3:J$38) -> 0 | K40: =SUM(K$3:K$38) -> 0 | L40: =SUM(L$3:L$38) -> 0 | M40: =SUM(M$3:M$38) -> 0 | O40: =SUM(O$3:O$38) -> 0 | P40: =SUM(P$3:P$38) -> 0 | Q40: =SUM(Q$3:Q$38) -> 0 | R40: =SUM(R$3:R$38) -> 0 | S40: =SUM(S$3:S$38) -> 0 | T40: =SUM(T$3:T$38) -> 0 | U40: =SUM(U$3:U$38) -> 0 | V40: =SUM(V$3:V$38) -> 0 | ... AB40: =SUM(AB$3:AB$38) -> 0
A41: AVG | B41: =AVERAGE(B$3:B$38) -> 0 | C41: =AVERAGE(C$3:C$38) -> 0 | E41: =AVERAGE(E$3:E$38) -> 0 | F41: =AVERAGE(F$3:F$38) -> 0 | G41: =AVERAGE(G$3:G$38) -> 0 | H41: =AVERAGE(H$3:H$38) -> 0 | J41: =AVERAGE(J$3:J$38) -> 0 | K41: =AVERAGE(K$3:K$38) -> 0 | L41: =AVERAGE(L$3:L$38) -> 0 | M41: =AVERAGE(M$3:M$38) -> 0 | O41: =AVERAGE(O$3:O$38) -> 0 | P41: =AVERAGE(P$3:P$38) -> 0 | Q41: =AVERAGE(Q$3:Q$38) -> 0 | R41: =AVERAGE(R$3:R$38) -> 0 | S41: =AVERAGE(S$3:S$38) -> 0 | T41: =AVERAGE(T$3:T$38) -> 0 | U41: =AVERAGE(U$3:U$38) -> 0 | V41: =AVERAGE(V$3:V$38) -> 0 | ... AB41: =AVERAGE(AB$3:AB$38) -> 0
A42: DEV | B42: =STDEV(B$3:B$38) -> 0 | C42: =STDEV(C$3:C$38) -> 0 | E42: =STDEV(E$3:E$38) -> 0 | F42: =STDEV(F$3:F$38) -> 0 | G42: =STDEV(G$3:G$38) -> 0 | H42: =STDEV(H$3:H$38) -> 0 | J42: =STDEV(J$3:J$38) -> 0 | K42: =STDEV(K$3:K$38) -> 0 | L42: =STDEV(L$3:L$38) -> 0 | M42: =STDEV(M$3:M$38) -> 0 | O42: =STDEV(O$3:O$38) -> 0 | P42: =STDEV(P$3:P$38) -> 0 | Q42: =STDEV(Q$3:Q$38) -> 0 | R42: =STDEV(R$3:R$38) -> 0 | S42: =STDEV(S$3:S$38) -> 0 | T42: =STDEV(T$3:T$38) -> 0 | U42: =STDEV(U$3:U$38) -> 0 | V42: =STDEV(V$3:V$38) -> 0 | ... AB42: =STDEV(AB$3:AB$38) -> 0
A43: DST | B43: =SUMPRODUCT(--(B$3:B$38-$Q$3:$Q$38)^2)^0.5 -> 0 | C43: =SUMPRODUCT(--(C$3:C$38-$R$3:$R$38)^2)^0.5 -> 0 | E43: =SUMPRODUCT(--(E$3:E$38-$S$3:$S$38)^2)^0.5 -> 0 | F43: =SUMPRODUCT(--(F$3:F$38-$T$3:$T$38)^2)^0.5 -> 0 | G43: =SUMPRODUCT(--(G$3:G$38-$Q$3:$Q$38)^2)^0.5 -> 0 | H43: =SUMPRODUCT(--(H$3:H$38-$R$3:$R$38)^2)^0.5 -> 0 | J43: =SUMPRODUCT(--(J$3:J$38-$S$3:$S$38)^2)^0.5 -> 0 | K43: =SUMPRODUCT(--(K$3:K$38-$T$3:$T$38)^2)^0.5 -> 0 | L43: =SUMPRODUCT(--(L$3:L$38-$Q$3:$Q$38)^2)^0.5 -> 0 | M43: =SUMPRODUCT(--(M$3:M$38-$R$3:$R$38)^2)^0.5 -> 0 | O43: =SUMPRODUCT(--(O$3:O$38-$S$3:$S$38)^2)^0.5 -> 0 | P43: =SUMPRODUCT(--(P$3:P$38-$T$3:$T$38)^2)^0.5 -> 0
A44: BEST | B44: =SUMPRODUCT(NOT(ISBLANK(B$3:B$38))*(B$3:B$38=$Q$3:$Q$38)) -> 0 | C44: =SUMPRODUCT(NOT(ISBLANK(C$3:C$38))*(C$3:C$38=$R$3:$R$38)) -> 0 | E44: =SUMPRODUCT(NOT(ISBLANK(E$3:E$38))*(E$3:E$38=$S$3:$S$38)) -> 0 | F44: =SUMPRODUCT(NOT(ISBLANK(F$3:F$38))*(F$3:F$38=$T$3:$T$38)) -> 0 | G44: =SUMPRODUCT(NOT(ISBLANK(G$3:G$38))*(G$3:G$38=$Q$3:$Q$38)) -> 0 | H44: =SUMPRODUCT(NOT(ISBLANK(H$3:H$38))*(H$3:H$38=$R$3:$R$38)) -> 0 | J44: =SUMPRODUCT(NOT(ISBLANK(J$3:J$38))*(J$3:J$38=$S$3:$S$38)) -> 0 | K44: =SUMPRODUCT(NOT(ISBLANK(K$3:K$38))*(K$3:K$38=$T$3:$T$38)) -> 0 | L44: =SUMPRODUCT(NOT(ISBLANK(L$3:L$38))*(L$3:L$38=$Q$3:$Q$38)) -> 0 | M44: =SUMPRODUCT(NOT(ISBLANK(M$3:M$38))*(M$3:M$38=$R$3:$R$38)) -> 0 | O44: =SUMPRODUCT(NOT(ISBLANK(O$3:O$38))*(O$3:O$38=$S$3:$S$38)) -> 0 | P44: =SUMPRODUCT(NOT(ISBLANK(P$3:P$38))*(P$3:P$38=$T$3:$T$38)) -> 0
A45: BETTER | B45: =SUMPRODUCT(NOT(ISBLANK(B$3:B$38))*(B$3:B$38<$U$3:$U$38)) -> 0 | C45: =SUMPRODUCT(NOT(ISBLANK(C$3:C$38))*(C$3:C$38<$V$3:$V$38)) -> 0 | E45: =SUMPRODUCT(NOT(ISBLANK(E$3:E$38))*(E$3:E$38<$W$3:$W$38)) -> 0 | F45: =SUMPRODUCT(NOT(ISBLANK(F$3:F$38))*(F$3:F$38<$X$3:$X$38)) -> 0 | G45: =SUMPRODUCT(NOT(ISBLANK(G$3:G$38))*(G$3:G$38<$U$3:$U$38)) -> 0 | H45: =SUMPRODUCT(NOT(ISBLANK(H$3:H$38))*(H$3:H$38<$V$3:$V$38)) -> 0 | J45: =SUMPRODUCT(NOT(ISBLANK(J$3:J$38))*(J$3:J$38<$W$3:$W$38)) -> 0 | K45: =SUMPRODUCT(NOT(ISBLANK(K$3:K$38))*(K$3:K$38<$X$3:$X$38)) -> 0 | L45: =SUMPRODUCT(NOT(ISBLANK(L$3:L$38))*(L$3:L$38<$U$3:$U$38)) -> 0 | M45: =SUMPRODUCT(NOT(ISBLANK(M$3:M$38))*(M$3:M$38<$V$3:$V$38)) -> 0 | O45: =SUMPRODUCT(NOT(ISBLANK(O$3:O$38))*(O$3:O$38<$W$3:$W$38)) -> 0 | P45: =SUMPRODUCT(NOT(ISBLANK(P$3:P$38))*(P$3:P$38<$X$3:$X$38)) -> 0
A46: WORSE | B46: =SUMPRODUCT((NOT(ISBLANK(B$3:B$38))*(B$3:B$38>$U$3:$U$38))+ISBLANK(B$3:B$38)) -> 0 | C46: =SUMPRODUCT((NOT(ISBLANK(C$3:C$38))*(C$3:C$38>$V$3:$V$38))+ISBLANK(C$3:C$38)) -> 0 | E46: =SUMPRODUCT((NOT(ISBLANK(E$3:E$38))*(E$3:E$38>$W$3:$W$38))+ISBLANK(E$3:E$38)) -> 0 | F46: =SUMPRODUCT((NOT(ISBLANK(F$3:F$38))*(F$3:F$38>$X$3:$X$38))+ISBLANK(F$3:F$38)) -> 0 | G46: =SUMPRODUCT((NOT(ISBLANK(G$3:G$38))*(G$3:G$38>$U$3:$U$38))+ISBLANK(G$3:G$38)) -> 0 | H46: =SUMPRODUCT((NOT(ISBLANK(H$3:H$38))*(H$3:H$38>$V$3:$V$38))+ISBLANK(H$3:H$38)) -> 0 | J46: =SUMPRODUCT((NOT(ISBLANK(J$3:J$38))*(J$3:J$38>$W$3:$W$38))+ISBLANK(J$3:J$38)) -> 0 | K46: =SUMPRODUCT((NOT(ISBLANK(K$3:K$38))*(K$3:K$38>$X$3:$X$38))+ISBLANK(K$3:K$38)) -> 0 | L46: =SUMPRODUCT((NOT(ISBLANK(L$3:L$38))*(L$3:L$38>$U$3:$U$38))+ISBLANK(L$3:L$38)) -> 0 | M46: =SUMPRODUCT((NOT(ISBLANK(M$3:M$38))*(M$3:M$38>$V$3:$V$38))+ISBLANK(M$3:M$38)) -> 0 | O46: =SUMPRODUCT((NOT(ISBLANK(O$3:O$38))*(O$3:O$38>$W$3:$W$38))+ISBLANK(O$3:O$38)) -> 0 | P46: =SUMPRODUCT((NOT(ISBLANK(P$3:P$38))*(P$3:P$38>$X$3:$X$38))+ISBLANK(P$3:P$38)) -> 0
A47: WORST | B47: =SUMPRODUCT((NOT(ISBLANK(B$3:B$38))*(B$3:B$38=$Y$3:$Y$38))+ISBLANK(B$3:B$38)) -> 0 | C47: =SUMPRODUCT((NOT(ISBLANK(C$3:C$38))*(C$3:C$38=$Z$3:$Z$38))+ISBLANK(C$3:C$38)) -> 0 | E47: =SUMPRODUCT((NOT(ISBLANK(E$3:E$38))*(E$3:E$38=$AA$3:$AA$38))+ISBLANK(E$3:E$38)) -> 0 | F47: =SUMPRODUCT((NOT(ISBLANK(F$3:F$38))*(F$3:F$38=$AB$3:$AB$38))+ISBLANK(F$3:F$38)) -> 0 | G47: =SUMPRODUCT((NOT(ISBLANK(G$3:G$38))*(G$3:G$38=$Y$3:$Y$38))+ISBLANK(G$3:G$38)) -> 0 | H47: =SUMPRODUCT((NOT(ISBLANK(H$3:H$38))*(H$3:H$38=$Z$3:$Z$38))+ISBLANK(H$3:H$38)) -> 0 | J47: =SUMPRODUCT((NOT(ISBLANK(J$3:J$38))*(J$3:J$38=$AA$3:$AA$38))+ISBLANK(J$3:J$38)) -> 0 | K47: =SUMPRODUCT((NOT(ISBLANK(K$3:K$38))*(K$3:K$38=$AB$3:$AB$38))+ISBLANK(K$3:K$38)) -> 0 | L47: =SUMPRODUCT((NOT(ISBLANK(L$3:L$38))*(L$3:L$38=$Y$3:$Y$38))+ISBLANK(L$3:L$38)) -> 0 | M47: =SUMPRODUCT((NOT(ISBLANK(M$3:M$38))*(M$3:M$38=$Z$3:$Z$38))+ISBLANK(M$3:M$38)) -> 0 | O47: =SUMPRODUCT((NOT(ISBLANK(O$3:O$38))*(O$3:O$38=$AA$3:$AA$38))+ISBLANK(O$3:O$38)) -> 0 | P47: =SUMPRODUCT((NOT(ISBLANK(P$3:P$38))*(P$3:P$38=$AB$3:$AB$38))+ISBLANK(P$3:P$38)) -> 0

Sheet Merged Runs
A1: Merge criteria: | B1: memelingo-1/allapproaches_mlp-tplp-ht | G1: memelingo-1/allapproaches_mlp-tplp-htc | L1: memelingo-1/allapproaches_mlp-tplp-htcdl | Q1: min | U1: median | Y1: max
A2: median | B2: time | C2: stime | D2: status | E2: rules | F2: ctime | G2: time | H2: stime | I2: status | J2: rules | K2: ctime | L2: time | M2: stime | N2: status | O2: rules | P2: ctime | Q2: time | R2: stime | S2: rules | T2: ctime | U2: time | V2: stime | W2: rules | X2: ctime | Y2: time | Z2: stime | AA2: rules | AB2: ctime
A3: instances/x6_y6_a1_f1 | B3: {=_xlfn.SWITCH($A$2,"average", AVERAGE(Instances!B3:Instances!B3),"median", MEDIAN(Instances!B3:Instances!B3),"min", MIN(Instances!B3:Instances!B3),"max", MAX(Instances!B3:Instances!B3),"diff", MAX(Instances!B3:Instances!B3)-MIN(Instances!B3:Instances!B3))} -> 0 | C3: {=_xlfn.SWITCH($A$2,"average", AVERAGE(Instances!C3:Instances!C3),"median", MEDIAN(Instances!C3:Instances!C3),"min", MIN(Instances!C3:Instances!C3),"max", MAX(Instances!C3:Instances!C3),"diff", MAX(Instances!C3:Instances!C3)-MIN(Instances!C3:Instances!C3))} -> 0 | E3: {=_xlfn.SWITCH($A$2,"average", AVERAGE(Instances!E3:Instances!E3),"median", MEDIAN(Instances!E3:Instances!E3),"min", MIN(Instances!E3:Instances!E3),"max", MAX(Instances!E3:Instances!E3),"diff", MAX(Instances!E3:Instances!E3)-MIN(Instances!E3:Instances!E3))} -> 0 | F3: {=_xlfn.SWITCH($A$2,"average", AVERAGE(Instances!F3:Instances!F3),"median", MEDIAN(Instances!F3:Instances!F3),"min", MIN(Instances!F3:Instances!F3),"max", MAX(Instances!F3:Instances!F3),"diff", MAX(Instances!F3:Instances!F3)-MIN(Instances!F3:Instances!F3))} -> 0 | G3: {=_xlfn.SWITCH($A$2,"average", AVERAGE(Instances!G3:Instances!G3),"median", MEDIAN(Instances!G3:Instances!G3),"min", MIN(Instances!G3:Instances!G3),"max", MAX(Instances!G3:Instances!G3),"diff", MAX(Instances!G3:Instances!G3)-MIN(Instances!G3:Instances!G3))} -> 0 | H3: {=_xlfn.SWITCH($A$2,"average", AVERAGE(Instances!H3:Instances!H3),"median", MEDIAN(Instances!H3:Instances!H3),"min", MIN(Instances!H3:Instances!H3),"max", MAX(Instances!H3:Instances!H3),"diff", MAX(Instances!H3:Instances!H3)-MIN(Instances!H3:Instances!H3))} -> 0 | J3: {=_xlfn.SWITCH($A$2,"average", AVERAGE(Instances!J3:Instances!J3),"median", MEDIAN(Instances!J3:Instances!J3),"min", MIN(Instances!J3:Instances!J3),"max", MAX(Instances!J3:Instances!J3),"diff", MAX(Instances!J3:Instances!J3)-MIN(Instances!J3:Instances!J3))} -> 0 | K3: {=_xlfn.SWITCH($A$2,"average", AVERAGE(Instances!K3:Instances!K3),"median", MEDIAN(Instances!K3:Instances!K3),"min", MIN(Instances!K3:Instances!K3),"max", MAX(Instances!K3:Instances!K3),"diff", MAX(Instances!K3:Instances!K3)-MIN(Instances!K3:Instances!K3))} -> 0 | L3: {=_xlfn.SWITCH($A$2,"average", AVERAGE(Instances!L3:Instances!L3),"median", MEDIAN(Instances!L3:Instances!L3),"min", MIN(Instances!L3:Instances!L3),"max", MAX(Instances!L3:Instances!L3),"diff", MAX(Instances!L3:Instances!L3)-MIN(Instances!L3:Instances!L3))} -> 0 | M3: {=_xlfn.SWITCH($A$2,"average", AVERAGE(Instances!M3:Instances!M3),"median", MEDIAN(Instances!M3:Instances!M3),"min", MIN(Instances!M3:Instances!M3),"max", MAX(Instances!M3:Instances!M3),"diff", MAX(Instances!M3:Instances!M3)-MIN(Instances!M3:Instances!M3))} -> 0 | O3: {=_xlfn.SWITCH($A$2,"average", AVERAGE(Instances!O3:Instances!O3),"median", MEDIAN(Instances!O3:Instances!O3),"min", MIN(Instances!O3:Instances!O3),"max", MAX(Instances!O3:Instances!O3),"diff", MAX(Instances!O3:Instances!O3)-MIN(Instances!O3:Instances!O3))} -> 0 | P3: {=_xlfn.SWITCH($A$2,"average", AVERAGE(Instances!P3:Instances!P3),"median", MEDIAN(Instances!P3:Instances!P3),"min", MIN(Instances!P3:Instances!P3),"max", MAX(Instances!P3:Instances!P3),"diff", MAX(Instances!P3:Instances!P3)-MIN(Instances!P3:Instances!P3))} -> 0 | Q3: =MIN($B3,$G3,$L3) -> 0 | R3: =MIN($C3,$H3,$M3) -> 0 | S3: =MIN($E3,$J3,$O3) -> 0 | T3: =MIN($F3,$K3,$P3) -> 0 | U3: =MEDIAN($B3,$G3,$L3) -> 0 | V3: =MEDIAN($C3,$H3,$M3) -> 0 | W3: =MEDIAN($E3,$J3,$O3) -> 0 | X3: =MEDIAN($F3,$K3,$P3) -> 0 | Y3: =MAX($B3,$G3,$L3) -> 0 | Z3: =MAX($C3,$H3,$M3) -> 0 | AA3: =MAX($E3,$J3,$O3) -> 0 | AB3: =MAX($F3,$K3,$P3) -> 0
A4: instances/x6_y6_a1_f10 | B4: {=_xlfn.SWITCH($A$2,"average", AVERAGE(Instances!B4:Instances!B4),"median", MEDIAN(Instances!B4:Instances!B4),"min", MIN(Instances!B4:Instances!B4),"max", MAX(Instances!B4:Instances!B4),"diff", MAX(Instances!B4:Instances!B4)-MIN(Instances!B4:Instances!B4))} -> 0 | C4: {=_xlfn.SWITCH($A$2,"average", AVERAGE(Instances!C4:Instances!C4),"median", MEDIAN(Instances!C4:Instances!C4),"min", MIN(Instances!C4:Instances!C4),"max", MAX(Instances!C4:Instances!C4),"diff", MAX(Instances!C4:Instances!C4)-MIN(Instances!C4:Instances!C4))} -> 0 | E4: {=_xlfn.SWITCH($A$2,"average", AVERAGE(Instances!E4:Instances!E4),"median", MEDIAN(Instances!E4:Instances!E4),"min", MIN(Instances!E4:Instances!E4),"max", MAX(Instances!E4:Instances!E4),"diff", MAX(Instances!E4:Instances!E4)-MIN(Instances!E4:Instances!E4))} -> 0 | F4: {=_xlfn.SWITCH($A$2,"average", AVERAGE(Instances!F4:Instances!F4),"median", MEDIAN(Instances!F4:Instances!F4),"min", MIN(Instances!F4:Instances!F4),"max", MAX(Instances!F4:Instances!F4),"diff", MAX(Instances!F4:Instances!F4)-MIN(Instances!F4:Instances!F4))} -> 0 | G4: {=_xlfn.SWITCH($A$2,"average", AVERAGE(Instances!G4:Instances!G4),"median", MEDIAN(Instances!G4:Instances!G4),"min", MIN(Instances!G4:Instances!G4),"max", MAX(Instances!G4:Instances!G4),"diff", MAX(Instances!G4:Instances!G4)-MIN(Instances!G4:Instances!G4))} -> 0 | H4: {=_xlfn.SWITCH($A$2,"average", AVERAGE(Instances!H4:Instances!H4),"median", MEDIAN(Instances!H4:Instances!H4),"min", MIN(Instances!H4:Instances!H4),"max", MAX(Instances!H4:Instances!H4),"diff", MAX(Instances!H4:Instances!H4)-MIN(Instances!H4:Instances!H4))} -> 0 | J4: {=_xlfn.SWITCH($A$2,"average", AVERAGE(Instances!J4:Instances!J4),"median", MEDIAN(Instances!J4:Instances!J4),"min", MIN(Instances!J4:Instances!J4),"max", MAX(Instances!J4:Instances!J4),"diff", MAX(Instances!J4:Instances!J4)-MIN(Instances!J4:Instances!J4))} -> 0 | K4: {=_xlfn.SWITCH($A$2,"average", AVERAGE(Instances!K4:Instances!K4),"median", MEDIAN(Instances!K4:Instances!K4),"min", MIN(Instances!K4:Instances!K4),"max", MAX(Instances!K4:Instances!K4),"diff", MAX(Instances!K4:Instances!K4)-MIN(Instances!K4:Instances!K4))} -> 0 | L4: {=_xlfn.SWITCH($A$2,"average", AVERAGE(Instances!L4:Instances!L4),"median", MEDIAN(Instances!L4:Instances!L4),"min", MIN(Instances!L4:Instances!L4),"max", MAX(Instances!L4:Instances!L4),"diff", MAX(Instances!L4:Instances!L4)-MIN(Instances!L4:Instances!L4))} -> 0 | M4: {=_xlfn.SWITCH($A$2,"average", AVERAGE(Instances!M4:Instances!M4),"median", MEDIAN(Instances!M4:Instances!M4),"min", MIN(Instances!M4:Instances!M4),"max", MAX(Instances!M4:Instances!M4),"diff", MAX(Instances!M4:Instances!M4)-MIN(Instances!M4:Instances!M4))} -> 0 | O4: {=_xlfn.SWITCH($A$2,"average", AVERAGE(Instances!O4:Instances!O4),"median", MEDIAN(Instances!O4:Instances!O4),"min", MIN(Instances!O4:Instances!O4),"max", MAX(Instances!O4:Instances!O4),"diff", MAX(Instances!O4:Instances!O4)-MIN(Instances!O4:Instances!O4))} -> 0 | P4: {=_xlfn.SWITCH($A$2,"average", AVERAGE(Instances!P4:Instances!P4),"median", MEDIAN(Instances!P4:Instances!P4),"min", MIN(Instances!P4:Instances!P4),"max", MAX(Instances!P4:Instances!P4),"diff", MAX(Instances!P4:Instances!P4)-MIN(Instances!P4:Instances!P4))} -> 0 | Q4: =MIN($B4,$G4,$L4) -> 0 | R4: =MIN($C4,$H4,$M4) -> 0 | S4: =MIN($E4,$J4,$O4) -> 0 | T4: =MIN($F4,$K4,$P4) -> 0 | U4: =MEDIAN($B4,$G4,$L4) -> 0 | V4: =MEDIAN($C4,$H4,$M4) -> 0 | W4: =MEDIAN($E4,$J4,$O4) -> 0 | X4: =MEDIAN($F4,$K4,$P4) -> 0 | Y4: =MAX($B4,$G4,$L4) -> 0 | Z4: =MAX($C4,$H4,$M4) -> 0 | AA4: =MAX($E4,$J4,$O4) -> 0 | AB4: =MAX($F4,$K4,$P4) -> 0
A5: instances/x6_y6_a1_f15 | B5: {=_xlfn.SWITCH($A$2,"average", AVERAGE(Instances!B5:Instances!B5),"median", MEDIAN(Instances!B5:Instances!B5),"min", MIN(Instances!B5:Instances!B5),"max", MAX(Instances!B5:Instances!B5),"diff", MAX(Instances!B5:Instances!B5)-MIN(Instances!B5:Instances!B5))} -> 0 | C5: {=_xlfn.SWITCH($A$2,"average", AVERAGE(Instances!C5:Instances!C5),"median", MEDIAN(Instances!C5:Instances!C5),"min", MIN(Instances!C5:Instances!C5),"max", MAX(Instances!C5:Instances!C5),"diff", MAX(Instances!C5:Instances!C5)-MIN(Instances!C5:Instances!C5))} -> 0 | E5: {=_xlfn.SWITCH($A$2,"average", AVERAGE(Instances!E5:Instances!E5),"median", MEDIAN(Instances!E5:Instances!E5),"min", MIN(Instances!E5:Instances!E5),"max", MAX(Instances!E5:Instances!E5),"diff", MAX(Instances!E5:Instances!E5)-MIN(Instances!E5:Instances!E5))} -> 0 | F5: {=_xlfn.SWITCH($A$2,"average", AVERAGE(Instances!F5:Instances!F5),"median", MEDIAN(Instances!F5:Instances!F5),"min", MIN(Instances!F5:Instances!F5),"max", MAX(Instances!F5:Instances!F5),"diff", MAX(Instances!F5:Instances!F5)-MIN(Instances!F5:Instances!F5))} -> 0 | G5: {=_xlfn.SWITCH($A$2,"average", AVERAGE(Instances!G5:Instances!G5),"median", MEDIAN(Instances!G5:Instances!G5),"min", MIN(Instances!G5:Instances!G5),"max", MAX(Instances!G5:Instances!G5),"diff", MAX(Instances!G5:Instances!G5)-MIN(Instances!G5:Instances!G5))} -> 0 | H5: {=_xlfn.SWITCH($A$2,"average", AVERAGE(Instances!H5:Instances!H5),"median", MEDIAN(Instances!H5:Instances!H5),"min", MIN(Instances!H5:Instances!H5),"max", MAX(Instances!H5:Instances!H5),"diff", MAX(Instances!H5:Instances!H5)-MIN(Instances!H5:Instances!H5))} -> 0 | J5: {=_xlfn.SWITCH($A$2,"average", AVERAGE(Instances!J5:Instances!J5),"median", MEDIAN(Instances!J5:Instances!J5),"min", MIN(Instances!J5:Instances!J5),"max", MAX(Instances!J5:Instances!J5),"diff", MAX(Instances!J5:Instances!J5)-MIN(Instances!J5:Instances!J5))} -> 0 | K5: {=_xlfn.SWITCH($A$2,"average", AVERAGE(Instances!K5:Instances!K5),"median", MEDIAN(Instances!K5:Instances!K5),"min", MIN(Instances!K5:Instances!K5),"max", MAX(Instances!K5:Instances!K5),"diff", MAX(Instances!K5:Instances!K5)-MIN(Instances!K5:Instances!K5))} -> 0 | L5: {=_xlfn.SWITCH($A$2,"average", AVERAGE(Instances!L5:Instances!L5),"median", MEDIAN(Instances!L5:Instances!L5),"min", MIN(Instances!L5:Instances!L5),"max", MAX(Instances!L5:Instances!L5),"diff", MAX(Instances!L5:Instances!L5)-MIN(Instances!L5:Instances!L5))} -> 0 | M5: {=_xlfn.SWITCH($A$2,"average", AVERAGE(Instances!M5:Instances!M5),"median", MEDIAN(Instances!M5:Instances!M5),"min", MIN(Instances!M5:Instances!M5),"max", MAX(Instances!M5:Instances!M5),"diff", MAX(Instances!M5:Instances!M5)-MIN(Instances!M5:Instances!M5))} -> 0 | O5: {=_xlfn.SWITCH($A$2,"average", AVERAGE(Instances!O5:Instances!O5),"median", MEDIAN(Instances!O5:Instances!O5),"min", MIN(Instances!O5:Instances!O5),"max", MAX(Instances!O5:Instances!O5),"diff", MAX(Instances!O5:Instances!O5)-MIN(Instances!O5:Instances!O5))} -> 0 | P5: {=_xlfn.SWITCH($A$2,"average", AVERAGE(Instances!P5:Instances!P5),"median", MEDIAN(Instances!P5:Instances!P5),"min", MIN(Instances!P5:Instances!P5),"max", MAX(Instances!P5:Instances!P5),"diff", MAX(Instances!P5:Instances!P5)-MIN(Instances!P5:Instances!P5))} -> 0 | Q5: =MIN($B5,$G5,$L5) -> 0 | R5: =MIN($C5,$H5,$M5) -> 0 | S5: =MIN($E5,$J5,$O5) -> 0 | T5: =MIN($F5,$K5,$P5) -> 0 | U5: =MEDIAN($B5,$G5,$L5) -> 0 | V5: =MEDIAN($C5,$H5,$M5) -> 0 | W5: =MEDIAN($E5,$J5,$O5) -> 0 | X5: =MEDIAN($F5,$K5,$P5) -> 0 | Y5: =MAX($B5,$G5,$L5) -> 0 | Z5: =MAX($C5,$H5,$M5) -> 0 | AA5: =MAX($E5,$J5,$O5) -> 0 | AB5: =MAX($F5,$K5,$P5) -> 0
A6: instances/x6_y6_a1_f20 | B6: {=_xlfn.SWITCH($A$2,"average", AVERAGE(Instances!B6:Instances!B6),"median", MEDIAN(Instances!B6:Instances!B6),"min", MIN(Instances!B6:Instances!B6),"max", MAX(Instances!B6:Instances!B6),"diff", MAX(Instances!B6:Instances!B6)-MIN(Instances!B6:Instances!B6))} -> 0 | C6: {=_xlfn.SWITCH($A$2,"average", AVERAGE(Instances!C6:Instances!C6),"median", MEDIAN(Instances!C6:Instances!C6),"min", MIN(Instances!C6:Instances!C6),"max", MAX(Instances!C6:Instances!C6),"diff", MAX(Instances!C6:Instances!C6)-MIN(Instances!C6:Instances!C6))} -> 0 | E6: {=_xlfn.SWITCH($A$2,"average", AVERAGE(Instances!E6:Instances!E6),"median", MEDIAN(Instances!E6:Instances!E6),"min", MIN(Instances!E6:Instances!E6),"max", MAX(Instances!E6:Instances!E6),"diff", MAX(Instances!E6:Instances!E6)-MIN(Instances!E6:Instances!E6))} -> 0 | F6: {=_xlfn.SWITCH($A$2,"average", AVERAGE(Instances!F6:Instances!F6),"median", MEDIAN(Instances!F6:Instances!F6),"min", MIN(Instances!F6:Instances!F6),"max", MAX(Instances!F6:Instances!F6),"diff", MAX(Instances!F6:Instances!F6)-MIN(Instances!F6:Instances!F6))} -> 0 | G6: {=_xlfn.SWITCH($A$2,"average", AVERAGE(Instances!G6:Instances!G6),"median", MEDIAN(Instances!G6:Instances!G6),"min", MIN(Instances!G6:Instances!G6),"max", MAX(Instances!G6:Instances!G6),"diff", MAX(Instances!G6:Instances!G6)-MIN(Instances!G6:Instances!G6))} -> 0 | H6: {=_xlfn.SWITCH($A$2,"average", AVERAGE(Instances!H6:Instances!H6),"median", MEDIAN(Instances!H6:Instances!H6),"min", MIN(Instances!H6:Instances!H6),"max", MAX(Instances!H6:Instances!H6),"diff", MAX(Instances!H6:Instances!H6)-MIN(Instances!H6:Instances!H6))} -> 0 | J6: {=_xlfn.SWITCH($A$2,"average", AVERAGE(Instances!J6:Instances!J6),"median", MEDIAN(Instances!J6:Instances!J6),"min", MIN(Instances!J6:Instances!J6),"max", MAX(Instances!J6:Instances!J6),"diff", MAX(Instances!J6:Instances!J6)-MIN(Instances!J6:Instances!J6))} -> 0 | K6: {=_xlfn.SWITCH($A$2,"average", AVERAGE(Instances!K6:Instances!K6),"median", MEDIAN(Instances!K6:Instances!K6),"min", MIN(Instances!K6:Instances!K6),"max", MAX(Instances!K6:Instances!K6),"diff", MAX(Instances!K6:Instances!K6)-MIN(Instances!K6:Instances!K6))} -> 0 | L6: {=_xlfn.SWITCH($A$2,"average", AVERAGE(Instances!L6:Instances!L6),"median", MEDIAN(Instances!L6:Instances!L6),"min", MIN(Instances!L6:Instances!L6),"max", MAX(Instances!L6:Instances!L6),"diff", MAX(Instances!L6:Instances!L6)-MIN(Instances!L6:Instances!L6))} -> 0 | M6: {=_xlfn.SWITCH($A$2,"average", AVERAGE(Instances!M6:Instances!M6),"median", MEDIAN(Instances!M6:Instances!M6),"min", MIN(Instances!M6:Instances!M6),"max", MAX(Instances!M6:Instances!M6),"diff", MAX(Instances!M6:Instances!M6)-MIN(Instances!M6:Instances!M6))} -> 0 | O6: {=_xlfn.SWITCH($A$2,"average", AVERAGE(Instances!O6:Instances!O6),"median", MEDIAN(Instances!O6:Instances!O6),"min", MIN(Instances!O6:Instances!O6),"max", MAX(Instances!O6:Instances!O6),"diff", MAX(Instances!O6:Instances!O6)-MIN(Instances!O6:Instances!O6))} -> 0 | P6: {=_xlfn.SWITCH($A$2,"average", AVERAGE(Instances!P6:Instances!P6),"median", MEDIAN(Instances!P6:Instances!P6),"min", MIN(Instances!P6:Instances!P6),"max", MAX(Instances!P6:Instances!P6),"diff", MAX(Instances!P6:Instances!P6)-MIN(Instances!P6:Instances!P6))} -> 0 | Q6: =MIN($B6,$G6,$L6) -> 0 | R6: =MIN($C6,$H6,$M6) -> 0 | S6: =MIN($E6,$J6,$O6) -> 0 | T6: =MIN($F6,$K6,$P6) -> 0 | U6: =MEDIAN($B6,$G6,$L6) -> 0 | V6: =MEDIAN($C6,$H6,$M6) -> 0 | W6: =MEDIAN($E6,$J6,$O6) -> 0 | X6: =MEDIAN($F6,$K6,$P6) -> 0 | Y6: =MAX($B6,$G6,$L6) -> 0 | Z6: =MAX($C6,$H6,$M6) -> 0 | AA6: =MAX($E6,$J6,$O6) -> 0 | AB6: =MAX($F6,$K6,$P6) -> 0
A7: instances/x6_y6_a1_f25 | B7: {=_xlfn.SWITCH($A$2,"average", AVERAGE(Instances!B7:Instances!B7),"median", MEDIAN(Instances!B7:Instances!B7),"min", MIN(Instances!B7:Instances!B7),"max", MAX(Instances!B7:Instances!B7),"diff", MAX(Instances!B7:Instances!B7)-MIN(Instances!B7:Instances!B7))} -> 0 | C7: {=_xlfn.SWITCH($A$2,"average", AVERAGE(Instances!C7:Instances!C7),"median", MEDIAN(Instances!C7:Instances!C7),"min", MIN(Instances!C7:Instances!C7),"max", MAX(Instances!C7:Instances!C7),"diff", MAX(Instances!C7:Instances!C7)-MIN(Instances!C7:Instances!C7))} -> 0 | E7: {=_xlfn.SWITCH($A$2,"average", AVERAGE(Instances!E7:Instances!E7),"median", MEDIAN(Instances!E7:Instances!E7),"min", MIN(Instances!E7:Instances!E7),"max", MAX(Instances!E7:Instances!E7),"diff", MAX(Instances!E7:Instances!E7)-MIN(Instances!E7:Instances!E7))} -> 0 | F7: {=_xlfn.SWITCH($A$2,"average", AVERAGE(Instances!F7:Instances!F7),"median", MEDIAN(Instances!F7:Instances!F7),"min", MIN(Instances!F7:Instances!F7),"max", MAX(Instances!F7:Instances!F7),"diff", MAX(Instances!F7:Instances!F7)-MIN(Instances!F7:Instances!F7))} -> 0 | G7: {=_xlfn.SWITCH($A$2,"average", AVERAGE(Instances!G7:Instances!G7),"median", MEDIAN(Instances!G7:Instances!G7),"min", MIN(Instances!G7:Instances!G7),"max", MAX(Instances!G7:Instances!G7),"diff", MAX(Instances!G7:Instances!G7)-MIN(Instances!G7:Instances!G7))} -> 0 | H7: {=_xlfn.SWITCH($A$2,"average", AVERAGE(Instances!H7:Instances!H7),"median", MEDIAN(Instances!H7:Instances!H7),"min", MIN(Instances!H7:Instances!H7),"max", MAX(Instances!H7:Instances!H7),"diff", MAX(Instances!H7:Instances!H7)-MIN(Instances!H7:Instances!H7))} -> 0 | J7: {=_xlfn.SWITCH($A$2,"average", AVERAGE(Instances!J7:Instances!J7),"median", MEDIAN(Instances!J7:Instances!J7),"min", MIN(Instances!J7:Instances!J7),"max", MAX(Instances!J7:Instances!J7),"diff", MAX(Instances!J7:Instances!J7)-MIN(Instances!J7:Instances!J7))} -> 0 | K7: {=_xlfn.SWITCH($A$2,"average", AVERAGE(Instances!K7:Instances!K7),"median", MEDIAN(Instances!K7:Instances!K7),"min", MIN(Instances!K7:Instances!K7),"max", MAX(Instances!K7:Instances!K7),"diff", MAX(Instances!K7:Instances!K7)-MIN(Instances!K7:Instances!K7))} -> 0 | L7: {=_xlfn.SWITCH($A$2,"average", AVERAGE(Instances!L7:Instances!L7),"median", MEDIAN(Instances!L7:Instances!L7),"min", MIN(Instances!L7:Instances!L7),"max", MAX(Instances!L7:Instances!L7),"diff", MAX(Instances!L7:Instances!L7)-MIN(Instances!L7:Instances!L7))} -> 0 | M7: {=_xlfn.SWITCH($A$2,"average", AVERAGE(Instances!M7:Instances!M7),"median", MEDIAN(Instances!M7:Instances!M7),"min", MIN(Instances!M7:Instances!M7),"max", MAX(Instances!M7:Instances!M7),"diff", MAX(Instances!M7:Instances!M7)-MIN(Instances!M7:Instances!M7))} -> 0 | O7: {=_xlfn.SWITCH($A$2,"average", AVERAGE(Instances!O7:Instances!O7),"median", MEDIAN(Instances!O7:Instances!O7),"min", MIN(Instances!O7:Instances!O7),"max", MAX(Instances!O7:Instances!O7),"diff", MAX(Instances!O7:Instances!O7)-MIN(Instances!O7:Instances!O7))} -> 0 | P7: {=_xlfn.SWITCH($A$2,"average", AVERAGE(Instances!P7:Instances!P7),"median", MEDIAN(Instances!P7:Instances!P7),"min", MIN(Instances!P7:Instances!P7),"max", MAX(Instances!P7:Instances!P7),"diff", MAX(Instances!P7:Instances!P7)-MIN(Instances!P7:Instances!P7))} -> 0 | Q7: =MIN($B7,$G7,$L7) -> 0 | R7: =MIN($C7,$H7,$M7) -> 0 | S7: =MIN($E7,$J7,$O7) -> 0 | T7: =MIN($F7,$K7,$P7) -> 0 | U7: =MEDIAN($B7,$G7,$L7) -> 0 | V7: =MEDIAN($C7,$H7,$M7) -> 0 | W7: =MEDIAN($E7,$J7,$O7) -> 0 | X7: =MEDIAN($F7,$K7,$P7) -> 0 | Y7: =MAX($B7,$G7,$L7) -> 0 | Z7: =MAX($C7,$H7,$M7) -> 0 | AA7: =MAX($E7,$J7,$O7) -> 0 | AB7: =MAX($F7,$K7,$P7) -> 0
A8: instances/x6_y6_a1_f30 | B8: {=_xlfn.SWITCH($A$2,"average", AVERAGE(Instances!B8:Instances!B8),"median", MEDIAN(Instances!B8:Instances!B8),"min", MIN(Instances!B8:Instances!B8),"max", MAX(Instances!B8:Instances!B8),"diff", MAX(Instances!B8:Instances!B8)-MIN(Instances!B8:Instances!B8))} -> 0 | C8: {=_xlfn.SWITCH($A$2,"average", AVERAGE(Instances!C8:Instances!C8),"median", MEDIAN(Instances!C8:Instances!C8),"min", MIN(Instances!C8:Instances!C8),"max", MAX(Instances!C8:Instances!C8),"diff", MAX(Instances!C8:Instances!C8)-MIN(Instances!C8:Instances!C8))} -> 0 | E8: {=_xlfn.SWITCH($A$2,"average", AVERAGE(Instances!E8:Instances!E8),"median", MEDIAN(Instances!E8:Instances!E8),"min", MIN(Instances!E8:Instances!E8),"max", MAX(Instances!E8:Instances!E8),"diff", MAX(Instances!E8:Instances!E8)-MIN(Instances!E8:Instances!E8))} -> 0 | F8: {=_xlfn.SWITCH($A$2,"average", AVERAGE(Instances!F8:Instances!F8),"median", MEDIAN(Instances!F8:Instances!F8),"min", MIN(Instances!F8:Instances!F8),"max", MAX(Instances!F8:Instances!F8),"diff", MAX(Instances!F8:Instances!F8)-MIN(Instances!F8:Instances!F8))} -> 0 | G8: {=_xlfn.SWITCH($A$2,"average", AVERAGE(Instances!G8:Instances!G8),"median", MEDIAN(Instances!G8:Instances!G8),"min", MIN(Instances!G8:Instances!G8),"max", MAX(Instances!G8:Instances!G8),"diff", MAX(Instances!G8:Instances!G8)-MIN(Instances!G8:Instances!G8))} -> 0 | H8: {=_xlfn.SWITCH($A$2,"average", AVERAGE(Instances!H8:Instances!H8),"median", MEDIAN(Instances!H8:Instances!H8),"min", MIN(Instances!H8:Instances!H8),"max", MAX(Instances!H8:Instances!H8),"diff", MAX(Instances!H8:Instances!H8)-MIN(Instances!H8:Instances!H8))} -> 0 | J8: {=_xlfn.SWITCH($A$2,"average", AVERAGE(Instances!J8:Instances!J8),"median", MEDIAN(Instances!J8:Instances!J8),"min", MIN(Instances!J8:Instances!J8),"max", MAX(Instances!J8:Instances!J8),"diff", MAX(Instances!J8:Instances!J8)-MIN(Instances!J8:Instances!J8))} -> 0 | K8: {=_xlfn.SWITCH($A$2,"average", AVERAGE(Instances!K8:Instances!K8),"median", MEDIAN(Instances!K8:Instances!K8),"min", MIN(Instances!K8:Instances!K8),"max", MAX(Instances!K8:Instances!K8),"diff", MAX(Instances!K8:Instances!K8)-MIN(Instances!K8:Instances!K8))} -> 0 | L8: {=_xlfn.SWITCH($A$2,"average", AVERAGE(Instances!L8:Instances!L8),"median", MEDIAN(Instances!L8:Instances!L8),"min", MIN(Instances!L8:Instances!L8),"max", MAX(Instances!L8:Instances!L8),"diff", MAX(Instances!L8:Instances!L8)-MIN(Instances!L8:Instances!L8))} -> 0 | M8: {=_xlfn.SWITCH($A$2,"average", AVERAGE(Instances!M8:Instances!M8),"median", MEDIAN(Instances!M8:Instances!M8),"min", MIN(Instances!M8:Instances!M8),"max", MAX(Instances!M8:Instances!M8),"diff", MAX(Instances!M8:Instances!M8)-MIN(Instances!M8:Instances!M8))} -> 0 | O8: {=_xlfn.SWITCH($A$2,"average", AVERAGE(Instances!O8:Instances!O8),"median", MEDIAN(Instances!O8:Instances!O8),"min", MIN(Instances!O8:Instances!O8),"max", MAX(Instances!O8:Instances!O8),"diff", MAX(Instances!O8:Instances!O8)-MIN(Instances!O8:Instances!O8))} -> 0 | P8: {=_xlfn.SWITCH($A$2,"average", AVERAGE(Instances!P8:Instances!P8),"median", MEDIAN(Instances!P8:Instances!P8),"min", MIN(Instances!P8:Instances!P8),"max", MAX(Instances!P8:Instances!P8),"diff", MAX(Instances!P8:Instances!P8)-MIN(Instances!P8:Instances!P8))} -> 0 | Q8: =MIN($B8,$G8,$L8) -> 0 | R8: =MIN($C8,$H8,$M8) -> 0 | S8: =MIN($E8,$J8,$O8) -> 0 | T8: =MIN($F8,$K8,$P8) -> 0 | U8: =MEDIAN($B8,$G8,$L8) -> 0 | V8: =MEDIAN($C8,$H8,$M8) -> 0 | W8: =MEDIAN($E8,$J8,$O8) -> 0 | X8: =MEDIAN($F8,$K8,$P8) -> 0 | Y8: =MAX($B8,$G8,$L8) -> 0 | Z8: =MAX($C8,$H8,$M8) -> 0 | AA8: =MAX($E8,$J8,$O8) -> 0 | AB8: =MAX($F8,$K8,$P8) -> 0
A9: instances/x6_y6_a1_f35 | B9: {=_xlfn.SWITCH($A$2,"average", AVERAGE(Instances!B9:Instances!B9),"median", MEDIAN(Instances!B9:Instances!B9),"min", MIN(Instances!B9:Instances!B9),"max", MAX(Instances!B9:Instances!B9),"diff", MAX(Instances!B9:Instances!B9)-MIN(Instances!B9:Instances!B9))} -> 0 | C9: {=_xlfn.SWITCH($A$2,"average", AVERAGE(Instances!C9:Instances!C9),"median", MEDIAN(Instances!C9:Instances!C9),"min", MIN(Instances!C9:Instances!C9),"max", MAX(Instances!C9:Instances!C9),"diff", MAX(Instances!C9:Instances!C9)-MIN(Instances!C9:Instances!C9))} -> 0 | E9: {=_xlfn.SWITCH($A$2,"average", AVERAGE(Instances!E9:Instances!E9),"median", MEDIAN(Instances!E9:Instances!E9),"min", MIN(Instances!E9:Instances!E9),"max", MAX(Instances!E9:Instances!E9),"diff", MAX(Instances!E9:Instances!E9)-MIN(Instances!E9:Instances!E9))} -> 0 | F9: {=_xlfn.SWITCH($A$2,"average", AVERAGE(Instances!F9:Instances!F9),"median", MEDIAN(Instances!F9:Instances!F9),"min", MIN(Instances!F9:Instances!F9),"max", MAX(Instances!F9:Instances!F9),"diff", MAX(Instances!F9:Instances!F9)-MIN(Instances!F9:Instances!F9))} -> 0 | G9: {=_xlfn.SWITCH($A$2,"average", AVERAGE(Instances!G9:Instances!G9),"median", MEDIAN(Instances!G9:Instances!G9),"min", MIN(Instances!G9:Instances!G9),"max", MAX(Instances!G9:Instances!G9),"diff", MAX(Instances!G9:Instances!G9)-MIN(Instances!G9:Instances!G9))} -> 0 | H9: {=_xlfn.SWITCH($A$2,"average", AVERAGE(Instances!H9:Instances!H9),"median", MEDIAN(Instances!H9:Instances!H9),"min", MIN(Instances!H9:Instances!H9),"max", MAX(Instances!H9:Instances!H9),"diff", MAX(Instances!H9:Instances!H9)-MIN(Instances!H9:Instances!H9))} -> 0 | J9: {=_xlfn.SWITCH($A$2,"average", AVERAGE(Instances!J9:Instances!J9),"median", MEDIAN(Instances!J9:Instances!J9),"min", MIN(Instances!J9:Instances!J9),"max", MAX(Instances!J9:Instances!J9),"diff", MAX(Instances!J9:Instances!J9)-MIN(Instances!J9:Instances!J9))} -> 0 | K9: {=_xlfn.SWITCH($A$2,"average", AVERAGE(Instances!K9:Instances!K9),"median", MEDIAN(Instances!K9:Instances!K9),"min", MIN(Instances!K9:Instances!K9),"max", MAX(Instances!K9:Instances!K9),"diff", MAX(Instances!K9:Instances!K9)-MIN(Instances!K9:Instances!K9))} -> 0 | L9: {=_xlfn.SWITCH($A$2,"average", AVERAGE(Instances!L9:Instances!L9),"median", MEDIAN(Instances!L9:Instances!L9),"min", MIN(Instances!L9:Instances!L9),"max", MAX(Instances!L9:Instances!L9),"diff", MAX(Instances!L9:Instances!L9)-MIN(Instances!L9:Instances!L9))} -> 0 | M9: {=_xlfn.SWITCH($A$2,"average", AVERAGE(Instances!M9:Instances!M9),"median", MEDIAN(Instances!M9:Instances!M9),"min", MIN(Instances!M9:Instances!M9),"max", MAX(Instances!M9:Instances!M9),"diff", MAX(Instances!M9:Instances!M9)-MIN(Instances!M9:Instances!M9))} -> 0 | O9: {=_xlfn.SWITCH($A$2,"average", AVERAGE(Instances!O9:Instances!O9),"median", MEDIAN(Instances!O9:Instances!O9),"min", MIN(Instances!O9:Instances!O9),"max", MAX(Instances!O9:Instances!O9),"diff", MAX(Instances!O9:Instances!O9)-MIN(Instances!O9:Instances!O9))} -> 0 | P9: {=_xlfn.SWITCH($A$2,"average", AVERAGE(Instances!P9:Instances!P9),"median", MEDIAN(Instances!P9:Instances!P9),"min", MIN(Instances!P9:Instances!P9),"max", MAX(Instances!P9:Instances!P9),"diff", MAX(Instances!P9:Instances!P9)-MIN(Instances!P9:Instances!P9))} -> 0 | Q9: =MIN($B9,$G9,$L9) -> 0 | R9: =MIN($C9,$H9,$M9) -> 0 | S9: =MIN($E9,$J9,$O9) -> 0 | T9: =MIN($F9,$K9,$P9) -> 0 | U9: =MEDIAN($B9,$G9,$L9) -> 0 | V9: =MEDIAN($C9,$H9,$M9) -> 0 | W9: =MEDIAN($E9,$J9,$O9) -> 0 | X9: =MEDIAN($F9,$K9,$P9) -> 0 | Y9: =MAX($B9,$G9,$L9) -> 0 | Z9: =MAX($C9,$H9,$M9) -> 0 | AA9: =MAX($E9,$J9,$O9) -> 0 | AB9: =MAX($F9,$K9,$P9) -> 0
A10: instances/x6_y6_a1_f40 | B10: {=_xlfn.SWITCH($A$2,"average", AVERAGE(Instances!B10:Instances!B10),"median", MEDIAN(Instances!B10:Instances!B10),"min", MIN(Instances!B10:Instances!B10),"max", MAX(Instances!B10:Instances!B10),"diff", MAX(Instances!B10:Instances!B10)-MIN(Instances!B10:Instances!B10))} -> 0 | C10: {=_xlfn.SWITCH($A$2,"average", AVERAGE(Instances!C10:Instances!C10),"median", MEDIAN(Instances!C10:Instances!C10),"min", MIN(Instances!C10:Instances!C10),"max", MAX(Instances!C10:Instances!C10),"diff", MAX(Instances!C10:Instances!C10)-MIN(Instances!C10:Instances!C10))} -> 0 | E10: {=_xlfn.SWITCH($A$2,"average", AVERAGE(Instances!E10:Instances!E10),"median", MEDIAN(Instances!E10:Instances!E10),"min", MIN(Instances!E10:Instances!E10),"max", MAX(Instances!E10:Instances!E10),"diff", MAX(Instances!E10:Instances!E10)-MIN(Instances!E10:Instances!E10))} -> 0 | F10: {=_xlfn.SWITCH($A$2,"average", AVERAGE(Instances!F10:Instances!F10),"median", MEDIAN(Instances!F10:Instances!F10),"min", MIN(Instances!F10:Instances!F10),"max", MAX(Instances!F10:Instances!F10),"diff", MAX(Instances!F10:Instances!F10)-MIN(Instances!F10:Instances!F10))} -> 0 | G10: {=_xlfn.SWITCH($A$2,"average", AVERAGE(Instances!G10:Instances!G10),"median", MEDIAN(Instances!G10:Instances!G10),"min", MIN(Instances!G10:Instances!G10),"max", MAX(Instances!G10:Instances!G10),"diff", MAX(Instances!G10:Instances!G10)-MIN(Instances!G10:Instances!G10))} -> 0 | H10: {=_xlfn.SWITCH($A$2,"average", AVERAGE(Instances!H10:Instances!H10),"median", MEDIAN(Instances!H10:Instances!H10),"min", MIN(Instances!H10:Instances!H10),"max", MAX(Instances!H10:Instances!H10),"diff", MAX(Instances!H10:Instances!H10)-MIN(Instances!H10:Instances!H10))} -> 0 | J10: {=_xlfn.SWITCH($A$2,"average", AVERAGE(Instances!J10:Instances!J10),"median", MEDIAN(Instances!J10:Instances!J10),"min", MIN(Instances!J10:Instances!J10),"max", MAX(Instances!J10:Instances!J10),"diff", MAX(Instances!J10:Instances!J10)-MIN(Instances!J10:Instances!J10))} -> 0 | K10: {=_xlfn.SWITCH($A$2,"average", AVERAGE(Instances!K10:Instances!K10),"median", MEDIAN(Instances!K10:Instances!K10),"min", MIN(Instances!K10:Instances!K10),"max", MAX(Instances!K10:Instances!K10),"diff", MAX(Instances!K10:Instances!K10)-MIN(Instances!K10:Instances!K10))} -> 0 | L10: {=_xlfn.SWITCH($A$2,"average", AVERAGE(Instances!L10:Instances!L10),"median", MEDIAN(Instances!L10:Instances!L10),"min", MIN(Instances!L10:Instances!L10),"max", MAX(Instances!L10:Instances!L10),"diff", MAX(Instances!L10:Instances!L10)-MIN(Instances!L10:Instances!L10))} -> 0 | M10: {=_xlfn.SWITCH($A$2,"average", AVERAGE(Instances!M10:Instances!M10),"median", MEDIAN(Instances!M10:Instances!M10),"min", MIN(Instances!M10:Instances!M10),"max", MAX(Instances!M10:Instances!M10),"diff", MAX(Instances!M10:Instances!M10)-MIN(Instances!M10:Instances!M10))} -> 0 | O10: {=_xlfn.SWITCH($A$2,"average", AVERAGE(Instances!O10:Instances!O10),"median", MEDIAN(Instances!O10:Instances!O10),"min", MIN(Instances!O10:Instances!O10),"max", MAX(Instances!O10:Instances!O10),"diff", MAX(Instances!O10:Instances!O10)-MIN(Instances!O10:Instances!O10))} -> 0 | P10: {=_xlfn.SWITCH($A$2,"average", AVERAGE(Instances!P10:Instances!P10),"median", MEDIAN(Instances!P10:Instances!P10),"min", MIN(Instances!P10:Instances!P10),"max", MAX(Instances!P10:Instances!P10),"diff", MAX(Instances!P10:Instances!P10)-MIN(Instances!P10:Instances!P10))} -> 0 | Q10: =MIN($B10,$G10,$L10) -> 0 | R10: =MIN($C10,$H10,$M10) -> 0 | S10: =MIN($E10,$J10,$O10) -> 0 | T10: =MIN($F10,$K10,$P10) -> 0 | U10: =MEDIAN($B10,$G10,$L10) -> 0 | V10: =MEDIAN($C10,$H10,$M10) -> 0 | W10: =MEDIAN($E10,$J10,$O10) -> 0 | X10: =MEDIAN($F10,$K10,$P10) -> 0 | Y10: =MAX($B10,$G10,$L10) -> 0 | Z10: =MAX($C10,$H10,$M10) -> 0 | AA10: =MAX($E10,$J10,$O10) -> 0 | AB10: =MAX($F10,$K10,$P10) -> 0
A11: instances/x6_y6_a1_f5 | B11: {=_xlfn.SWITCH($A$2,"average", AVERAGE(Instances!B11:Instances!B11),"median", MEDIAN(Instances!B11:Instances!B11),"min", MIN(Instances!B11:Instances!B11),"max", MAX(Instances!B11:Instances!B11),"diff", MAX(Instances!B11:Instances!B11)-MIN(Instances!B11:Instances!B11))} -> 0 | C11: {=_xlfn.SWITCH($A$2,"average", AVERAGE(Instances!C11:Instances!C11),"median", MEDIAN(Instances!C11:Instances!C11),"min", MIN(Instances!C11:Instances!C11),"max", MAX(Instances!C11:Instances!C11),"diff", MAX(Instances!C11:Instances!C11)-MIN(Instances!C11:Instances!C11))} -> 0 | E11: {=_xlfn.SWITCH($A$2,"average", AVERAGE(Instances!E11:Instances!E11),"median", MEDIAN(Instances!E11:Instances!E11),"min", MIN(Instances!E11:Instances!E11),"max", MAX(Instances!E11:Instances!E11),"diff", MAX(Instances!E11:Instances!E11)-MIN(Instances!E11:Instances!E11))} -> 0 | F11: {=_xlfn.SWITCH($A$2,"average", AVERAGE(Instances!F11:Instances!F11),"median", MEDIAN(Instances!F11:Instances!F11),"min", MIN(Instances!F11:Instances!F11),"max", MAX(Instances!F11:Instances!F11),"diff", MAX(Instances!F11:Instances!F11)-MIN(Instances!F11:Instances!F11))} -> 0 | G11: {=_xlfn.SWITCH($A$2,"average", AVERAGE(Instances!G11:Instances!G11),"median", MEDIAN(Instances!G11:Instances!G11),"min", MIN(Instances!G11:Instances!G11),"max", MAX(Instances!G11:Instances!G11),"diff", MAX(Instances!G11:Instances!G11)-MIN(Instances!G11:Instances!G11))} -> 0 | H11: {=_xlfn.SWITCH($A$2,"average", AVERAGE(Instances!H11:Instances!H11),"median", MEDIAN(Instances!H11:Instances!H11),"min", MIN(Instances!H11:Instances!H11),"max", MAX(Instances!H11:Instances!H11),"diff", MAX(Instances!H11:Instances!H11)-MIN(Instances!H11:Instances!H11))} -> 0 | J11: {=_xlfn.SWITCH($A$2,"average", AVERAGE(Instances!J11:Instances!J11),"median", MEDIAN(Instances!J11:Instances!J11),"min", MIN(Instances!J11:Instances!J11),"max", MAX(Instances!J11:Instances!J11),"diff", MAX(Instances!J11:Instances!J11)-MIN(Instances!J11:Instances!J11))} -> 0 | K11: {=_xlfn.SWITCH($A$2,"average", AVERAGE(Instances!K11:Instances!K11),"median", MEDIAN(Instances!K11:Instances!K11),"min", MIN(Instances!K11:Instances!K11),"max", MAX(Instances!K11:Instances!K11),"diff", MAX(Instances!K11:Instances!K11)-MIN(Instances!K11:Instances!K11))} -> 0 | L11: {=_xlfn.SWITCH($A$2,"average", AVERAGE(Instances!L11:Instances!L11),"median", MEDIAN(Instances!L11:Instances!L11),"min", MIN(Instances!L11:Instances!L11),"max", MAX(Instances!L11:Instances!L11),"diff", MAX(Instances!L11:Instances!L11)-MIN(Instances!L11:Instances!L11))} -> 0 | M11: {=_xlfn.SWITCH($A$2,"average", AVERAGE(Instances!M11:Instances!M11),"median", MEDIAN(Instances!M11:Instances!M11),"min", MIN(Instances!M11:Instances!M11),"max", MAX(Instances!M11:Instances!M11),"diff", MAX(Instances!M11:Instances!M11)-MIN(Instances!M11:Instances!M11))} -> 0 | O11: {=_xlfn.SWITCH($A$2,"average", AVERAGE(Instances!O11:Instances!O11),"median", MEDIAN(Instances!O11:Instances!O11),"min", MIN(Instances!O11:Instances!O11),"max", MAX(Instances!O11:Instances!O11),"diff", MAX(Instances!O11:Instances!O11)-MIN(Instances!O11:Instances!O11))} -> 0 | P11: {=_xlfn.SWITCH($A$2,"average", AVERAGE(Instances!P11:Instances!P11),"median", MEDIAN(Instances!P11:Instances!P11),"min", MIN(Instances!P11:Instances!P11),"max", MAX(Instances!P11:Instances!P11),"diff", MAX(Instances!P11:Instances!P11)-MIN(Instances!P11:Instances!P11))} -> 0 | Q11: =MIN($B11,$G11,$L11) -> 0 | R11: =MIN($C11,$H11,$M11) -> 0 | S11: =MIN($E11,$J11,$O11) -> 0 | T11: =MIN($F11,$K11,$P11) -> 0 | U11: =MEDIAN($B11,$G11,$L11) -> 0 | V11: =MEDIAN($C11,$H11,$M11) -> 0 | W11: =MEDIAN($E11,$J11,$O11) -> 0 | X11: =MEDIAN($F11,$K11,$P11) -> 0 | Y11: =MAX($B11,$G11,$L11) -> 0 | Z11: =MAX($C11,$H11,$M11) -> 0 | AA11: =MAX($E11,$J11,$O11) -> 0 | AB11: =MAX($F11,$K11,$P11) -> 0
A12: instances/x6_y6_a2_f1 | B12: {=_xlfn.SWITCH($A$2,"average", AVERAGE(Instances!B12:Instances!B12),"median", MEDIAN(Instances!B12:Instances!B12),"min", MIN(Instances!B12:Instances!B12),"max", MAX(Instances!B12:Instances!B12),"diff", MAX(Instances!B12:Instances!B12)-MIN(Instances!B12:Instances!B12))} -> 0 | C12: {=_xlfn.SWITCH($A$2,"average", AVERAGE(Instances!C12:Instances!C12),"median", MEDIAN(Instances!C12:Instances!C12),"min", MIN(Instances!C12:Instances!C12),"max", MAX(Instances!C12:Instances!C12),"diff", MAX(Instances!C12:Instances!C12)-MIN(Instances!C12:Instances!C12))} -> 0 | E12: {=_xlfn.SWITCH($A$2,"average", AVERAGE(Instances!E12:Instances!E12),"median", MEDIAN(Instances!E12:Instances!E12),"min", MIN(Instances!E12:Instances!E12),"max", MAX(Instances!E12:Instances!E12),"diff", MAX(Instances!E12:Instances!E12)-MIN(Instances!E12:Instances!E12))} -> 0 | F12: {=_xlfn.SWITCH($A$2,"average", AVERAGE(Instances!F12:Instances!F12),"median", MEDIAN(Instances!F12:Instances!F12),"min", MIN(Instances!F12:Instances!F12),"max", MAX(Instances!F12:Instances!F12),"diff", MAX(Instances!F12:Instances!F12)-MIN(Instances!F12:Instances!F12))} -> 0 | G12: {=_xlfn.SWITCH($A$2,"average", AVERAGE(Instances!G12:Instances!G12),"median", MEDIAN(Instances!G12:Instances!G12),"min", MIN(Instances!G12:Instances!G12),"max", MAX(Instances!G12:Instances!G12),"diff", MAX(Instances!G12:Instances!G12)-MIN(Instances!G12:Instances!G12))} -> 0 | H12: {=_xlfn.SWITCH($A$2,"average", AVERAGE(Instances!H12:Instances!H12),"median", MEDIAN(Instances!H12:Instances!H12),"min", MIN(Instances!H12:Instances!H12),"max", MAX(Instances!H12:Instances!H12),"diff", MAX(Instances!H12:Instances!H12)-MIN(Instances!H12:Instances!H12))} -> 0 | J12: {=_xlfn.SWITCH($A$2,"average", AVERAGE(Instances!J12:Instances!J12),"median", MEDIAN(Instances!J12:Instances!J12),"min", MIN(Instances!J12:Instances!J12),"max", MAX(Instances!J12:Instances!J12),"diff", MAX(Instances!J12:Instances!J12)-MIN(Instances!J12:Instances!J12))} -> 0 | K12: {=_xlfn.SWITCH($A$2,"average", AVERAGE(Instances!K12:Instances!K12),"median", MEDIAN(Instances!K12:Instances!K12),"min", MIN(Instances!K12:Instances!K12),"max", MAX(Instances!K12:Instances!K12),"diff", MAX(Instances!K12:Instances!K12)-MIN(Instances!K12:Instances!K12))} -> 0 | L12: {=_xlfn.SWITCH($A$2,"average", AVERAGE(Instances!L12:Instances!L12),"median", MEDIAN(Instances!L12:Instances!L12),"min", MIN(Instances!L12:Instances!L12),"max", MAX(Instances!L12:Instances!L12),"diff", MAX(Instances!L12:Instances!L12)-MIN(Instances!L12:Instances!L12))} -> 0 | M12: {=_xlfn.SWITCH($A$2,"average", AVERAGE(Instances!M12:Instances!M12),"median", MEDIAN(Instances!M12:Instances!M12),"min", MIN(Instances!M12:Instances!M12),"max", MAX(Instances!M12:Instances!M12),"diff", MAX(Instances!M12:Instances!M12)-MIN(Instances!M12:Instances!M12))} -> 0 | O12: {=_xlfn.SWITCH($A$2,"average", AVERAGE(Instances!O12:Instances!O12),"median", MEDIAN(Instances!O12:Instances!O12),"min", MIN(Instances!O12:Instances!O12),"max", MAX(Instances!O12:Instances!O12),"diff", MAX(Instances!O12:Instances!O12)-MIN(Instances!O12:Instances!O12))} -> 0 | P12: {=_xlfn.SWITCH($A$2,"average", AVERAGE(Instances!P12:Instances!P12),"median", MEDIAN(Instances!P12:Instances!P12),"min", MIN(Instances!P12:Instances!P12),"max", MAX(Instances!P12:Instances!P12),"diff", MAX(Instances!P12:Instances!P12)-MIN(Instances!P12:Instances!P12))} -> 0 | Q12: =MIN($B12,$G12,$L12) -> 0 | R12: =MIN($C12,$H12,$M12) -> 0 | S12: =MIN($E12,$J12,$O12) -> 0 | T12: =MIN($F12,$K12,$P12) -> 0 | U12: =MEDIAN($B12,$G12,$L12) -> 0 | V12: =MEDIAN($C12,$H12,$M12) -> 0 | W12: =MEDIAN($E12,$J12,$O12) -> 0 | X12: =MEDIAN($F12,$K12,$P12) -> 0 | Y12: =MAX($B12,$G12,$L12) -> 0 | Z12: =MAX($C12,$H12,$M12) -> 0 | AA12: =MAX($E12,$J12,$O12) -> 0 | AB12: =MAX($F12,$K12,$P12) -> 0
A13: instances/x6_y6_a2_f10 | B13: {=_xlfn.SWITCH($A$2,"average", AVERAGE(Instances!B13:Instances!B13),"median", MEDIAN(Instances!B13:Instances!B13),"min", MIN(Instances!B13:Instances!B13),"max", MAX(Instances!B13:Instances!B13),"diff", MAX(Instances!B13:Instances!B13)-MIN(Instances!B13:Instances!B13))} -> 0 | G13: {=_xlfn.SWITCH($A$2,"average", AVERAGE(Instances!G13:Instances!G13),"median", MEDIAN(Instances!G13:Instances!G13),"min", MIN(Instances!G13:Instances!G13),"max", MAX(Instances!G13:Instances!G13),"diff", MAX(Instances!G13:Instances!G13)-MIN(Instances!G13:Instances!G13))} -> 0 | H13: {=_xlfn.SWITCH($A$2,"average", AVERAGE(Instances!H13:Instances!H13),"median", MEDIAN(Instances!H13:Instances!H13),"min", MIN(Instances!H13:Instances!H13),"max", MAX(Instances!H13:Instances!H13),"diff", MAX(Instances!H13:Instances!H13)-MIN(Instances!H13:Instances!H13))} -> 0 | J13: {=_xlfn.SWITCH($A$2,"average", AVERAGE(Instances!J13:Instances!J13),"median", MEDIAN(Instances!J13:Instances!J13),"min", MIN(Instances!J13:Instances!J13),"max", MAX(Instances!J13:Instances!J13),"diff", MAX(Instances!J13:Instances!J13)-MIN(Instances!J13:Instances!J13))} -> 0 | K13: {=_xlfn.SWITCH($A$2,"average", AVERAGE(Instances!K13:Instances!K13),"median", MEDIAN(Instances!K13:Instances!K13),"min", MIN(Instances!K13:Instances!K13),"max", MAX(Instances!K13:Instances!K13),"diff", MAX(Instances!K13:Instances!K13)-MIN(Instances!K13:Instances!K13))} -> 0 | L13: {=_xlfn.SWITCH($A$2,"average", AVERAGE(Instances!L13:Instances!L13),"median", MEDIAN(Instances!L13:Instances!L13),"min", MIN(Instances!L13:Instances!L13),"max", MAX(Instances!L13:Instances!L13),"diff", MAX(Instances!L13:Instances!L13)-MIN(Instances!L13:Instances!L13))} -> 0 | M13: {=_xlfn.SWITCH($A$2,"average", AVERAGE(Instances!M13:Instances!M13),"median", MEDIAN(Instances!M13:Instances!M13),"min", MIN(Instances!M13:Instances!M13),"max", MAX(Instances!M13:Instances!M13),"diff", MAX(Instances!M13:Instances!M13)-MIN(Instances!M13:Instances!M13))} -> 0 | O13: {=_xlfn.SWITCH($A$2,"average", AVERAGE(Instances!O13:Instances!O13),"median", MEDIAN(Instances!O13:Instances!O13),"min", MIN(Instances!O13:Instances!O13),"max", MAX(Instances!O13:Instances!O13),"diff", MAX(Instances!O13:Instances!O13)-MIN(Instances!O13:Instances!O13))} -> 0 | P13: {=_xlfn.SWITCH($A$2,"average", AVERAGE(Instances!P13:Instances!P13),"median", MEDIAN(Instances!P13:Instances!P13),"min", MIN(Instances!P13:Instances!P13),"max", MAX(Instances!P13:Instances!P13),"diff", MAX(Instances!P13:Instances!P13)-MIN(Instances!P13:Instances!P13))} -> 0 | Q13: =MIN($B13,$G13,$L13) -> 0 | R13: =MIN($C13,$H13,$M13) -> 0 | S13: =MIN($E13,$J13,$O13) -> 0 | T13: =MIN($F13,$K13,$P13) -> 0 | U13: =MEDIAN($B13,$G13,$L13) -> 0 | V13: =MEDIAN($C13,$H13,$M13) -> 0 | W13: =MEDIAN($E13,$J13,$O13) -> 0 | X13: =MEDIAN($F13,$K13,$P13) -> 0 | Y13: =MAX($B13,$G13,$L13) -> 0 | Z13: =MAX($C13,$H13,$M13) -> 0 | AA13: =MAX($E13,$J13,$O13) -> 0 | AB13: =MAX($F13,$K13,$P13) -> 0
A14: instances/x6_y6_a2_f15 | B14: {=_xlfn.SWITCH($A$2,"average", AVERAGE(Instances!B14:Instances!B14),"median", MEDIAN(Instances!B14:Instances!B14),"min", MIN(Instances!B14:Instances!B14),"max", MAX(Instances!B14:Instances!B14),"diff", MAX(Instances!B14:Instances!B14)-MIN(Instances!B14:Instances!B14))} -> 0 | G14: {=_xlfn.SWITCH($A$2,"average", AVERAGE(Instances!G14:Instances!G14),"median", MEDIAN(Instances!G14:Instances!G14),"min", MIN(Instances!G14:Instances!G14),"max", MAX(Instances!G14:Instances!G14),"diff", MAX(Instances!G14:Instances!G14)-MIN(Instances!G14:Instances!G14))} -> 0 | H14: {=_xlfn.SWITCH($A$2,"average", AVERAGE(Instances!H14:Instances!H14),"median", MEDIAN(Instances!H14:Instances!H14),"min", MIN(Instances!H14:Instances!H14),"max", MAX(Instances!H14:Instances!H14),"diff", MAX(Instances!H14:Instances!H14)-MIN(Instances!H14:Instances!H14))} -> 0 | J14: {=_xlfn.SWITCH($A$2,"average", AVERAGE(Instances!J14:Instances!J14),"median", MEDIAN(Instances!J14:Instances!J14),"min", MIN(Instances!J14:Instances!J14),"max", MAX(Instances!J14:Instances!J14),"diff", MAX(Instances!J14:Instances!J14)-MIN(Instances!J14:Instances!J14))} -> 0 | K14: {=_xlfn.SWITCH($A$2,"average", AVERAGE(Instances!K14:Instances!K14),"median", MEDIAN(Instances!K14:Instances!K14),"min", MIN(Instances!K14:Instances!K14),"max", MAX(Instances!K14:Instances!K14),"diff", MAX(Instances!K14:Instances!K14)-MIN(Instances!K14:Instances!K14))} -> 0 | L14: {=_xlfn.SWITCH($A$2,"average", AVERAGE(Instances!L14:Instances!L14),"median", MEDIAN(Instances!L14:Instances!L14),"min", MIN(Instances!L14:Instances!L14),"max", MAX(Instances!L14:Instances!L14),"diff", MAX(Instances!L14:Instances!L14)-MIN(Instances!L14:Instances!L14))} -> 0 | M14: {=_xlfn.SWITCH($A$2,"average", AVERAGE(Instances!M14:Instances!M14),"median", MEDIAN(Instances!M14:Instances!M14),"min", MIN(Instances!M14:Instances!M14),"max", MAX(Instances!M14:Instances!M14),"diff", MAX(Instances!M14:Instances!M14)-MIN(Instances!M14:Instances!M14))} -> 0 | O14: {=_xlfn.SWITCH($A$2,"average", AVERAGE(Instances!O14:Instances!O14),"median", MEDIAN(Instances!O14:Instances!O14),"min", MIN(Instances!O14:Instances!O14),"max", MAX(Instances!O14:Instances!O14),"diff", MAX(Instances!O14:Instances!O14)-MIN(Instances!O14:Instances!O14))} -> 0 | P14: {=_xlfn.SWITCH($A$2,"average", AVERAGE(Instances!P14:Instances!P14),"median", MEDIAN(Instances!P14:Instances!P14),"min", MIN(Instances!P14:Instances!P14),"max", MAX(Instances!P14:Instances!P14),"diff", MAX(Instances!P14:Instances!P14)-MIN(Instances!P14:Instances!P14))} -> 0 | Q14: =MIN($B14,$G14,$L14) -> 0 | R14: =MIN($C14,$H14,$M14) -> 0 | S14: =MIN($E14,$J14,$O14) -> 0 | T14: =MIN($F14,$K14,$P14) -> 0 | U14: =MEDIAN($B14,$G14,$L14) -> 0 | V14: =MEDIAN($C14,$H14,$M14) -> 0 | W14: =MEDIAN($E14,$J14,$O14) -> 0 | X14: =MEDIAN($F14,$K14,$P14) -> 0 | Y14: =MAX($B14,$G14,$L14) -> 0 | Z14: =MAX($C14,$H14,$M14) -> 0 | AA14: =MAX($E14,$J14,$O14) -> 0 | AB14: =MAX($F14,$K14,$P14) -> 0
A15: instances/x6_y6_a2_f20 | B15: {=_xlfn.SWITCH($A$2,"average", AVERAGE(Instances!B15:Instances!B15),"median", MEDIAN(Instances!B15:Instances!B15),"min", MIN(Instances!B15:Instances!B15),"max", MAX(Instances!B15:Instances!B15),"diff", MAX(Instances!B15:Instances!B15)-MIN(Instances!B15:Instances!B15))} -> 0 | G15: {=_xlfn.SWITCH($A$2,"average", AVERAGE(Instances!G15:Instances!G15),"median", MEDIAN(Instances!G15:Instances!G15),"min", MIN(Instances!G15:Instances!G15),"max", MAX(Instances!G15:Instances!G15),"diff", MAX(Instances!G15:Instances!G15)-MIN(Instances!G15:Instances!G15))} -> 0 | H15: {=_xlfn.SWITCH($A$2,"average", AVERAGE(Instances!H15:Instances!H15),"median", MEDIAN(Instances!H15:Instances!H15),"min", MIN(Instances!H15:Instances!H15),"max", MAX(Instances!H15:Instances!H15),"diff", MAX(Instances!H15:Instances!H15)-MIN(Instances!H15:Instances!H15))} -> 0 | J15: {=_xlfn.SWITCH($A$2,"average", AVERAGE(Instances!J15:Instances!J15),"median", MEDIAN(Instances!J15:Instances!J15),"min", MIN(Instances!J15:Instances!J15),"max", MAX(Instances!J15:Instances!J15),"diff", MAX(Instances!J15:Instances!J15)-MIN(Instances!J15:Instances!J15))} -> 0 | K15: {=_xlfn.SWITCH($A$2,"average", AVERAGE(Instances!K15:Instances!K15),"median", MEDIAN(Instances!K15:Instances!K15),"min", MIN(Instances!K15:Instances!K15),"max", MAX(Instances!K15:Instances!K15),"diff", MAX(Instances!K15:Instances!K15)-MIN(Instances!K15:Instances!K15))} -> 0 | L15: {=_xlfn.SWITCH($A$2,"average", AVERAGE(Instances!L15:Instances!L15),"median", MEDIAN(Instances!L15:Instances!L15),"min", MIN(Instances!L15:Instances!L15),"max", MAX(Instances!L15:Instances!L15),"diff", MAX(Instances!L15:Instances!L15)-MIN(Instances!L15:Instances!L15))} -> 0 | M15: {=_xlfn.SWITCH($A$2,"average", AVERAGE(Instances!M15:Instances!M15),"median", MEDIAN(Instances!M15:Instances!M15),"min", MIN(Instances!M15:Instances!M15),"max", MAX(Instances!M15:Instances!M15),"diff", MAX(Instances!M15:Instances!M15)-MIN(Instances!M15:Instances!M15))} -> 0 | O15: {=_xlfn.SWITCH($A$2,"average", AVERAGE(Instances!O15:Instances!O15),"median", MEDIAN(Instances!O15:Instances!O15),"min", MIN(Instances!O15:Instances!O15),"max", MAX(Instances!O15:Instances!O15),"diff", MAX(Instances!O15:Instances!O15)-MIN(Instances!O15:Instances!O15))} -> 0 | P15: {=_xlfn.SWITCH($A$2,"average", AVERAGE(Instances!P15:Instances!P15),"median", MEDIAN(Instances!P15:Instances!P15),"min", MIN(Instances!P15:Instances!P15),"max", MAX(Instances!P15:Instances!P15),"diff", MAX(Instances!P15:Instances!P15)-MIN(Instances!P15:Instances!P15))} -> 0 | Q15: =MIN($B15,$G15,$L15) -> 0 | R15: =MIN($C15,$H15,$M15) -> 0 | S15: =MIN($E15,$J15,$O15) -> 0 | T15: =MIN($F15,$K15,$P15) -> 0 | U15: =MEDIAN($B15,$G15,$L15) -> 0 | V15: =MEDIAN($C15,$H15,$M15) -> 0 | W15: =MEDIAN($E15,$J15,$O15) -> 0 | X15: =MEDIAN($F15,$K15,$P15) -> 0 | Y15: =MAX($B15,$G15,$L15) -> 0 | Z15: =MAX($C15,$H15,$M15) -> 0 | AA15: =MAX($E15,$J15,$O15) -> 0 | AB15: =MAX($F15,$K15,$P15) -> 0
A16: instances/x6_y6_a2_f25 | B16: {=_xlfn.SWITCH($A$2,"average", AVERAGE(Instances!B16:Instances!B16),"median", MEDIAN(Instances!B16:Instances!B16),"min", MIN(Instances!B16:Instances!B16),"max", MAX(Instances!B16:Instances!B16),"diff", MAX(Instances!B16:Instances!B16)-MIN(Instances!B16:Instances!B16))} -> 0 | C16: {=_xlfn.SWITCH($A$2,"average", AVERAGE(Instances!C16:Instances!C16),"median", MEDIAN(Instances!C16:Instances!C16),"min", MIN(Instances!C16:Instances!C16),"max", MAX(Instances!C16:Instances!C16),"diff", MAX(Instances!C16:Instances!C16)-MIN(Instances!C16:Instances!C16))} -> 0 | E16: {=_xlfn.SWITCH($A$2,"average", AVERAGE(Instances!E16:Instances!E16),"median", MEDIAN(Instances!E16:Instances!E16),"min", MIN(Instances!E16:Instances!E16),"max", MAX(Instances!E16:Instances!E16),"diff", MAX(Instances!E16:Instances!E16)-MIN(Instances!E16:Instances!E16))} -> 0 | F16: {=_xlfn.SWITCH($A$2,"average", AVERAGE(Instances!F16:Instances!F16),"median", MEDIAN(Instances!F16:Instances!F16),"min", MIN(Instances!F16:Instances!F16),"max", MAX(Instances!F16:Instances!F16),"diff", MAX(Instances!F16:Instances!F16)-MIN(Instances!F16:Instances!F16))} -> 0 | G16: {=_xlfn.SWITCH($A$2,"average", AVERAGE(Instances!G16:Instances!G16),"median", MEDIAN(Instances!G16:Instances!G16),"min", MIN(Instances!G16:Instances!G16),"max", MAX(Instances!G16:Instances!G16),"diff", MAX(Instances!G16:Instances!G16)-MIN(Instances!G16:Instances!G16))} -> 0 | H16: {=_xlfn.SWITCH($A$2,"average", AVERAGE(Instances!H16:Instances!H16),"median", MEDIAN(Instances!H16:Instances!H16),"min", MIN(Instances!H16:Instances!H16),"max", MAX(Instances!H16:Instances!H16),"diff", MAX(Instances!H16:Instances!H16)-MIN(Instances!H16:Instances!H16))} -> 0 | J16: {=_xlfn.SWITCH($A$2,"average", AVERAGE(Instances!J16:Instances!J16),"median", MEDIAN(Instances!J16:Instances!J16),"min", MIN(Instances!J16:Instances!J16),"max", MAX(Instances!J16:Instances!J16),"diff", MAX(Instances!J16:Instances!J16)-MIN(Instances!J16:Instances!J16))} -> 0 | K16: {=_xlfn.SWITCH($A$2,"average", AVERAGE(Instances!K16:Instances!K16),"median", MEDIAN(Instances!K16:Instances!K16),"min", MIN(Instances!K16:Instances!K16),"max", MAX(Instances!K16:Instances!K16),"diff", MAX(Instances!K16:Instances!K16)-MIN(Instances!K16:Instances!K16))} -> 0 | L16: {=_xlfn.SWITCH($A$2,"average", AVERAGE(Instances!L16:Instances!L16),"median", MEDIAN(Instances!L16:Instances!L16),"min", MIN(Instances!L16:Instances!L16),"max", MAX(Instances!L16:Instances!L16),"diff", MAX(Instances!L16:Instances!L16)-MIN(Instances!L16:Instances!L16))} -> 0 | M16: {=_xlfn.SWITCH($A$2,"average", AVERAGE(Instances!M16:Instances!M16),"median", MEDIAN(Instances!M16:Instances!M16),"min", MIN(Instances!M16:Instances!M16),"max", MAX(Instances!M16:Instances!M16),"diff", MAX(Instances!M16:Instances!M16)-MIN(Instances!M16:Instances!M16))} -> 0 | O16: {=_xlfn.SWITCH($A$2,"average", AVERAGE(Instances!O16:Instances!O16),"median", MEDIAN(Instances!O16:Instances!O16),"min", MIN(Instances!O16:Instances!O16),"max", MAX(Instances!O16:Instances!O16),"diff", MAX(Instances!O16:Instances!O16)-MIN(Instances!O16:Instances!O16))} -> 0 | P16: {=_xlfn.SWITCH($A$2,"average", AVERAGE(Instances!P16:Instances!P16),"median", MEDIAN(Instances!P16:Instances!P16),"min", MIN(Instances!P16:Instances!P16),"max", MAX(Instances!P16:Instances!P16),"diff", MAX(Instances!P16:Instances!P16)-MIN(Instances!P16:Instances!P16))} -> 0 | Q16: =MIN($B16,$G16,$L16) -> 0 | R16: =MIN($C16,$H16,$M16) -> 0 | S16: =MIN($E16,$J16,$O16) -> 0 | T16: =MIN($F16,$K16,$P16) -> 0 | U16: =MEDIAN($B16,$G16,$L16) -> 0 | V16: =MEDIAN($C16,$H16,$M16) -> 0 | W16: =MEDIAN($E16,$J16,$O16) -> 0 | X16: =MEDIAN($F16,$K16,$P16) -> 0 | Y16: =MAX($B16,$G16,$L16) -> 0 | Z16: =MAX($C16,$H16,$M16) -> 0 | AA16: =MAX($E16,$J16,$O16) -> 0 | AB16: =MAX($F16,$K16,$P16) -> 0
A17: instances/x6_y6_a2_f30 | B17: {=_xlfn.SWITCH($A$2,"average", AVERAGE(Instances!B17:Instances!B17),"median", MEDIAN(Instances!B17:Instances!B17),"min", MIN(Instances!B17:Instances!B17),"max", MAX(Instances!B17:Instances!B17),"diff", MAX(Instances!B17:Instances!B17)-MIN(Instances!B17:Instances!B17))} -> 0 | C17: {=_xlfn.SWITCH($A$2,"average", AVERAGE(Instances!C17:Instances!C17),"median", MEDIAN(Instances!C17:Instances!C17),"min", MIN(Instances!C17:Instances!C17),"max", MAX(Instances!C17:Instances!C17),"diff", MAX(Instances!C17:Instances!C17)-MIN(Instances!C17:Instances!C17))} -> 0 | E17: {=_xlfn.SWITCH($A$2,"average", AVERAGE(Instances!E17:Instances!E17),"median", MEDIAN(Instances!E17:Instances!E17),"min", MIN(Instances!E17:Instances!E17),"max", MAX(Instances!E17:Instances!E17),"diff", MAX(Instances!E17:Instances!E17)-MIN(Instances!E17:Instances!E17))} -> 0 | F17: {=_xlfn.SWITCH($A$2,"average", AVERAGE(Instances!F17:Instances!F17),"median", MEDIAN(Instances!F17:Instances!F17),"min", MIN(Instances!F17:Instances!F17),"max", MAX(Instances!F17:Instances!F17),"diff", MAX(Instances!F17:Instances!F17)-MIN(Instances!F17:Instances!F17))} -> 0 | G17: {=_xlfn.SWITCH($A$2,"average", AVERAGE(Instances!G17:Instances!G17),"median", MEDIAN(Instances!G17:Instances!G17),"min", MIN(Instances!G17:Instances!G17),"max", MAX(Instances!G17:Instances!G17),"diff", MAX(Instances!G17:Instances!G17)-MIN(Instances!G17:Instances!G17))} -> 0 | H17: {=_xlfn.SWITCH($A$2,"average", AVERAGE(Instances!H17:Instances!H17),"median", MEDIAN(Instances!H17:Instances!H17),"min", MIN(Instances!H17:Instances!H17),"max", MAX(Instances!H17:Instances!H17),"diff", MAX(Instances!H17:Instances!H17)-MIN(Instances!H17:Instances!H17))} -> 0 | J17: {=_xlfn.SWITCH($A$2,"average", AVERAGE(Instances!J17:Instances!J17),"median", MEDIAN(Instances!J17:Instances!J17),"min", MIN(Instances!J17:Instances!J17),"max", MAX(Instances!J17:Instances!J17),"diff", MAX(Instances!J17:Instances!J17)-MIN(Instances!J17:Instances!J17))} -> 0 | K17: {=_xlfn.SWITCH($A$2,"average", AVERAGE(Instances!K17:Instances!K17),"median", MEDIAN(Instances!K17:Instances!K17),"min", MIN(Instances!K17:Instances!K17),"max", MAX(Instances!K17:Instances!K17),"diff", MAX(Instances!K17:Instances!K17)-MIN(Instances!K17:Instances!K17))} -> 0 | L17: {=_xlfn.SWITCH($A$2,"average", AVERAGE(Instances!L17:Instances!L17),"median", MEDIAN(Instances!L17:Instances!L17),"min", MIN(Instances!L17:Instances!L17),"max", MAX(Instances!L17:Instances!L17),"diff", MAX(Instances!L17:Instances!L17)-MIN(Instances!L17:Instances!L17))} -> 0 | M17: {=_xlfn.SWITCH($A$2,"average", AVERAGE(Instances!M17:Instances!M17),"median", MEDIAN(Instances!M17:Instances!M17),"min", MIN(Instances!M17:Instances!M17),"max", MAX(Instances!M17:Instances!M17),"diff", MAX(Instances!M17:Instances!M17)-MIN(Instances!M17:Instances!M17))} -> 0 | O17: {=_xlfn.SWITCH($A$2,"average", AVERAGE(Instances!O17:Instances!O17),"median", MEDIAN(Instances!O17:Instances!O17),"min", MIN(Instances!O17:Instances!O17),"max", MAX(Instances!O17:Instances!O17),"diff", MAX(Instances!O17:Instances!O17)-MIN(Instances!O17:Instances!O17))} -> 0 | P17: {=_xlfn.SWITCH($A$2,"average", AVERAGE(Instances!P17:Instances!P17),"median", MEDIAN(Instances!P17:Instances!P17),"min", MIN(Instances!P17:Instances!P17),"max", MAX(Instances!P17:Instances!P17),"diff", MAX(Instances!P17:Instances!P17)-MIN(Instances!P17:Instances!P17))} -> 0 | Q17: =MIN($B17,$G17,$L17) -> 0 | R17: =MIN($C17,$H17,$M17) -> 0 | S17: =MIN($E17,$J17,$O17) -> 0 | T17: =MIN($F17,$K17,$P17) -> 0 | U17: =MEDIAN($B17,$G17,$L17) -> 0 | V17: =MEDIAN($C17,$H17,$M17) -> 0 | W17: =MEDIAN($E17,$J17,$O17) -> 0 | X17: =MEDIAN($F17,$K17,$P17) -> 0 | Y17: =MAX($B17,$G17,$L17) -> 0 | Z17: =MAX($C17,$H17,$M17) -> 0 | AA17: =MAX($E17,$J17,$O17) -> 0 | AB17: =MAX($F17,$K17,$P17) -> 0
A18: instances/x6_y6_a2_f35 | B18: {=_xlfn.SWITCH($A$2,"average", AVERAGE(Instances!B18:Instances!B18),"median", MEDIAN(Instances!B18:Instances!B18),"min", MIN(Instances!B18:Instances!B18),"max", MAX(Instances!B18:Instances!B18),"diff", MAX(Instances!B18:Instances!B18)-MIN(Instances!B18:Instances!B18))} -> 0 | C18: {=_xlfn.SWITCH($A$2,"average", AVERAGE(Instances!C18:Instances!C18),"median", MEDIAN(Instances!C18:Instances!C18),"min", MIN(Instances!C18:Instances!C18),"max", MAX(Instances!C18:Instances!C18),"diff", MAX(Instances!C18:Instances!C18)-MIN(Instances!C18:Instances!C18))} -> 0 | E18: {=_xlfn.SWITCH($A$2,"average", AVERAGE(Instances!E18:Instances!E18),"median", MEDIAN(Instances!E18:Instances!E18),"min", MIN(Instances!E18:Instances!E18),"max", MAX(Instances!E18:Instances!E18),"diff", MAX(Instances!E18:Instances!E18)-MIN(Instances!E18:Instances!E18))} -> 0 | F18: {=_xlfn.SWITCH($A$2,"average", AVERAGE(Instances!F18:Instances!F18),"median", MEDIAN(Instances!F18:Instances!F18),"min", MIN(Instances!F18:Instances!F18),"max", MAX(Instances!F18:Instances!F18),"diff", MAX(Instances!F18:Instances!F18)-MIN(Instances!F18:Instances!F18))} -> 0 | G18: {=_xlfn.SWITCH($A$2,"average", AVERAGE(Instances!G18:Instances!G18),"median", MEDIAN(Instances!G18:Instances!G18),"min", MIN(Instances!G18:Instances!G18),"max", MAX(Instances!G18:Instances!G18),"diff", MAX(Instances!G18:Instances!G18)-MIN(Instances!G18:Instances!G18))} -> 0 | H18: {=_xlfn.SWITCH($A$2,"average", AVERAGE(Instances!H18:Instances!H18),"median", MEDIAN(Instances!H18:Instances!H18),"min", MIN(Instances!H18:Instances!H18),"max", MAX(Instances!H18:Instances!H18),"diff", MAX(Instances!H18:Instances!H18)-MIN(Instances!H18:Instances!H18))} -> 0 | J18: {=_xlfn.SWITCH($A$2,"average", AVERAGE(Instances!J18:Instances!J18),"median", MEDIAN(Instances!J18:Instances!J18),"min", MIN(Instances!J18:Instances!J18),"max", MAX(Instances!J18:Instances!J18),"diff", MAX(Instances!J18:Instances!J18)-MIN(Instances!J18:Instances!J18))} -> 0 | K18: {=_xlfn.SWITCH($A$2,"average", AVERAGE(Instances!K18:Instances!K18),"median", MEDIAN(Instances!K18:Instances!K18),"min", MIN(Instances!K18:Instances!K18),"max", MAX(Instances!K18:Instances!K18),"diff", MAX(Instances!K18:Instances!K18)-MIN(Instances!K18:Instances!K18))} -> 0 | L18: {=_xlfn.SWITCH($A$2,"average", AVERAGE(Instances!L18:Instances!L18),"median", MEDIAN(Instances!L18:Instances!L18),"min", MIN(Instances!L18:Instances!L18),"max", MAX(Instances!L18:Instances!L18),"diff", MAX(Instances!L18:Instances!L18)-MIN(Instances!L18:Instances!L18))} -> 0 | M18: {=_xlfn.SWITCH($A$2,"average", AVERAGE(Instances!M18:Instances!M18),"median", MEDIAN(Instances!M18:Instances!M18),"min", MIN(Instances!M18:Instances!M18),"max", MAX(Instances!M18:Instances!M18),"diff", MAX(Instances!M18:Instances!M18)-MIN(Instances!M18:Instances!M18))} -> 0 | O18: {=_xlfn.SWITCH($A$2,"average", AVERAGE(Instances!O18:Instances!O18),"median", MEDIAN(Instances!O18:Instances!O18),"min", MIN(Instances!O18:Instances!O18),"max", MAX(Instances!O18:Instances!O18),"diff", MAX(Instances!O18:Instances!O18)-MIN(Instances!O18:Instances!O18))} -> 0 | P18: {=_xlfn.SWITCH($A$2,"average", AVERAGE(Instances!P18:Instances!P18),"median", MEDIAN(Instances!P18:Instances!P18),"min", MIN(Instances!P18:Instances!P18),"max", MAX(Instances!P18:Instances!P18),"diff", MAX(Instances!P18:Instances!P18)-MIN(Instances!P18:Instances!P18))} -> 0 | Q18: =MIN($B18,$G18,$L18) -> 0 | R18: =MIN($C18,$H18,$M18) -> 0 | S18: =MIN($E18,$J18,$O18) -> 0 | T18: =MIN($F18,$K18,$P18) -> 0 | U18: =MEDIAN($B18,$G18,$L18) -> 0 | V18: =MEDIAN($C18,$H18,$M18) -> 0 | W18: =MEDIAN($E18,$J18,$O18) -> 0 | X18: =MEDIAN($F18,$K18,$P18) -> 0 | Y18: =MAX($B18,$G18,$L18) -> 0 | Z18: =MAX($C18,$H18,$M18) -> 0 | AA18: =MAX($E18,$J18,$O18) -> 0 | AB18: =MAX($F18,$K18,$P18) -> 0
A19: instances/x6_y6_a2_f40 | B19: {=_xlfn.SWITCH($A$2,"average", AVERAGE(Instances!B19:Instances!B19),"median", MEDIAN(Instances!B19:Instances!B19),"min", MIN(Instances!B19:Instances!B19),"max", MAX(Instances!B19:Instances!B19),"diff", MAX(Instances!B19:Instances!B19)-MIN(Instances!B19:Instances!B19))} -> 0 | C19: {=_xlfn.SWITCH($A$2,"average", AVERAGE(Instances!C19:Instances!C19),"median", MEDIAN(Instances!C19:Instances!C19),"min", MIN(Instances!C19:Instances!C19),"max", MAX(Instances!C19:Instances!C19),"diff", MAX(Instances!C19:Instances!C19)-MIN(Instances!C19:Instances!C19))} -> 0 | E19: {=_xlfn.SWITCH($A$2,"average", AVERAGE(Instances!E19:Instances!E19),"median", MEDIAN(Instances!E19:Instances!E19),"min", MIN(Instances!E19:Instances!E19),"max", MAX(Instances!E19:Instances!E19),"diff", MAX(Instances!E19:Instances!E19)-MIN(Instances!E19:Instances!E19))} -> 0 | F19: {=_xlfn.SWITCH($A$2,"average", AVERAGE(Instances!F19:Instances!F19),"median", MEDIAN(Instances!F19:Instances!F19),"min", MIN(Instances!F19:Instances!F19),"max", MAX(Instances!F19:Instances!F19),"diff", MAX(Instances!F19:Instances!F19)-MIN(Instances!F19:Instances!F19))} -> 0 | G19: {=_xlfn.SWITCH($A$2,"average", AVERAGE(Instances!G19:Instances!G19),"median", MEDIAN(Instances!G19:Instances!G19),"min", MIN(Instances!G19:Instances!G19),"max", MAX(Instances!G19:Instances!G19),"diff", MAX(Instances!G19:Instances!G19)-MIN(Instances!G19:Instances!G19))} -> 0 | H19: {=_xlfn.SWITCH($A$2,"average", AVERAGE(Instances!H19:Instances!H19),"median", MEDIAN(Instances!H19:Instances!H19),"min", MIN(Instances!H19:Instances!H19),"max", MAX(Instances!H19:Instances!H19),"diff", MAX(Instances!H19:Instances!H19)-MIN(Instances!H19:Instances!H19))} -> 0 | J19: {=_xlfn.SWITCH($A$2,"average", AVERAGE(Instances!J19:Instances!J19),"median", MEDIAN(Instances!J19:Instances!J19),"min", MIN(Instances!J19:Instances!J19),"max", MAX(Instances!J19:Instances!J19),"diff", MAX(Instances!J19:Instances!J19)-MIN(Instances!J19:Instances!J19))} -> 0 | K19: {=_xlfn.SWITCH($A$2,"average", AVERAGE(Instances!K19:Instances!K19),"median", MEDIAN(Instances!K19:Instances!K19),"min", MIN(Instances!K19:Instances!K19),"max", MAX(Instances!K19:Instances!K19),"diff", MAX(Instances!K19:Instances!K19)-MIN(Instances!K19:Instances!K19))} -> 0 | L19: {=_xlfn.SWITCH($A$2,"average", AVERAGE(Instances!L19:Instances!L19),"median", MEDIAN(Instances!L19:Instances!L19),"min", MIN(Instances!L19:Instances!L19),"max", MAX(Instances!L19:Instances!L19),"diff", MAX(Instances!L19:Instances!L19)-MIN(Instances!L19:Instances!L19))} -> 0 | M19: {=_xlfn.SWITCH($A$2,"average", AVERAGE(Instances!M19:Instances!M19),"median", MEDIAN(Instances!M19:Instances!M19),"min", MIN(Instances!M19:Instances!M19),"max", MAX(Instances!M19:Instances!M19),"diff", MAX(Instances!M19:Instances!M19)-MIN(Instances!M19:Instances!M19))} -> 0 | O19: {=_xlfn.SWITCH($A$2,"average", AVERAGE(Instances!O19:Instances!O19),"median", MEDIAN(Instances!O19:Instances!O19),"min", MIN(Instances!O19:Instances!O19),"max", MAX(Instances!O19:Instances!O19),"diff", MAX(Instances!O19:Instances!O19)-MIN(Instances!O19:Instances!O19))} -> 0 | P19: {=_xlfn.SWITCH($A$2,"average", AVERAGE(Instances!P19:Instances!P19),"median", MEDIAN(Instances!P19:Instances!P19),"min", MIN(Instances!P19:Instances!P19),"max", MAX(Instances!P19:Instances!P19),"diff", MAX(Instances!P19:Instances!P19)-MIN(Instances!P19:Instances!P19))} -> 0 | Q19: =MIN($B19,$G19,$L19) -> 0 | R19: =MIN($C19,$H19,$M19) -> 0 | S19: =MIN($E19,$J19,$O19) -> 0 | T19: =MIN($F19,$K19,$P19) -> 0 | U19: =MEDIAN($B19,$G19,$L19) -> 0 | V19: =MEDIAN($C19,$H19,$M19) -> 0 | W19: =MEDIAN($E19,$J19,$O19) -> 0 | X19: =MEDIAN($F19,$K19,$P19) -> 0 | Y19: =MAX($B19,$G19,$L19) -> 0 | Z19: =MAX($C19,$H19,$M19) -> 0 | AA19: =MAX($E19,$J19,$O19) -> 0 | AB19: =MAX($F19,$K19,$P19) -> 0
A20: instances/x6_y6_a2_f5 | B20: {=_xlfn.SWITCH($A$2,"average", AVERAGE(Instances!B20:Instances!B20),"median", MEDIAN(Instances!B20:Instances!B20),"min", MIN(Instances!B20:Instances!B20),"max", MAX(Instances!B20:Instances!B20),"diff", MAX(Instances!B20:Instances!B20)-MIN(Instances!B20:Instances!B20))} -> 0 | C20: {=_xlfn.SWITCH($A$2,"average", AVERAGE(Instances!C20:Instances!C20),"median", MEDIAN(Instances!C20:Instances!C20),"min", MIN(Instances!C20:Instances!C20),"max", MAX(Instances!C20:Instances!C20),"diff", MAX(Instances!C20:Instances!C20)-MIN(Instances!C20:Instances!C20))} -> 0 | E20: {=_xlfn.SWITCH($A$2,"average", AVERAGE(Instances!E20:Instances!E20),"median", MEDIAN(Instances!E20:Instances!E20),"min", MIN(Instances!E20:Instances!E20),"max", MAX(Instances!E20:Instances!E20),"diff", MAX(Instances!E20:Instances!E20)-MIN(Instances!E20:Instances!E20))} -> 0 | F20: {=_xlfn.SWITCH($A$2,"average", AVERAGE(Instances!F20:Instances!F20),"median", MEDIAN(Instances!F20:Instances!F20),"min", MIN(Instances!F20:Instances!F20),"max", MAX(Instances!F20:Instances!F20),"diff", MAX(Instances!F20:Instances!F20)-MIN(Instances!F20:Instances!F20))} -> 0 | G20: {=_xlfn.SWITCH($A$2,"average", AVERAGE(Instances!G20:Instances!G20),"median", MEDIAN(Instances!G20:Instances!G20),"min", MIN(Instances!G20:Instances!G20),"max", MAX(Instances!G20:Instances!G20),"diff", MAX(Instances!G20:Instances!G20)-MIN(Instances!G20:Instances!G20))} -> 0 | H20: {=_xlfn.SWITCH($A$2,"average", AVERAGE(Instances!H20:Instances!H20),"median", MEDIAN(Instances!H20:Instances!H20),"min", MIN(Instances!H20:Instances!H20),"max", MAX(Instances!H20:Instances!H20),"diff", MAX(Instances!H20:Instances!H20)-MIN(Instances!H20:Instances!H20))} -> 0 | J20: {=_xlfn.SWITCH($A$2,"average", AVERAGE(Instances!J20:Instances!J20),"median", MEDIAN(Instances!J20:Instances!J20),"min", MIN(Instances!J20:Instances!J20),"max", MAX(Instances!J20:Instances!J20),"diff", MAX(Instances!J20:Instances!J20)-MIN(Instances!J20:Instances!J20))} -> 0 | K20: {=_xlfn.SWITCH($A$2,"average", AVERAGE(Instances!K20:Instances!K20),"median", MEDIAN(Instances!K20:Instances!K20),"min", MIN(Instances!K20:Instances!K20),"max", MAX(Instances!K20:Instances!K20),"diff", MAX(Instances!K20:Instances!K20)-MIN(Instances!K20:Instances!K20))} -> 0 | L20: {=_xlfn.SWITCH($A$2,"average", AVERAGE(Instances!L20:Instances!L20),"median", MEDIAN(Instances!L20:Instances!L20),"min", MIN(Instances!L20:Instances!L20),"max", MAX(Instances!L20:Instances!L20),"diff", MAX(Instances!L20:Instances!L20)-MIN(Instances!L20:Instances!L20))} -> 0 | M20: {=_xlfn.SWITCH($A$2,"average", AVERAGE(Instances!M20:Instances!M20),"median", MEDIAN(Instances!M20:Instances!M20),"min", MIN(Instances!M20:Instances!M20),"max", MAX(Instances!M20:Instances!M20),"diff", MAX(Instances!M20:Instances!M20)-MIN(Instances!M20:Instances!M20))} -> 0 | O20: {=_xlfn.SWITCH($A$2,"average", AVERAGE(Instances!O20:Instances!O20),"median", MEDIAN(Instances!O20:Instances!O20),"min", MIN(Instances!O20:Instances!O20),"max", MAX(Instances!O20:Instances!O20),"diff", MAX(Instances!O20:Instances!O20)-MIN(Instances!O20:Instances!O20))} -> 0 | P20: {=_xlfn.SWITCH($A$2,"average", AVERAGE(Instances!P20:Instances!P20),"median", MEDIAN(Instances!P20:Instances!P20),"min", MIN(Instances!P20:Instances!P20),"max", MAX(Instances!P20:Instances!P20),"diff", MAX(Instances!P20:Instances!P20)-MIN(Instances!P20:Instances!P20))} -> 0 | Q20: =MIN($B20,$G20,$L20) -> 0 | R20: =MIN($C20,$H20,$M20) -> 0 | S20: =MIN($E20,$J20,$O20) -> 0 | T20: =MIN($F20,$K20,$P20) -> 0 | U20: =MEDIAN($B20,$G20,$L20) -> 0 | V20: =MEDIAN($C20,$H20,$M20) -> 0 | W20: =MEDIAN($E20,$J20,$O20) -> 0 | X20: =MEDIAN($F20,$K20,$P20) -> 0 | Y20: =MAX($B20,$G20,$L20) -> 0 | Z20: =MAX($C20,$H20,$M20) -> 0 | AA20: =MAX($E20,$J20,$O20) -> 0 | AB20: =MAX($F20,$K20,$P20) -> 0
A21: instances/x6_y6_a3_f1 | B21: {=_xlfn.SWITCH($A$2,"average", AVERAGE(Instances!B21:Instances!B21),"median", MEDIAN(Instances!B21:Instances!B21),"min", MIN(Instances!B21:Instances!B21),"max", MAX(Instances!B21:Instances!B21),"diff", MAX(Instances!B21:Instances!B21)-MIN(Instances!B21:Instances!B21))} -> 0 | C21: {=_xlfn.SWITCH($A$2,"average", AVERAGE(Instances!C21:Instances!C21),"median", MEDIAN(Instances!C21:Instances!C21),"min", MIN(Instances!C21:Instances!C21),"max", MAX(Instances!C21:Instances!C21),"diff", MAX(Instances!C21:Instances!C21)-MIN(Instances!C21:Instances!C21))} -> 0 | E21: {=_xlfn.SWITCH($A$2,"average", AVERAGE(Instances!E21:Instances!E21),"median", MEDIAN(Instances!E21:Instances!E21),"min", MIN(Instances!E21:Instances!E21),"max", MAX(Instances!E21:Instances!E21),"diff", MAX(Instances!E21:Instances!E21)-MIN(Instances!E21:Instances!E21))} -> 0 | F21: {=_xlfn.SWITCH($A$2,"average", AVERAGE(Instances!F21:Instances!F21),"median", MEDIAN(Instances!F21:Instances!F21),"min", MIN(Instances!F21:Instances!F21),"max", MAX(Instances!F21:Instances!F21),"diff", MAX(Instances!F21:Instances!F21)-MIN(Instances!F21:Instances!F21))} -> 0 | G21: {=_xlfn.SWITCH($A$2,"average", AVERAGE(Instances!G21:Instances!G21),"median", MEDIAN(Instances!G21:Instances!G21),"min", MIN(Instances!G21:Instances!G21),"max", MAX(Instances!G21:Instances!G21),"diff", MAX(Instances!G21:Instances!G21)-MIN(Instances!G21:Instances!G21))} -> 0 | H21: {=_xlfn.SWITCH($A$2,"average", AVERAGE(Instances!H21:Instances!H21),"median", MEDIAN(Instances!H21:Instances!H21),"min", MIN(Instances!H21:Instances!H21),"max", MAX(Instances!H21:Instances!H21),"diff", MAX(Instances!H21:Instances!H21)-MIN(Instances!H21:Instances!H21))} -> 0 | J21: {=_xlfn.SWITCH($A$2,"average", AVERAGE(Instances!J21:Instances!J21),"median", MEDIAN(Instances!J21:Instances!J21),"min", MIN(Instances!J21:Instances!J21),"max", MAX(Instances!J21:Instances!J21),"diff", MAX(Instances!J21:Instances!J21)-MIN(Instances!J21:Instances!J21))} -> 0 | K21: {=_xlfn.SWITCH($A$2,"average", AVERAGE(Instances!K21:Instances!K21),"median", MEDIAN(Instances!K21:Instances!K21),"min", MIN(Instances!K21:Instances!K21),"max", MAX(Instances!K21:Instances!K21),"diff", MAX(Instances!K21:Instances!K21)-MIN(Instances!K21:Instances!K21))} -> 0 | L21: {=_xlfn.SWITCH($A$2,"average", AVERAGE(Instances!L21:Instances!L21),"median", MEDIAN(Instances!L21:Instances!L21),"min", MIN(Instances!L21:Instances!L21),"max", MAX(Instances!L21:Instances!L21),"diff", MAX(Instances!L21:Instances!L21)-MIN(Instances!L21:Instances!L21))} -> 0 | M21: {=_xlfn.SWITCH($A$2,"average", AVERAGE(Instances!M21:Instances!M21),"median", MEDIAN(Instances!M21:Instances!M21),"min", MIN(Instances!M21:Instances!M21),"max", MAX(Instances!M21:Instances!M21),"diff", MAX(Instances!M21:Instances!M21)-MIN(Instances!M21:Instances!M21))} -> 0 | O21: {=_xlfn.SWITCH($A$2,"average", AVERAGE(Instances!O21:Instances!O21),"median", MEDIAN(Instances!O21:Instances!O21),"min", MIN(Instances!O21:Instances!O21),"max", MAX(Instances!O21:Instances!O21),"diff", MAX(Instances!O21:Instances!O21)-MIN(Instances!O21:Instances!O21))} -> 0 | P21: {=_xlfn.SWITCH($A$2,"average", AVERAGE(Instances!P21:Instances!P21),"median", MEDIAN(Instances!P21:Instances!P21),"min", MIN(Instances!P21:Instances!P21),"max", MAX(Instances!P21:Instances!P21),"diff", MAX(Instances!P21:Instances!P21)-MIN(Instances!P21:Instances!P21))} -> 0 | Q21: =MIN($B21,$G21,$L21) -> 0 | R21: =MIN($C21,$H21,$M21) -> 0 | S21: =MIN($E21,$J21,$O21) -> 0 | T21: =MIN($F21,$K21,$P21) -> 0 | U21: =MEDIAN($B21,$G21,$L21) -> 0 | V21: =MEDIAN($C21,$H21,$M21) -> 0 | W21: =MEDIAN($E21,$J21,$O21) -> 0 | X21: =MEDIAN($F21,$K21,$P21) -> 0 | Y21: =MAX($B21,$G21,$L21) -> 0 | Z21: =MAX($C21,$H21,$M21) -> 0 | AA21: =MAX($E21,$J21,$O21) -> 0 | AB21: =MAX($F21,$K21,$P21) -> 0
A22: instances/x6_y6_a3_f10 | B22: {=_xlfn.SWITCH($A$2,"average", AVERAGE(Instances!B22:Instances!B22),"median", MEDIAN(Instances!B22:Instances!B22),"min", MIN(Instances!B22:Instances!B22),"max", MAX(Instances!B22:Instances!B22),"diff", MAX(Instances!B22:Instances!B22)-MIN(Instances!B22:Instances!B22))} -> 0 | G22: {=_xlfn.SWITCH($A$2,"average", AVERAGE(Instances!G22:Instances!G22),"median", MEDIAN(Instances!G22:Instances!G22),"min", MIN(Instances!G22:Instances!G22),"max", MAX(Instances!G22:Instances!G22),"diff", MAX(Instances!G22:Instances!G22)-MIN(Instances!G22:Instances!G22))} -> 0 | H22: {=_xlfn.SWITCH($A$2,"average", AVERAGE(Instances!H22:Instances!H22),"median", MEDIAN(Instances!H22:Instances!H22),"min", MIN(Instances!H22:Instances!H22),"max", MAX(Instances!H22:Instances!H22),"diff", MAX(Instances!H22:Instances!H22)-MIN(Instances!H22:Instances!H22))} -> 0 | J22: {=_xlfn.SWITCH($A$2,"average", AVERAGE(Instances!J22:Instances!J22),"median", MEDIAN(Instances!J22:Instances!J22),"min", MIN(Instances!J22:Instances!J22),"max", MAX(Instances!J22:Instances!J22),"diff", MAX(Instances!J22:Instances!J22)-MIN(Instances!J22:Instances!J22))} -> 0 | K22: {=_xlfn.SWITCH($A$2,"average", AVERAGE(Instances!K22:Instances!K22),"median", MEDIAN(Instances!K22:Instances!K22),"min", MIN(Instances!K22:Instances!K22),"max", MAX(Instances!K22:Instances!K22),"diff", MAX(Instances!K22:Instances!K22)-MIN(Instances!K22:Instances!K22))} -> 0 | L22: {=_xlfn.SWITCH($A$2,"average", AVERAGE(Instances!L22:Instances!L22),"median", MEDIAN(Instances!L22:Instances!L22),"min", MIN(Instances!L22:Instances!L22),"max", MAX(Instances!L22:Instances!L22),"diff", MAX(Instances!L22:Instances!L22)-MIN(Instances!L22:Instances!L22))} -> 0 | M22: {=_xlfn.SWITCH($A$2,"average", AVERAGE(Instances!M22:Instances!M22),"median", MEDIAN(Instances!M22:Instances!M22),"min", MIN(Instances!M22:Instances!M22),"max", MAX(Instances!M22:Instances!M22),"diff", MAX(Instances!M22:Instances!M22)-MIN(Instances!M22:Instances!M22))} -> 0 | O22: {=_xlfn.SWITCH($A$2,"average", AVERAGE(Instances!O22:Instances!O22),"median", MEDIAN(Instances!O22:Instances!O22),"min", MIN(Instances!O22:Instances!O22),"max", MAX(Instances!O22:Instances!O22),"diff", MAX(Instances!O22:Instances!O22)-MIN(Instances!O22:Instances!O22))} -> 0 | P22: {=_xlfn.SWITCH($A$2,"average", AVERAGE(Instances!P22:Instances!P22),"median", MEDIAN(Instances!P22:Instances!P22),"min", MIN(Instances!P22:Instances!P22),"max", MAX(Instances!P22:Instances!P22),"diff", MAX(Instances!P22:Instances!P22)-MIN(Instances!P22:Instances!P22))} -> 0 | Q22: =MIN($B22,$G22,$L22) -> 0 | R22: =MIN($C22,$H22,$M22) -> 0 | S22: =MIN($E22,$J22,$O22) -> 0 | T22: =MIN($F22,$K22,$P22) -> 0 | U22: =MEDIAN($B22,$G22,$L22) -> 0 | V22: =MEDIAN($C22,$H22,$M22) -> 0 | W22: =MEDIAN($E22,$J22,$O22) -> 0 | X22: =MEDIAN($F22,$K22,$P22) -> 0 | Y22: =MAX($B22,$G22,$L22) -> 0 | Z22: =MAX($C22,$H22,$M22) -> 0 | AA22: =MAX($E22,$J22,$O22) -> 0 | AB22: =MAX($F22,$K22,$P22) -> 0
A23: instances/x6_y6_a3_f15 | B23: {=_xlfn.SWITCH($A$2,"average", AVERAGE(Instances!B23:Instances!B23),"median", MEDIAN(Instances!B23:Instances!B23),"min", MIN(Instances!B23:Instances!B23),"max", MAX(Instances!B23:Instances!B23),"diff", MAX(Instances!B23:Instances!B23)-MIN(Instances!B23:Instances!B23))} -> 0 | G23: {=_xlfn.SWITCH($A$2,"average", AVERAGE(Instances!G23:Instances!G23),"median", MEDIAN(Instances!G23:Instances!G23),"min", MIN(Instances!G23:Instances!G23),"max", MAX(Instances!G23:Instances!G23),"diff", MAX(Instances!G23:Instances!G23)-MIN(Instances!G23:Instances!G23))} -> 0 | H23: {=_xlfn.SWITCH($A$2,"average", AVERAGE(Instances!H23:Instances!H23),"median", MEDIAN(Instances!H23:Instances!H23),"min", MIN(Instances!H23:Instances!H23),"max", MAX(Instances!H23:Instances!H23),"diff", MAX(Instances!H23:Instances!H23)-MIN(Instances!H23:Instances!H23))} -> 0 | J23: {=_xlfn.SWITCH($A$2,"average", AVERAGE(Instances!J23:Instances!J23),"median", MEDIAN(Instances!J23:Instances!J23),"min", MIN(Instances!J23:Instances!J23),"max", MAX(Instances!J23:Instances!J23),"diff", MAX(Instances!J23:Instances!J23)-MIN(Instances!J23:Instances!J23))} -> 0 | K23: {=_xlfn.SWITCH($A$2,"average", AVERAGE(Instances!K23:Instances!K23),"median", MEDIAN(Instances!K23:Instances!K23),"min", MIN(Instances!K23:Instances!K23),"max", MAX(Instances!K23:Instances!K23),"diff", MAX(Instances!K23:Instances!K23)-MIN(Instances!K23:Instances!K23))} -> 0 | L23: {=_xlfn.SWITCH($A$2,"average", AVERAGE(Instances!L23:Instances!L23),"median", MEDIAN(Instances!L23:Instances!L23),"min", MIN(Instances!L23:Instances!L23),"max", MAX(Instances!L23:Instances!L23),"diff", MAX(Instances!L23:Instances!L23)-MIN(Instances!L23:Instances!L23))} -> 0 | M23: {=_xlfn.SWITCH($A$2,"average", AVERAGE(Instances!M23:Instances!M23),"median", MEDIAN(Instances!M23:Instances!M23),"min", MIN(Instances!M23:Instances!M23),"max", MAX(Instances!M23:Instances!M23),"diff", MAX(Instances!M23:Instances!M23)-MIN(Instances!M23:Instances!M23))} -> 0 | O23: {=_xlfn.SWITCH($A$2,"average", AVERAGE(Instances!O23:Instances!O23),"median", MEDIAN(Instances!O23:Instances!O23),"min", MIN(Instances!O23:Instances!O23),"max", MAX(Instances!O23:Instances!O23),"diff", MAX(Instances!O23:Instances!O23)-MIN(Instances!O23:Instances!O23))} -> 0 | P23: {=_xlfn.SWITCH($A$2,"average", AVERAGE(Instances!P23:Instances!P23),"median", MEDIAN(Instances!P23:Instances!P23),"min", MIN(Instances!P23:Instances!P23),"max", MAX(Instances!P23:Instances!P23),"diff", MAX(Instances!P23:Instances!P23)-MIN(Instances!P23:Instances!P23))} -> 0 | Q23: =MIN($B23,$G23,$L23) -> 0 | R23: =MIN($C23,$H23,$M23) -> 0 | S23: =MIN($E23,$J23,$O23) -> 0 | T23: =MIN($F23,$K23,$P23) -> 0 | U23: =MEDIAN($B23,$G23,$L23) -> 0 | V23: =MEDIAN($C23,$H23,$M23) -> 0 | W23: =MEDIAN($E23,$J23,$O23) -> 0 | X23: =MEDIAN($F23,$K23,$P23) -> 0 | Y23: =MAX($B23,$G23,$L23) -> 0 | Z23: =MAX($C23,$H23,$M23) -> 0 | AA23: =MAX($E23,$J23,$O23) -> 0 | AB23: =MAX($F23,$K23,$P23) -> 0
A24: instances/x6_y6_a3_f20 | B24: {=_xlfn.SWITCH($A$2,"average", AVERAGE(Instances!B24:Instances!B24),"median", MEDIAN(Instances!B24:Instances!B24),"min", MIN(Instances!B24:Instances!B24),"max", MAX(Instances!B24:Instances!B24),"diff", MAX(Instances!B24:Instances!B24)-MIN(Instances!B24:Instances!B24))} -> 0 | G24: {=_xlfn.SWITCH($A$2,"average", AVERAGE(Instances!G24:Instances!G24),"median", MEDIAN(Instances!G24:Instances!G24),"min", MIN(Instances!G24:Instances!G24),"max", MAX(Instances!G24:Instances!G24),"diff", MAX(Instances!G24:Instances!G24)-MIN(Instances!G24:Instances!G24))} -> 0 | H24: {=_xlfn.SWITCH($A$2,"average", AVERAGE(Instances!H24:Instances!H24),"median", MEDIAN(Instances!H24:Instances!H24),"min", MIN(Instances!H24:Instances!H24),"max", MAX(Instances!H24:Instances!H24),"diff", MAX(Instances!H24:Instances!H24)-MIN(Instances!H24:Instances!H24))} -> 0 | J24: {=_xlfn.SWITCH($A$2,"average", AVERAGE(Instances!J24:Instances!J24),"median", MEDIAN(Instances!J24:Instances!J24),"min", MIN(Instances!J24:Instances!J24),"max", MAX(Instances!J24:Instances!J24),"diff", MAX(Instances!J24:Instances!J24)-MIN(Instances!J24:Instances!J24))} -> 0 | K24: {=_xlfn.SWITCH($A$2,"average", AVERAGE(Instances!K24:Instances!K24),"median", MEDIAN(Instances!K24:Instances!K24),"min", MIN(Instances!K24:Instances!K24),"max", MAX(Instances!K24:Instances!K24),"diff", MAX(Instances!K24:Instances!K24)-MIN(Instances!K24:Instances!K24))} -> 0 | L24: {=_xlfn.SWITCH($A$2,"average", AVERAGE(Instances!L24:Instances!L24),"median", MEDIAN(Instances!L24:Instances!L24),"min", MIN(Instances!L24:Instances!L24),"max", MAX(Instances!L24:Instances!L24),"diff", MAX(Instances!L24:Instances!L24)-MIN(Instances!L24:Instances!L24))} -> 0 | M24: {=_xlfn.SWITCH($A$2,"average", AVERAGE(Instances!M24:Instances!M24),"median", MEDIAN(Instances!M24:Instances!M24),"min", MIN(Instances!M24:Instances!M24),"max", MAX(Instances!M24:Instances!M24),"diff", MAX(Instances!M24:Instances!M24)-MIN(Instances!M24:Instances!M24))} -> 0 | O24: {=_xlfn.SWITCH($A$2,"average", AVERAGE(Instances!O24:Instances!O24),"median", MEDIAN(Instances!O24:Instances!O24),"min", MIN(Instances!O24:Instances!O24),"max", MAX(Instances!O24:Instances!O24),"diff", MAX(Instances!O24:Instances!O24)-MIN(Instances!O24:Instances!O24))} -> 0 | P24: {=_xlfn.SWITCH($A$2,"average", AVERAGE(Instances!P24:Instances!P24),"median", MEDIAN(Instances!P24:Instances!P24),"min", MIN(Instances!P24:Instances!P24),"max", MAX(Instances!P24:Instances!P24),"diff", MAX(Instances!P24:Instances!P24)-MIN(Instances!P24:Instances!P24))} -> 0 | Q24: =MIN($B24,$G24,$L24) -> 0 | R24: =MIN($C24,$H24,$M24) -> 0 | S24: =MIN($E24,$J24,$O24) -> 0 | T24: =MIN($F24,$K24,$P24) -> 0 | U24: =MEDIAN($B24,$G24,$L24) -> 0 | V24: =MEDIAN($C24,$H24,$M24) -> 0 | W24: =MEDIAN($E24,$J24,$O24) -> 0 | X24: =MEDIAN($F24,$K24,$P24) -> 0 | Y24: =MAX($B24,$G24,$L24) -> 0 | Z24: =MAX($C24,$H24,$M24) -> 0 | AA24: =MAX($E24,$J24,$O24) -> 0 | AB24: =MAX($F24,$K24,$P24) -> 0
A25: instances/x6_y6_a3_f25 | B25: {=_xlfn.SWITCH($A$2,"average", AVERAGE(Instances!B25:Instances!B25),"median", MEDIAN(Instances!B25:Instances!B25),"min", MIN(Instances!B25:Instances!B25),"max", MAX(Instances!B25:Instances!B25),"diff", MAX(Instances!B25:Instances!B25)-MIN(Instances!B25:Instances!B25))} -> 0 | C25: {=_xlfn.SWITCH($A$2,"average", AVERAGE(Instances!C25:Instances!C25),"median", MEDIAN(Instances!C25:Instances!C25),"min", MIN(Instances!C25:Instances!C25),"max", MAX(Instances!C25:Instances!C25),"diff", MAX(Instances!C25:Instances!C25)-MIN(Instances!C25:Instances!C25))} -> 0 | E25: {=_xlfn.SWITCH($A$2,"average", AVERAGE(Instances!E25:Instances!E25),"median", MEDIAN(Instances!E25:Instances!E25),"min", MIN(Instances!E25:Instances!E25),"max", MAX(Instances!E25:Instances!E25),"diff", MAX(Instances!E25:Instances!E25)-MIN(Instances!E25:Instances!E25))} -> 0 | F25: {=_xlfn.SWITCH($A$2,"average", AVERAGE(Instances!F25:Instances!F25),"median", MEDIAN(Instances!F25:Instances!F25),"min", MIN(Instances!F25:Instances!F25),"max", MAX(Instances!F25:Instances!F25),"diff", MAX(Instances!F25:Instances!F25)-MIN(Instances!F25:Instances!F25))} -> 0 | G25: {=_xlfn.SWITCH($A$2,"average", AVERAGE(Instances!G25:Instances!G25),"median", MEDIAN(Instances!G25:Instances!G25),"min", MIN(Instances!G25:Instances!G25),"max", MAX(Instances!G25:Instances!G25),"diff", MAX(Instances!G25:Instances!G25)-MIN(Instances!G25:Instances!G25))} -> 0 | H25: {=_xlfn.SWITCH($A$2,"average", AVERAGE(Instances!H25:Instances!H25),"median", MEDIAN(Instances!H25:Instances!H25),"min", MIN(Instances!H25:Instances!H25),"max", MAX(Instances!H25:Instances!H25),"diff", MAX(Instances!H25:Instances!H25)-MIN(Instances!H25:Instances!H25))} -> 0 | J25: {=_xlfn.SWITCH($A$2,"average", AVERAGE(Instances!J25:Instances!J25),"median", MEDIAN(Instances!J25:Instances!J25),"min", MIN(Instances!J25:Instances!J25),"max", MAX(Instances!J25:Instances!J25),"diff", MAX(Instances!J25:Instances!J25)-MIN(Instances!J25:Instances!J25))} -> 0 | K25: {=_xlfn.SWITCH($A$2,"average", AVERAGE(Instances!K25:Instances!K25),"median", MEDIAN(Instances!K25:Instances!K25),"min", MIN(Instances!K25:Instances!K25),"max", MAX(Instances!K25:Instances!K25),"diff", MAX(Instances!K25:Instances!K25)-MIN(Instances!K25:Instances!K25))} -> 0 | L25: {=_xlfn.SWITCH($A$2,"average", AVERAGE(Instances!L25:Instances!L25),"median", MEDIAN(Instances!L25:Instances!L25),"min", MIN(Instances!L25:Instances!L25),"max", MAX(Instances!L25:Instances!L25),"diff", MAX(Instances!L25:Instances!L25)-MIN(Instances!L25:Instances!L25))} -> 0 | M25: {=_xlfn.SWITCH($A$2,"average", AVERAGE(Instances!M25:Instances!M25),"median", MEDIAN(Instances!M25:Instances!M25),"min", MIN(Instances!M25:Instances!M25),"max", MAX(Instances!M25:Instances!M25),"diff", MAX(Instances!M25:Instances!M25)-MIN(Instances!M25:Instances!M25))} -> 0 | O25: {=_xlfn.SWITCH($A$2,"average", AVERAGE(Instances!O25:Instances!O25),"median", MEDIAN(Instances!O25:Instances!O25),"min", MIN(Instances!O25:Instances!O25),"max", MAX(Instances!O25:Instances!O25),"diff", MAX(Instances!O25:Instances!O25)-MIN(Instances!O25:Instances!O25))} -> 0 | P25: {=_xlfn.SWITCH($A$2,"average", AVERAGE(Instances!P25:Instances!P25),"median", MEDIAN(Instances!P25:Instances!P25),"min", MIN(Instances!P25:Instances!P25),"max", MAX(Instances!P25:Instances!P25),"diff", MAX(Instances!P25:Instances!P25)-MIN(Instances!P25:Instances!P25))} -> 0 | Q25: =MIN($B25,$G25,$L25) -> 0 | R25: =MIN($C25,$H25,$M25) -> 0 | S25: =MIN($E25,$J25,$O25) -> 0 | T25: =MIN($F25,$K25,$P25) -> 0 | U25: =MEDIAN($B25,$G25,$L25) -> 0 | V25: =MEDIAN($C25,$H25,$M25) -> 0 | W25: =MEDIAN($E25,$J25,$O25) -> 0 | X25: =MEDIAN($F25,$K25,$P25) -> 0 | Y25: =MAX($B25,$G25,$L25) -> 0 | Z25: =MAX($C25,$H25,$M25) -> 0 | AA25: =MAX($E25,$J25,$O25) -> 0 | AB25: =MAX($F25,$K25,$P25) -> 0
A26: instances/x6_y6_a3_f30 | B26: {=_xlfn.SWITCH($A$2,"average", AVERAGE(Instances!B26:Instances!B26),"median", MEDIAN(Instances!B26:Instances!B26),"min", MIN(Instances!B26:Instances!B26),"max", MAX(Instances!B26:Instances!B26),"diff", MAX(Instances!B26:Instances!B26)-MIN(Instances!B26:Instances!B26))} -> 0 | C26: {=_xlfn.SWITCH($A$2,"average", AVERAGE(Instances!C26:Instances!C26),"median", MEDIAN(Instances!C26:Instances!C26),"min", MIN(Instances!C26:Instances!C26),"max", MAX(Instances!C26:Instances!C26),"diff", MAX(Instances!C26:Instances!C26)-MIN(Instances!C26:Instances!C26))} -> 0 | E26: {=_xlfn.SWITCH($A$2,"average", AVERAGE(Instances!E26:Instances!E26),"median", MEDIAN(Instances!E26:Instances!E26),"min", MIN(Instances!E26:Instances!E26),"max", MAX(Instances!E26:Instances!E26),"diff", MAX(Instances!E26:Instances!E26)-MIN(Instances!E26:Instances!E26))} -> 0 | F26: {=_xlfn.SWITCH($A$2,"average", AVERAGE(Instances!F26:Instances!F26),"median", MEDIAN(Instances!F26:Instances!F26),"min", MIN(Instances!F26:Instances!F26),"max", MAX(Instances!F26:Instances!F26),"diff", MAX(Instances!F26:Instances!F26)-MIN(Instances!F26:Instances!F26))} -> 0 | G26: {=_xlfn.SWITCH($A$2,"average", AVERAGE(Instances!G26:Instances!G26),"median", MEDIAN(Instances!G26:Instances!G26),"min", MIN(Instances!G26:Instances!G26),"max", MAX(Instances!G26:Instances!G26),"diff", MAX(Instances!G26:Instances!G26)-MIN(Instances!G26:Instances!G26))} -> 0 | H26: {=_xlfn.SWITCH($A$2,"average", AVERAGE(Instances!H26:Instances!H26),"median", MEDIAN(Instances!H26:Instances!H26),"min", MIN(Instances!H26:Instances!H26),"max", MAX(Instances!H26:Instances!H26),"diff", MAX(Instances!H26:Instances!H26)-MIN(Instances!H26:Instances!H26))} -> 0 | J26: {=_xlfn.SWITCH($A$2,"average", AVERAGE(Instances!J26:Instances!J26),"median", MEDIAN(Instances!J26:Instances!J26),"min", MIN(Instances!J26:Instances!J26),"max", MAX(Instances!J26:Instances!J26),"diff", MAX(Instances!J26:Instances!J26)-MIN(Instances!J26:Instances!J26))} -> 0 | K26: {=_xlfn.SWITCH($A$2,"average", AVERAGE(Instances!K26:Instances!K26),"median", MEDIAN(Instances!K26:Instances!K26),"min", MIN(Instances!K26:Instances!K26),"max", MAX(Instances!K26:Instances!K26),"diff", MAX(Instances!K26:Instances!K26)-MIN(Instances!K26:Instances!K26))} -> 0 | L26: {=_xlfn.SWITCH($A$2,"average", AVERAGE(Instances!L26:Instances!L26),"median", MEDIAN(Instances!L26:Instances!L26),"min", MIN(Instances!L26:Instances!L26),"max", MAX(Instances!L26:Instances!L26),"diff", MAX(Instances!L26:Instances!L26)-MIN(Instances!L26:Instances!L26))} -> 0 | M26: {=_xlfn.SWITCH($A$2,"average", AVERAGE(Instances!M26:Instances!M26),"median", MEDIAN(Instances!M26:Instances!M26),"min", MIN(Instances!M26:Instances!M26),"max", MAX(Instances!M26:Instances!M26),"diff", MAX(Instances!M26:Instances!M26)-MIN(Instances!M26:Instances!M26))} -> 0 | O26: {=_xlfn.SWITCH($A$2,"average", AVERAGE(Instances!O26:Instances!O26),"median", MEDIAN(Instances!O26:Instances!O26),"min", MIN(Instances!O26:Instances!O26),"max", MAX(Instances!O26:Instances!O26),"diff", MAX(Instances!O26:Instances!O26)-MIN(Instances!O26:Instances!O26))} -> 0 | P26: {=_xlfn.SWITCH($A$2,"average", AVERAGE(Instances!P26:Instances!P26),"median", MEDIAN(Instances!P26:Instances!P26),"min", MIN(Instances!P26:Instances!P26),"max", MAX(Instances!P26:Instances!P26),"diff", MAX(Instances!P26:Instances!P26)-MIN(Instances!P26:Instances!P26))} -> 0 | Q26: =MIN($B26,$G26,$L26) -> 0 | R26: =MIN($C26,$H26,$M26) -> 0 | S26: =MIN($E26,$J26,$O26) -> 0 | T26: =MIN($F26,$K26,$P26) -> 0 | U26: =MEDIAN($B26,$G26,$L26) -> 0 | V26: =MEDIAN($C26,$H26,$M26) -> 0 | W26: =MEDIAN($E26,$J26,$O26) -> 0 | X26: =MEDIAN($F26,$K26,$P26) -> 0 | Y26: =MAX($B26,$G26,$L26) -> 0 | Z26: =MAX($C26,$H26,$M26) -> 0 | AA26: =MAX($E26,$J26,$O26) -> 0 | AB26: =MAX($F26,$K26,$P26) -> 0
A27: instances/x6_y6_a3_f35 | B27: {=_xlfn.SWITCH($A$2,"average", AVERAGE(Instances!B27:Instances!B27),"median", MEDIAN(Instances!B27:Instances!B27),"min", MIN(Instances!B27:Instances!B27),"max", MAX(Instances!B27:Instances!B27),"diff", MAX(Instances!B27:Instances!B27)-MIN(Instances!B27:Instances!B27))} -> 0 | C27: {=_xlfn.SWITCH($A$2,"average", AVERAGE(Instances!C27:Instances!C27),"median", MEDIAN(Instances!C27:Instances!C27),"min", MIN(Instances!C27:Instances!C27),"max", MAX(Instances!C27:Instances!C27),"diff", MAX(Instances!C27:Instances!C27)-MIN(Instances!C27:Instances!C27))} -> 0 | E27: {=_xlfn.SWITCH($A$2,"average", AVERAGE(Instances!E27:Instances!E27),"median", MEDIAN(Instances!E27:Instances!E27),"min", MIN(Instances!E27:Instances!E27),"max", MAX(Instances!E27:Instances!E27),"diff", MAX(Instances!E27:Instances!E27)-MIN(Instances!E27:Instances!E27))} -> 0 | F27: {=_xlfn.SWITCH($A$2,"average", AVERAGE(Instances!F27:Instances!F27),"median", MEDIAN(Instances!F27:Instances!F27),"min", MIN(Instances!F27:Instances!F27),"max", MAX(Instances!F27:Instances!F27),"diff", MAX(Instances!F27:Instances!F27)-MIN(Instances!F27:Instances!F27))} -> 0 | G27: {=_xlfn.SWITCH($A$2,"average", AVERAGE(Instances!G27:Instances!G27),"median", MEDIAN(Instances!G27:Instances!G27),"min", MIN(Instances!G27:Instances!G27),"max", MAX(Instances!G27:Instances!G27),"diff", MAX(Instances!G27:Instances!G27)-MIN(Instances!G27:Instances!G27))} -> 0 | H27: {=_xlfn.SWITCH($A$2,"average", AVERAGE(Instances!H27:Instances!H27),"median", MEDIAN(Instances!H27:Instances!H27),"min", MIN(Instances!H27:Instances!H27),"max", MAX(Instances!H27:Instances!H27),"diff", MAX(Instances!H27:Instances!H27)-MIN(Instances!H27:Instances!H27))} -> 0 | J27: {=_xlfn.SWITCH($A$2,"average", AVERAGE(Instances!J27:Instances!J27),"median", MEDIAN(Instances!J27:Instances!J27),"min", MIN(Instances!J27:Instances!J27),"max", MAX(Instances!J27:Instances!J27),"diff", MAX(Instances!J27:Instances!J27)-MIN(Instances!J27:Instances!J27))} -> 0 | K27: {=_xlfn.SWITCH($A$2,"average", AVERAGE(Instances!K27:Instances!K27),"median", MEDIAN(Instances!K27:Instances!K27),"min", MIN(Instances!K27:Instances!K27),"max", MAX(Instances!K27:Instances!K27),"diff", MAX(Instances!K27:Instances!K27)-MIN(Instances!K27:Instances!K27))} -> 0 | L27: {=_xlfn.SWITCH($A$2,"average", AVERAGE(Instances!L27:Instances!L27),"median", MEDIAN(Instances!L27:Instances!L27),"min", MIN(Instances!L27:Instances!L27),"max", MAX(Instances!L27:Instances!L27),"diff", MAX(Instances!L27:Instances!L27)-MIN(Instances!L27:Instances!L27))} -> 0 | M27: {=_xlfn.SWITCH($A$2,"average", AVERAGE(Instances!M27:Instances!M27),"median", MEDIAN(Instances!M27:Instances!M27),"min", MIN(Instances!M27:Instances!M27),"max", MAX(Instances!M27:Instances!M27),"diff", MAX(Instances!M27:Instances!M27)-MIN(Instances!M27:Instances!M27))} -> 0 | O27: {=_xlfn.SWITCH($A$2,"average", AVERAGE(Instances!O27:Instances!O27),"median", MEDIAN(Instances!O27:Instances!O27),"min", MIN(Instances!O27:Instances!O27),"max", MAX(Instances!O27:Instances!O27),"diff", MAX(Instances!O27:Instances!O27)-MIN(Instances!O27:Instances!O27))} -> 0 | P27: {=_xlfn.SWITCH($A$2,"average", AVERAGE(Instances!P27:Instances!P27),"median", MEDIAN(Instances!P27:Instances!P27),"min", MIN(Instances!P27:Instances!P27),"max", MAX(Instances!P27:Instances!P27),"diff", MAX(Instances!P27:Instances!P27)-MIN(Instances!P27:Instances!P27))} -> 0 | Q27: =MIN($B27,$G27,$L27) -> 0 | R27: =MIN($C27,$H27,$M27) -> 0 | S27: =MIN($E27,$J27,$O27) -> 0 | T27: =MIN($F27,$K27,$P27) -> 0 | U27: =MEDIAN($B27,$G27,$L27) -> 0 | V27: =MEDIAN($C27,$H27,$M27) -> 0 | W27: =MEDIAN($E27,$J27,$O27) -> 0 | X27: =MEDIAN($F27,$K27,$P27) -> 0 | Y27: =MAX($B27,$G27,$L27) -> 0 | Z27: =MAX($C27,$H27,$M27) -> 0 | AA27: =MAX($E27,$J27,$O27) -> 0 | AB27: =MAX($F27,$K27,$P27) -> 0
A28: instances/x6_y6_a3_f40 | B28: {=_xlfn.SWITCH($A$2,"average", AVERAGE(Instances!B28:Instances!B28),"median", MEDIAN(Instances!B28:Instances!B28),"min", MIN(Instances!B28:Instances!B28),"max", MAX(Instances!B28:Instances!B28),"diff", MAX(Instances!B28:Instances!B28)-MIN(Instances!B28:Instances!B28))} -> 0 | C28: {=_xlfn.SWITCH($A$2,"average", AVERAGE(Instances!C28:Instances!C28),"median", MEDIAN(Instances!C28:Instances!C28),"min", MIN(Instances!C28:Instances!C28),"max", MAX(Instances!C28:Instances!C28),"diff", MAX(Instances!C28:Instances!C28)-MIN(Instances!C28:Instances!C28))} -> 0 | E28: {=_xlfn.SWITCH($A$2,"average", AVERAGE(Instances!E28:Instances!E28),"median", MEDIAN(Instances!E28:Instances!E28),"min", MIN(Instances!E28:Instances!E28),"max", MAX(Instances!E28:Instances!E28),"diff", MAX(Instances!E28:Instances!E28)-MIN(Instances!E28:Instances!E28))} -> 0 | F28: {=_xlfn.SWITCH($A$2,"average", AVERAGE(Instances!F28:Instances!F28),"median", MEDIAN(Instances!F28:Instances!F28),"min", MIN(Instances!F28:Instances!F28),"max", MAX(Instances!F28:Instances!F28),"diff", MAX(Instances!F28:Instances!F28)-MIN(Instances!F28:Instances!F28))} -> 0 | G28: {=_xlfn.SWITCH($A$2,"average", AVERAGE(Instances!G28:Instances!G28),"median", MEDIAN(Instances!G28:Instances!G28),"min", MIN(Instances!G28:Instances!G28),"max", MAX(Instances!G28:Instances!G28),"diff", MAX(Instances!G28:Instances!G28)-MIN(Instances!G28:Instances!G28))} -> 0 | H28: {=_xlfn.SWITCH($A$2,"average", AVERAGE(Instances!H28:Instances!H28),"median", MEDIAN(Instances!H28:Instances!H28),"min", MIN(Instances!H28:Instances!H28),"max", MAX(Instances!H28:Instances!H28),"diff", MAX(Instances!H28:Instances!H28)-MIN(Instances!H28:Instances!H28))} -> 0 | J28: {=_xlfn.SWITCH($A$2,"average", AVERAGE(Instances!J28:Instances!J28),"median", MEDIAN(Instances!J28:Instances!J28),"min", MIN(Instances!J28:Instances!J28),"max", MAX(Instances!J28:Instances!J28),"diff", MAX(Instances!J28:Instances!J28)-MIN(Instances!J28:Instances!J28))} -> 0 | K28: {=_xlfn.SWITCH($A$2,"average", AVERAGE(Instances!K28:Instances!K28),"median", MEDIAN(Instances!K28:Instances!K28),"min", MIN(Instances!K28:Instances!K28),"max", MAX(Instances!K28:Instances!K28),"diff", MAX(Instances!K28:Instances!K28)-MIN(Instances!K28:Instances!K28))} -> 0 | L28: {=_xlfn.SWITCH($A$2,"average", AVERAGE(Instances!L28:Instances!L28),"median", MEDIAN(Instances!L28:Instances!L28),"min", MIN(Instances!L28:Instances!L28),"max", MAX(Instances!L28:Instances!L28),"diff", MAX(Instances!L28:Instances!L28)-MIN(Instances!L28:Instances!L28))} -> 0 | M28: {=_xlfn.SWITCH($A$2,"average", AVERAGE(Instances!M28:Instances!M28),"median", MEDIAN(Instances!M28:Instances!M28),"min", MIN(Instances!M28:Instances!M28),"max", MAX(Instances!M28:Instances!M28),"diff", MAX(Instances!M28:Instances!M28)-MIN(Instances!M28:Instances!M28))} -> 0 | O28: {=_xlfn.SWITCH($A$2,"average", AVERAGE(Instances!O28:Instances!O28),"median", MEDIAN(Instances!O28:Instances!O28),"min", MIN(Instances!O28:Instances!O28),"max", MAX(Instances!O28:Instances!O28),"diff", MAX(Instances!O28:Instances!O28)-MIN(Instances!O28:Instances!O28))} -> 0 | P28: {=_xlfn.SWITCH($A$2,"average", AVERAGE(Instances!P28:Instances!P28),"median", MEDIAN(Instances!P28:Instances!P28),"min", MIN(Instances!P28:Instances!P28),"max", MAX(Instances!P28:Instances!P28),"diff", MAX(Instances!P28:Instances!P28)-MIN(Instances!P28:Instances!P28))} -> 0 | Q28: =MIN($B28,$G28,$L28) -> 0 | R28: =MIN($C28,$H28,$M28) -> 0 | S28: =MIN($E28,$J28,$O28) -> 0 | T28: =MIN($F28,$K28,$P28) -> 0 | U28: =MEDIAN($B28,$G28,$L28) -> 0 | V28: =MEDIAN($C28,$H28,$M28) -> 0 | W28: =MEDIAN($E28,$J28,$O28) -> 0 | X28: =MEDIAN($F28,$K28,$P28) -> 0 | Y28: =MAX($B28,$G28,$L28) -> 0 | Z28: =MAX($C28,$H28,$M28) -> 0 | AA28: =MAX($E28,$J28,$O28) -> 0 | AB28: =MAX($F28,$K28,$P28) -> 0
A29: instances/x6_y6_a3_f5 | B29: {=_xlfn.SWITCH($A$2,"average", AVERAGE(Instances!B29:Instances!B29),"median", MEDIAN(Instances!B29:Instances!B29),"min", MIN(Instances!B29:Instances!B29),"max", MAX(Instances!B29:Instances!B29),"diff", MAX(Instances!B29:Instances!B29)-MIN(Instances!B29:Instances!B29))} -> 0 | C29: {=_xlfn.SWITCH($A$2,"average", AVERAGE(Instances!C29:Instances!C29),"median", MEDIAN(Instances!C29:Instances!C29),"min", MIN(Instances!C29:Instances!C29),"max", MAX(Instances!C29:Instances!C29),"diff", MAX(Instances!C29:Instances!C29)-MIN(Instances!C29:Instances!C29))} -> 0 | E29: {=_xlfn.SWITCH($A$2,"average", AVERAGE(Instances!E29:Instances!E29),"median", MEDIAN(Instances!E29:Instances!E29),"min", MIN(Instances!E29:Instances!E29),"max", MAX(Instances!E29:Instances!E29),"diff", MAX(Instances!E29:Instances!E29)-MIN(Instances!E29:Instances!E29))} -> 0 | F29: {=_xlfn.SWITCH($A$2,"average", AVERAGE(Instances!F29:Instances!F29),"median", MEDIAN(Instances!F29:Instances!F29),"min", MIN(Instances!F29:Instances!F29),"max", MAX(Instances!F29:Instances!F29),"diff", MAX(Instances!F29:Instances!F29)-MIN(Instances!F29:Instances!F29))} -> 0 | G29: {=_xlfn.SWITCH($A$2,"average", AVERAGE(Instances!G29:Instances!G29),"median", MEDIAN(Instances!G29:Instances!G29),"min", MIN(Instances!G29:Instances!G29),"max", MAX(Instances!G29:Instances!G29),"diff", MAX(Instances!G29:Instances!G29)-MIN(Instances!G29:Instances!G29))} -> 0 | H29: {=_xlfn.SWITCH($A$2,"average", AVERAGE(Instances!H29:Instances!H29),"median", MEDIAN(Instances!H29:Instances!H29),"min", MIN(Instances!H29:Instances!H29),"max", MAX(Instances!H29:Instances!H29),"diff", MAX(Instances!H29:Instances!H29)-MIN(Instances!H29:Instances!H29))} -> 0 | J29: {=_xlfn.SWITCH($A$2,"average", AVERAGE(Instances!J29:Instances!J29),"median", MEDIAN(Instances!J29:Instances!J29),"min", MIN(Instances!J29:Instances!J29),"max", MAX(Instances!J29:Instances!J29),"diff", MAX(Instances!J29:Instances!J29)-MIN(Instances!J29:Instances!J29))} -> 0 | K29: {=_xlfn.SWITCH($A$2,"average", AVERAGE(Instances!K29:Instances!K29),"median", MEDIAN(Instances!K29:Instances!K29),"min", MIN(Instances!K29:Instances!K29),"max", MAX(Instances!K29:Instances!K29),"diff", MAX(Instances!K29:Instances!K29)-MIN(Instances!K29:Instances!K29))} -> 0 | L29: {=_xlfn.SWITCH($A$2,"average", AVERAGE(Instances!L29:Instances!L29),"median", MEDIAN(Instances!L29:Instances!L29),"min", MIN(Instances!L29:Instances!L29),"max", MAX(Instances!L29:Instances!L29),"diff", MAX(Instances!L29:Instances!L29)-MIN(Instances!L29:Instances!L29))} -> 0 | M29: {=_xlfn.SWITCH($A$2,"average", AVERAGE(Instances!M29:Instances!M29),"median", MEDIAN(Instances!M29:Instances!M29),"min", MIN(Instances!M29:Instances!M29),"max", MAX(Instances!M29:Instances!M29),"diff", MAX(Instances!M29:Instances!M29)-MIN(Instances!M29:Instances!M29))} -> 0 | O29: {=_xlfn.SWITCH($A$2,"average", AVERAGE(Instances!O29:Instances!O29),"median", MEDIAN(Instances!O29:Instances!O29),"min", MIN(Instances!O29:Instances!O29),"max", MAX(Instances!O29:Instances!O29),"diff", MAX(Instances!O29:Instances!O29)-MIN(Instances!O29:Instances!O29))} -> 0 | P29: {=_xlfn.SWITCH($A$2,"average", AVERAGE(Instances!P29:Instances!P29),"median", MEDIAN(Instances!P29:Instances!P29),"min", MIN(Instances!P29:Instances!P29),"max", MAX(Instances!P29:Instances!P29),"diff", MAX(Instances!P29:Instances!P29)-MIN(Instances!P29:Instances!P29))} -> 0 | Q29: =MIN($B29,$G29,$L29) -> 0 | R29: =MIN($C29,$H29,$M29) -> 0 | S29: =MIN($E29,$J29,$O29) -> 0 | T29: =MIN($F29,$K29,$P29) -> 0 | U29: =MEDIAN($B29,$G29,$L29) -> 0 | V29: =MEDIAN($C29,$H29,$M29) -> 0 | W29: =MEDIAN($E29,$J29,$O29) -> 0 | X29: =MEDIAN($F29,$K29,$P29) -> 0 | Y29: =MAX($B29,$G29,$L29) -> 0 | Z29: =MAX($C29,$H29,$M29) -> 0 | AA29: =MAX($E29,$J29,$O29) -> 0 | AB29: =MAX($F29,$K29,$P29) -> 0
A30: instances/x6_y6_a4_f1 | B30: {=_xlfn.SWITCH($A$2,"average", AVERAGE(Instances!B30:Instances!B30),"median", MEDIAN(Instances!B30:Instances!B30),"min", MIN(Instances!B30:Instances!B30),"max", MAX(Instances!B30:Instances!B30),"diff", MAX(Instances!B30:Instances!B30)-MIN(Instances!B30:Instances!B30))} -> 0 | C30: {=_xlfn.SWITCH($A$2,"average", AVERAGE(Instances!C30:Instances!C30),"median", MEDIAN(Instances!C30:Instances!C30),"min", MIN(Instances!C30:Instances!C30),"max", MAX(Instances!C30:Instances!C30),"diff", MAX(Instances!C30:Instances!C30)-MIN(Instances!C30:Instances!C30))} -> 0 | E30: {=_xlfn.SWITCH($A$2,"average", AVERAGE(Instances!E30:Instances!E30),"median", MEDIAN(Instances!E30:Instances!E30),"min", MIN(Instances!E30:Instances!E30),"max", MAX(Instances!E30:Instances!E30),"diff", MAX(Instances!E30:Instances!E30)-MIN(Instances!E30:Instances!E30))} -> 0 | F30: {=_xlfn.SWITCH($A$2,"average", AVERAGE(Instances!F30:Instances!F30),"median", MEDIAN(Instances!F30:Instances!F30),"min", MIN(Instances!F30:Instances!F30),"max", MAX(Instances!F30:Instances!F30),"diff", MAX(Instances!F30:Instances!F30)-MIN(Instances!F30:Instances!F30))} -> 0 | G30: {=_xlfn.SWITCH($A$2,"average", AVERAGE(Instances!G30:Instances!G30),"median", MEDIAN(Instances!G30:Instances!G30),"min", MIN(Instances!G30:Instances!G30),"max", MAX(Instances!G30:Instances!G30),"diff", MAX(Instances!G30:Instances!G30)-MIN(Instances!G30:Instances!G30))} -> 0 | H30: {=_xlfn.SWITCH($A$2,"average", AVERAGE(Instances!H30:Instances!H30),"median", MEDIAN(Instances!H30:Instances!H30),"min", MIN(Instances!H30:Instances!H30),"max", MAX(Instances!H30:Instances!H30),"diff", MAX(Instances!H30:Instances!H30)-MIN(Instances!H30:Instances!H30))} -> 0 | J30: {=_xlfn.SWITCH($A$2,"average", AVERAGE(Instances!J30:Instances!J30),"median", MEDIAN(Instances!J30:Instances!J30),"min", MIN(Instances!J30:Instances!J30),"max", MAX(Instances!J30:Instances!J30),"diff", MAX(Instances!J30:Instances!J30)-MIN(Instances!J30:Instances!J30))} -> 0 | K30: {=_xlfn.SWITCH($A$2,"average", AVERAGE(Instances!K30:Instances!K30),"median", MEDIAN(Instances!K30:Instances!K30),"min", MIN(Instances!K30:Instances!K30),"max", MAX(Instances!K30:Instances!K30),"diff", MAX(Instances!K30:Instances!K30)-MIN(Instances!K30:Instances!K30))} -> 0 | L30: {=_xlfn.SWITCH($A$2,"average", AVERAGE(Instances!L30:Instances!L30),"median", MEDIAN(Instances!L30:Instances!L30),"min", MIN(Instances!L30:Instances!L30),"max", MAX(Instances!L30:Instances!L30),"diff", MAX(Instances!L30:Instances!L30)-MIN(Instances!L30:Instances!L30))} -> 0 | M30: {=_xlfn.SWITCH($A$2,"average", AVERAGE(Instances!M30:Instances!M30),"median", MEDIAN(Instances!M30:Instances!M30),"min", MIN(Instances!M30:Instances!M30),"max", MAX(Instances!M30:Instances!M30),"diff", MAX(Instances!M30:Instances!M30)-MIN(Instances!M30:Instances!M30))} -> 0 | O30: {=_xlfn.SWITCH($A$2,"average", AVERAGE(Instances!O30:Instances!O30),"median", MEDIAN(Instances!O30:Instances!O30),"min", MIN(Instances!O30:Instances!O30),"max", MAX(Instances!O30:Instances!O30),"diff", MAX(Instances!O30:Instances!O30)-MIN(Instances!O30:Instances!O30))} -> 0 | P30: {=_xlfn.SWITCH($A$2,"average", AVERAGE(Instances!P30:Instances!P30),"median", MEDIAN(Instances!P30:Instances!P30),"min", MIN(Instances!P30:Instances!P30),"max", MAX(Instances!P30:Instances!P30),"diff", MAX(Instances!P30:Instances!P30)-MIN(Instances!P30:Instances!P30))} -> 0 | Q30: =MIN($B30,$G30,$L30) -> 0 | R30: =MIN($C30,$H30,$M30) -> 0 | S30: =MIN($E30,$J30,$O30) -> 0 | T30: =MIN($F30,$K30,$P30) -> 0 | U30: =MEDIAN($B30,$G30,$L30) -> 0 | V30: =MEDIAN($C30,$H30,$M30) -> 0 | W30: =MEDIAN($E30,$J30,$O30) -> 0 | X30: =MEDIAN($F30,$K30,$P30) -> 0 | Y30: =MAX($B30,$G30,$L30) -> 0 | Z30: =MAX($C30,$H30,$M30) -> 0 | AA30: =MAX($E30,$J30,$O30) -> 0 | AB30: =MAX($F30,$K30,$P30) -> 0
A31: instances/x6_y6_a4_f10 | B31: {=_xlfn.SWITCH($A$2,"average", AVERAGE(Instances!B31:Instances!B31),"median", MEDIAN(Instances!B31:Instances!B31),"min", MIN(Instances!B31:Instances!B31),"max", MAX(Instances!B31:Instances!B31),"diff", MAX(Instances!B31:Instances!B31)-MIN(Instances!B31:Instances!B31))} -> 0 | G31: {=_xlfn.SWITCH($A$2,"average", AVERAGE(Instances!G31:Instances!G31),"median", MEDIAN(Instances!G31:Instances!G31),"min", MIN(Instances!G31:Instances!G31),"max", MAX(Instances!G31:Instances!G31),"diff", MAX(Instances!G31:Instances!G31)-MIN(Instances!G31:Instances!G31))} -> 0 | H31: {=_xlfn.SWITCH($A$2,"average", AVERAGE(Instances!H31:Instances!H31),"median", MEDIAN(Instances!H31:Instances!H31),"min", MIN(Instances!H31:Instances!H31),"max", MAX(Instances!H31:Instances!H31),"diff", MAX(Instances!H31:Instances!H31)-MIN(Instances!H31:Instances!H31))} -> 0 | J31: {=_xlfn.SWITCH($A$2,"average", AVERAGE(Instances!J31:Instances!J31),"median", MEDIAN(Instances!J31:Instances!J31),"min", MIN(Instances!J31:Instances!J31),"max", MAX(Instances!J31:Instances!J31),"diff", MAX(Instances!J31:Instances!J31)-MIN(Instances!J31:Instances!J31))} -> 0 | K31: {=_xlfn.SWITCH($A$2,"average", AVERAGE(Instances!K31:Instances!K31),"median", MEDIAN(Instances!K31:Instances!K31),"min", MIN(Instances!K31:Instances!K31),"max", MAX(Instances!K31:Instances!K31),"diff", MAX(Instances!K31:Instances!K31)-MIN(Instances!K31:Instances!K31))} -> 0 | L31: {=_xlfn.SWITCH($A$2,"average", AVERAGE(Instances!L31:Instances!L31),"median", MEDIAN(Instances!L31:Instances!L31),"min", MIN(Instances!L31:Instances!L31),"max", MAX(Instances!L31:Instances!L31),"diff", MAX(Instances!L31:Instances!L31)-MIN(Instances!L31:Instances!L31))} -> 0 | M31: {=_xlfn.SWITCH($A$2,"average", AVERAGE(Instances!M31:Instances!M31),"median", MEDIAN(Instances!M31:Instances!M31),"min", MIN(Instances!M31:Instances!M31),"max", MAX(Instances!M31:Instances!M31),"diff", MAX(Instances!M31:Instances!M31)-MIN(Instances!M31:Instances!M31))} -> 0 | O31: {=_xlfn.SWITCH($A$2,"average", AVERAGE(Instances!O31:Instances!O31),"median", MEDIAN(Instances!O31:Instances!O31),"min", MIN(Instances!O31:Instances!O31),"max", MAX(Instances!O31:Instances!O31),"diff", MAX(Instances!O31:Instances!O31)-MIN(Instances!O31:Instances!O31))} -> 0 | P31: {=_xlfn.SWITCH($A$2,"average", AVERAGE(Instances!P31:Instances!P31),"median", MEDIAN(Instances!P31:Instances!P31),"min", MIN(Instances!P31:Instances!P31),"max", MAX(Instances!P31:Instances!P31),"diff", MAX(Instances!P31:Instances!P31)-MIN(Instances!P31:Instances!P31))} -> 0 | Q31: =MIN($B31,$G31,$L31) -> 0 | R31: =MIN($C31,$H31,$M31) -> 0 | S31: =MIN($E31,$J31,$O31) -> 0 | T31: =MIN($F31,$K31,$P31) -> 0 | U31: =MEDIAN($B31,$G31,$L31) -> 0 | V31: =MEDIAN($C31,$H31,$M31) -> 0 | W31: =MEDIAN($E31,$J31,$O31) -> 0 | X31: =MEDIAN($F31,$K31,$P31) -> 0 | Y31: =MAX($B31,$G31,$L31) -> 0 | Z31: =MAX($C31,$H31,$M31) -> 0 | AA31: =MAX($E31,$J31,$O31) -> 0 | AB31: =MAX($F31,$K31,$P31) -> 0
A32: instances/x6_y6_a4_f15 | B32: {=_xlfn.SWITCH($A$2,"average", AVERAGE(Instances!B32:Instances!B32),"median", MEDIAN(Instances!B32:Instances!B32),"min", MIN(Instances!B32:Instances!B32),"max", MAX(Instances!B32:Instances!B32),"diff", MAX(Instances!B32:Instances!B32)-MIN(Instances!B32:Instances!B32))} -> 0 | G32: {=_xlfn.SWITCH($A$2,"average", AVERAGE(Instances!G32:Instances!G32),"median", MEDIAN(Instances!G32:Instances!G32),"min", MIN(Instances!G32:Instances!G32),"max", MAX(Instances!G32:Instances!G32),"diff", MAX(Instances!G32:Instances!G32)-MIN(Instances!G32:Instances!G32))} -> 0 | H32: {=_xlfn.SWITCH($A$2,"average", AVERAGE(Instances!H32:Instances!H32),"median", MEDIAN(Instances!H32:Instances!H32),"min", MIN(Instances!H32:Instances!H32),"max", MAX(Instances!H32:Instances!H32),"diff", MAX(Instances!H32:Instances!H32)-MIN(Instances!H32:Instances!H32))} -> 0 | J32: {=_xlfn.SWITCH($A$2,"average", AVERAGE(Instances!J32:Instances!J32),"median", MEDIAN(Instances!J32:Instances!J32),"min", MIN(Instances!J32:Instances!J32),"max", MAX(Instances!J32:Instances!J32),"diff", MAX(Instances!J32:Instances!J32)-MIN(Instances!J32:Instances!J32))} -> 0 | K32: {=_xlfn.SWITCH($A$2,"average", AVERAGE(Instances!K32:Instances!K32),"median", MEDIAN(Instances!K32:Instances!K32),"min", MIN(Instances!K32:Instances!K32),"max", MAX(Instances!K32:Instances!K32),"diff", MAX(Instances!K32:Instances!K32)-MIN(Instances!K32:Instances!K32))} -> 0 | L32: {=_xlfn.SWITCH($A$2,"average", AVERAGE(Instances!L32:Instances!L32),"median", MEDIAN(Instances!L32:Instances!L32),"min", MIN(Instances!L32:Instances!L32),"max", MAX(Instances!L32:Instances!L32),"diff", MAX(Instances!L32:Instances!L32)-MIN(Instances!L32:Instances!L32))} -> 0 | M32: {=_xlfn.SWITCH($A$2,"average", AVERAGE(Instances!M32:Instances!M32),"median", MEDIAN(Instances!M32:Instances!M32),"min", MIN(Instances!M32:Instances!M32),"max", MAX(Instances!M32:Instances!M32),"diff", MAX(Instances!M32:Instances!M32)-MIN(Instances!M32:Instances!M32))} -> 0 | O32: {=_xlfn.SWITCH($A$2,"average", AVERAGE(Instances!O32:Instances!O32),"median", MEDIAN(Instances!O32:Instances!O32),"min", MIN(Instances!O32:Instances!O32),"max", MAX(Instances!O32:Instances!O32),"diff", MAX(Instances!O32:Instances!O32)-MIN(Instances!O32:Instances!O32))} -> 0 | P32: {=_xlfn.SWITCH($A$2,"average", AVERAGE(Instances!P32:Instances!P32),"median", MEDIAN(Instances!P32:Instances!P32),"min", MIN(Instances!P32:Instances!P32),"max", MAX(Instances!P32:Instances!P32),"diff", MAX(Instances!P32:Instances!P32)-MIN(Instances!P32:Instances!P32))} -> 0 | Q32: =MIN($B32,$G32,$L32) -> 0 | R32: =MIN($C32,$H32,$M32) -> 0 | S32: =MIN($E32,$J32,$O32) -> 0 | T32: =MIN($F32,$K32,$P32) -> 0 | U32: =MEDIAN($B32,$G32,$L32) -> 0 | V32: =MEDIAN($C32,$H32,$M32) -> 0 | W32: =MEDIAN($E32,$J32,$O32) -> 0 | X32: =MEDIAN($F32,$K32,$P32) -> 0 | Y32: =MAX($B32,$G32,$L32) -> 0 | Z32: =MAX($C32,$H32,$M32) -> 0 | AA32: =MAX($E32,$J32,$O32) -> 0 | AB32: =MAX($F32,$K32,$P32) -> 0
A33: instances/x6_y6_a4_f20 | B33: {=_xlfn.SWITCH($A$2,"average", AVERAGE(Instances!B33:Instances!B33),"median", MEDIAN(Instances!B33:Instances!B33),"min", MIN(Instances!B33:Instances!B33),"max", MAX(Instances!B33:Instances!B33),"diff", MAX(Instances!B33:Instances!B33)-MIN(Instances!B33:Instances!B33))} -> 0 | G33: {=_xlfn.SWITCH($A$2,"average", AVERAGE(Instances!G33:Instances!G33),"median", MEDIAN(Instances!G33:Instances!G33),"min", MIN(Instances!G33:Instances!G33),"max", MAX(Instances!G33:Instances!G33),"diff", MAX(Instances!G33:Instances!G33)-MIN(Instances!G33:Instances!G33))} -> 0 | H33: {=_xlfn.SWITCH($A$2,"average", AVERAGE(Instances!H33:Instances!H33),"median", MEDIAN(Instances!H33:Instances!H33),"min", MIN(Instances!H33:Instances!H33),"max", MAX(Instances!H33:Instances!H33),"diff", MAX(Instances!H33:Instances!H33)-MIN(Instances!H33:Instances!H33))} -> 0 | J33: {=_xlfn.SWITCH($A$2,"average", AVERAGE(Instances!J33:Instances!J33),"median", MEDIAN(Instances!J33:Instances!J33),"min", MIN(Instances!J33:Instances!J33),"max", MAX(Instances!J33:Instances!J33),"diff", MAX(Instances!J33:Instances!J33)-MIN(Instances!J33:Instances!J33))} -> 0 | K33: {=_xlfn.SWITCH($A$2,"average", AVERAGE(Instances!K33:Instances!K33),"median", MEDIAN(Instances!K33:Instances!K33),"min", MIN(Instances!K33:Instances!K33),"max", MAX(Instances!K33:Instances!K33),"diff", MAX(Instances!K33:Instances!K33)-MIN(Instances!K33:Instances!K33))} -> 0 | L33: {=_xlfn.SWITCH($A$2,"average", AVERAGE(Instances!L33:Instances!L33),"median", MEDIAN(Instances!L33:Instances!L33),"min", MIN(Instances!L33:Instances!L33),"max", MAX(Instances!L33:Instances!L33),"diff", MAX(Instances!L33:Instances!L33)-MIN(Instances!L33:Instances!L33))} -> 0 | M33: {=_xlfn.SWITCH($A$2,"average", AVERAGE(Instances!M33:Instances!M33),"median", MEDIAN(Instances!M33:Instances!M33),"min", MIN(Instances!M33:Instances!M33),"max", MAX(Instances!M33:Instances!M33),"diff", MAX(Instances!M33:Instances!M33)-MIN(Instances!M33:Instances!M33))} -> 0 | O33: {=_xlfn.SWITCH($A$2,"average", AVERAGE(Instances!O33:Instances!O33),"median", MEDIAN(Instances!O33:Instances!O33),"min", MIN(Instances!O33:Instances!O33),"max", MAX(Instances!O33:Instances!O33),"diff", MAX(Instances!O33:Instances!O33)-MIN(Instances!O33:Instances!O33))} -> 0 | P33: {=_xlfn.SWITCH($A$2,"average", AVERAGE(Instances!P33:Instances!P33),"median", MEDIAN(Instances!P33:Instances!P33),"min", MIN(Instances!P33:Instances!P33),"max", MAX(Instances!P33:Instances!P33),"diff", MAX(Instances!P33:Instances!P33)-MIN(Instances!P33:Instances!P33))} -> 0 | Q33: =MIN($B33,$G33,$L33) -> 0 | R33: =MIN($C33,$H33,$M33) -> 0 | S33: =MIN($E33,$J33,$O33) -> 0 | T33: =MIN($F33,$K33,$P33) -> 0 | U33: =MEDIAN($B33,$G33,$L33) -> 0 | V33: =MEDIAN($C33,$H33,$M33) -> 0 | W33: =MEDIAN($E33,$J33,$O33) -> 0 | X33: =MEDIAN($F33,$K33,$P33) -> 0 | Y33: =MAX($B33,$G33,$L33) -> 0 | Z33: =MAX($C33,$H33,$M33) -> 0 | AA33: =MAX($E33,$J33,$O33) -> 0 | AB33: =MAX($F33,$K33,$P33) -> 0
A34: instances/x6_y6_a4_f25 | B34: {=_xlfn.SWITCH($A$2,"average", AVERAGE(Instances!B34:Instances!B34),"median", MEDIAN(Instances!B34:Instances!B34),"min", MIN(Instances!B34:Instances!B34),"max", MAX(Instances!B34:Instances!B34),"diff", MAX(Instances!B34:Instances!B34)-MIN(Instances!B34:Instances!B34))} -> 0 | C34: {=_xlfn.SWITCH($A$2,"average", AVERAGE(Instances!C34:Instances!C34),"median", MEDIAN(Instances!C34:Instances!C34),"min", MIN(Instances!C34:Instances!C34),"max", MAX(Instances!C34:Instances!C34),"diff", MAX(Instances!C34:Instances!C34)-MIN(Instances!C34:Instances!C34))} -> 0 | E34: {=_xlfn.SWITCH($A$2,"average", AVERAGE(Instances!E34:Instances!E34),"median", MEDIAN(Instances!E34:Instances!E34),"min", MIN(Instances!E34:Instances!E34),"max", MAX(Instances!E34:Instances!E34),"diff", MAX(Instances!E34:Instances!E34)-MIN(Instances!E34:Instances!E34))} -> 0 | F34: {=_xlfn.SWITCH($A$2,"average", AVERAGE(Instances!F34:Instances!F34),"median", MEDIAN(Instances!F34:Instances!F34),"min", MIN(Instances!F34:Instances!F34),"max", MAX(Instances!F34:Instances!F34),"diff", MAX(Instances!F34:Instances!F34)-MIN(Instances!F34:Instances!F34))} -> 0 | G34: {=_xlfn.SWITCH($A$2,"average", AVERAGE(Instances!G34:Instances!G34),"median", MEDIAN(Instances!G34:Instances!G34),"min", MIN(Instances!G34:Instances!G34),"max", MAX(Instances!G34:Instances!G34),"diff", MAX(Instances!G34:Instances!G34)-MIN(Instances!G34:Instances!G34))} -> 0 | H34: {=_xlfn.SWITCH($A$2,"average", AVERAGE(Instances!H34:Instances!H34),"median", MEDIAN(Instances!H34:Instances!H34),"min", MIN(Instances!H34:Instances!H34),"max", MAX(Instances!H34:Instances!H34),"diff", MAX(Instances!H34:Instances!H34)-MIN(Instances!H34:Instances!H34))} -> 0 | J34: {=_xlfn.SWITCH($A$2,"average", AVERAGE(Instances!J34:Instances!J34),"median", MEDIAN(Instances!J34:Instances!J34),"min", MIN(Instances!J34:Instances!J34),"max", MAX(Instances!J34:Instances!J34),"diff", MAX(Instances!J34:Instances!J34)-MIN(Instances!J34:Instances!J34))} -> 0 | K34: {=_xlfn.SWITCH($A$2,"average", AVERAGE(Instances!K34:Instances!K34),"median", MEDIAN(Instances!K34:Instances!K34),"min", MIN(Instances!K34:Instances!K34),"max", MAX(Instances!K34:Instances!K34),"diff", MAX(Instances!K34:Instances!K34)-MIN(Instances!K34:Instances!K34))} -> 0 | L34: {=_xlfn.SWITCH($A$2,"average", AVERAGE(Instances!L34:Instances!L34),"median", MEDIAN(Instances!L34:Instances!L34),"min", MIN(Instances!L34:Instances!L34),"max", MAX(Instances!L34:Instances!L34),"diff", MAX(Instances!L34:Instances!L34)-MIN(Instances!L34:Instances!L34))} -> 0 | M34: {=_xlfn.SWITCH($A$2,"average", AVERAGE(Instances!M34:Instances!M34),"median", MEDIAN(Instances!M34:Instances!M34),"min", MIN(Instances!M34:Instances!M34),"max", MAX(Instances!M34:Instances!M34),"diff", MAX(Instances!M34:Instances!M34)-MIN(Instances!M34:Instances!M34))} -> 0 | O34: {=_xlfn.SWITCH($A$2,"average", AVERAGE(Instances!O34:Instances!O34),"median", MEDIAN(Instances!O34:Instances!O34),"min", MIN(Instances!O34:Instances!O34),"max", MAX(Instances!O34:Instances!O34),"diff", MAX(Instances!O34:Instances!O34)-MIN(Instances!O34:Instances!O34))} -> 0 | P34: {=_xlfn.SWITCH($A$2,"average", AVERAGE(Instances!P34:Instances!P34),"median", MEDIAN(Instances!P34:Instances!P34),"min", MIN(Instances!P34:Instances!P34),"max", MAX(Instances!P34:Instances!P34),"diff", MAX(Instances!P34:Instances!P34)-MIN(Instances!P34:Instances!P34))} -> 0 | Q34: =MIN($B34,$G34,$L34) -> 0 | R34: =MIN($C34,$H34,$M34) -> 0 | S34: =MIN($E34,$J34,$O34) -> 0 | T34: =MIN($F34,$K34,$P34) -> 0 | U34: =MEDIAN($B34,$G34,$L34) -> 0 | V34: =MEDIAN($C34,$H34,$M34) -> 0 | W34: =MEDIAN($E34,$J34,$O34) -> 0 | X34: =MEDIAN($F34,$K34,$P34) -> 0 | Y34: =MAX($B34,$G34,$L34) -> 0 | Z34: =MAX($C34,$H34,$M34) -> 0 | AA34: =MAX($E34,$J34,$O34) -> 0 | AB34: =MAX($F34,$K34,$P34) -> 0
A35: instances/x6_y6_a4_f30 | B35: {=_xlfn.SWITCH($A$2,"average", AVERAGE(Instances!B35:Instances!B35),"median", MEDIAN(Instances!B35:Instances!B35),"min", MIN(Instances!B35:Instances!B35),"max", MAX(Instances!B35:Instances!B35),"diff", MAX(Instances!B35:Instances!B35)-MIN(Instances!B35:Instances!B35))} -> 0 | C35: {=_xlfn.SWITCH($A$2,"average", AVERAGE(Instances!C35:Instances!C35),"median", MEDIAN(Instances!C35:Instances!C35),"min", MIN(Instances!C35:Instances!C35),"max", MAX(Instances!C35:Instances!C35),"diff", MAX(Instances!C35:Instances!C35)-MIN(Instances!C35:Instances!C35))} -> 0 | E35: {=_xlfn.SWITCH($A$2,"average", AVERAGE(Instances!E35:Instances!E35),"median", MEDIAN(Instances!E35:Instances!E35),"min", MIN(Instances!E35:Instances!E35),"max", MAX(Instances!E35:Instances!E35),"diff", MAX(Instances!E35:Instances!E35)-MIN(Instances!E35:Instances!E35))} -> 0 | F35: {=_xlfn.SWITCH($A$2,"average", AVERAGE(Instances!F35:Instances!F35),"median", MEDIAN(Instances!F35:Instances!F35),"min", MIN(Instances!F35:Instances!F35),"max", MAX(Instances!F35:Instances!F35),"diff", MAX(Instances!F35:Instances!F35)-MIN(Instances!F35:Instances!F35))} -> 0 | G35: {=_xlfn.SWITCH($A$2,"average", AVERAGE(Instances!G35:Instances!G35),"median", MEDIAN(Instances!G35:Instances!G35),"min", MIN(Instances!G35:Instances!G35),"max", MAX(Instances!G35:Instances!G35),"diff", MAX(Instances!G35:Instances!G35)-MIN(Instances!G35:Instances!G35))} -> 0 | H35: {=_xlfn.SWITCH($A$2,"average", AVERAGE(Instances!H35:Instances!H35),"median", MEDIAN(Instances!H35:Instances!H35),"min", MIN(Instances!H35:Instances!H35),"max", MAX(Instances!H35:Instances!H35),"diff", MAX(Instances!H35:Instances!H35)-MIN(Instances!H35:Instances!H35))} -> 0 | J35: {=_xlfn.SWITCH($A$2,"average", AVERAGE(Instances!J35:Instances!J35),"median", MEDIAN(Instances!J35:Instances!J35),"min", MIN(Instances!J35:Instances!J35),"max", MAX(Instances!J35:Instances!J35),"diff", MAX(Instances!J35:Instances!J35)-MIN(Instances!J35:Instances!J35))} -> 0 | K35: {=_xlfn.SWITCH($A$2,"average", AVERAGE(Instances!K35:Instances!K35),"median", MEDIAN(Instances!K35:Instances!K35),"min", MIN(Instances!K35:Instances!K35),"max", MAX(Instances!K35:Instances!K35),"diff", MAX(Instances!K35:Instances!K35)-MIN(Instances!K35:Instances!K35))} -> 0 | L35: {=_xlfn.SWITCH($A$2,"average", AVERAGE(Instances!L35:Instances!L35),"median", MEDIAN(Instances!L35:Instances!L35),"min", MIN(Instances!L35:Instances!L35),"max", MAX(Instances!L35:Instances!L35),"diff", MAX(Instances!L35:Instances!L35)-MIN(Instances!L35:Instances!L35))} -> 0 | M35: {=_xlfn.SWITCH($A$2,"average", AVERAGE(Instances!M35:Instances!M35),"median", MEDIAN(Instances!M35:Instances!M35),"min", MIN(Instances!M35:Instances!M35),"max", MAX(Instances!M35:Instances!M35),"diff", MAX(Instances!M35:Instances!M35)-MIN(Instances!M35:Instances!M35))} -> 0 | O35: {=_xlfn.SWITCH($A$2,"average", AVERAGE(Instances!O35:Instances!O35),"median", MEDIAN(Instances!O35:Instances!O35),"min", MIN(Instances!O35:Instances!O35),"max", MAX(Instances!O35:Instances!O35),"diff", MAX(Instances!O35:Instances!O35)-MIN(Instances!O35:Instances!O35))} -> 0 | P35: {=_xlfn.SWITCH($A$2,"average", AVERAGE(Instances!P35:Instances!P35),"median", MEDIAN(Instances!P35:Instances!P35),"min", MIN(Instances!P35:Instances!P35),"max", MAX(Instances!P35:Instances!P35),"diff", MAX(Instances!P35:Instances!P35)-MIN(Instances!P35:Instances!P35))} -> 0 | Q35: =MIN($B35,$G35,$L35) -> 0 | R35: =MIN($C35,$H35,$M35) -> 0 | S35: =MIN($E35,$J35,$O35) -> 0 | T35: =MIN($F35,$K35,$P35) -> 0 | U35: =MEDIAN($B35,$G35,$L35) -> 0 | V35: =MEDIAN($C35,$H35,$M35) -> 0 | W35: =MEDIAN($E35,$J35,$O35) -> 0 | X35: =MEDIAN($F35,$K35,$P35) -> 0 | Y35: =MAX($B35,$G35,$L35) -> 0 | Z35: =MAX($C35,$H35,$M35) -> 0 | AA35: =MAX($E35,$J35,$O35) -> 0 | AB35: =MAX($F35,$K35,$P35) -> 0
A36: instances/x6_y6_a4_f35 | B36: {=_xlfn.SWITCH($A$2,"average", AVERAGE(Instances!B36:Instances!B36),"median", MEDIAN(Instances!B36:Instances!B36),"min", MIN(Instances!B36:Instances!B36),"max", MAX(Instances!B36:Instances!B36),"diff", MAX(Instances!B36:Instances!B36)-MIN(Instances!B36:Instances!B36))} -> 0 | C36: {=_xlfn.SWITCH($A$2,"average", AVERAGE(Instances!C36:Instances!C36),"median", MEDIAN(Instances!C36:Instances!C36),"min", MIN(Instances!C36:Instances!C36),"max", MAX(Instances!C36:Instances!C36),"diff", MAX(Instances!C36:Instances!C36)-MIN(Instances!C36:Instances!C36))} -> 0 | E36: {=_xlfn.SWITCH($A$2,"average", AVERAGE(Instances!E36:Instances!E36),"median", MEDIAN(Instances!E36:Instances!E36),"min", MIN(Instances!E36:Instances!E36),"max", MAX(Instances!E36:Instances!E36),"diff", MAX(Instances!E36:Instances!E36)-MIN(Instances!E36:Instances!E36))} -> 0 | F36: {=_xlfn.SWITCH($A$2,"average", AVERAGE(Instances!F36:Instances!F36),"median", MEDIAN(Instances!F36:Instances!F36),"min", MIN(Instances!F36:Instances!F36),"max", MAX(Instances!F36:Instances!F36),"diff", MAX(Instances!F36:Instances!F36)-MIN(Instances!F36:Instances!F36))} -> 0 | G36: {=_xlfn.SWITCH($A$2,"average", AVERAGE(Instances!G36:Instances!G36),"median", MEDIAN(Instances!G36:Instances!G36),"min", MIN(Instances!G36:Instances!G36),"max", MAX(Instances!G36:Instances!G36),"diff", MAX(Instances!G36:Instances!G36)-MIN(Instances!G36:Instances!G36))} -> 0 | H36: {=_xlfn.SWITCH($A$2,"average", AVERAGE(Instances!H36:Instances!H36),"median", MEDIAN(Instances!H36:Instances!H36),"min", MIN(Instances!H36:Instances!H36),"max", MAX(Instances!H36:Instances!H36),"diff", MAX(Instances!H36:Instances!H36)-MIN(Instances!H36:Instances!H36))} -> 0 | J36: {=_xlfn.SWITCH($A$2,"average", AVERAGE(Instances!J36:Instances!J36),"median", MEDIAN(Instances!J36:Instances!J36),"min", MIN(Instances!J36:Instances!J36),"max", MAX(Instances!J36:Instances!J36),"diff", MAX(Instances!J36:Instances!J36)-MIN(Instances!J36:Instances!J36))} -> 0 | K36: {=_xlfn.SWITCH($A$2,"average", AVERAGE(Instances!K36:Instances!K36),"median", MEDIAN(Instances!K36:Instances!K36),"min", MIN(Instances!K36:Instances!K36),"max", MAX(Instances!K36:Instances!K36),"diff", MAX(Instances!K36:Instances!K36)-MIN(Instances!K36:Instances!K36))} -> 0 | L36: {=_xlfn.SWITCH($A$2,"average", AVERAGE(Instances!L36:Instances!L36),"median", MEDIAN(Instances!L36:Instances!L36),"min", MIN(Instances!L36:Instances!L36),"max", MAX(Instances!L36:Instances!L36),"diff", MAX(Instances!L36:Instances!L36)-MIN(Instances!L36:Instances!L36))} -> 0 | M36: {=_xlfn.SWITCH($A$2,"average", AVERAGE(Instances!M36:Instances!M36),"median", MEDIAN(Instances!M36:Instances!M36),"min", MIN(Instances!M36:Instances!M36),"max", MAX(Instances!M36:Instances!M36),"diff", MAX(Instances!M36:Instances!M36)-MIN(Instances!M36:Instances!M36))} -> 0 | O36: {=_xlfn.SWITCH($A$2,"average", AVERAGE(Instances!O36:Instances!O36),"median", MEDIAN(Instances!O36:Instances!O36),"min", MIN(Instances!O36:Instances!O36),"max", MAX(Instances!O36:Instances!O36),"diff", MAX(Instances!O36:Instances!O36)-MIN(Instances!O36:Instances!O36))} -> 0 | P36: {=_xlfn.SWITCH($A$2,"average", AVERAGE(Instances!P36:Instances!P36),"median", MEDIAN(Instances!P36:Instances!P36),"min", MIN(Instances!P36:Instances!P36),"max", MAX(Instances!P36:Instances!P36),"diff", MAX(Instances!P36:Instances!P36)-MIN(Instances!P36:Instances!P36))} -> 0 | Q36: =MIN($B36,$G36,$L36) -> 0 | R36: =MIN($C36,$H36,$M36) -> 0 | S36: =MIN($E36,$J36,$O36) -> 0 | T36: =MIN($F36,$K36,$P36) -> 0 | U36: =MEDIAN($B36,$G36,$L36) -> 0 | V36: =MEDIAN($C36,$H36,$M36) -> 0 | W36: =MEDIAN($E36,$J36,$O36) -> 0 | X36: =MEDIAN($F36,$K36,$P36) -> 0 | Y36: =MAX($B36,$G36,$L36) -> 0 | Z36: =MAX($C36,$H36,$M36) -> 0 | AA36: =MAX($E36,$J36,$O36) -> 0 | AB36: =MAX($F36,$K36,$P36) -> 0
A37: instances/x6_y6_a4_f40 | B37: {=_xlfn.SWITCH($A$2,"average", AVERAGE(Instances!B37:Instances!B37),"median", MEDIAN(Instances!B37:Instances!B37),"min", MIN(Instances!B37:Instances!B37),"max", MAX(Instances!B37:Instances!B37),"diff", MAX(Instances!B37:Instances!B37)-MIN(Instances!B37:Instances!B37))} -> 0 | C37: {=_xlfn.SWITCH($A$2,"average", AVERAGE(Instances!C37:Instances!C37),"median", MEDIAN(Instances!C37:Instances!C37),"min", MIN(Instances!C37:Instances!C37),"max", MAX(Instances!C37:Instances!C37),"diff", MAX(Instances!C37:Instances!C37)-MIN(Instances!C37:Instances!C37))} -> 0 | E37: {=_xlfn.SWITCH($A$2,"average", AVERAGE(Instances!E37:Instances!E37),"median", MEDIAN(Instances!E37:Instances!E37),"min", MIN(Instances!E37:Instances!E37),"max", MAX(Instances!E37:Instances!E37),"diff", MAX(Instances!E37:Instances!E37)-MIN(Instances!E37:Instances!E37))} -> 0 | F37: {=_xlfn.SWITCH($A$2,"average", AVERAGE(Instances!F37:Instances!F37),"median", MEDIAN(Instances!F37:Instances!F37),"min", MIN(Instances!F37:Instances!F37),"max", MAX(Instances!F37:Instances!F37),"diff", MAX(Instances!F37:Instances!F37)-MIN(Instances!F37:Instances!F37))} -> 0 | G37: {=_xlfn.SWITCH($A$2,"average", AVERAGE(Instances!G37:Instances!G37),"median", MEDIAN(Instances!G37:Instances!G37),"min", MIN(Instances!G37:Instances!G37),"max", MAX(Instances!G37:Instances!G37),"diff", MAX(Instances!G37:Instances!G37)-MIN(Instances!G37:Instances!G37))} -> 0 | H37: {=_xlfn.SWITCH($A$2,"average", AVERAGE(Instances!H37:Instances!H37),"median", MEDIAN(Instances!H37:Instances!H37),"min", MIN(Instances!H37:Instances!H37),"max", MAX(Instances!H37:Instances!H37),"diff", MAX(Instances!H37:Instances!H37)-MIN(Instances!H37:Instances!H37))} -> 0 | J37: {=_xlfn.SWITCH($A$2,"average", AVERAGE(Instances!J37:Instances!J37),"median", MEDIAN(Instances!J37:Instances!J37),"min", MIN(Instances!J37:Instances!J37),"max", MAX(Instances!J37:Instances!J37),"diff", MAX(Instances!J37:Instances!J37)-MIN(Instances!J37:Instances!J37))} -> 0 | K37: {=_xlfn.SWITCH($A$2,"average", AVERAGE(Instances!K37:Instances!K37),"median", MEDIAN(Instances!K37:Instances!K37),"min", MIN(Instances!K37:Instances!K37),"max", MAX(Instances!K37:Instances!K37),"diff", MAX(Instances!K37:Instances!K37)-MIN(Instances!K37:Instances!K37))} -> 0 | L37: {=_xlfn.SWITCH($A$2,"average", AVERAGE(Instances!L37:Instances!L37),"median", MEDIAN(Instances!L37:Instances!L37),"min", MIN(Instances!L37:Instances!L37),"max", MAX(Instances!L37:Instances!L37),"diff", MAX(Instances!L37:Instances!L37)-MIN(Instances!L37:Instances!L37))} -> 0 | M37: {=_xlfn.SWITCH($A$2,"average", AVERAGE(Instances!M37:Instances!M37),"median", MEDIAN(Instances!M37:Instances!M37),"min", MIN(Instances!M37:Instances!M37),"max", MAX(Instances!M37:Instances!M37),"diff", MAX(Instances!M37:Instances!M37)-MIN(Instances!M37:Instances!M37))} -> 0 | O37: {=_xlfn.SWITCH($A$2,"average", AVERAGE(Instances!O37:Instances!O37),"median", MEDIAN(Instances!O37:Instances!O37),"min", MIN(Instances!O37:Instances!O37),"max", MAX(Instances!O37:Instances!O37),"diff", MAX(Instances!O37:Instances!O37)-MIN(Instances!O37:Instances!O37))} -> 0 | P37: {=_xlfn.SWITCH($A$2,"average", AVERAGE(Instances!P37:Instances!P37),"median", MEDIAN(Instances!P37:Instances!P37),"min", MIN(Instances!P37:Instances!P37),"max", MAX(Instances!P37:Instances!P37),"diff", MAX(Instances!P37:Instances!P37)-MIN(Instances!P37:Instances!P37))} -> 0 | Q37: =MIN($B37,$G37,$L37) -> 0 | R37: =MIN($C37,$H37,$M37) -> 0 | S37: =MIN($E37,$J37,$O37) -> 0 | T37: =MIN($F37,$K37,$P37) -> 0 | U37: =MEDIAN($B37,$G37,$L37) -> 0 | V37: =MEDIAN($C37,$H37,$M37) -> 0 | W37: =MEDIAN($E37,$J37,$O37) -> 0 | X37: =MEDIAN($F37,$K37,$P37) -> 0 | Y37: =MAX($B37,$G37,$L37) -> 0 | Z37: =MAX($C37,$H37,$M37) -> 0 | AA37: =MAX($E37,$J37,$O37) -> 0 | AB37: =MAX($F37,$K37,$P37) -> 0
A38: instances/x6_y6_a4_f5 | B38: {=_xlfn.SWITCH($A$2,"average", AVERAGE(Instances!B38:Instances!B38),"median", MEDIAN(Instances!B38:Instances!B38),"min", MIN(Instances!B38:Instances!B38),"max", MAX(Instances!B38:Instances!B38),"diff", MAX(Instances!B38:Instances!B38)-MIN(Instances!B38:Instances!B38))} -> 0 | C38: {=_xlfn.SWITCH($A$2,"average", AVERAGE(Instances!C38:Instances!C38),"median", MEDIAN(Instances!C38:Instances!C38),"min", MIN(Instances!C38:Instances!C38),"max", MAX(Instances!C38:Instances!C38),"diff", MAX(Instances!C38:Instances!C38)-MIN(Instances!C38:Instances!C38))} -> 0 | E38: {=_xlfn.SWITCH($A$2,"average", AVERAGE(Instances!E38:Instances!E38),"median", MEDIAN(Instances!E38:Instances!E38),"min", MIN(Instances!E38:Instances!E38),"max", MAX(Instances!E38:Instances!E38),"diff", MAX(Instances!E38:Instances!E38)-MIN(Instances!E38:Instances!E38))} -> 0 | F38: {=_xlfn.SWITCH($A$2,"average", AVERAGE(Instances!F38:Instances!F38),"median", MEDIAN(Instances!F38:Instances!F38),"min", MIN(Instances!F38:Instances!F38),"max", MAX(Instances!F38:Instances!F38),"diff", MAX(Instances!F38:Instances!F38)-MIN(Instances!F38:Instances!F38))} -> 0 | G38: {=_xlfn.SWITCH($A$2,"average", AVERAGE(Instances!G38:Instances!G38),"median", MEDIAN(Instances!G38:Instances!G38),"min", MIN(Instances!G38:Instances!G38),"max", MAX(Instances!G38:Instances!G38),"diff", MAX(Instances!G38:Instances!G38)-MIN(Instances!G38:Instances!G38))} -> 0 | H38: {=_xlfn.SWITCH($A$2,"average", AVERAGE(Instances!H38:Instances!H38),"median", MEDIAN(Instances!H38:Instances!H38),"min", MIN(Instances!H38:Instances!H38),"max", MAX(Instances!H38:Instances!H38),"diff", MAX(Instances!H38:Instances!H38)-MIN(Instances!H38:Instances!H38))} -> 0 | J38: {=_xlfn.SWITCH($A$2,"average", AVERAGE(Instances!J38:Instances!J38),"median", MEDIAN(Instances!J38:Instances!J38),"min", MIN(Instances!J38:Instances!J38),"max", MAX(Instances!J38:Instances!J38),"diff", MAX(Instances!J38:Instances!J38)-MIN(Instances!J38:Instances!J38))} -> 0 | K38: {=_xlfn.SWITCH($A$2,"average", AVERAGE(Instances!K38:Instances!K38),"median", MEDIAN(Instances!K38:Instances!K38),"min", MIN(Instances!K38:Instances!K38),"max", MAX(Instances!K38:Instances!K38),"diff", MAX(Instances!K38:Instances!K38)-MIN(Instances!K38:Instances!K38))} -> 0 | L38: {=_xlfn.SWITCH($A$2,"average", AVERAGE(Instances!L38:Instances!L38),"median", MEDIAN(Instances!L38:Instances!L38),"min", MIN(Instances!L38:Instances!L38),"max", MAX(Instances!L38:Instances!L38),"diff", MAX(Instances!L38:Instances!L38)-MIN(Instances!L38:Instances!L38))} -> 0 | M38: {=_xlfn.SWITCH($A$2,"average", AVERAGE(Instances!M38:Instances!M38),"median", MEDIAN(Instances!M38:Instances!M38),"min", MIN(Instances!M38:Instances!M38),"max", MAX(Instances!M38:Instances!M38),"diff", MAX(Instances!M38:Instances!M38)-MIN(Instances!M38:Instances!M38))} -> 0 | O38: {=_xlfn.SWITCH($A$2,"average", AVERAGE(Instances!O38:Instances!O38),"median", MEDIAN(Instances!O38:Instances!O38),"min", MIN(Instances!O38:Instances!O38),"max", MAX(Instances!O38:Instances!O38),"diff", MAX(Instances!O38:Instances!O38)-MIN(Instances!O38:Instances!O38))} -> 0 | P38: {=_xlfn.SWITCH($A$2,"average", AVERAGE(Instances!P38:Instances!P38),"median", MEDIAN(Instances!P38:Instances!P38),"min", MIN(Instances!P38:Instances!P38),"max", MAX(Instances!P38:Instances!P38),"diff", MAX(Instances!P38:Instances!P38)-MIN(Instances!P38:Instances!P38))} -> 0 | Q38: =MIN($B38,$G38,$L38) -> 0 | R38: =MIN($C38,$H38,$M38) -> 0 | S38: =MIN($E38,$J38,$O38) -> 0 | T38: =MIN($F38,$K38,$P38) -> 0 | U38: =MEDIAN($B38,$G38,$L38) -> 0 | V38: =MEDIAN($C38,$H38,$M38) -> 0 | W38: =MEDIAN($E38,$J38,$O38) -> 0 | X38: =MEDIAN($F38,$K38,$P38) -> 0 | Y38: =MAX($B38,$G38,$L38) -> 0 | Z38: =MAX($C38,$H38,$M38) -> 0 | AA38: =MAX($E38,$J38,$O38) -> 0 | AB38: =MAX($F38,$K38,$P38) -> 0
A40: SUM | B40: =SUM(B$3:B$38) -> 0 | C40: =SUM(C$3:C$38) -> 0 | E40: =SUM(E$3:E$38) -> 0 | F40: =SUM(F$3:F$38) -> 0 | G40: =SUM(G$3:G$38) -> 0 | H40: =SUM(H$3:H$38) -> 0 | J40: =SUM(J$3:J$38) -> 0 | K40: =SUM(K$3:K$38) -> 0 | L40: =SUM(L$3:L$38) -> 0 | M40: =SUM(M$3:M$38) -> 0 | O40: =SUM(O$3:O$38) -> 0 | P40: =SUM(P$3:P$38) -> 0 | Q40: =SUM(Q$3:Q$38) -> 0 | R40: =SUM(R$3:R$38) -> 0 | S40: =SUM(S$3:S$38) -> 0 | T40: =SUM(T$3:T$38) -> 0 | U40: =SUM(U$3:U$38) -> 0 | V40: =SUM(V$3:V$38) -> 0 | ... AB40: =SUM(AB$3:AB$38) -> 0
A41: AVG | B41: =AVERAGE(B$3:B$38) -> 0 | C41: =AVERAGE(C$3:C$38) -> 0 | E41: =AVERAGE(E$3:E$38) -> 0 | F41: =AVERAGE(F$3:F$38) -> 0 | G41: =AVERAGE(G$3:G$38) -> 0 | H41: =AVERAGE(H$3:H$38) -> 0 | J41: =AVERAGE(J$3:J$38) -> 0 | K41: =AVERAGE(K$3:K$38) -> 0 | L41: =AVERAGE(L$3:L$38) -> 0 | M41: =AVERAGE(M$3:M$38) -> 0 | O41: =AVERAGE(O$3:O$38) -> 0 | P41: =AVERAGE(P$3:P$38) -> 0 | Q41: =AVERAGE(Q$3:Q$38) -> 0 | R41: =AVERAGE(R$3:R$38) -> 0 | S41: =AVERAGE(S$3:S$38) -> 0 | T41: =AVERAGE(T$3:T$38) -> 0 | U41: =AVERAGE(U$3:U$38) -> 0 | V41: =AVERAGE(V$3:V$38) -> 0 | ... AB41: =AVERAGE(AB$3:AB$38) -> 0
A42: DEV | B42: =STDEV(B$3:B$38) -> 0 | C42: =STDEV(C$3:C$38) -> 0 | E42: =STDEV(E$3:E$38) -> 0 | F42: =STDEV(F$3:F$38) -> 0 | G42: =STDEV(G$3:G$38) -> 0 | H42: =STDEV(H$3:H$38) -> 0 | J42: =STDEV(J$3:J$38) -> 0 | K42: =STDEV(K$3:K$38) -> 0 | L42: =STDEV(L$3:L$38) -> 0 | M42: =STDEV(M$3:M$38) -> 0 | O42: =STDEV(O$3:O$38) -> 0 | P42: =STDEV(P$3:P$38) -> 0 | Q42: =STDEV(Q$3:Q$38) -> 0 | R42: =STDEV(R$3:R$38) -> 0 | S42: =STDEV(S$3:S$38) -> 0 | T42: =STDEV(T$3:T$38) -> 0 | U42: =STDEV(U$3:U$38) -> 0 | V42: =STDEV(V$3:V$38) -> 0 | ... AB42: =STDEV(AB$3:AB$38) -> 0
A43: DST | B43: =SUMPRODUCT(--(B$3:B$38-$Q$3:$Q$38)^2)^0.5 -> 0 | C43: =SUMPRODUCT(--(C$3:C$38-$R$3:$R$38)^2)^0.5 -> 0 | E43: =SUMPRODUCT(--(E$3:E$38-$S$3:$S$38)^2)^0.5 -> 0 | F43: =SUMPRODUCT(--(F$3:F$38-$T$3:$T$38)^2)^0.5 -> 0 | G43: =SUMPRODUCT(--(G$3:G$38-$Q$3:$Q$38)^2)^0.5 -> 0 | H43: =SUMPRODUCT(--(H$3:H$38-$R$3:$R$38)^2)^0.5 -> 0 | J43: =SUMPRODUCT(--(J$3:J$38-$S$3:$S$38)^2)^0.5 -> 0 | K43: =SUMPRODUCT(--(K$3:K$38-$T$3:$T$38)^2)^0.5 -> 0 | L43: =SUMPRODUCT(--(L$3:L$38-$Q$3:$Q$38)^2)^0.5 -> 0 | M43: =SUMPRODUCT(--(M$3:M$38-$R$3:$R$38)^2)^0.5 -> 0 | O43: =SUMPRODUCT(--(O$3:O$38-$S$3:$S$38)^2)^0.5 -> 0 | P43: =SUMPRODUCT(--(P$3:P$38-$T$3:$T$38)^2)^0.5 -> 0
A44: BEST | B44: =SUMPRODUCT(NOT(ISBLANK(B$3:B$38))*(B$3:B$38=$Q$3:$Q$38)) -> 0 | C44: =SUMPRODUCT(NOT(ISBLANK(C$3:C$38))*(C$3:C$38=$R$3:$R$38)) -> 0 | E44: =SUMPRODUCT(NOT(ISBLANK(E$3:E$38))*(E$3:E$38=$S$3:$S$38)) -> 0 | F44: =SUMPRODUCT(NOT(ISBLANK(F$3:F$38))*(F$3:F$38=$T$3:$T$38)) -> 0 | G44: =SUMPRODUCT(NOT(ISBLANK(G$3:G$38))*(G$3:G$38=$Q$3:$Q$38)) -> 0 | H44: =SUMPRODUCT(NOT(ISBLANK(H$3:H$38))*(H$3:H$38=$R$3:$R$38)) -> 0 | J44: =SUMPRODUCT(NOT(ISBLANK(J$3:J$38))*(J$3:J$38=$S$3:$S$38)) -> 0 | K44: =SUMPRODUCT(NOT(ISBLANK(K$3:K$38))*(K$3:K$38=$T$3:$T$38)) -> 0 | L44: =SUMPRODUCT(NOT(ISBLANK(L$3:L$38))*(L$3:L$38=$Q$3:$Q$38)) -> 0 | M44: =SUMPRODUCT(NOT(ISBLANK(M$3:M$38))*(M$3:M$38=$R$3:$R$38)) -> 0 | O44: =SUMPRODUCT(NOT(ISBLANK(O$3:O$38))*(O$3:O$38=$S$3:$S$38)) -> 0 | P44: =SUMPRODUCT(NOT(ISBLANK(P$3:P$38))*(P$3:P$38=$T$3:$T$38)) -> 0
A45: BETTER | B45: =SUMPRODUCT(NOT(ISBLANK(B$3:B$38))*(B$3:B$38<$U$3:$U$38)) -> 0 | C45: =SUMPRODUCT(NOT(ISBLANK(C$3:C$38))*(C$3:C$38<$V$3:$V$38)) -> 0 | E45: =SUMPRODUCT(NOT(ISBLANK(E$3:E$38))*(E$3:E$38<$W$3:$W$38)) -> 0 | F45: =SUMPRODUCT(NOT(ISBLANK(F$3:F$38))*(F$3:F$38<$X$3:$X$38)) -> 0 | G45: =SUMPRODUCT(NOT(ISBLANK(G$3:G$38))*(G$3:G$38<$U$3:$U$38)) -> 0 | H45: =SUMPRODUCT(NOT(ISBLANK(H$3:H$38))*(H$3:H$38<$V$3:$V$38)) -> 0 | J45: =SUMPRODUCT(NOT(ISBLANK(J$3:J$38))*(J$3:J$38<$W$3:$W$38)) -> 0 | K45: =SUMPRODUCT(NOT(ISBLANK(K$3:K$38))*(K$3:K$38<$X$3:$X$38)) -> 0 | L45: =SUMPRODUCT(NOT(ISBLANK(L$3:L$38))*(L$3:L$38<$U$3:$U$38)) -> 0 | M45: =SUMPRODUCT(NOT(ISBLANK(M$3:M$38))*(M$3:M$38<$V$3:$V$38)) -> 0 | O45: =SUMPRODUCT(NOT(ISBLANK(O$3:O$38))*(O$3:O$38<$W$3:$W$38)) -> 0 | P45: =SUMPRODUCT(NOT(ISBLANK(P$3:P$38))*(P$3:P$38<$X$3:$X$38)) -> 0
A46: WORSE | B46: =SUMPRODUCT((NOT(ISBLANK(B$3:B$38))*(B$3:B$38>$U$3:$U$38))+ISBLANK(B$3:B$38)) -> 0 | C46: =SUMPRODUCT((NOT(ISBLANK(C$3:C$38))*(C$3:C$38>$V$3:$V$38))+ISBLANK(C$3:C$38)) -> 0 | E46: =SUMPRODUCT((NOT(ISBLANK(E$3:E$38))*(E$3:E$38>$W$3:$W$38))+ISBLANK(E$3:E$38)) -> 0 | F46: =SUMPRODUCT((NOT(ISBLANK(F$3:F$38))*(F$3:F$38>$X$3:$X$38))+ISBLANK(F$3:F$38)) -> 0 | G46: =SUMPRODUCT((NOT(ISBLANK(G$3:G$38))*(G$3:G$38>$U$3:$U$38))+ISBLANK(G$3:G$38)) -> 0 | H46: =SUMPRODUCT((NOT(ISBLANK(H$3:H$38))*(H$3:H$38>$V$3:$V$38))+ISBLANK(H$3:H$38)) -> 0 | J46: =SUMPRODUCT((NOT(ISBLANK(J$3:J$38))*(J$3:J$38>$W$3:$W$38))+ISBLANK(J$3:J$38)) -> 0 | K46: =SUMPRODUCT((NOT(ISBLANK(K$3:K$38))*(K$3:K$38>$X$3:$X$38))+ISBLANK(K$3:K$38)) -> 0 | L46: =SUMPRODUCT((NOT(ISBLANK(L$3:L$38))*(L$3:L$38>$U$3:$U$38))+ISBLANK(L$3:L$38)) -> 0 | M46: =SUMPRODUCT((NOT(ISBLANK(M$3:M$38))*(M$3:M$38>$V$3:$V$38))+ISBLANK(M$3:M$38)) -> 0 | O46: =SUMPRODUCT((NOT(ISBLANK(O$3:O$38))*(O$3:O$38>$W$3:$W$38))+ISBLANK(O$3:O$38)) -> 0 | P46: =SUMPRODUCT((NOT(ISBLANK(P$3:P$38))*(P$3:P$38>$X$3:$X$38))+ISBLANK(P$3:P$38)) -> 0
A47: WORST | B47: =SUMPRODUCT((NOT(ISBLANK(B$3:B$38))*(B$3:B$38=$Y$3:$Y$38))+ISBLANK(B$3:B$38)) -> 0 | C47: =SUMPRODUCT((NOT(ISBLANK(C$3:C$38))*(C$3:C$38=$Z$3:$Z$38))+ISBLANK(C$3:C$38)) -> 0 | E47: =SUMPRODUCT((NOT(ISBLANK(E$3:E$38))*(E$3:E$38=$AA$3:$AA$38))+ISBLANK(E$3:E$38)) -> 0 | F47: =SUMPRODUCT((NOT(ISBLANK(F$3:F$38))*(F$3:F$38=$AB$3:$AB$38))+ISBLANK(F$3:F$38)) -> 0 | G47: =SUMPRODUCT((NOT(ISBLANK(G$3:G$38))*(G$3:G$38=$Y$3:$Y$38))+ISBLANK(G$3:G$38)) -> 0 | H47: =SUMPRODUCT((NOT(ISBLANK(H$3:H$38))*(H$3:H$38=$Z$3:$Z$38))+ISBLANK(H$3:H$38)) -> 0 | J47: =SUMPRODUCT((NOT(ISBLANK(J$3:J$38))*(J$3:J$38=$AA$3:$AA$38))+ISBLANK(J$3:J$38)) -> 0 | K47: =SUMPRODUCT((NOT(ISBLANK(K$3:K$38))*(K$3:K$38=$AB$3:$AB$38))+ISBLANK(K$3:K$38)) -> 0 | L47: =SUMPRODUCT((NOT(ISBLANK(L$3:L$38))*(L$3:L$38=$Y$3:$Y$38))+ISBLANK(L$3:L$38)) -> 0 | M47: =SUMPRODUCT((NOT(ISBLANK(M$3:M$38))*(M$3:M$38=$Z$3:$Z$38))+ISBLANK(M$3:M$38)) -> 0 | O47: =SUMPRODUCT((NOT(ISBLANK(O$3:O$38))*(O$3:O$38=$AA$3:$AA$38))+ISBLANK(O$3:O$38)) -> 0 | P47: =SUMPRODUCT((NOT(ISBLANK(P$3:P$38))*(P$3:P$38=$AB$3:$AB$38))+ISBLANK(P$3:P$38)) -> 0

Sheet Classes
B1: memelingo-1/allapproaches_mlp-tplp-ht | G1: memelingo-1/allapproaches_mlp-tplp-htc | L1: memelingo-1/allapproaches_mlp-tplp-htcdl | Q1: min | U1: median | Y1: max
B2: time | C2: stime | D2: status | E2: rules | F2: ctime | G2: time | H2: stime | I2: status | J2: rules | K2: ctime | L2: time | M2: stime | N2: status | O2: rules | P2: ctime | Q2: time | R2: stime | S2: rules | T2: ctime | U2: time | V2: stime | W2: rules | X2: ctime | Y2: time | Z2: stime | AA2: rules | AB2: ctime
A3: instances | B3: =AVERAGE(Instances!B3:Instances!B38) -> 0 | C3: =AVERAGE(Instances!C3:Instances!C38) -> 0 | E3: =AVERAGE(Instances!E3:Instances!E38) -> 0 | F3: =AVERAGE(Instances!F3:Instances!F38) -> 0 | G3: =AVERAGE(Instances!G3:Instances!G38) -> 0 | H3: =AVERAGE(Instances!H3:Instances!H38) -> 0 | J3: =AVERAGE(Instances!J3:Instances!J38) -> 0 | K3: =AVERAGE(Instances!K3:Instances!K38) -> 0 | L3: =AVERAGE(Instances!L3:Instances!L38) -> 0 | M3: =AVERAGE(Instances!M3:Instances!M38) -> 0 | O3: =AVERAGE(Instances!O3:Instances!O38) -> 0 | P3: =AVERAGE(Instances!P3:Instances!P38) -> 0 | Q3: =MIN($B3,$G3,$L3) -> 0 | R3: =MIN($C3,$H3,$M3) -> 0 | S3: =MIN($E3,$J3,$O3) -> 0 | T3: =MIN($F3,$K3,$P3) -> 0 | U3: =MEDIAN($B3,$G3,$L3) -> 0 | V3: =MEDIAN($C3,$H3,$M3) -> 0 | W3: =MEDIAN($E3,$J3,$O3) -> 0 | X3: =MEDIAN($F3,$K3,$P3) -> 0 | Y3: =MAX($B3,$G3,$L3) -> 0 | Z3: =MAX($C3,$H3,$M3) -> 0 | AA3: =MAX($E3,$J3,$O3) -> 0 | AB3: =MAX($F3,$K3,$P3) -> 0
A5: SUM | B5: =SUM(B$3:B$3) -> 0 | C5: =SUM(C$3:C$3) -> 0 | E5: =SUM(E$3:E$3) -> 0 | F5: =SUM(F$3:F$3) -> 0 | G5: =SUM(G$3:G$3) -> 0 | H5: =SUM(H$3:H$3) -> 0 | J5: =SUM(J$3:J$3) -> 0 | K5: =SUM(K$3:K$3) -> 0 | L5: =SUM(L$3:L$3) -> 0 | M5: =SUM(M$3:M$3) -> 0 | O5: =SUM(O$3:O$3) -> 0 | P5: =SUM(P$3:P$3) -> 0 | Q5: =SUM(Q$3:Q$3) -> 0 | R5: =SUM(R$3:R$3) -> 0 | S5: =SUM(S$3:S$3) -> 0 | T5: =SUM(T$3:T$3) -> 0 | U5: =SUM(U$3:U$3) -> 0 | V5: =SUM(V$3:V$3) -> 0 | ... AB5: =SUM(AB$3:AB$3) -> 0
A6: AVG | B6: =AVERAGE(B$3:B$3) -> 0 | C6: =AVERAGE(C$3:C$3) -> 0 | E6: =AVERAGE(E$3:E$3) -> 0 | F6: =AVERAGE(F$3:F$3) -> 0 | G6: =AVERAGE(G$3:G$3) -> 0 | H6: =AVERAGE(H$3:H$3) -> 0 | J6: =AVERAGE(J$3:J$3) -> 0 | K6: =AVERAGE(K$3:K$3) -> 0 | L6: =AVERAGE(L$3:L$3) -> 0 | M6: =AVERAGE(M$3:M$3) -> 0 | O6: =AVERAGE(O$3:O$3) -> 0 | P6: =AVERAGE(P$3:P$3) -> 0 | Q6: =AVERAGE(Q$3:Q$3) -> 0 | R6: =AVERAGE(R$3:R$3) -> 0 | S6: =AVERAGE(S$3:S$3) -> 0 | T6: =AVERAGE(T$3:T$3) -> 0 | U6: =AVERAGE(U$3:U$3) -> 0 | V6: =AVERAGE(V$3:V$3) -> 0 | ... AB6: =AVERAGE(AB$3:AB$3) -> 0
A7: DEV | B7: =STDEV(B$3:B$3) -> 0 | C7: =STDEV(C$3:C$3) -> 0 | E7: =STDEV(E$3:E$3) -> 0 | F7: =STDEV(F$3:F$3) -> 0 | G7: =STDEV(G$3:G$3) -> 0 | H7: =STDEV(H$3:H$3) -> 0 | J7: =STDEV(J$3:J$3) -> 0 | K7: =STDEV(K$3:K$3) -> 0 | L7: =STDEV(L$3:L$3) -> 0 | M7: =STDEV(M$3:M$3) -> 0 | O7: =STDEV(O$3:O$3) -> 0 | P7: =STDEV(P$3:P$3) -> 0 | Q7: =STDEV(Q$3:Q$3) -> 0 | R7: =STDEV(R$3:R$3) -> 0 | S7: =STDEV(S$3:S$3) -> 0 | T7: =STDEV(T$3:T$3) -> 0 | U7: =STDEV(U$3:U$3) -> 0 | V7: =STDEV(V$3:V$3) -> 0 | ... AB7: =STDEV(AB$3:AB$3) -> 0
A8: DST | B8: =SUMPRODUCT(--(B$3:B$3-$Q$3:$Q$3)^2)^0.5 -> 0 | C8: =SUMPRODUCT(--(C$3:C$3-$R$3:$R$3)^2)^0.5 -> 0 | E8: =SUMPRODUCT(--(E$3:E$3-$S$3:$S$3)^2)^0.5 -> 0 | F8: =SUMPRODUCT(--(F$3:F$3-$T$3:$T$3)^2)^0.5 -> 0 | G8: =SUMPRODUCT(--(G$3:G$3-$Q$3:$Q$3)^2)^0.5 -> 0 | H8: =SUMPRODUCT(--(H$3:H$3-$R$3:$R$3)^2)^0.5 -> 0 | J8: =SUMPRODUCT(--(J$3:J$3-$S$3:$S$3)^2)^0.5 -> 0 | K8: =SUMPRODUCT(--(K$3:K$3-$T$3:$T$3)^2)^0.5 -> 0 | L8: =SUMPRODUCT(--(L$3:L$3-$Q$3:$Q$3)^2)^0.5 -> 0 | M8: =SUMPRODUCT(--(M$3:M$3-$R$3:$R$3)^2)^0.5 -> 0 | O8: =SUMPRODUCT(--(O$3:O$3-$S$3:$S$3)^2)^0.5 -> 0 | P8: =SUMPRODUCT(--(P$3:P$3-$T$3:$T$3)^2)^0.5 -> 0
A9: BEST | B9: =SUMPRODUCT(NOT(ISBLANK(B$3:B$3))*(B$3:B$3=$Q$3:$Q$3)) -> 0 | C9: =SUMPRODUCT(NOT(ISBLANK(C$3:C$3))*(C$3:C$3=$R$3:$R$3)) -> 0 | E9: =SUMPRODUCT(NOT(ISBLANK(E$3:E$3))*(E$3:E$3=$S$3:$S$3)) -> 0 | F9: =SUMPRODUCT(NOT(ISBLANK(F$3:F$3))*(F$3:F$3=$T$3:$T$3)) -> 0 | G9: =SUMPRODUCT(NOT(ISBLANK(G$3:G$3))*(G$3:G$3=$Q$3:$Q$3)) -> 0 | H9: =SUMPRODUCT(NOT(ISBLANK(H$3:H$3))*(H$3:H$3=$R$3:$R$3)) -> 0 | J9: =SUMPRODUCT(NOT(ISBLANK(J$3:J$3))*(J$3:J$3=$S$3:$S$3)) -> 0 | K9: =SUMPRODUCT(NOT(ISBLANK(K$3:K$3))*(K$3:K$3=$T$3:$T$3)) -> 0 | L9: =SUMPRODUCT(NOT(ISBLANK(L$3:L$3))*(L$3:L$3=$Q$3:$Q$3)) -> 0 | M9: =SUMPRODUCT(NOT(ISBLANK(M$3:M$3))*(M$3:M$3=$R$3:$R$3)) -> 0 | O9: =SUMPRODUCT(NOT(ISBLANK(O$3:O$3))*(O$3:O$3=$S$3:$S$3)) -> 0 | P9: =SUMPRODUCT(NOT(ISBLANK(P$3:P$3))*(P$3:P$3=$T$3:$T$3)) -> 0
A10: BETTER | B10: =SUMPRODUCT(NOT(ISBLANK(B$3:B$3))*(B$3:B$3<$U$3:$U$3)) -> 0 | C10: =SUMPRODUCT(NOT(ISBLANK(C$3:C$3))*(C$3:C$3<$V$3:$V$3)) -> 0 | E10: =SUMPRODUCT(NOT(ISBLANK(E$3:E$3))*(E$3:E$3<$W$3:$W$3)) -> 0 | F10: =SUMPRODUCT(NOT(ISBLANK(F$3:F$3))*(F$3:F$3<$X$3:$X$3)) -> 0 | G10: =SUMPRODUCT(NOT(ISBLANK(G$3:G$3))*(G$3:G$3<$U$3:$U$3)) -> 0 | H10: =SUMPRODUCT(NOT(ISBLANK(H$3:H$3))*(H$3:H$3<$V$3:$V$3)) -> 0 | J10: =SUMPRODUCT(NOT(ISBLANK(J$3:J$3))*(J$3:J$3<$W$3:$W$3)) -> 0 | K10: =SUMPRODUCT(NOT(ISBLANK(K$3:K$3))*(K$3:K$3<$X$3:$X$3)) -> 0 | L10: =SUMPRODUCT(NOT(ISBLANK(L$3:L$3))*(L$3:L$3<$U$3:$U$3)) -> 0 | M10: =SUMPRODUCT(NOT(ISBLANK(M$3:M$3))*(M$3:M$3<$V$3:$V$3)) -> 0 | O10: =SUMPRODUCT(NOT(ISBLANK(O$3:O$3))*(O$3:O$3<$W$3:$W$3)) -> 0 | P10: =SUMPRODUCT(NOT(ISBLANK(P$3:P$3))*(P$3:P$3<$X$3:$X$3)) -> 0
A11: WORSE | B11: =SUMPRODUCT((NOT(ISBLANK(B$3:B$3))*(B$3:B$3>$U$3:$U$3))+ISBLANK(B$3:B$3)) -> 0 | C11: =SUMPRODUCT((NOT(ISBLANK(C$3:C$3))*(C$3:C$3>$V$3:$V$3))+ISBLANK(C$3:C$3)) -> 0 | E11: =SUMPRODUCT((NOT(ISBLANK(E$3:E$3))*(E$3:E$3>$W$3:$W$3))+ISBLANK(E$3:E$3)) -> 0 | F11: =SUMPRODUCT((NOT(ISBLANK(F$3:F$3))*(F$3:F$3>$X$3:$X$3))+ISBLANK(F$3:F$3)) -> 0 | G11: =SUMPRODUCT((NOT(ISBLANK(G$3:G$3))*(G$3:G$3>$U$3:$U$3))+ISBLANK(G$3:G$3)) -> 0 | H11: =SUMPRODUCT((NOT(ISBLANK(H$3:H$3))*(H$3:H$3>$V$3:$V$3))+ISBLANK(H$3:H$3)) -> 0 | J11: =SUMPRODUCT((NOT(ISBLANK(J$3:J$3))*(J$3:J$3>$W$3:$W$3))+ISBLANK(J$3:J$3)) -> 0 | K11: =SUMPRODUCT((NOT(ISBLANK(K$3:K$3))*(K$3:K$3>$X$3:$X$3))+ISBLANK(K$3:K$3)) -> 0 | L11: =SUMPRODUCT((NOT(ISBLANK(L$3:L$3))*(L$3:L$3>$U$3:$U$3))+ISBLANK(L$3:L$3)) -> 0 | M11: =SUMPRODUCT((NOT(ISBLANK(M$3:M$3))*(M$3:M$3>$V$3:$V$3))+ISBLANK(M$3:M$3)) -> 0 | O11: =SUMPRODUCT((NOT(ISBLANK(O$3:O$3))*(O$3:O$3>$W$3:$W$3))+ISBLANK(O$3:O$3)) -> 0 | P11: =SUMPRODUCT((NOT(ISBLANK(P$3:P$3))*(P$3:P$3>$X$3:$X$3))+ISBLANK(P$3:P$3)) -> 0
A12: WORST | B12: =SUMPRODUCT((NOT(ISBLANK(B$3:B$3))*(B$3:B$3=$Y$3:$Y$3))+ISBLANK(B$3:B$3)) -> 0 | C12: =SUMPRODUCT((NOT(ISBLANK(C$3:C$3))*(C$3:C$3=$Z$3:$Z$3))+ISBLANK(C$3:C$3)) -> 0 | E12: =SUMPRODUCT((NOT(ISBLANK(E$3:E$3))*(E$3:E$3=$AA$3:$AA$3))+ISBLANK(E$3:E$3)) -> 0 | F12: =SUMPRODUCT((NOT(ISBLANK(F$3:F$3))*(F$3:F$3=$AB$3:$AB$3))+ISBLANK(F$3:F$3)) -> 0 | G12: =SUMPRODUCT((NOT(ISBLANK(G$3:G$3))*(G$3:G$3=$Y$3:$Y$3))+ISBLANK(G$3:G$3)) -> 0 | H12: =SUMPRODUCT((NOT(ISBLANK(H$3:H$3))*(H$3:H$3=$Z$3:$Z$3))+ISBLANK(H$3:H$3)) -> 0 | J12: =SUMPRODUCT((NOT(ISBLANK(J$3:J$3))*(J$3:J$3=$AA$3:$AA$3))+ISBLANK(J$3:J$3)) -> 0 | K12: =SUMPRODUCT((NOT(ISBLANK(K$3:K$3))*(K$3:K$3=$AB$3:$AB$3))+ISBLANK(K$3:K$3)) -> 0 | L12: =SUMPRODUCT((NOT(ISBLANK(L$3:L$3))*(L$3:L$3=$Y$3:$Y$3))+ISBLANK(L$3:L$3)) -> 0 | M12: =SUMPRODUCT((NOT(ISBLANK(M$3:M$3))*(M$3:M$3=$Z$3:$Z$3))+ISBLANK(M$3:M$3)) -> 0 | O12: =SUMPRODUCT((NOT(ISBLANK(O$3:O$3))*(O$3:O$3=$AA$3:$AA$3))+ISBLANK(O$3:O$3)) -> 0 | P12: =SUMPRODUCT((NOT(ISBLANK(P$3:P$3))*(P$3:P$3=$AB$3:$AB$3))+ISBLANK(P$3:P$3)) -> 0
