Workbook

Sheet Instances
B1: memelingo-1/all-opts_mlp-tplp-ht_15_100 | G1: memelingo-1/all-opts_mlp-tplp-ht_15_30 | L1: memelingo-1/all-opts_mlp-tplp-ht_15_50 | Q1: memelingo-1/all-opts_mlp-tplp-ht_20_100 | V1: memelingo-1/all-opts_mlp-tplp-ht_20_30 | AA1: memelingo-1/all-opts_mlp-tplp-ht_20_50 | AF1: memelingo-1/all-opts_mlp-tplp-ht_25_100 | AK1: memelingo-1/all-opts_mlp-tplp-ht_25_30 | AP1: memelingo-1/all-opts_mlp-tplp-ht_25_50 | AU1: memelingo-1/all-opts_mlp-tplp-ht_30_100 | AZ1: memelingo-1/all-opts_mlp-tplp-ht_30_30 | BE1: memelingo-1/all-opts_mlp-tplp-ht_30_50 | BJ1: memelingo-1/all-opts_mlp-tplp-ht_35_100 | BO1: memelingo-1/all-opts_mlp-tplp-ht_35_30 | BT1: memelingo-1/all-opts_mlp-tplp-ht_35_50 | BY1: memelingo-1/all-opts_mlp-tplp-htc_15_100 | CD1: memelingo-1/all-opts_mlp-tplp-htc_15_30 | CI1: memelingo-1/all-opts_mlp-tplp-htc_15_50 | CN1: memelingo-1/all-opts_mlp-tplp-htc_20_100 | CS1: memelingo-1/all-opts_mlp-tplp-htc_20_30 | CX1: memelingo-1/all-opts_mlp-tplp-htc_20_50 | DC1: memelingo-1/all-opts_mlp-tplp-htc_25_100 | DH1: memelingo-1/all-opts_mlp-tplp-htc_25_30 | DM1: memelingo-1/all-opts_mlp-tplp-htc_25_50 | DR1: memelingo-1/all-opts_mlp-tplp-htc_30_100 | DW1: memelingo-1/all-opts_mlp-tplp-htc_30_30 | EB1: memelingo-1/all-opts_mlp-tplp-htc_30_50 | EG1: memelingo-1/all-opts_mlp-tplp-htc_35_100 | EL1: memelingo-1/all-opts_mlp-tplp-htc_35_30 | EQ1: memelingo-1/all-opts_mlp-tplp-htc_35_50 | EV1: memelingo-1/all-opts_mlp-tplp-htcdl_15_100 | FA1: memelingo-1/all-opts_mlp-tplp-htcdl_15_30 | FF1: memelingo-1/all-opts_mlp-tplp-htcdl_15_50 | FK1: memelingo-1/all-opts_mlp-tplp-htcdl_20_100 | FP1: memelingo-1/all-opts_mlp-tplp-htcdl_20_30 | FU1: memelingo-1/all-opts_mlp-tplp-htcdl_20_50 | FZ1: memelingo-1/all-opts_mlp-tplp-htcdl_25_100 | GE1: memelingo-1/all-opts_mlp-tplp-htcdl_25_30 | GJ1: memelingo-1/all-opts_mlp-tplp-htcdl_25_50 | GO1: memelingo-1/all-opts_mlp-tplp-htcdl_30_100 | GT1: memelingo-1/all-opts_mlp-tplp-htcdl_30_30 | GY1: memelingo-1/all-opts_mlp-tplp-htcdl_30_50 | HD1: memelingo-1/all-opts_mlp-tplp-htcdl_35_100 | HI1: memelingo-1/all-opts_mlp-tplp-htcdl_35_30 | HN1: memelingo-1/all-opts_mlp-tplp-htcdl_35_50 | HS1: min | HW1: median | IA1: max
B2: time | C2: stime | D2: status | E2: rules | F2: ctime | G2: time | H2: stime | I2: status | J2: rules | K2: ctime | L2: time | M2: stime | N2: status | O2: rules | P2: ctime | Q2: time | R2: stime | S2: status | T2: rules | U2: ctime | V2: time | W2: stime | X2: status | Y2: rules | Z2: ctime | AA2: time | AB2: stime | AC2: status | AD2: rules | AE2: ctime | AF2: time | AG2: stime | AH2: status | AI2: rules | AJ2: ctime | AK2: time | AL2: stime | AM2: status | AN2: rules | AO2: ctime | AP2: time | AQ2: stime | AR2: status | AS2: rules | AT2: ctime | AU2: time | AV2: stime | AW2: status | AX2: rules | AY2: ctime | AZ2: time | BA2: stime | BB2: status | BC2: rules | BD2: ctime | BE2: time | BF2: stime | BG2: status | BH2: rules | BI2: ctime | BJ2: time | BK2: stime | BL2: status | BM2: rules | BN2: ctime | BO2: time | BP2: stime | BQ2: status | BR2: rules | BS2: ctime | BT2: time | BU2: stime | BV2: status | BW2: rules | BX2: ctime | BY2: time | BZ2: stime | CA2: status | CB2: rules | CC2: ctime | CD2: time | CE2: stime | CF2: status | CG2: rules | CH2: ctime | CI2: time | CJ2: stime | CK2: status | CL2: rules | CM2: ctime | CN2: time | CO2: stime | CP2: status | CQ2: rules | CR2: ctime | CS2: time | CT2: stime | CU2: status | CV2: rules | CW2: ctime | CX2: time | CY2: stime | CZ2: status | DA2: rules | DB2: ctime | DC2: time | DD2: stime | DE2: status | DF2: rules | DG2: ctime | DH2: time | DI2: stime | DJ2: status | DK2: rules | DL2: ctime | DM2: time | DN2: stime | DO2: status | DP2: rules | DQ2: ctime | DR2: time | DS2: stime | DT2: status | DU2: rules | DV2: ctime | DW2: time | DX2: stime | DY2: status | DZ2: rules | EA2: ctime | EB2: time | EC2: stime | ED2: status | EE2: rules | EF2: ctime | EG2: time | EH2: stime | EI2: status | EJ2: rules | EK2: ctime | EL2: time | EM2: stime | EN2: status | EO2: rules | EP2: ctime | EQ2: time | ER2: stime | ES2: status | ET2: rules | EU2: ctime | EV2: time | EW2: stime | EX2: status | EY2: rules | EZ2: ctime | FA2: time | FB2: stime | FC2: status | FD2: rules | FE2: ctime | FF2: time | FG2: stime | FH2: status | FI2: rules | FJ2: ctime | FK2: time | FL2: stime | FM2: status | FN2: rules | FO2: ctime | FP2: time | FQ2: stime | FR2: status | FS2: rules | FT2: ctime | FU2: time | FV2: stime | FW2: status | FX2: rules | FY2: ctime | FZ2: time | GA2: stime | GB2: status | GC2: rules | GD2: ctime | GE2: time | GF2: stime | GG2: status | GH2: rules | GI2: ctime | GJ2: time | GK2: stime | GL2: status | GM2: rules | GN2: ctime | GO2: time | GP2: stime | GQ2: status | GR2: rules | GS2: ctime | GT2: time | GU2: stime | GV2: status | GW2: rules | GX2: ctime | GY2: time | GZ2: stime | HA2: status | HB2: rules | HC2: ctime | HD2: time | HE2: stime | HF2: status | HG2: rules | HH2: ctime | HI2: time | HJ2: stime | HK2: status | HL2: rules | HM2: ctime | HN2: time | HO2: stime | HP2: status | HQ2: rules | HR2: ctime | HS2: time | HT2: stime | HU2: rules | HV2: ctime | HW2: time | HX2: stime | HY2: rules | HZ2: ctime | IA2: time | IB2: stime | IC2: rules | ID2: ctime
A3: instances/random_x8_y8_a3 | B3: 1200 | G3: 1200 | H3: 1166.49 | I3: UNKNOWN | J3: 1453453 | K3: 1194.472 | L3: 1200 | M3: 1158.88 | N3: UNKNOWN | O3: 2765333 | P3: 1194.417 | Q3: 1200 | V3: 1200 | W3: 1149.11 | X3: UNKNOWN | Y3: 2093513 | Z3: 1194.071 | AA3: 1200 | AB3: 1128.66 | AC3: UNKNOWN | AD3: 4277493 | AE3: 1193.964 | AF3: 1200 | AK3: 1200 | AL3: 1095.45 | AM3: UNKNOWN | AN3: 2743923 | AO3: 1194.035 | AP3: 1200 | AQ3: 1053.68 | AR3: UNKNOWN | AS3: 5896253 | AT3: 1194.463 | AU3: 1200 | AZ3: 1200 | BA3: 938.25 | BB3: UNKNOWN | BC3: 3379912 | BD3: 1194.182 | BE3: 1200 | BF3: 906.31 | BG3: UNKNOWN | BH3: 7524363 | BI3: 1193.938 | BJ3: 1200 | BO3: 40.47 | BP3: 0 | BQ3: UNSATISFIABLE | BR3: 7838202 | BS3: 32.823 | BT3: 1200 | BY3: 1200 | BZ3: 1174.2 | CA3: UNKNOWN | CB3: 942149 | CC3: 1193.091 | CD3: 1200 | CE3: 1174.65 | CF3: UNKNOWN | CG3: 942149 | CH3: 1193.419 | CI3: 1200 | CJ3: 1175.58 | CK3: UNKNOWN | CL3: 942149 | CM3: 1194.235 | CN3: 1200 | CO3: 1139.91 | CP3: UNKNOWN | CQ3: 1358459 | CR3: 1193.974 | CS3: 1200 | CT3: 1154.18 | CU3: UNKNOWN | CV3: 1358459 | CW3: 1192.973 | CX3: 1200 | CY3: 1140.46 | CZ3: UNKNOWN | DA3: 1358459 | DB3: 1193.741 | DC3: 559.71 | DD3: 451.83 | DE3: SATISFIABLE | DF3: 1848144 | DG3: 551.685 | DH3: 1200 | DI3: 1079.58 | DJ3: UNKNOWN | DK3: 1848144 | DL3: 1193.564 | DM3: 474.42 | DN3: 363.36 | DO3: SATISFIABLE | DP3: 1848144 | DQ3: 466.246 | DR3: 489.41 | DS3: 235.29 | DT3: SATISFIABLE | DU3: 2411204 | DV3: 481.486 | DW3: 419.45 | DX3: 165.7 | DY3: UNSATISFIABLE | DZ3: 2411204 | EA3: 410.773 | EB3: 381.56 | EC3: 144.49 | ED3: SATISFIABLE | EE3: 2411204 | EF3: 372.906 | EG3: 601.05 | EH3: 109.13 | EI3: SATISFIABLE | EJ3: 3047639 | EK3: 591.654 | EL3: 463.76 | EM3: 0 | EN3: UNSATISFIABLE | EO3: 6095278 | EP3: 454.747 | EQ3: 607.11 | ER3: 136.88 | ES3: SATISFIABLE | ET3: 3047639 | EU3: 598.195 | EV3: 1200 | EW3: 1175.25 | EX3: UNKNOWN | EY3: 942149 | EZ3: 1193.934 | FA3: 1200 | FB3: 1168.38 | FC3: UNKNOWN | FD3: 942149 | FE3: 1193.867 | FF3: 1200 | FG3: 1174.61 | FH3: UNKNOWN | FI3: 942149 | FJ3: 1193.818 | FK3: 738.75 | FL3: 686.13 | FM3: SATISFIABLE | FN3: 1358459 | FO3: 730.47 | FP3: 1200 | FQ3: 1143.4 | FR3: UNKNOWN | FS3: 1358459 | FT3: 1193.767 | FU3: 672.37 | FV3: 625.88 | FW3: SATISFIABLE | FX3: 1358459 | FY3: 665.29 | FZ3: 654.95 | GA3: 556.09 | GB3: SATISFIABLE | GC3: 1848144 | GD3: 647.173 | GE3: 1200 | GF3: 1073.56 | GG3: UNKNOWN | GH3: 1848144 | GI3: 1193.596 | GJ3: 956.01 | GK3: 850.48 | GL3: SATISFIABLE | GM3: 1848144 | GN3: 948.143 | GO3: 1131.92 | GP3: 925.95 | GQ3: SATISFIABLE | GR3: 2411204 | GS3: 1123.763 | GT3: 867.31 | GU3: 634.09 | GV3: UNSATISFIABLE | GW3: 2411204 | GX3: 859.5 | GY3: 1128.71 | GZ3: 886.38 | HA3: SATISFIABLE | HB3: 2411204 | HC3: 1121.193 | HD3: 1200 | HE3: 771.28 | HF3: UNKNOWN | HG3: 3047639 | HH3: 1194.399 | HI3: 396.75 | HJ3: 0 | HK3: UNSATISFIABLE | HL3: 3047639 | HM3: 388.275 | HN3: 1200 | HO3: 814.54 | HP3: UNKNOWN | HQ3: 3047639 | HR3: 1194.544 | HS3: =MIN($B3,$G3,$L3,$Q3,$V3,$AA3,$AF3,$AK3,$AP3,$AU3,$AZ3,$BE3,$BJ3,$BO3,$BT3,$BY3,$CD3,$CI3,$CN3,$CS3,$CX3,$DC3,$DH3,$DM3,$DR3,$DW3,$EB3,$EG3,$EL3,$EQ3,$EV3,$FA3,$FF3,$FK3,$FP3,$FU3,$FZ3,$GE3,$GJ3,$GO3,$GT3,$GY3,$HD3,$HI3,$HN3) -> 0 | HT3: =MIN($C3,$H3,$M3,$R3,$W3,$AB3,$AG3,$AL3,$AQ3,$AV3,$BA3,$BF3,$BK3,$BP3,$BU3,$BZ3,$CE3,$CJ3,$CO3,$CT3,$CY3,$DD3,$DI3,$DN3,$DS3,$DX3,$EC3,$EH3,$EM3,$ER3,$EW3,$FB3,$FG3,$FL3,$FQ3,$FV3,$GA3,$GF3,$GK3,$GP3,$GU3,$GZ3,$HE3,$HJ3,$HO3) -> 0 | HU3: =MIN($E3,$J3,$O3,$T3,$Y3,$AD3,$AI3,$AN3,$AS3,$AX3,$BC3,$BH3,$BM3,$BR3,$BW3,$CB3,$CG3,$CL3,$CQ3,$CV3,$DA3,$DF3,$DK3,$DP3,$DU3,$DZ3,$EE3,$EJ3,$EO3,$ET3,$EY3,$FD3,$FI3,$FN3,$FS3,$FX3,$GC3,$GH3,$GM3,$GR3,$GW3,$HB3,$HG3,$HL3,$HQ3) -> 0 | HV3: =MIN($F3,$K3,$P3,$U3,$Z3,$AE3,$AJ3,$AO3,$AT3,$AY3,$BD3,$BI3,$BN3,$BS3,$BX3,$CC3,$CH3,$CM3,$CR3,$CW3,$DB3,$DG3,$DL3,$DQ3,$DV3,$EA3,$EF3,$EK3,$EP3,$EU3,$EZ3,$FE3,$FJ3,$FO3,$FT3,$FY3,$GD3,$GI3,$GN3,$GS3,$GX3,$HC3,$HH3,$HM3,$HR3) -> 0 | HW3: =MEDIAN($B3,$G3,$L3,$Q3,$V3,$AA3,$AF3,$AK3,$AP3,$AU3,$AZ3,$BE3,$BJ3,$BO3,$BT3,$BY3,$CD3,$CI3,$CN3,$CS3,$CX3,$DC3,$DH3,$DM3,$DR3,$DW3,$EB3,$EG3,$EL3,$EQ3,$EV3,$FA3,$FF3,$FK3,$FP3,$FU3,$FZ3,$GE3,$GJ3,$GO3,$GT3,$GY3,$HD3,$HI3,$HN3) -> 0 | HX3: =MEDIAN($C3,$H3,$M3,$R3,$W3,$AB3,$AG3,$AL3,$AQ3,$AV3,$BA3,$BF3,$BK3,$BP3,$BU3,$BZ3,$CE3,$CJ3,$CO3,$CT3,$CY3,$DD3,$DI3,$DN3,$DS3,$DX3,$EC3,$EH3,$EM3,$ER3,$EW3,$FB3,$FG3,$FL3,$FQ3,$FV3,$GA3,$GF3,$GK3,$GP3,$GU3,$GZ3,$HE3,$HJ3,$HO3) -> 0 | HY3: =MEDIAN($E3,$J3,$O3,$T3,$Y3,$AD3,$AI3,$AN3,$AS3,$AX3,$BC3,$BH3,$BM3,$BR3,$BW3,$CB3,$CG3,$CL3,$CQ3,$CV3,$DA3,$DF3,$DK3,$DP3,$DU3,$DZ3,$EE3,$EJ3,$EO3,$ET3,$EY3,$FD3,$FI3,$FN3,$FS3,$FX3,$GC3,$GH3,$GM3,$GR3,$GW3,$HB3,$HG3,$HL3,$HQ3) -> 0 | HZ3: =MEDIAN($F3,$K3,$P3,$U3,$Z3,$AE3,$AJ3,$AO3,$AT3,$AY3,$BD3,$BI3,$BN3,$BS3,$BX3,$CC3,$CH3,$CM3,$CR3,$CW3,$DB3,$DG3,$DL3,$DQ3,$DV3,$EA3,$EF3,$EK3,$EP3,$EU3,$EZ3,$FE3,$FJ3,$FO3,$FT3,$FY3,$GD3,$GI3,$GN3,$GS3,$GX3,$HC3,$HH3,$HM3,$HR3) -> 0 | IA3: =MAX($B3,$G3,$L3,$Q3,$V3,$AA3,$AF3,$AK3,$AP3,$AU3,$AZ3,$BE3,$BJ3,$BO3,$BT3,$BY3,$CD3,$CI3,$CN3,$CS3,$CX3,$DC3,$DH3,$DM3,$DR3,$DW3,$EB3,$EG3,$EL3,$EQ3,$EV3,$FA3,$FF3,$FK3,$FP3,$FU3,$FZ3,$GE3,$GJ3,$GO3,$GT3,$GY3,$HD3,$HI3,$HN3) -> 0 | IB3: =MAX($C3,$H3,$M3,$R3,$W3,$AB3,$AG3,$AL3,$AQ3,$AV3,$BA3,$BF3,$BK3,$BP3,$BU3,$BZ3,$CE3,$CJ3,$CO3,$CT3,$CY3,$DD3,$DI3,$DN3,$DS3,$DX3,$EC3,$EH3,$EM3,$ER3,$EW3,$FB3,$FG3,$FL3,$FQ3,$FV3,$GA3,$GF3,$GK3,$GP3,$GU3,$GZ3,$HE3,$HJ3,$HO3) -> 0 | IC3: =MAX($E3,$J3,$O3,$T3,$Y3,$AD3,$AI3,$AN3,$AS3,$AX3,$BC3,$BH3,$BM3,$BR3,$BW3,$CB3,$CG3,$CL3,$CQ3,$CV3,$DA3,$DF3,$DK3,$DP3,$DU3,$DZ3,$EE3,$EJ3,$EO3,$ET3,$EY3,$FD3,$FI3,$FN3,$FS3,$FX3,$GC3,$GH3,$GM3,$GR3,$GW3,$HB3,$HG3,$HL3,$HQ3) -> 0 | ID3: =MAX($F3,$K3,$P3,$U3,$Z3,$AE3,$AJ3,$AO3,$AT3,$AY3,$BD3,$BI3,$BN3,$BS3,$BX3,$CC3,$CH3,$CM3,$CR3,$CW3,$DB3,$DG3,$DL3,$DQ3,$DV3,$EA3,$EF3,$EK3,$EP3,$EU3,$EZ3,$FE3,$FJ3,$FO3,$FT3,$FY3,$GD3,$GI3,$GN3,$GS3,$GX3,$HC3,$HH3,$HM3,$HR3) -> 0
A4: instances/room_x8_y8_a3 | B4: 196.09 | C4: 117.46 | D4: SATISFIABLE | E4: 9700871 | F4: 188.267 | G4: 37.36 | H4: 4.63 | I4: SATISFIABLE | J4: 1595291 | K4: 30.393 | L4: 58.66 | M4: 10.38 | N4: SATISFIABLE | O4: 2907171 | P4: 52.021 | Q4: 157 | R4: 11.29 | S4: SATISFIABLE | T4: 16288146 | U4: 148.164 | V4: 139.26 | W4: 53.05 | X4: SATISFIABLE | Y4: 2295216 | Z4: 113.006 | AA4: 94.7 | AB4: 4.41 | AC4: SATISFIABLE | AD4: 4479196 | AE4: 86.726 | AF4: 322.29 | AG4: 20.85 | AH4: SATISFIABLE | AI4: 24064696 | AJ4: 312.21 | AK4: 369.38 | AL4: 214.13 | AM4: SATISFIABLE | AN4: 3016291 | AO4: 362.019 | AP4: 298.11 | AQ4: 107.11 | AR4: SATISFIABLE | AS4: 6168621 | AT4: 290.109 | AU4: 574.37 | AV4: 48.02 | AW4: SATISFIABLE | AX4: 32752021 | AY4: 562.978 | AZ4: 695.99 | BA4: 338.93 | BB4: SATISFIABLE | BC4: 3733745 | BD4: 688.351 | BE4: 515.37 | BF4: 156.71 | BG4: SATISFIABLE | BH4: 7878196 | BI4: 507.252 | BJ4: 1181.36 | BK4: 326.7 | BL4: SATISFIABLE | BM4: 42090371 | BN4: 1168.438 | BO4: 45.15 | BP4: 0 | BQ4: UNSATISFIABLE | BR4: 8701448 | BS4: 37.214 | BT4: 910.25 | BU4: 245.14 | BV4: SATISFIABLE | BW4: 9529421 | BX4: 901.307 | BY4: 34.97 | BZ4: 5.21 | CA4: SATISFIABLE | CB4: 1085130 | CC4: 28.269 | CD4: 35.79 | CE4: 4.57 | CF4: SATISFIABLE | CG4: 1085130 | CH4: 27.534 | CI4: 39.13 | CJ4: 8.98 | CK4: SATISFIABLE | CL4: 1085130 | CM4: 31.967 | CN4: 81.63 | CO4: 4.31 | CP4: SATISFIABLE | CQ4: 1561305 | CR4: 73.682 | CS4: 63.78 | CT4: 4.18 | CU4: SATISFIABLE | CV4: 1561305 | CW4: 53.904 | CX4: 81.85 | CY4: 17.65 | CZ4: SATISFIABLE | DA4: 1561305 | DB4: 73.447 | DC4: 192.88 | DD4: 37.61 | DE4: SATISFIABLE | DF4: 2121655 | DG4: 184.651 | DH4: 197.35 | DI4: 29.36 | DJ4: SATISFIABLE | DK4: 2121655 | DL4: 188.633 | DM4: 195.22 | DN4: 25.14 | DO4: SATISFIABLE | DP4: 2121655 | DQ4: 186.431 | DR4: 534.8 | DS4: 170.8 | DT4: SATISFIABLE | DU4: 2766180 | DV4: 524.589 | DW4: 347.53 | DX4: 15.67 | DY4: SATISFIABLE | DZ4: 2766180 | EA4: 339.121 | EB4: 343 | EC4: 3.17 | ED4: SATISFIABLE | EE4: 2766180 | EF4: 333.909 | EG4: 674.09 | EH4: 46.81 | EI4: SATISFIABLE | EJ4: 3494880 | EK4: 664.584 | EL4: 670.18 | EM4: 0 | EN4: UNSATISFIABLE | EO4: 6989760 | EP4: 659.655 | EQ4: 1200 | ER4: 604.95 | ES4: UNKNOWN | ET4: 3494880 | EU4: 1193.082 | EV4: 119.55 | EW4: 82.65 | EX4: SATISFIABLE | EY4: 1085130 | EZ4: 112.409 | FA4: 126.99 | FB4: 87.71 | FC4: SATISFIABLE | FD4: 1085130 | FE4: 119.204 | FF4: 125.43 | FG4: 86.77 | FH4: SATISFIABLE | FI4: 1085130 | FJ4: 117.893 | FK4: 248.12 | FL4: 180.44 | FM4: SATISFIABLE | FN4: 1561305 | FO4: 240.63 | FP4: 285.52 | FQ4: 214 | FR4: SATISFIABLE | FS4: 1561305 | FT4: 277.511 | FU4: 304.1 | FV4: 225.3 | FW4: SATISFIABLE | FX4: 1561305 | FY4: 295.257 | FZ4: 487.64 | GA4: 371.15 | GB4: SATISFIABLE | GC4: 2121655 | GD4: 479.724 | GE4: 622.72 | GF4: 457.9 | GG4: SATISFIABLE | GH4: 2121655 | GI4: 614.581 | GJ4: 622.84 | GK4: 452.68 | GL4: SATISFIABLE | GM4: 2121655 | GN4: 615.255 | GO4: 1019.2 | GP4: 698.86 | GQ4: SATISFIABLE | GR4: 2766180 | GS4: 1010.769 | GT4: 909.25 | GU4: 603.36 | GV4: SATISFIABLE | GW4: 2766180 | GX4: 901.371 | GY4: 963.67 | GZ4: 647.96 | HA4: SATISFIABLE | HB4: 2766180 | HC4: 955.988 | HD4: 1200 | HE4: 616.33 | HF4: UNKNOWN | HG4: 3494880 | HH4: 1194.072 | HI4: 569.45 | HJ4: 0 | HK4: UNSATISFIABLE | HL4: 3494880 | HM4: 560.6 | HN4: 1200 | HO4: 624.46 | HP4: UNKNOWN | HQ4: 3494880 | HR4: 1194.368 | HS4: =MIN($B4,$G4,$L4,$Q4,$V4,$AA4,$AF4,$AK4,$AP4,$AU4,$AZ4,$BE4,$BJ4,$BO4,$BT4,$BY4,$CD4,$CI4,$CN4,$CS4,$CX4,$DC4,$DH4,$DM4,$DR4,$DW4,$EB4,$EG4,$EL4,$EQ4,$EV4,$FA4,$FF4,$FK4,$FP4,$FU4,$FZ4,$GE4,$GJ4,$GO4,$GT4,$GY4,$HD4,$HI4,$HN4) -> 0 | HT4: =MIN($C4,$H4,$M4,$R4,$W4,$AB4,$AG4,$AL4,$AQ4,$AV4,$BA4,$BF4,$BK4,$BP4,$BU4,$BZ4,$CE4,$CJ4,$CO4,$CT4,$CY4,$DD4,$DI4,$DN4,$DS4,$DX4,$EC4,$EH4,$EM4,$ER4,$EW4,$FB4,$FG4,$FL4,$FQ4,$FV4,$GA4,$GF4,$GK4,$GP4,$GU4,$GZ4,$HE4,$HJ4,$HO4) -> 0 | HU4: =MIN($E4,$J4,$O4,$T4,$Y4,$AD4,$AI4,$AN4,$AS4,$AX4,$BC4,$BH4,$BM4,$BR4,$BW4,$CB4,$CG4,$CL4,$CQ4,$CV4,$DA4,$DF4,$DK4,$DP4,$DU4,$DZ4,$EE4,$EJ4,$EO4,$ET4,$EY4,$FD4,$FI4,$FN4,$FS4,$FX4,$GC4,$GH4,$GM4,$GR4,$GW4,$HB4,$HG4,$HL4,$HQ4) -> 0 | HV4: =MIN($F4,$K4,$P4,$U4,$Z4,$AE4,$AJ4,$AO4,$AT4,$AY4,$BD4,$BI4,$BN4,$BS4,$BX4,$CC4,$CH4,$CM4,$CR4,$CW4,$DB4,$DG4,$DL4,$DQ4,$DV4,$EA4,$EF4,$EK4,$EP4,$EU4,$EZ4,$FE4,$FJ4,$FO4,$FT4,$FY4,$GD4,$GI4,$GN4,$GS4,$GX4,$HC4,$HH4,$HM4,$HR4) -> 0 | HW4: =MEDIAN($B4,$G4,$L4,$Q4,$V4,$AA4,$AF4,$AK4,$AP4,$AU4,$AZ4,$BE4,$BJ4,$BO4,$BT4,$BY4,$CD4,$CI4,$CN4,$CS4,$CX4,$DC4,$DH4,$DM4,$DR4,$DW4,$EB4,$EG4,$EL4,$EQ4,$EV4,$FA4,$FF4,$FK4,$FP4,$FU4,$FZ4,$GE4,$GJ4,$GO4,$GT4,$GY4,$HD4,$HI4,$HN4) -> 0 | HX4: =MEDIAN($C4,$H4,$M4,$R4,$W4,$AB4,$AG4,$AL4,$AQ4,$AV4,$BA4,$BF4,$BK4,$BP4,$BU4,$BZ4,$CE4,$CJ4,$CO4,$CT4,$CY4,$DD4,$DI4,$DN4,$DS4,$DX4,$EC4,$EH4,$EM4,$ER4,$EW4,$FB4,$FG4,$FL4,$FQ4,$FV4,$GA4,$GF4,$GK4,$GP4,$GU4,$GZ4,$HE4,$HJ4,$HO4) -> 0 | HY4: =MEDIAN($E4,$J4,$O4,$T4,$Y4,$AD4,$AI4,$AN4,$AS4,$AX4,$BC4,$BH4,$BM4,$BR4,$BW4,$CB4,$CG4,$CL4,$CQ4,$CV4,$DA4,$DF4,$DK4,$DP4,$DU4,$DZ4,$EE4,$EJ4,$EO4,$ET4,$EY4,$FD4,$FI4,$FN4,$FS4,$FX4,$GC4,$GH4,$GM4,$GR4,$GW4,$HB4,$HG4,$HL4,$HQ4) -> 0 | HZ4: =MEDIAN($F4,$K4,$P4,$U4,$Z4,$AE4,$AJ4,$AO4,$AT4,$AY4,$BD4,$BI4,$BN4,$BS4,$BX4,$CC4,$CH4,$CM4,$CR4,$CW4,$DB4,$DG4,$DL4,$DQ4,$DV4,$EA4,$EF4,$EK4,$EP4,$EU4,$EZ4,$FE4,$FJ4,$FO4,$FT4,$FY4,$GD4,$GI4,$GN4,$GS4,$GX4,$HC4,$HH4,$HM4,$HR4) -> 0 | IA4: =MAX($B4,$G4,$L4,$Q4,$V4,$AA4,$AF4,$AK4,$AP4,$AU4,$AZ4,$BE4,$BJ4,$BO4,$BT4,$BY4,$CD4,$CI4,$CN4,$CS4,$CX4,$DC4,$DH4,$DM4,$DR4,$DW4,$EB4,$EG4,$EL4,$EQ4,$EV4,$FA4,$FF4,$FK4,$FP4,$FU4,$FZ4,$GE4,$GJ4,$GO4,$GT4,$GY4,$HD4,$HI4,$HN4) -> 0 | IB4: =MAX($C4,$H4,$M4,$R4,$W4,$AB4,$AG4,$AL4,$AQ4,$AV4,$BA4,$BF4,$BK4,$BP4,$BU4,$BZ4,$CE4,$CJ4,$CO4,$CT4,$CY4,$DD4,$DI4,$DN4,$DS4,$DX4,$EC4,$EH4,$EM4,$ER4,$EW4,$FB4,$FG4,$FL4,$FQ4,$FV4,$GA4,$GF4,$GK4,$GP4,$GU4,$GZ4,$HE4,$HJ4,$HO4) -> 0 | IC4: =MAX($E4,$J4,$O4,$T4,$Y4,$AD4,$AI4,$AN4,$AS4,$AX4,$BC4,$BH4,$BM4,$BR4,$BW4,$CB4,$CG4,$CL4,$CQ4,$CV4,$DA4,$DF4,$DK4,$DP4,$DU4,$DZ4,$EE4,$EJ4,$EO4,$ET4,$EY4,$FD4,$FI4,$FN4,$FS4,$FX4,$GC4,$GH4,$GM4,$GR4,$GW4,$HB4,$HG4,$HL4,$HQ4) -> 0 | ID4: =MAX($F4,$K4,$P4,$U4,$Z4,$AE4,$AJ4,$AO4,$AT4,$AY4,$BD4,$BI4,$BN4,$BS4,$BX4,$CC4,$CH4,$CM4,$CR4,$CW4,$DB4,$DG4,$DL4,$DQ4,$DV4,$EA4,$EF4,$EK4,$EP4,$EU4,$EZ4,$FE4,$FJ4,$FO4,$FT4,$FY4,$GD4,$GI4,$GN4,$GS4,$GX4,$HC4,$HH4,$HM4,$HR4) -> 0
A5: instances/warehouse_x8_y8_a3 | B5: 1200 | G5: 753.11 | H5: 736.69 | I5: SATISFIABLE | J5: 1032226 | K5: 746.708 | L5: 1200 | M5: 1172.24 | N5: UNKNOWN | O5: 2344106 | P5: 1194.044 | Q5: 1200 | V5: 27.91 | W5: 0.95 | X5: SATISFIABLE | Y5: 1485871 | Z5: 20.988 | AA5: 123.48 | AB5: 79.2 | AC5: SATISFIABLE | AD5: 3669851 | AE5: 116.242 | AF5: 207.7 | AG5: 31.77 | AH5: SATISFIABLE | AI5: 22964971 | AJ5: 198.177 | AK5: 99.6 | AL5: 50.21 | AM5: SATISFIABLE | AN5: 1916566 | AO5: 92.649 | AP5: 81.66 | AQ5: 12.91 | AR5: SATISFIABLE | AS5: 5068896 | AT5: 74.257 | AU5: 337.32 | AV5: 75.77 | AW5: SATISFIABLE | AX5: 31317816 | AY5: 327.013 | AZ5: 87.39 | BA5: 17.06 | BB5: SATISFIABLE | BC5: 2299540 | BD5: 80.33 | BE5: 150.9 | BF5: 46.63 | BG5: SATISFIABLE | BH5: 6443991 | BI5: 143.245 | BJ5: 444.91 | BK5: 116.94 | BL5: SATISFIABLE | BM5: 40277586 | BN5: 434 | BO5: 26.62 | BP5: 0 | BQ5: UNSATISFIABLE | BR5: 5194156 | BS5: 19.785 | BT5: 170.66 | BU5: 7.01 | BV5: SATISFIABLE | BW5: 7716636 | BX5: 163.019 | BY5: 840.14 | BZ5: 824.48 | CA5: SATISFIABLE | CB5: 517184 | CC5: 832.579 | CD5: 204.92 | CE5: 190 | CF5: SATISFIABLE | CG5: 517184 | CH5: 198.111 | CI5: 512.73 | CJ5: 497.75 | CK5: SATISFIABLE | CL5: 517184 | CM5: 505.807 | CN5: 197 | CO5: 168.74 | CP5: SATISFIABLE | CQ5: 747079 | CR5: 189.7 | CS5: 75.71 | CT5: 53.15 | CU5: SATISFIABLE | CV5: 747079 | CW5: 68.361 | CX5: 31.13 | CY5: 3.76 | CZ5: SATISFIABLE | DA5: 747079 | DB5: 24.031 | DC5: 135.72 | DD5: 95.61 | DE5: SATISFIABLE | DF5: 1017049 | DG5: 128.273 | DH5: 46.77 | DI5: 2.52 | DJ5: SATISFIABLE | DK5: 1017049 | DL5: 39.415 | DM5: 68.24 | DN5: 29.81 | DO5: SATISFIABLE | DP5: 1017049 | DQ5: 61.191 | DR5: 154.8 | DS5: 77.65 | DT5: SATISFIABLE | DU5: 1327094 | DV5: 146.916 | DW5: 77.01 | DX5: 4.36 | DY5: SATISFIABLE | DZ5: 1327094 | EA5: 69.127 | EB5: 83.16 | EC5: 2.64 | ED5: SATISFIABLE | EE5: 1327094 | EF5: 59.137 | EG5: 279.02 | EH5: 148.26 | EI5: SATISFIABLE | EJ5: 1677214 | EK5: 271.282 | EL5: 131.09 | EM5: 0 | EN5: UNSATISFIABLE | EO5: 3354428 | EP5: 123.183 | EQ5: 193.87 | ER5: 95.77 | ES5: SATISFIABLE | ET5: 1677214 | EU5: 186.201 | EV5: 786.66 | EW5: 769.76 | EX5: SATISFIABLE | EY5: 517184 | EZ5: 780.286 | FA5: 285.44 | FB5: 267.58 | FC5: SATISFIABLE | FD5: 517184 | FE5: 278.304 | FF5: 745.31 | FG5: 728.02 | FH5: SATISFIABLE | FI5: 517184 | FJ5: 738.938 | FK5: 156.94 | FL5: 133.8 | FM5: SATISFIABLE | FN5: 747079 | FO5: 149.854 | FP5: 117.29 | FQ5: 91.41 | FR5: SATISFIABLE | FS5: 747079 | FT5: 109.974 | FU5: 144.34 | FV5: 119.93 | FW5: SATISFIABLE | FX5: 747079 | FY5: 137.453 | FZ5: 274.71 | GA5: 239.22 | GB5: SATISFIABLE | GC5: 1017049 | GD5: 268.169 | GE5: 247.12 | GF5: 206.59 | GG5: SATISFIABLE | GH5: 1017049 | GI5: 239.26 | GJ5: 321.35 | GK5: 285.65 | GL5: SATISFIABLE | GM5: 1017049 | GN5: 314.416 | GO5: 503.31 | GP5: 442.96 | GQ5: SATISFIABLE | GR5: 1327094 | GS5: 495.452 | GT5: 404.27 | GU5: 335.04 | GV5: SATISFIABLE | GW5: 1327094 | GX5: 396.716 | GY5: 421.47 | GZ5: 366.55 | HA5: SATISFIABLE | HB5: 1327094 | HC5: 414.906 | HD5: 811 | HE5: 721.56 | HF5: SATISFIABLE | HG5: 1677214 | HH5: 804.136 | HI5: 90.07 | HJ5: 0 | HK5: UNSATISFIABLE | HL5: 1677214 | HM5: 82.87 | HN5: 777.38 | HO5: 654.09 | HP5: SATISFIABLE | HQ5: 1677214 | HR5: 770.333 | HS5: =MIN($B5,$G5,$L5,$Q5,$V5,$AA5,$AF5,$AK5,$AP5,$AU5,$AZ5,$BE5,$BJ5,$BO5,$BT5,$BY5,$CD5,$CI5,$CN5,$CS5,$CX5,$DC5,$DH5,$DM5,$DR5,$DW5,$EB5,$EG5,$EL5,$EQ5,$EV5,$FA5,$FF5,$FK5,$FP5,$FU5,$FZ5,$GE5,$GJ5,$GO5,$GT5,$GY5,$HD5,$HI5,$HN5) -> 0 | HT5: =MIN($C5,$H5,$M5,$R5,$W5,$AB5,$AG5,$AL5,$AQ5,$AV5,$BA5,$BF5,$BK5,$BP5,$BU5,$BZ5,$CE5,$CJ5,$CO5,$CT5,$CY5,$DD5,$DI5,$DN5,$DS5,$DX5,$EC5,$EH5,$EM5,$ER5,$EW5,$FB5,$FG5,$FL5,$FQ5,$FV5,$GA5,$GF5,$GK5,$GP5,$GU5,$GZ5,$HE5,$HJ5,$HO5) -> 0 | HU5: =MIN($E5,$J5,$O5,$T5,$Y5,$AD5,$AI5,$AN5,$AS5,$AX5,$BC5,$BH5,$BM5,$BR5,$BW5,$CB5,$CG5,$CL5,$CQ5,$CV5,$DA5,$DF5,$DK5,$DP5,$DU5,$DZ5,$EE5,$EJ5,$EO5,$ET5,$EY5,$FD5,$FI5,$FN5,$FS5,$FX5,$GC5,$GH5,$GM5,$GR5,$GW5,$HB5,$HG5,$HL5,$HQ5) -> 0 | HV5: =MIN($F5,$K5,$P5,$U5,$Z5,$AE5,$AJ5,$AO5,$AT5,$AY5,$BD5,$BI5,$BN5,$BS5,$BX5,$CC5,$CH5,$CM5,$CR5,$CW5,$DB5,$DG5,$DL5,$DQ5,$DV5,$EA5,$EF5,$EK5,$EP5,$EU5,$EZ5,$FE5,$FJ5,$FO5,$FT5,$FY5,$GD5,$GI5,$GN5,$GS5,$GX5,$HC5,$HH5,$HM5,$HR5) -> 0 | HW5: =MEDIAN($B5,$G5,$L5,$Q5,$V5,$AA5,$AF5,$AK5,$AP5,$AU5,$AZ5,$BE5,$BJ5,$BO5,$BT5,$BY5,$CD5,$CI5,$CN5,$CS5,$CX5,$DC5,$DH5,$DM5,$DR5,$DW5,$EB5,$EG5,$EL5,$EQ5,$EV5,$FA5,$FF5,$FK5,$FP5,$FU5,$FZ5,$GE5,$GJ5,$GO5,$GT5,$GY5,$HD5,$HI5,$HN5) -> 0 | HX5: =MEDIAN($C5,$H5,$M5,$R5,$W5,$AB5,$AG5,$AL5,$AQ5,$AV5,$BA5,$BF5,$BK5,$BP5,$BU5,$BZ5,$CE5,$CJ5,$CO5,$CT5,$CY5,$DD5,$DI5,$DN5,$DS5,$DX5,$EC5,$EH5,$EM5,$ER5,$EW5,$FB5,$FG5,$FL5,$FQ5,$FV5,$GA5,$GF5,$GK5,$GP5,$GU5,$GZ5,$HE5,$HJ5,$HO5) -> 0 | HY5: =MEDIAN($E5,$J5,$O5,$T5,$Y5,$AD5,$AI5,$AN5,$AS5,$AX5,$BC5,$BH5,$BM5,$BR5,$BW5,$CB5,$CG5,$CL5,$CQ5,$CV5,$DA5,$DF5,$DK5,$DP5,$DU5,$DZ5,$EE5,$EJ5,$EO5,$ET5,$EY5,$FD5,$FI5,$FN5,$FS5,$FX5,$GC5,$GH5,$GM5,$GR5,$GW5,$HB5,$HG5,$HL5,$HQ5) -> 0 | HZ5: =MEDIAN($F5,$K5,$P5,$U5,$Z5,$AE5,$AJ5,$AO5,$AT5,$AY5,$BD5,$BI5,$BN5,$BS5,$BX5,$CC5,$CH5,$CM5,$CR5,$CW5,$DB5,$DG5,$DL5,$DQ5,$DV5,$EA5,$EF5,$EK5,$EP5,$EU5,$EZ5,$FE5,$FJ5,$FO5,$FT5,$FY5,$GD5,$GI5,$GN5,$GS5,$GX5,$HC5,$HH5,$HM5,$HR5) -> 0 | IA5: =MAX($B5,$G5,$L5,$Q5,$V5,$AA5,$AF5,$AK5,$AP5,$AU5,$AZ5,$BE5,$BJ5,$BO5,$BT5,$BY5,$CD5,$CI5,$CN5,$CS5,$CX5,$DC5,$DH5,$DM5,$DR5,$DW5,$EB5,$EG5,$EL5,$EQ5,$EV5,$FA5,$FF5,$FK5,$FP5,$FU5,$FZ5,$GE5,$GJ5,$GO5,$GT5,$GY5,$HD5,$HI5,$HN5) -> 0 | IB5: =MAX($C5,$H5,$M5,$R5,$W5,$AB5,$AG5,$AL5,$AQ5,$AV5,$BA5,$BF5,$BK5,$BP5,$BU5,$BZ5,$CE5,$CJ5,$CO5,$CT5,$CY5,$DD5,$DI5,$DN5,$DS5,$DX5,$EC5,$EH5,$EM5,$ER5,$EW5,$FB5,$FG5,$FL5,$FQ5,$FV5,$GA5,$GF5,$GK5,$GP5,$GU5,$GZ5,$HE5,$HJ5,$HO5) -> 0 | IC5: =MAX($E5,$J5,$O5,$T5,$Y5,$AD5,$AI5,$AN5,$AS5,$AX5,$BC5,$BH5,$BM5,$BR5,$BW5,$CB5,$CG5,$CL5,$CQ5,$CV5,$DA5,$DF5,$DK5,$DP5,$DU5,$DZ5,$EE5,$EJ5,$EO5,$ET5,$EY5,$FD5,$FI5,$FN5,$FS5,$FX5,$GC5,$GH5,$GM5,$GR5,$GW5,$HB5,$HG5,$HL5,$HQ5) -> 0 | ID5: =MAX($F5,$K5,$P5,$U5,$Z5,$AE5,$AJ5,$AO5,$AT5,$AY5,$BD5,$BI5,$BN5,$BS5,$BX5,$CC5,$CH5,$CM5,$CR5,$CW5,$DB5,$DG5,$DL5,$DQ5,$DV5,$EA5,$EF5,$EK5,$EP5,$EU5,$EZ5,$FE5,$FJ5,$FO5,$FT5,$FY5,$GD5,$GI5,$GN5,$GS5,$GX5,$HC5,$HH5,$HM5,$HR5) -> 0
A7: SUM | B7: =SUM(B$3:B$5) -> 0 | C7: =SUM(C$3:C$5) -> 0 | E7: =SUM(E$3:E$5) -> 0 | F7: =SUM(F$3:F$5) -> 0 | G7: =SUM(G$3:G$5) -> 0 | H7: =SUM(H$3:H$5) -> 0 | J7: =SUM(J$3:J$5) -> 0 | K7: =SUM(K$3:K$5) -> 0 | L7: =SUM(L$3:L$5) -> 0 | M7: =SUM(M$3:M$5) -> 0 | O7: =SUM(O$3:O$5) -> 0 | P7: =SUM(P$3:P$5) -> 0 | Q7: =SUM(Q$3:Q$5) -> 0 | R7: =SUM(R$3:R$5) -> 0 | T7: =SUM(T$3:T$5) -> 0 | U7: =SUM(U$3:U$5) -> 0 | V7: =SUM(V$3:V$5) -> 0 | W7: =SUM(W$3:W$5) -> 0 | Y7: =SUM(Y$3:Y$5) -> 0 | Z7: =SUM(Z$3:Z$5) -> 0 | AA7: =SUM(AA$3:AA$5) -> 0 | AB7: =SUM(AB$3:AB$5) -> 0 | AD7: =SUM(AD$3:AD$5) -> 0 | AE7: =SUM(AE$3:AE$5) -> 0 | AF7: =SUM(AF$3:AF$5) -> 0 | AG7: =SUM(AG$3:AG$5) -> 0 | AI7: =SUM(AI$3:AI$5) -> 0 | AJ7: =SUM(AJ$3:AJ$5) -> 0 | AK7: =SUM(AK$3:AK$5) -> 0 | AL7: =SUM(AL$3:AL$5) -> 0 | AN7: =SUM(AN$3:AN$5) -> 0 | AO7: =SUM(AO$3:AO$5) -> 0 | AP7: =SUM(AP$3:AP$5) -> 0 | AQ7: =SUM(AQ$3:AQ$5) -> 0 | AS7: =SUM(AS$3:AS$5) -> 0 | AT7: =SUM(AT$3:AT$5) -> 0 | AU7: =SUM(AU$3:AU$5) -> 0 | AV7: =SUM(AV$3:AV$5) -> 0 | AX7: =SUM(AX$3:AX$5) -> 0 | AY7: =SUM(AY$3:AY$5) -> 0 | AZ7: =SUM(AZ$3:AZ$5) -> 0 | BA7: =SUM(BA$3:BA$5) -> 0 | BC7: =SUM(BC$3:BC$5) -> 0 | BD7: =SUM(BD$3:BD$5) -> 0 | BE7: =SUM(BE$3:BE$5) -> 0 | BF7: =SUM(BF$3:BF$5) -> 0 | BH7: =SUM(BH$3:BH$5) -> 0 | BI7: =SUM(BI$3:BI$5) -> 0 | BJ7: =SUM(BJ$3:BJ$5) -> 0 | BK7: =SUM(BK$3:BK$5) -> 0 | BM7: =SUM(BM$3:BM$5) -> 0 | BN7: =SUM(BN$3:BN$5) -> 0 | BO7: =SUM(BO$3:BO$5) -> 0 | BP7: =SUM(BP$3:BP$5) -> 0 | BR7: =SUM(BR$3:BR$5) -> 0 | BS7: =SUM(BS$3:BS$5) -> 0 | BT7: =SUM(BT$3:BT$5) -> 0 | BU7: =SUM(BU$3:BU$5) -> 0 | BW7: =SUM(BW$3:BW$5) -> 0 | BX7: =SUM(BX$3:BX$5) -> 0 | BY7: =SUM(BY$3:BY$5) -> 0 | BZ7: =SUM(BZ$3:BZ$5) -> 0 | CB7: =SUM(CB$3:CB$5) -> 0 | CC7: =SUM(CC$3:CC$5) -> 0 | CD7: =SUM(CD$3:CD$5) -> 0 | CE7: =SUM(CE$3:CE$5) -> 0 | CG7: =SUM(CG$3:CG$5) -> 0 | CH7: =SUM(CH$3:CH$5) -> 0 | CI7: =SUM(CI$3:CI$5) -> 0 | CJ7: =SUM(CJ$3:CJ$5) -> 0 | CL7: =SUM(CL$3:CL$5) -> 0 | CM7: =SUM(CM$3:CM$5) -> 0 | CN7: =SUM(CN$3:CN$5) -> 0 | CO7: =SUM(CO$3:CO$5) -> 0 | CQ7: =SUM(CQ$3:CQ$5) -> 0 | CR7: =SUM(CR$3:CR$5) -> 0 | CS7: =SUM(CS$3:CS$5) -> 0 | CT7: =SUM(CT$3:CT$5) -> 0 | CV7: =SUM(CV$3:CV$5) -> 0 | CW7: =SUM(CW$3:CW$5) -> 0 | CX7: =SUM(CX$3:CX$5) -> 0 | CY7: =SUM(CY$3:CY$5) -> 0 | DA7: =SUM(DA$3:DA$5) -> 0 | DB7: =SUM(DB$3:DB$5) -> 0 | DC7: =SUM(DC$3:DC$5) -> 0 | DD7: =SUM(DD$3:DD$5) -> 0 | DF7: =SUM(DF$3:DF$5) -> 0 | DG7: =SUM(DG$3:DG$5) -> 0 | DH7: =SUM(DH$3:DH$5) -> 0 | DI7: =SUM(DI$3:DI$5) -> 0 | DK7: =SUM(DK$3:DK$5) -> 0 | DL7: =SUM(DL$3:DL$5) -> 0 | DM7: =SUM(DM$3:DM$5) -> 0 | DN7: =SUM(DN$3:DN$5) -> 0 | DP7: =SUM(DP$3:DP$5) -> 0 | DQ7: =SUM(DQ$3:DQ$5) -> 0 | DR7: =SUM(DR$3:DR$5) -> 0 | DS7: =SUM(DS$3:DS$5) -> 0 | DU7: =SUM(DU$3:DU$5) -> 0 | DV7: =SUM(DV$3:DV$5) -> 0 | DW7: =SUM(DW$3:DW$5) -> 0 | DX7: =SUM(DX$3:DX$5) -> 0 | DZ7: =SUM(DZ$3:DZ$5) -> 0 | EA7: =SUM(EA$3:EA$5) -> 0 | EB7: =SUM(EB$3:EB$5) -> 0 | EC7: =SUM(EC$3:EC$5) -> 0 | EE7: =SUM(EE$3:EE$5) -> 0 | EF7: =SUM(EF$3:EF$5) -> 0 | EG7: =SUM(EG$3:EG$5) -> 0 | EH7: =SUM(EH$3:EH$5) -> 0 | EJ7: =SUM(EJ$3:EJ$5) -> 0 | EK7: =SUM(EK$3:EK$5) -> 0 | EL7: =SUM(EL$3:EL$5) -> 0 | EM7: =SUM(EM$3:EM$5) -> 0 | EO7: =SUM(EO$3:EO$5) -> 0 | EP7: =SUM(EP$3:EP$5) -> 0 | EQ7: =SUM(EQ$3:EQ$5) -> 0 | ER7: =SUM(ER$3:ER$5) -> 0 | ET7: =SUM(ET$3:ET$5) -> 0 | EU7: =SUM(EU$3:EU$5) -> 0 | EV7: =SUM(EV$3:EV$5) -> 0 | EW7: =SUM(EW$3:EW$5) -> 0 | EY7: =SUM(EY$3:EY$5) -> 0 | EZ7: =SUM(EZ$3:EZ$5) -> 0 | FA7: =SUM(FA$3:FA$5) -> 0 | FB7: =SUM(FB$3:FB$5) -> 0 | FD7: =SUM(FD$3:FD$5) -> 0 | FE7: =SUM(FE$3:FE$5) -> 0 | FF7: =SUM(FF$3:FF$5) -> 0 | FG7: =SUM(FG$3:FG$5) -> 0 | FI7: =SUM(FI$3:FI$5) -> 0 | FJ7: =SUM(FJ$3:FJ$5) -> 0 | FK7: =SUM(FK$3:FK$5) -> 0 | FL7: =SUM(FL$3:FL$5) -> 0 | FN7: =SUM(FN$3:FN$5) -> 0 | FO7: =SUM(FO$3:FO$5) -> 0 | FP7: =SUM(FP$3:FP$5) -> 0 | FQ7: =SUM(FQ$3:FQ$5) -> 0 | FS7: =SUM(FS$3:FS$5) -> 0 | FT7: =SUM(FT$3:FT$5) -> 0 | FU7: =SUM(FU$3:FU$5) -> 0 | FV7: =SUM(FV$3:FV$5) -> 0 | FX7: =SUM(FX$3:FX$5) -> 0 | FY7: =SUM(FY$3:FY$5) -> 0 | FZ7: =SUM(FZ$3:FZ$5) -> 0 | GA7: =SUM(GA$3:GA$5) -> 0 | GC7: =SUM(GC$3:GC$5) -> 0 | GD7: =SUM(GD$3:GD$5) -> 0 | GE7: =SUM(GE$3:GE$5) -> 0 | GF7: =SUM(GF$3:GF$5) -> 0 | GH7: =SUM(GH$3:GH$5) -> 0 | GI7: =SUM(GI$3:GI$5) -> 0 | GJ7: =SUM(GJ$3:GJ$5) -> 0 | GK7: =SUM(GK$3:GK$5) -> 0 | GM7: =SUM(GM$3:GM$5) -> 0 | GN7: =SUM(GN$3:GN$5) -> 0 | GO7: =SUM(GO$3:GO$5) -> 0 | GP7: =SUM(GP$3:GP$5) -> 0 | GR7: =SUM(GR$3:GR$5) -> 0 | GS7: =SUM(GS$3:GS$5) -> 0 | GT7: =SUM(GT$3:GT$5) -> 0 | GU7: =SUM(GU$3:GU$5) -> 0 | GW7: =SUM(GW$3:GW$5) -> 0 | GX7: =SUM(GX$3:GX$5) -> 0 | GY7: =SUM(GY$3:GY$5) -> 0 | GZ7: =SUM(GZ$3:GZ$5) -> 0 | HB7: =SUM(HB$3:HB$5) -> 0 | HC7: =SUM(HC$3:HC$5) -> 0 | HD7: =SUM(HD$3:HD$5) -> 0 | HE7: =SUM(HE$3:HE$5) -> 0 | HG7: =SUM(HG$3:HG$5) -> 0 | HH7: =SUM(HH$3:HH$5) -> 0 | HI7: =SUM(HI$3:HI$5) -> 0 | HJ7: =SUM(HJ$3:HJ$5) -> 0 | HL7: =SUM(HL$3:HL$5) -> 0 | HM7: =SUM(HM$3:HM$5) -> 0 | HN7: =SUM(HN$3:HN$5) -> 0 | HO7: =SUM(HO$3:HO$5) -> 0 | HQ7: =SUM(HQ$3:HQ$5) -> 0 | HR7: =SUM(HR$3:HR$5) -> 0 | HS7: =SUM(HS$3:HS$5) -> 0 | HT7: =SUM(HT$3:HT$5) -> 0 | HU7: =SUM(HU$3:HU$5) -> 0 | HV7: =SUM(HV$3:HV$5) -> 0 | HW7: =SUM(HW$3:HW$5) -> 0 | HX7: =SUM(HX$3:HX$5) -> 0 | ... ID7: =SUM(ID$3:ID$5) -> 0
A8: AVG | B8: =AVERAGE(B$3:B$5) -> 0 | C8: =AVERAGE(C$3:C$5) -> 0 | E8: =AVERAGE(E$3:E$5) -> 0 | F8: =AVERAGE(F$3:F$5) -> 0 | G8: =AVERAGE(G$3:G$5) -> 0 | H8: =AVERAGE(H$3:H$5) -> 0 | J8: =AVERAGE(J$3:J$5) -> 0 | K8: =AVERAGE(K$3:K$5) -> 0 | L8: =AVERAGE(L$3:L$5) -> 0 | M8: =AVERAGE(M$3:M$5) -> 0 | O8: =AVERAGE(O$3:O$5) -> 0 | P8: =AVERAGE(P$3:P$5) -> 0 | Q8: =AVERAGE(Q$3:Q$5) -> 0 | R8: =AVERAGE(R$3:R$5) -> 0 | T8: =AVERAGE(T$3:T$5) -> 0 | U8: =AVERAGE(U$3:U$5) -> 0 | V8: =AVERAGE(V$3:V$5) -> 0 | W8: =AVERAGE(W$3:W$5) -> 0 | Y8: =AVERAGE(Y$3:Y$5) -> 0 | Z8: =AVERAGE(Z$3:Z$5) -> 0 | AA8: =AVERAGE(AA$3:AA$5) -> 0 | AB8: =AVERAGE(AB$3:AB$5) -> 0 | AD8: =AVERAGE(AD$3:AD$5) -> 0 | AE8: =AVERAGE(AE$3:AE$5) -> 0 | AF8: =AVERAGE(AF$3:AF$5) -> 0 | AG8: =AVERAGE(AG$3:AG$5) -> 0 | AI8: =AVERAGE(AI$3:AI$5) -> 0 | AJ8: =AVERAGE(AJ$3:AJ$5) -> 0 | AK8: =AVERAGE(AK$3:AK$5) -> 0 | AL8: =AVERAGE(AL$3:AL$5) -> 0 | AN8: =AVERAGE(AN$3:AN$5) -> 0 | AO8: =AVERAGE(AO$3:AO$5) -> 0 | AP8: =AVERAGE(AP$3:AP$5) -> 0 | AQ8: =AVERAGE(AQ$3:AQ$5) -> 0 | AS8: =AVERAGE(AS$3:AS$5) -> 0 | AT8: =AVERAGE(AT$3:AT$5) -> 0 | AU8: =AVERAGE(AU$3:AU$5) -> 0 | AV8: =AVERAGE(AV$3:AV$5) -> 0 | AX8: =AVERAGE(AX$3:AX$5) -> 0 | AY8: =AVERAGE(AY$3:AY$5) -> 0 | AZ8: =AVERAGE(AZ$3:AZ$5) -> 0 | BA8: =AVERAGE(BA$3:BA$5) -> 0 | BC8: =AVERAGE(BC$3:BC$5) -> 0 | BD8: =AVERAGE(BD$3:BD$5) -> 0 | BE8: =AVERAGE(BE$3:BE$5) -> 0 | BF8: =AVERAGE(BF$3:BF$5) -> 0 | BH8: =AVERAGE(BH$3:BH$5) -> 0 | BI8: =AVERAGE(BI$3:BI$5) -> 0 | BJ8: =AVERAGE(BJ$3:BJ$5) -> 0 | BK8: =AVERAGE(BK$3:BK$5) -> 0 | BM8: =AVERAGE(BM$3:BM$5) -> 0 | BN8: =AVERAGE(BN$3:BN$5) -> 0 | BO8: =AVERAGE(BO$3:BO$5) -> 0 | BP8: =AVERAGE(BP$3:BP$5) -> 0 | BR8: =AVERAGE(BR$3:BR$5) -> 0 | BS8: =AVERAGE(BS$3:BS$5) -> 0 | BT8: =AVERAGE(BT$3:BT$5) -> 0 | BU8: =AVERAGE(BU$3:BU$5) -> 0 | BW8: =AVERAGE(BW$3:BW$5) -> 0 | BX8: =AVERAGE(BX$3:BX$5) -> 0 | BY8: =AVERAGE(BY$3:BY$5) -> 0 | BZ8: =AVERAGE(BZ$3:BZ$5) -> 0 | CB8: =AVERAGE(CB$3:CB$5) -> 0 | CC8: =AVERAGE(CC$3:CC$5) -> 0 | CD8: =AVERAGE(CD$3:CD$5) -> 0 | CE8: =AVERAGE(CE$3:CE$5) -> 0 | CG8: =AVERAGE(CG$3:CG$5) -> 0 | CH8: =AVERAGE(CH$3:CH$5) -> 0 | CI8: =AVERAGE(CI$3:CI$5) -> 0 | CJ8: =AVERAGE(CJ$3:CJ$5) -> 0 | CL8: =AVERAGE(CL$3:CL$5) -> 0 | CM8: =AVERAGE(CM$3:CM$5) -> 0 | CN8: =AVERAGE(CN$3:CN$5) -> 0 | CO8: =AVERAGE(CO$3:CO$5) -> 0 | CQ8: =AVERAGE(CQ$3:CQ$5) -> 0 | CR8: =AVERAGE(CR$3:CR$5) -> 0 | CS8: =AVERAGE(CS$3:CS$5) -> 0 | CT8: =AVERAGE(CT$3:CT$5) -> 0 | CV8: =AVERAGE(CV$3:CV$5) -> 0 | CW8: =AVERAGE(CW$3:CW$5) -> 0 | CX8: =AVERAGE(CX$3:CX$5) -> 0 | CY8: =AVERAGE(CY$3:CY$5) -> 0 | DA8: =AVERAGE(DA$3:DA$5) -> 0 | DB8: =AVERAGE(DB$3:DB$5) -> 0 | DC8: =AVERAGE(DC$3:DC$5) -> 0 | DD8: =AVERAGE(DD$3:DD$5) -> 0 | DF8: =AVERAGE(DF$3:DF$5) -> 0 | DG8: =AVERAGE(DG$3:DG$5) -> 0 | DH8: =AVERAGE(DH$3:DH$5) -> 0 | DI8: =AVERAGE(DI$3:DI$5) -> 0 | DK8: =AVERAGE(DK$3:DK$5) -> 0 | DL8: =AVERAGE(DL$3:DL$5) -> 0 | DM8: =AVERAGE(DM$3:DM$5) -> 0 | DN8: =AVERAGE(DN$3:DN$5) -> 0 | DP8: =AVERAGE(DP$3:DP$5) -> 0 | DQ8: =AVERAGE(DQ$3:DQ$5) -> 0 | DR8: =AVERAGE(DR$3:DR$5) -> 0 | DS8: =AVERAGE(DS$3:DS$5) -> 0 | DU8: =AVERAGE(DU$3:DU$5) -> 0 | DV8: =AVERAGE(DV$3:DV$5) -> 0 | DW8: =AVERAGE(DW$3:DW$5) -> 0 | DX8: =AVERAGE(DX$3:DX$5) -> 0 | DZ8: =AVERAGE(DZ$3:DZ$5) -> 0 | EA8: =AVERAGE(EA$3:EA$5) -> 0 | EB8: =AVERAGE(EB$3:EB$5) -> 0 | EC8: =AVERAGE(EC$3:EC$5) -> 0 | EE8: =AVERAGE(EE$3:EE$5) -> 0 | EF8: =AVERAGE(EF$3:EF$5) -> 0 | EG8: =AVERAGE(EG$3:EG$5) -> 0 | EH8: =AVERAGE(EH$3:EH$5) -> 0 | EJ8: =AVERAGE(EJ$3:EJ$5) -> 0 | EK8: =AVERAGE(EK$3:EK$5) -> 0 | EL8: =AVERAGE(EL$3:EL$5) -> 0 | EM8: =AVERAGE(EM$3:EM$5) -> 0 | EO8: =AVERAGE(EO$3:EO$5) -> 0 | EP8: =AVERAGE(EP$3:EP$5) -> 0 | EQ8: =AVERAGE(EQ$3:EQ$5) -> 0 | ER8: =AVERAGE(ER$3:ER$5) -> 0 | ET8: =AVERAGE(ET$3:ET$5) -> 0 | EU8: =AVERAGE(EU$3:EU$5) -> 0 | EV8: =AVERAGE(EV$3:EV$5) -> 0 | EW8: =AVERAGE(EW$3:EW$5) -> 0 | EY8: =AVERAGE(EY$3:EY$5) -> 0 | EZ8: =AVERAGE(EZ$3:EZ$5) -> 0 | FA8: =AVERAGE(FA$3:FA$5) -> 0 | FB8: =AVERAGE(FB$3:FB$5) -> 0 | FD8: =AVERAGE(FD$3:FD$5) -> 0 | FE8: =AVERAGE(FE$3:FE$5) -> 0 | FF8: =AVERAGE(FF$3:FF$5) -> 0 | FG8: =AVERAGE(FG$3:FG$5) -> 0 | FI8: =AVERAGE(FI$3:FI$5) -> 0 | FJ8: =AVERAGE(FJ$3:FJ$5) -> 0 | FK8: =AVERAGE(FK$3:FK$5) -> 0 | FL8: =AVERAGE(FL$3:FL$5) -> 0 | FN8: =AVERAGE(FN$3:FN$5) -> 0 | FO8: =AVERAGE(FO$3:FO$5) -> 0 | FP8: =AVERAGE(FP$3:FP$5) -> 0 | FQ8: =AVERAGE(FQ$3:FQ$5) -> 0 | FS8: =AVERAGE(FS$3:FS$5) -> 0 | FT8: =AVERAGE(FT$3:FT$5) -> 0 | FU8: =AVERAGE(FU$3:FU$5) -> 0 | FV8: =AVERAGE(FV$3:FV$5) -> 0 | FX8: =AVERAGE(FX$3:FX$5) -> 0 | FY8: =AVERAGE(FY$3:FY$5) -> 0 | FZ8: =AVERAGE(FZ$3:FZ$5) -> 0 | GA8: =AVERAGE(GA$3:GA$5) -> 0 | GC8: =AVERAGE(GC$3:GC$5) -> 0 | GD8: =AVERAGE(GD$3:GD$5) -> 0 | GE8: =AVERAGE(GE$3:GE$5) -> 0 | GF8: =AVERAGE(GF$3:GF$5) -> 0 | GH8: =AVERAGE(GH$3:GH$5) -> 0 | GI8: =AVERAGE(GI$3:GI$5) -> 0 | GJ8: =AVERAGE(GJ$3:GJ$5) -> 0 | GK8: =AVERAGE(GK$3:GK$5) -> 0 | GM8: =AVERAGE(GM$3:GM$5) -> 0 | GN8: =AVERAGE(GN$3:GN$5) -> 0 | GO8: =AVERAGE(GO$3:GO$5) -> 0 | GP8: =AVERAGE(GP$3:GP$5) -> 0 | GR8: =AVERAGE(GR$3:GR$5) -> 0 | GS8: =AVERAGE(GS$3:GS$5) -> 0 | GT8: =AVERAGE(GT$3:GT$5) -> 0 | GU8: =AVERAGE(GU$3:GU$5) -> 0 | GW8: =AVERAGE(GW$3:GW$5) -> 0 | GX8: =AVERAGE(GX$3:GX$5) -> 0 | GY8: =AVERAGE(GY$3:GY$5) -> 0 | GZ8: =AVERAGE(GZ$3:GZ$5) -> 0 | HB8: =AVERAGE(HB$3:HB$5) -> 0 | HC8: =AVERAGE(HC$3:HC$5) -> 0 | HD8: =AVERAGE(HD$3:HD$5) -> 0 | HE8: =AVERAGE(HE$3:HE$5) -> 0 | HG8: =AVERAGE(HG$3:HG$5) -> 0 | HH8: =AVERAGE(HH$3:HH$5) -> 0 | HI8: =AVERAGE(HI$3:HI$5) -> 0 | HJ8: =AVERAGE(HJ$3:HJ$5) -> 0 | HL8: =AVERAGE(HL$3:HL$5) -> 0 | HM8: =AVERAGE(HM$3:HM$5) -> 0 | HN8: =AVERAGE(HN$3:HN$5) -> 0 | HO8: =AVERAGE(HO$3:HO$5) -> 0 | HQ8: =AVERAGE(HQ$3:HQ$5) -> 0 | HR8: =AVERAGE(HR$3:HR$5) -> 0 | HS8: =AVERAGE(HS$3:HS$5) -> 0 | HT8: =AVERAGE(HT$3:HT$5) -> 0 | HU8: =AVERAGE(HU$3:HU$5) -> 0 | HV8: =AVERAGE(HV$3:HV$5) -> 0 | HW8: =AVERAGE(HW$3:HW$5) -> 0 | HX8: =AVERAGE(HX$3:HX$5) -> 0 | ... ID8: =AVERAGE(ID$3:ID$5) -> 0
A9: DEV | B9: =STDEV(B$3:B$5) -> 0 | C9: =STDEV(C$3:C$5) -> 0 | E9: =STDEV(E$3:E$5) -> 0 | F9: =STDEV(F$3:F$5) -> 0 | G9: =STDEV(G$3:G$5) -> 0 | H9: =STDEV(H$3:H$5) -> 0 | J9: =STDEV(J$3:J$5) -> 0 | K9: =STDEV(K$3:K$5) -> 0 | L9: =STDEV(L$3:L$5) -> 0 | M9: =STDEV(M$3:M$5) -> 0 | O9: =STDEV(O$3:O$5) -> 0 | P9: =STDEV(P$3:P$5) -> 0 | Q9: =STDEV(Q$3:Q$5) -> 0 | R9: =STDEV(R$3:R$5) -> 0 | T9: =STDEV(T$3:T$5) -> 0 | U9: =STDEV(U$3:U$5) -> 0 | V9: =STDEV(V$3:V$5) -> 0 | W9: =STDEV(W$3:W$5) -> 0 | Y9: =STDEV(Y$3:Y$5) -> 0 | Z9: =STDEV(Z$3:Z$5) -> 0 | AA9: =STDEV(AA$3:AA$5) -> 0 | AB9: =STDEV(AB$3:AB$5) -> 0 | AD9: =STDEV(AD$3:AD$5) -> 0 | AE9: =STDEV(AE$3:AE$5) -> 0 | AF9: =STDEV(AF$3:AF$5) -> 0 | AG9: =STDEV(AG$3:AG$5) -> 0 | AI9: =STDEV(AI$3:AI$5) -> 0 | AJ9: =STDEV(AJ$3:AJ$5) -> 0 | AK9: =STDEV(AK$3:AK$5) -> 0 | AL9: =STDEV(AL$3:AL$5) -> 0 | AN9: =STDEV(AN$3:AN$5) -> 0 | AO9: =STDEV(AO$3:AO$5) -> 0 | AP9: =STDEV(AP$3:AP$5) -> 0 | AQ9: =STDEV(AQ$3:AQ$5) -> 0 | AS9: =STDEV(AS$3:AS$5) -> 0 | AT9: =STDEV(AT$3:AT$5) -> 0 | AU9: =STDEV(AU$3:AU$5) -> 0 | AV9: =STDEV(AV$3:AV$5) -> 0 | AX9: =STDEV(AX$3:AX$5) -> 0 | AY9: =STDEV(AY$3:AY$5) -> 0 | AZ9: =STDEV(AZ$3:AZ$5) -> 0 | BA9: =STDEV(BA$3:BA$5) -> 0 | BC9: =STDEV(BC$3:BC$5) -> 0 | BD9: =STDEV(BD$3:BD$5) -> 0 | BE9: =STDEV(BE$3:BE$5) -> 0 | BF9: =STDEV(BF$3:BF$5) -> 0 | BH9: =STDEV(BH$3:BH$5) -> 0 | BI9: =STDEV(BI$3:BI$5) -> 0 | BJ9: =STDEV(BJ$3:BJ$5) -> 0 | BK9: =STDEV(BK$3:BK$5) -> 0 | BM9: =STDEV(BM$3:BM$5) -> 0 | BN9: =STDEV(BN$3:BN$5) -> 0 | BO9: =STDEV(BO$3:BO$5) -> 0 | BP9: =STDEV(BP$3:BP$5) -> 0 | BR9: =STDEV(BR$3:BR$5) -> 0 | BS9: =STDEV(BS$3:BS$5) -> 0 | BT9: =STDEV(BT$3:BT$5) -> 0 | BU9: =STDEV(BU$3:BU$5) -> 0 | BW9: =STDEV(BW$3:BW$5) -> 0 | BX9: =STDEV(BX$3:BX$5) -> 0 | BY9: =STDEV(BY$3:BY$5) -> 0 | BZ9: =STDEV(BZ$3:BZ$5) -> 0 | CB9: =STDEV(CB$3:CB$5) -> 0 | CC9: =STDEV(CC$3:CC$5) -> 0 | CD9: =STDEV(CD$3:CD$5) -> 0 | CE9: =STDEV(CE$3:CE$5) -> 0 | CG9: =STDEV(CG$3:CG$5) -> 0 | CH9: =STDEV(CH$3:CH$5) -> 0 | CI9: =STDEV(CI$3:CI$5) -> 0 | CJ9: =STDEV(CJ$3:CJ$5) -> 0 | CL9: =STDEV(CL$3:CL$5) -> 0 | CM9: =STDEV(CM$3:CM$5) -> 0 | CN9: =STDEV(CN$3:CN$5) -> 0 | CO9: =STDEV(CO$3:CO$5) -> 0 | CQ9: =STDEV(CQ$3:CQ$5) -> 0 | CR9: =STDEV(CR$3:CR$5) -> 0 | CS9: =STDEV(CS$3:CS$5) -> 0 | CT9: =STDEV(CT$3:CT$5) -> 0 | CV9: =STDEV(CV$3:CV$5) -> 0 | CW9: =STDEV(CW$3:CW$5) -> 0 | CX9: =STDEV(CX$3:CX$5) -> 0 | CY9: =STDEV(CY$3:CY$5) -> 0 | DA9: =STDEV(DA$3:DA$5) -> 0 | DB9: =STDEV(DB$3:DB$5) -> 0 | DC9: =STDEV(DC$3:DC$5) -> 0 | DD9: =STDEV(DD$3:DD$5) -> 0 | DF9: =STDEV(DF$3:DF$5) -> 0 | DG9: =STDEV(DG$3:DG$5) -> 0 | DH9: =STDEV(DH$3:DH$5) -> 0 | DI9: =STDEV(DI$3:DI$5) -> 0 | DK9: =STDEV(DK$3:DK$5) -> 0 | DL9: =STDEV(DL$3:DL$5) -> 0 | DM9: =STDEV(DM$3:DM$5) -> 0 | DN9: =STDEV(DN$3:DN$5) -> 0 | DP9: =STDEV(DP$3:DP$5) -> 0 | DQ9: =STDEV(DQ$3:DQ$5) -> 0 | DR9: =STDEV(DR$3:DR$5) -> 0 | DS9: =STDEV(DS$3:DS$5) -> 0 | DU9: =STDEV(DU$3:DU$5) -> 0 | DV9: =STDEV(DV$3:DV$5) -> 0 | DW9: =STDEV(DW$3:DW$5) -> 0 | DX9: =STDEV(DX$3:DX$5) -> 0 | DZ9: =STDEV(DZ$3:DZ$5) -> 0 | EA9: =STDEV(EA$3:EA$5) -> 0 | EB9: =STDEV(EB$3:EB$5) -> 0 | EC9: =STDEV(EC$3:EC$5) -> 0 | EE9: =STDEV(EE$3:EE$5) -> 0 | EF9: =STDEV(EF$3:EF$5) -> 0 | EG9: =STDEV(EG$3:EG$5) -> 0 | EH9: =STDEV(EH$3:EH$5) -> 0 | EJ9: =STDEV(EJ$3:EJ$5) -> 0 | EK9: =STDEV(EK$3:EK$5) -> 0 | EL9: =STDEV(EL$3:EL$5) -> 0 | EM9: =STDEV(EM$3:EM$5) -> 0 | EO9: =STDEV(EO$3:EO$5) -> 0 | EP9: =STDEV(EP$3:EP$5) -> 0 | EQ9: =STDEV(EQ$3:EQ$5) -> 0 | ER9: =STDEV(ER$3:ER$5) -> 0 | ET9: =STDEV(ET$3:ET$5) -> 0 | EU9: =STDEV(EU$3:EU$5) -> 0 | EV9: =STDEV(EV$3:EV$5) -> 0 | EW9: =STDEV(EW$3:EW$5) -> 0 | EY9: =STDEV(EY$3:EY$5) -> 0 | EZ9: =STDEV(EZ$3:EZ$5) -> 0 | FA9: =STDEV(FA$3:FA$5) -> 0 | FB9: =STDEV(FB$3:FB$5) -> 0 | FD9: =STDEV(FD$3:FD$5) -> 0 | FE9: =STDEV(FE$3:FE$5) -> 0 | FF9: =STDEV(FF$3:FF$5) -> 0 | FG9: =STDEV(FG$3:FG$5) -> 0 | FI9: =STDEV(FI$3:FI$5) -> 0 | FJ9: =STDEV(FJ$3:FJ$5) -> 0 | FK9: =STDEV(FK$3:FK$5) -> 0 | FL9: =STDEV(FL$3:FL$5) -> 0 | FN9: =STDEV(FN$3:FN$5) -> 0 | FO9: =STDEV(FO$3:FO$5) -> 0 | FP9: =STDEV(FP$3:FP$5) -> 0 | FQ9: =STDEV(FQ$3:FQ$5) -> 0 | FS9: =STDEV(FS$3:FS$5) -> 0 | FT9: =STDEV(FT$3:FT$5) -> 0 | FU9: =STDEV(FU$3:FU$5) -> 0 | FV9: =STDEV(FV$3:FV$5) -> 0 | FX9: =STDEV(FX$3:FX$5) -> 0 | FY9: =STDEV(FY$3:FY$5) -> 0 | FZ9: =STDEV(FZ$3:FZ$5) -> 0 | GA9: =STDEV(GA$3:GA$5) -> 0 | GC9: =STDEV(GC$3:GC$5) -> 0 | GD9: =STDEV(GD$3:GD$5) -> 0 | GE9: =STDEV(GE$3:GE$5) -> 0 | GF9: =STDEV(GF$3:GF$5) -> 0 | GH9: =STDEV(GH$3:GH$5) -> 0 | GI9: =STDEV(GI$3:GI$5) -> 0 | GJ9: =STDEV(GJ$3:GJ$5) -> 0 | GK9: =STDEV(GK$3:GK$5) -> 0 | GM9: =STDEV(GM$3:GM$5) -> 0 | GN9: =STDEV(GN$3:GN$5) -> 0 | GO9: =STDEV(GO$3:GO$5) -> 0 | GP9: =STDEV(GP$3:GP$5) -> 0 | GR9: =STDEV(GR$3:GR$5) -> 0 | GS9: =STDEV(GS$3:GS$5) -> 0 | GT9: =STDEV(GT$3:GT$5) -> 0 | GU9: =STDEV(GU$3:GU$5) -> 0 | GW9: =STDEV(GW$3:GW$5) -> 0 | GX9: =STDEV(GX$3:GX$5) -> 0 | GY9: =STDEV(GY$3:GY$5) -> 0 | GZ9: =STDEV(GZ$3:GZ$5) -> 0 | HB9: =STDEV(HB$3:HB$5) -> 0 | HC9: =STDEV(HC$3:HC$5) -> 0 | HD9: =STDEV(HD$3:HD$5) -> 0 | HE9: =STDEV(HE$3:HE$5) -> 0 | HG9: =STDEV(HG$3:HG$5) -> 0 | HH9: =STDEV(HH$3:HH$5) -> 0 | HI9: =STDEV(HI$3:HI$5) -> 0 | HJ9: =STDEV(HJ$3:HJ$5) -> 0 | HL9: =STDEV(HL$3:HL$5) -> 0 | HM9: =STDEV(HM$3:HM$5) -> 0 | HN9: =STDEV(HN$3:HN$5) -> 0 | HO9: =STDEV(HO$3:HO$5) -> 0 | HQ9: =STDEV(HQ$3:HQ$5) -> 0 | HR9: =STDEV(HR$3:HR$5) -> 0 | HS9: =STDEV(HS$3:HS$5) -> 0 | HT9: =STDEV(HT$3:HT$5) -> 0 | HU9: =STDEV(HU$3:HU$5) -> 0 | HV9: =STDEV(HV$3:HV$5) -> 0 | HW9: =STDEV(HW$3:HW$5) -> 0 | HX9: =STDEV(HX$3:HX$5) -> 0 | ... ID9: =STDEV(ID$3:ID$5) -> 0
A10: DST | B10: =SUMPRODUCT(--(B$3:B$5-$HS$3:$HS$5)^2)^0.5 -> 0 | C10: =SUMPRODUCT(--(C$3:C$5-$HT$3:$HT$5)^2)^0.5 -> 0 | E10: =SUMPRODUCT(--(E$3:E$5-$HU$3:$HU$5)^2)^0.5 -> 0 | F10: =SUMPRODUCT(--(F$3:F$5-$HV$3:$HV$5)^2)^0.5 -> 0 | G10: =SUMPRODUCT(--(G$3:G$5-$HS$3:$HS$5)^2)^0.5 -> 0 | H10: =SUMPRODUCT(--(H$3:H$5-$HT$3:$HT$5)^2)^0.5 -> 0 | J10: =SUMPRODUCT(--(J$3:J$5-$HU$3:$HU$5)^2)^0.5 -> 0 | K10: =SUMPRODUCT(--(K$3:K$5-$HV$3:$HV$5)^2)^0.5 -> 0 | L10: =SUMPRODUCT(--(L$3:L$5-$HS$3:$HS$5)^2)^0.5 -> 0 | M10: =SUMPRODUCT(--(M$3:M$5-$HT$3:$HT$5)^2)^0.5 -> 0 | O10: =SUMPRODUCT(--(O$3:O$5-$HU$3:$HU$5)^2)^0.5 -> 0 | P10: =SUMPRODUCT(--(P$3:P$5-$HV$3:$HV$5)^2)^0.5 -> 0 | Q10: =SUMPRODUCT(--(Q$3:Q$5-$HS$3:$HS$5)^2)^0.5 -> 0 | R10: =SUMPRODUCT(--(R$3:R$5-$HT$3:$HT$5)^2)^0.5 -> 0 | T10: =SUMPRODUCT(--(T$3:T$5-$HU$3:$HU$5)^2)^0.5 -> 0 | U10: =SUMPRODUCT(--(U$3:U$5-$HV$3:$HV$5)^2)^0.5 -> 0 | V10: =SUMPRODUCT(--(V$3:V$5-$HS$3:$HS$5)^2)^0.5 -> 0 | W10: =SUMPRODUCT(--(W$3:W$5-$HT$3:$HT$5)^2)^0.5 -> 0 | Y10: =SUMPRODUCT(--(Y$3:Y$5-$HU$3:$HU$5)^2)^0.5 -> 0 | Z10: =SUMPRODUCT(--(Z$3:Z$5-$HV$3:$HV$5)^2)^0.5 -> 0 | AA10: =SUMPRODUCT(--(AA$3:AA$5-$HS$3:$HS$5)^2)^0.5 -> 0 | AB10: =SUMPRODUCT(--(AB$3:AB$5-$HT$3:$HT$5)^2)^0.5 -> 0 | AD10: =SUMPRODUCT(--(AD$3:AD$5-$HU$3:$HU$5)^2)^0.5 -> 0 | AE10: =SUMPRODUCT(--(AE$3:AE$5-$HV$3:$HV$5)^2)^0.5 -> 0 | AF10: =SUMPRODUCT(--(AF$3:AF$5-$HS$3:$HS$5)^2)^0.5 -> 0 | AG10: =SUMPRODUCT(--(AG$3:AG$5-$HT$3:$HT$5)^2)^0.5 -> 0 | AI10: =SUMPRODUCT(--(AI$3:AI$5-$HU$3:$HU$5)^2)^0.5 -> 0 | AJ10: =SUMPRODUCT(--(AJ$3:AJ$5-$HV$3:$HV$5)^2)^0.5 -> 0 | AK10: =SUMPRODUCT(--(AK$3:AK$5-$HS$3:$HS$5)^2)^0.5 -> 0 | AL10: =SUMPRODUCT(--(AL$3:AL$5-$HT$3:$HT$5)^2)^0.5 -> 0 | AN10: =SUMPRODUCT(--(AN$3:AN$5-$HU$3:$HU$5)^2)^0.5 -> 0 | AO10: =SUMPRODUCT(--(AO$3:AO$5-$HV$3:$HV$5)^2)^0.5 -> 0 | AP10: =SUMPRODUCT(--(AP$3:AP$5-$HS$3:$HS$5)^2)^0.5 -> 0 | AQ10: =SUMPRODUCT(--(AQ$3:AQ$5-$HT$3:$HT$5)^2)^0.5 -> 0 | AS10: =SUMPRODUCT(--(AS$3:AS$5-$HU$3:$HU$5)^2)^0.5 -> 0 | AT10: =SUMPRODUCT(--(AT$3:AT$5-$HV$3:$HV$5)^2)^0.5 -> 0 | AU10: =SUMPRODUCT(--(AU$3:AU$5-$HS$3:$HS$5)^2)^0.5 -> 0 | AV10: =SUMPRODUCT(--(AV$3:AV$5-$HT$3:$HT$5)^2)^0.5 -> 0 | AX10: =SUMPRODUCT(--(AX$3:AX$5-$HU$3:$HU$5)^2)^0.5 -> 0 | AY10: =SUMPRODUCT(--(AY$3:AY$5-$HV$3:$HV$5)^2)^0.5 -> 0 | AZ10: =SUMPRODUCT(--(AZ$3:AZ$5-$HS$3:$HS$5)^2)^0.5 -> 0 | BA10: =SUMPRODUCT(--(BA$3:BA$5-$HT$3:$HT$5)^2)^0.5 -> 0 | BC10: =SUMPRODUCT(--(BC$3:BC$5-$HU$3:$HU$5)^2)^0.5 -> 0 | BD10: =SUMPRODUCT(--(BD$3:BD$5-$HV$3:$HV$5)^2)^0.5 -> 0 | BE10: =SUMPRODUCT(--(BE$3:BE$5-$HS$3:$HS$5)^2)^0.5 -> 0 | BF10: =SUMPRODUCT(--(BF$3:BF$5-$HT$3:$HT$5)^2)^0.5 -> 0 | BH10: =SUMPRODUCT(--(BH$3:BH$5-$HU$3:$HU$5)^2)^0.5 -> 0 | BI10: =SUMPRODUCT(--(BI$3:BI$5-$HV$3:$HV$5)^2)^0.5 -> 0 | BJ10: =SUMPRODUCT(--(BJ$3:BJ$5-$HS$3:$HS$5)^2)^0.5 -> 0 | BK10: =SUMPRODUCT(--(BK$3:BK$5-$HT$3:$HT$5)^2)^0.5 -> 0 | BM10: =SUMPRODUCT(--(BM$3:BM$5-$HU$3:$HU$5)^2)^0.5 -> 0 | BN10: =SUMPRODUCT(--(BN$3:BN$5-$HV$3:$HV$5)^2)^0.5 -> 0 | BO10: =SUMPRODUCT(--(BO$3:BO$5-$HS$3:$HS$5)^2)^0.5 -> 0 | BP10: =SUMPRODUCT(--(BP$3:BP$5-$HT$3:$HT$5)^2)^0.5 -> 0 | BR10: =SUMPRODUCT(--(BR$3:BR$5-$HU$3:$HU$5)^2)^0.5 -> 0 | BS10: =SUMPRODUCT(--(BS$3:BS$5-$HV$3:$HV$5)^2)^0.5 -> 0 | BT10: =SUMPRODUCT(--(BT$3:BT$5-$HS$3:$HS$5)^2)^0.5 -> 0 | BU10: =SUMPRODUCT(--(BU$3:BU$5-$HT$3:$HT$5)^2)^0.5 -> 0 | BW10: =SUMPRODUCT(--(BW$3:BW$5-$HU$3:$HU$5)^2)^0.5 -> 0 | BX10: =SUMPRODUCT(--(BX$3:BX$5-$HV$3:$HV$5)^2)^0.5 -> 0 | BY10: =SUMPRODUCT(--(BY$3:BY$5-$HS$3:$HS$5)^2)^0.5 -> 0 | BZ10: =SUMPRODUCT(--(BZ$3:BZ$5-$HT$3:$HT$5)^2)^0.5 -> 0 | CB10: =SUMPRODUCT(--(CB$3:CB$5-$HU$3:$HU$5)^2)^0.5 -> 0 | CC10: =SUMPRODUCT(--(CC$3:CC$5-$HV$3:$HV$5)^2)^0.5 -> 0 | CD10: =SUMPRODUCT(--(CD$3:CD$5-$HS$3:$HS$5)^2)^0.5 -> 0 | CE10: =SUMPRODUCT(--(CE$3:CE$5-$HT$3:$HT$5)^2)^0.5 -> 0 | CG10: =SUMPRODUCT(--(CG$3:CG$5-$HU$3:$HU$5)^2)^0.5 -> 0 | CH10: =SUMPRODUCT(--(CH$3:CH$5-$HV$3:$HV$5)^2)^0.5 -> 0 | CI10: =SUMPRODUCT(--(CI$3:CI$5-$HS$3:$HS$5)^2)^0.5 -> 0 | CJ10: =SUMPRODUCT(--(CJ$3:CJ$5-$HT$3:$HT$5)^2)^0.5 -> 0 | CL10: =SUMPRODUCT(--(CL$3:CL$5-$HU$3:$HU$5)^2)^0.5 -> 0 | CM10: =SUMPRODUCT(--(CM$3:CM$5-$HV$3:$HV$5)^2)^0.5 -> 0 | CN10: =SUMPRODUCT(--(CN$3:CN$5-$HS$3:$HS$5)^2)^0.5 -> 0 | CO10: =SUMPRODUCT(--(CO$3:CO$5-$HT$3:$HT$5)^2)^0.5 -> 0 | CQ10: =SUMPRODUCT(--(CQ$3:CQ$5-$HU$3:$HU$5)^2)^0.5 -> 0 | CR10: =SUMPRODUCT(--(CR$3:CR$5-$HV$3:$HV$5)^2)^0.5 -> 0 | CS10: =SUMPRODUCT(--(CS$3:CS$5-$HS$3:$HS$5)^2)^0.5 -> 0 | CT10: =SUMPRODUCT(--(CT$3:CT$5-$HT$3:$HT$5)^2)^0.5 -> 0 | CV10: =SUMPRODUCT(--(CV$3:CV$5-$HU$3:$HU$5)^2)^0.5 -> 0 | CW10: =SUMPRODUCT(--(CW$3:CW$5-$HV$3:$HV$5)^2)^0.5 -> 0 | CX10: =SUMPRODUCT(--(CX$3:CX$5-$HS$3:$HS$5)^2)^0.5 -> 0 | CY10: =SUMPRODUCT(--(CY$3:CY$5-$HT$3:$HT$5)^2)^0.5 -> 0 | DA10: =SUMPRODUCT(--(DA$3:DA$5-$HU$3:$HU$5)^2)^0.5 -> 0 | DB10: =SUMPRODUCT(--(DB$3:DB$5-$HV$3:$HV$5)^2)^0.5 -> 0 | DC10: =SUMPRODUCT(--(DC$3:DC$5-$HS$3:$HS$5)^2)^0.5 -> 0 | DD10: =SUMPRODUCT(--(DD$3:DD$5-$HT$3:$HT$5)^2)^0.5 -> 0 | DF10: =SUMPRODUCT(--(DF$3:DF$5-$HU$3:$HU$5)^2)^0.5 -> 0 | DG10: =SUMPRODUCT(--(DG$3:DG$5-$HV$3:$HV$5)^2)^0.5 -> 0 | DH10: =SUMPRODUCT(--(DH$3:DH$5-$HS$3:$HS$5)^2)^0.5 -> 0 | DI10: =SUMPRODUCT(--(DI$3:DI$5-$HT$3:$HT$5)^2)^0.5 -> 0 | DK10: =SUMPRODUCT(--(DK$3:DK$5-$HU$3:$HU$5)^2)^0.5 -> 0 | DL10: =SUMPRODUCT(--(DL$3:DL$5-$HV$3:$HV$5)^2)^0.5 -> 0 | DM10: =SUMPRODUCT(--(DM$3:DM$5-$HS$3:$HS$5)^2)^0.5 -> 0 | DN10: =SUMPRODUCT(--(DN$3:DN$5-$HT$3:$HT$5)^2)^0.5 -> 0 | DP10: =SUMPRODUCT(--(DP$3:DP$5-$HU$3:$HU$5)^2)^0.5 -> 0 | DQ10: =SUMPRODUCT(--(DQ$3:DQ$5-$HV$3:$HV$5)^2)^0.5 -> 0 | DR10: =SUMPRODUCT(--(DR$3:DR$5-$HS$3:$HS$5)^2)^0.5 -> 0 | DS10: =SUMPRODUCT(--(DS$3:DS$5-$HT$3:$HT$5)^2)^0.5 -> 0 | DU10: =SUMPRODUCT(--(DU$3:DU$5-$HU$3:$HU$5)^2)^0.5 -> 0 | DV10: =SUMPRODUCT(--(DV$3:DV$5-$HV$3:$HV$5)^2)^0.5 -> 0 | DW10: =SUMPRODUCT(--(DW$3:DW$5-$HS$3:$HS$5)^2)^0.5 -> 0 | DX10: =SUMPRODUCT(--(DX$3:DX$5-$HT$3:$HT$5)^2)^0.5 -> 0 | DZ10: =SUMPRODUCT(--(DZ$3:DZ$5-$HU$3:$HU$5)^2)^0.5 -> 0 | EA10: =SUMPRODUCT(--(EA$3:EA$5-$HV$3:$HV$5)^2)^0.5 -> 0 | EB10: =SUMPRODUCT(--(EB$3:EB$5-$HS$3:$HS$5)^2)^0.5 -> 0 | EC10: =SUMPRODUCT(--(EC$3:EC$5-$HT$3:$HT$5)^2)^0.5 -> 0 | EE10: =SUMPRODUCT(--(EE$3:EE$5-$HU$3:$HU$5)^2)^0.5 -> 0 | EF10: =SUMPRODUCT(--(EF$3:EF$5-$HV$3:$HV$5)^2)^0.5 -> 0 | EG10: =SUMPRODUCT(--(EG$3:EG$5-$HS$3:$HS$5)^2)^0.5 -> 0 | EH10: =SUMPRODUCT(--(EH$3:EH$5-$HT$3:$HT$5)^2)^0.5 -> 0 | EJ10: =SUMPRODUCT(--(EJ$3:EJ$5-$HU$3:$HU$5)^2)^0.5 -> 0 | EK10: =SUMPRODUCT(--(EK$3:EK$5-$HV$3:$HV$5)^2)^0.5 -> 0 | EL10: =SUMPRODUCT(--(EL$3:EL$5-$HS$3:$HS$5)^2)^0.5 -> 0 | EM10: =SUMPRODUCT(--(EM$3:EM$5-$HT$3:$HT$5)^2)^0.5 -> 0 | EO10: =SUMPRODUCT(--(EO$3:EO$5-$HU$3:$HU$5)^2)^0.5 -> 0 | EP10: =SUMPRODUCT(--(EP$3:EP$5-$HV$3:$HV$5)^2)^0.5 -> 0 | EQ10: =SUMPRODUCT(--(EQ$3:EQ$5-$HS$3:$HS$5)^2)^0.5 -> 0 | ER10: =SUMPRODUCT(--(ER$3:ER$5-$HT$3:$HT$5)^2)^0.5 -> 0 | ET10: =SUMPRODUCT(--(ET$3:ET$5-$HU$3:$HU$5)^2)^0.5 -> 0 | EU10: =SUMPRODUCT(--(EU$3:EU$5-$HV$3:$HV$5)^2)^0.5 -> 0 | EV10: =SUMPRODUCT(--(EV$3:EV$5-$HS$3:$HS$5)^2)^0.5 -> 0 | EW10: =SUMPRODUCT(--(EW$3:EW$5-$HT$3:$HT$5)^2)^0.5 -> 0 | EY10: =SUMPRODUCT(--(EY$3:EY$5-$HU$3:$HU$5)^2)^0.5 -> 0 | EZ10: =SUMPRODUCT(--(EZ$3:EZ$5-$HV$3:$HV$5)^2)^0.5 -> 0 | FA10: =SUMPRODUCT(--(FA$3:FA$5-$HS$3:$HS$5)^2)^0.5 -> 0 | FB10: =SUMPRODUCT(--(FB$3:FB$5-$HT$3:$HT$5)^2)^0.5 -> 0 | FD10: =SUMPRODUCT(--(FD$3:FD$5-$HU$3:$HU$5)^2)^0.5 -> 0 | FE10: =SUMPRODUCT(--(FE$3:FE$5-$HV$3:$HV$5)^2)^0.5 -> 0 | FF10: =SUMPRODUCT(--(FF$3:FF$5-$HS$3:$HS$5)^2)^0.5 -> 0 | FG10: =SUMPRODUCT(--(FG$3:FG$5-$HT$3:$HT$5)^2)^0.5 -> 0 | FI10: =SUMPRODUCT(--(FI$3:FI$5-$HU$3:$HU$5)^2)^0.5 -> 0 | FJ10: =SUMPRODUCT(--(FJ$3:FJ$5-$HV$3:$HV$5)^2)^0.5 -> 0 | FK10: =SUMPRODUCT(--(FK$3:FK$5-$HS$3:$HS$5)^2)^0.5 -> 0 | FL10: =SUMPRODUCT(--(FL$3:FL$5-$HT$3:$HT$5)^2)^0.5 -> 0 | FN10: =SUMPRODUCT(--(FN$3:FN$5-$HU$3:$HU$5)^2)^0.5 -> 0 | FO10: =SUMPRODUCT(--(FO$3:FO$5-$HV$3:$HV$5)^2)^0.5 -> 0 | FP10: =SUMPRODUCT(--(FP$3:FP$5-$HS$3:$HS$5)^2)^0.5 -> 0 | FQ10: =SUMPRODUCT(--(FQ$3:FQ$5-$HT$3:$HT$5)^2)^0.5 -> 0 | FS10: =SUMPRODUCT(--(FS$3:FS$5-$HU$3:$HU$5)^2)^0.5 -> 0 | FT10: =SUMPRODUCT(--(FT$3:FT$5-$HV$3:$HV$5)^2)^0.5 -> 0 | FU10: =SUMPRODUCT(--(FU$3:FU$5-$HS$3:$HS$5)^2)^0.5 -> 0 | FV10: =SUMPRODUCT(--(FV$3:FV$5-$HT$3:$HT$5)^2)^0.5 -> 0 | FX10: =SUMPRODUCT(--(FX$3:FX$5-$HU$3:$HU$5)^2)^0.5 -> 0 | FY10: =SUMPRODUCT(--(FY$3:FY$5-$HV$3:$HV$5)^2)^0.5 -> 0 | FZ10: =SUMPRODUCT(--(FZ$3:FZ$5-$HS$3:$HS$5)^2)^0.5 -> 0 | GA10: =SUMPRODUCT(--(GA$3:GA$5-$HT$3:$HT$5)^2)^0.5 -> 0 | GC10: =SUMPRODUCT(--(GC$3:GC$5-$HU$3:$HU$5)^2)^0.5 -> 0 | GD10: =SUMPRODUCT(--(GD$3:GD$5-$HV$3:$HV$5)^2)^0.5 -> 0 | GE10: =SUMPRODUCT(--(GE$3:GE$5-$HS$3:$HS$5)^2)^0.5 -> 0 | GF10: =SUMPRODUCT(--(GF$3:GF$5-$HT$3:$HT$5)^2)^0.5 -> 0 | GH10: =SUMPRODUCT(--(GH$3:GH$5-$HU$3:$HU$5)^2)^0.5 -> 0 | GI10: =SUMPRODUCT(--(GI$3:GI$5-$HV$3:$HV$5)^2)^0.5 -> 0 | GJ10: =SUMPRODUCT(--(GJ$3:GJ$5-$HS$3:$HS$5)^2)^0.5 -> 0 | GK10: =SUMPRODUCT(--(GK$3:GK$5-$HT$3:$HT$5)^2)^0.5 -> 0 | GM10: =SUMPRODUCT(--(GM$3:GM$5-$HU$3:$HU$5)^2)^0.5 -> 0 | GN10: =SUMPRODUCT(--(GN$3:GN$5-$HV$3:$HV$5)^2)^0.5 -> 0 | GO10: =SUMPRODUCT(--(GO$3:GO$5-$HS$3:$HS$5)^2)^0.5 -> 0 | GP10: =SUMPRODUCT(--(GP$3:GP$5-$HT$3:$HT$5)^2)^0.5 -> 0 | GR10: =SUMPRODUCT(--(GR$3:GR$5-$HU$3:$HU$5)^2)^0.5 -> 0 | GS10: =SUMPRODUCT(--(GS$3:GS$5-$HV$3:$HV$5)^2)^0.5 -> 0 | GT10: =SUMPRODUCT(--(GT$3:GT$5-$HS$3:$HS$5)^2)^0.5 -> 0 | GU10: =SUMPRODUCT(--(GU$3:GU$5-$HT$3:$HT$5)^2)^0.5 -> 0 | GW10: =SUMPRODUCT(--(GW$3:GW$5-$HU$3:$HU$5)^2)^0.5 -> 0 | GX10: =SUMPRODUCT(--(GX$3:GX$5-$HV$3:$HV$5)^2)^0.5 -> 0 | GY10: =SUMPRODUCT(--(GY$3:GY$5-$HS$3:$HS$5)^2)^0.5 -> 0 | GZ10: =SUMPRODUCT(--(GZ$3:GZ$5-$HT$3:$HT$5)^2)^0.5 -> 0 | HB10: =SUMPRODUCT(--(HB$3:HB$5-$HU$3:$HU$5)^2)^0.5 -> 0 | HC10: =SUMPRODUCT(--(HC$3:HC$5-$HV$3:$HV$5)^2)^0.5 -> 0 | HD10: =SUMPRODUCT(--(HD$3:HD$5-$HS$3:$HS$5)^2)^0.5 -> 0 | HE10: =SUMPRODUCT(--(HE$3:HE$5-$HT$3:$HT$5)^2)^0.5 -> 0 | HG10: =SUMPRODUCT(--(HG$3:HG$5-$HU$3:$HU$5)^2)^0.5 -> 0 | HH10: =SUMPRODUCT(--(HH$3:HH$5-$HV$3:$HV$5)^2)^0.5 -> 0 | HI10: =SUMPRODUCT(--(HI$3:HI$5-$HS$3:$HS$5)^2)^0.5 -> 0 | HJ10: =SUMPRODUCT(--(HJ$3:HJ$5-$HT$3:$HT$5)^2)^0.5 -> 0 | HL10: =SUMPRODUCT(--(HL$3:HL$5-$HU$3:$HU$5)^2)^0.5 -> 0 | HM10: =SUMPRODUCT(--(HM$3:HM$5-$HV$3:$HV$5)^2)^0.5 -> 0 | HN10: =SUMPRODUCT(--(HN$3:HN$5-$HS$3:$HS$5)^2)^0.5 -> 0 | HO10: =SUMPRODUCT(--(HO$3:HO$5-$HT$3:$HT$5)^2)^0.5 -> 0 | HQ10: =SUMPRODUCT(--(HQ$3:HQ$5-$HU$3:$HU$5)^2)^0.5 -> 0 | HR10: =SUMPRODUCT(--(HR$3:HR$5-$HV$3:$HV$5)^2)^0.5 -> 0
A11: BEST | B11: =SUMPRODUCT(NOT(ISBLANK(B$3:B$5))*(B$3:B$5=$HS$3:$HS$5)) -> 0 | C11: =SUMPRODUCT(NOT(ISBLANK(C$3:C$5))*(C$3:C$5=$HT$3:$HT$5)) -> 0 | E11: =SUMPRODUCT(NOT(ISBLANK(E$3:E$5))*(E$3:E$5=$HU$3:$HU$5)) -> 0 | F11: =SUMPRODUCT(NOT(ISBLANK(F$3:F$5))*(F$3:F$5=$HV$3:$HV$5)) -> 0 | G11: =SUMPRODUCT(NOT(ISBLANK(G$3:G$5))*(G$3:G$5=$HS$3:$HS$5)) -> 0 | H11: =SUMPRODUCT(NOT(ISBLANK(H$3:H$5))*(H$3:H$5=$HT$3:$HT$5)) -> 0 | J11: =SUMPRODUCT(NOT(ISBLANK(J$3:J$5))*(J$3:J$5=$HU$3:$HU$5)) -> 0 | K11: =SUMPRODUCT(NOT(ISBLANK(K$3:K$5))*(K$3:K$5=$HV$3:$HV$5)) -> 0 | L11: =SUMPRODUCT(NOT(ISBLANK(L$3:L$5))*(L$3:L$5=$HS$3:$HS$5)) -> 0 | M11: =SUMPRODUCT(NOT(ISBLANK(M$3:M$5))*(M$3:M$5=$HT$3:$HT$5)) -> 0 | O11: =SUMPRODUCT(NOT(ISBLANK(O$3:O$5))*(O$3:O$5=$HU$3:$HU$5)) -> 0 | P11: =SUMPRODUCT(NOT(ISBLANK(P$3:P$5))*(P$3:P$5=$HV$3:$HV$5)) -> 0 | Q11: =SUMPRODUCT(NOT(ISBLANK(Q$3:Q$5))*(Q$3:Q$5=$HS$3:$HS$5)) -> 0 | R11: =SUMPRODUCT(NOT(ISBLANK(R$3:R$5))*(R$3:R$5=$HT$3:$HT$5)) -> 0 | T11: =SUMPRODUCT(NOT(ISBLANK(T$3:T$5))*(T$3:T$5=$HU$3:$HU$5)) -> 0 | U11: =SUMPRODUCT(NOT(ISBLANK(U$3:U$5))*(U$3:U$5=$HV$3:$HV$5)) -> 0 | V11: =SUMPRODUCT(NOT(ISBLANK(V$3:V$5))*(V$3:V$5=$HS$3:$HS$5)) -> 0 | W11: =SUMPRODUCT(NOT(ISBLANK(W$3:W$5))*(W$3:W$5=$HT$3:$HT$5)) -> 0 | Y11: =SUMPRODUCT(NOT(ISBLANK(Y$3:Y$5))*(Y$3:Y$5=$HU$3:$HU$5)) -> 0 | Z11: =SUMPRODUCT(NOT(ISBLANK(Z$3:Z$5))*(Z$3:Z$5=$HV$3:$HV$5)) -> 0 | AA11: =SUMPRODUCT(NOT(ISBLANK(AA$3:AA$5))*(AA$3:AA$5=$HS$3:$HS$5)) -> 0 | AB11: =SUMPRODUCT(NOT(ISBLANK(AB$3:AB$5))*(AB$3:AB$5=$HT$3:$HT$5)) -> 0 | AD11: =SUMPRODUCT(NOT(ISBLANK(AD$3:AD$5))*(AD$3:AD$5=$HU$3:$HU$5)) -> 0 | AE11: =SUMPRODUCT(NOT(ISBLANK(AE$3:AE$5))*(AE$3:AE$5=$HV$3:$HV$5)) -> 0 | AF11: =SUMPRODUCT(NOT(ISBLANK(AF$3:AF$5))*(AF$3:AF$5=$HS$3:$HS$5)) -> 0 | AG11: =SUMPRODUCT(NOT(ISBLANK(AG$3:AG$5))*(AG$3:AG$5=$HT$3:$HT$5)) -> 0 | AI11: =SUMPRODUCT(NOT(ISBLANK(AI$3:AI$5))*(AI$3:AI$5=$HU$3:$HU$5)) -> 0 | AJ11: =SUMPRODUCT(NOT(ISBLANK(AJ$3:AJ$5))*(AJ$3:AJ$5=$HV$3:$HV$5)) -> 0 | AK11: =SUMPRODUCT(NOT(ISBLANK(AK$3:AK$5))*(AK$3:AK$5=$HS$3:$HS$5)) -> 0 | AL11: =SUMPRODUCT(NOT(ISBLANK(AL$3:AL$5))*(AL$3:AL$5=$HT$3:$HT$5)) -> 0 | AN11: =SUMPRODUCT(NOT(ISBLANK(AN$3:AN$5))*(AN$3:AN$5=$HU$3:$HU$5)) -> 0 | AO11: =SUMPRODUCT(NOT(ISBLANK(AO$3:AO$5))*(AO$3:AO$5=$HV$3:$HV$5)) -> 0 | AP11: =SUMPRODUCT(NOT(ISBLANK(AP$3:AP$5))*(AP$3:AP$5=$HS$3:$HS$5)) -> 0 | AQ11: =SUMPRODUCT(NOT(ISBLANK(AQ$3:AQ$5))*(AQ$3:AQ$5=$HT$3:$HT$5)) -> 0 | AS11: =SUMPRODUCT(NOT(ISBLANK(AS$3:AS$5))*(AS$3:AS$5=$HU$3:$HU$5)) -> 0 | AT11: =SUMPRODUCT(NOT(ISBLANK(AT$3:AT$5))*(AT$3:AT$5=$HV$3:$HV$5)) -> 0 | AU11: =SUMPRODUCT(NOT(ISBLANK(AU$3:AU$5))*(AU$3:AU$5=$HS$3:$HS$5)) -> 0 | AV11: =SUMPRODUCT(NOT(ISBLANK(AV$3:AV$5))*(AV$3:AV$5=$HT$3:$HT$5)) -> 0 | AX11: =SUMPRODUCT(NOT(ISBLANK(AX$3:AX$5))*(AX$3:AX$5=$HU$3:$HU$5)) -> 0 | AY11: =SUMPRODUCT(NOT(ISBLANK(AY$3:AY$5))*(AY$3:AY$5=$HV$3:$HV$5)) -> 0 | AZ11: =SUMPRODUCT(NOT(ISBLANK(AZ$3:AZ$5))*(AZ$3:AZ$5=$HS$3:$HS$5)) -> 0 | BA11: =SUMPRODUCT(NOT(ISBLANK(BA$3:BA$5))*(BA$3:BA$5=$HT$3:$HT$5)) -> 0 | BC11: =SUMPRODUCT(NOT(ISBLANK(BC$3:BC$5))*(BC$3:BC$5=$HU$3:$HU$5)) -> 0 | BD11: =SUMPRODUCT(NOT(ISBLANK(BD$3:BD$5))*(BD$3:BD$5=$HV$3:$HV$5)) -> 0 | BE11: =SUMPRODUCT(NOT(ISBLANK(BE$3:BE$5))*(BE$3:BE$5=$HS$3:$HS$5)) -> 0 | BF11: =SUMPRODUCT(NOT(ISBLANK(BF$3:BF$5))*(BF$3:BF$5=$HT$3:$HT$5)) -> 0 | BH11: =SUMPRODUCT(NOT(ISBLANK(BH$3:BH$5))*(BH$3:BH$5=$HU$3:$HU$5)) -> 0 | BI11: =SUMPRODUCT(NOT(ISBLANK(BI$3:BI$5))*(BI$3:BI$5=$HV$3:$HV$5)) -> 0 | BJ11: =SUMPRODUCT(NOT(ISBLANK(BJ$3:BJ$5))*(BJ$3:BJ$5=$HS$3:$HS$5)) -> 0 | BK11: =SUMPRODUCT(NOT(ISBLANK(BK$3:BK$5))*(BK$3:BK$5=$HT$3:$HT$5)) -> 0 | BM11: =SUMPRODUCT(NOT(ISBLANK(BM$3:BM$5))*(BM$3:BM$5=$HU$3:$HU$5)) -> 0 | BN11: =SUMPRODUCT(NOT(ISBLANK(BN$3:BN$5))*(BN$3:BN$5=$HV$3:$HV$5)) -> 0 | BO11: =SUMPRODUCT(NOT(ISBLANK(BO$3:BO$5))*(BO$3:BO$5=$HS$3:$HS$5)) -> 0 | BP11: =SUMPRODUCT(NOT(ISBLANK(BP$3:BP$5))*(BP$3:BP$5=$HT$3:$HT$5)) -> 0 | BR11: =SUMPRODUCT(NOT(ISBLANK(BR$3:BR$5))*(BR$3:BR$5=$HU$3:$HU$5)) -> 0 | BS11: =SUMPRODUCT(NOT(ISBLANK(BS$3:BS$5))*(BS$3:BS$5=$HV$3:$HV$5)) -> 0 | BT11: =SUMPRODUCT(NOT(ISBLANK(BT$3:BT$5))*(BT$3:BT$5=$HS$3:$HS$5)) -> 0 | BU11: =SUMPRODUCT(NOT(ISBLANK(BU$3:BU$5))*(BU$3:BU$5=$HT$3:$HT$5)) -> 0 | BW11: =SUMPRODUCT(NOT(ISBLANK(BW$3:BW$5))*(BW$3:BW$5=$HU$3:$HU$5)) -> 0 | BX11: =SUMPRODUCT(NOT(ISBLANK(BX$3:BX$5))*(BX$3:BX$5=$HV$3:$HV$5)) -> 0 | BY11: =SUMPRODUCT(NOT(ISBLANK(BY$3:BY$5))*(BY$3:BY$5=$HS$3:$HS$5)) -> 0 | BZ11: =SUMPRODUCT(NOT(ISBLANK(BZ$3:BZ$5))*(BZ$3:BZ$5=$HT$3:$HT$5)) -> 0 | CB11: =SUMPRODUCT(NOT(ISBLANK(CB$3:CB$5))*(CB$3:CB$5=$HU$3:$HU$5)) -> 0 | CC11: =SUMPRODUCT(NOT(ISBLANK(CC$3:CC$5))*(CC$3:CC$5=$HV$3:$HV$5)) -> 0 | CD11: =SUMPRODUCT(NOT(ISBLANK(CD$3:CD$5))*(CD$3:CD$5=$HS$3:$HS$5)) -> 0 | CE11: =SUMPRODUCT(NOT(ISBLANK(CE$3:CE$5))*(CE$3:CE$5=$HT$3:$HT$5)) -> 0 | CG11: =SUMPRODUCT(NOT(ISBLANK(CG$3:CG$5))*(CG$3:CG$5=$HU$3:$HU$5)) -> 0 | CH11: =SUMPRODUCT(NOT(ISBLANK(CH$3:CH$5))*(CH$3:CH$5=$HV$3:$HV$5)) -> 0 | CI11: =SUMPRODUCT(NOT(ISBLANK(CI$3:CI$5))*(CI$3:CI$5=$HS$3:$HS$5)) -> 0 | CJ11: =SUMPRODUCT(NOT(ISBLANK(CJ$3:CJ$5))*(CJ$3:CJ$5=$HT$3:$HT$5)) -> 0 | CL11: =SUMPRODUCT(NOT(ISBLANK(CL$3:CL$5))*(CL$3:CL$5=$HU$3:$HU$5)) -> 0 | CM11: =SUMPRODUCT(NOT(ISBLANK(CM$3:CM$5))*(CM$3:CM$5=$HV$3:$HV$5)) -> 0 | CN11: =SUMPRODUCT(NOT(ISBLANK(CN$3:CN$5))*(CN$3:CN$5=$HS$3:$HS$5)) -> 0 | CO11: =SUMPRODUCT(NOT(ISBLANK(CO$3:CO$5))*(CO$3:CO$5=$HT$3:$HT$5)) -> 0 | CQ11: =SUMPRODUCT(NOT(ISBLANK(CQ$3:CQ$5))*(CQ$3:CQ$5=$HU$3:$HU$5)) -> 0 | CR11: =SUMPRODUCT(NOT(ISBLANK(CR$3:CR$5))*(CR$3:CR$5=$HV$3:$HV$5)) -> 0 | CS11: =SUMPRODUCT(NOT(ISBLANK(CS$3:CS$5))*(CS$3:CS$5=$HS$3:$HS$5)) -> 0 | CT11: =SUMPRODUCT(NOT(ISBLANK(CT$3:CT$5))*(CT$3:CT$5=$HT$3:$HT$5)) -> 0 | CV11: =SUMPRODUCT(NOT(ISBLANK(CV$3:CV$5))*(CV$3:CV$5=$HU$3:$HU$5)) -> 0 | CW11: =SUMPRODUCT(NOT(ISBLANK(CW$3:CW$5))*(CW$3:CW$5=$HV$3:$HV$5)) -> 0 | CX11: =SUMPRODUCT(NOT(ISBLANK(CX$3:CX$5))*(CX$3:CX$5=$HS$3:$HS$5)) -> 0 | CY11: =SUMPRODUCT(NOT(ISBLANK(CY$3:CY$5))*(CY$3:CY$5=$HT$3:$HT$5)) -> 0 | DA11: =SUMPRODUCT(NOT(ISBLANK(DA$3:DA$5))*(DA$3:DA$5=$HU$3:$HU$5)) -> 0 | DB11: =SUMPRODUCT(NOT(ISBLANK(DB$3:DB$5))*(DB$3:DB$5=$HV$3:$HV$5)) -> 0 | DC11: =SUMPRODUCT(NOT(ISBLANK(DC$3:DC$5))*(DC$3:DC$5=$HS$3:$HS$5)) -> 0 | DD11: =SUMPRODUCT(NOT(ISBLANK(DD$3:DD$5))*(DD$3:DD$5=$HT$3:$HT$5)) -> 0 | DF11: =SUMPRODUCT(NOT(ISBLANK(DF$3:DF$5))*(DF$3:DF$5=$HU$3:$HU$5)) -> 0 | DG11: =SUMPRODUCT(NOT(ISBLANK(DG$3:DG$5))*(DG$3:DG$5=$HV$3:$HV$5)) -> 0 | DH11: =SUMPRODUCT(NOT(ISBLANK(DH$3:DH$5))*(DH$3:DH$5=$HS$3:$HS$5)) -> 0 | DI11: =SUMPRODUCT(NOT(ISBLANK(DI$3:DI$5))*(DI$3:DI$5=$HT$3:$HT$5)) -> 0 | DK11: =SUMPRODUCT(NOT(ISBLANK(DK$3:DK$5))*(DK$3:DK$5=$HU$3:$HU$5)) -> 0 | DL11: =SUMPRODUCT(NOT(ISBLANK(DL$3:DL$5))*(DL$3:DL$5=$HV$3:$HV$5)) -> 0 | DM11: =SUMPRODUCT(NOT(ISBLANK(DM$3:DM$5))*(DM$3:DM$5=$HS$3:$HS$5)) -> 0 | DN11: =SUMPRODUCT(NOT(ISBLANK(DN$3:DN$5))*(DN$3:DN$5=$HT$3:$HT$5)) -> 0 | DP11: =SUMPRODUCT(NOT(ISBLANK(DP$3:DP$5))*(DP$3:DP$5=$HU$3:$HU$5)) -> 0 | DQ11: =SUMPRODUCT(NOT(ISBLANK(DQ$3:DQ$5))*(DQ$3:DQ$5=$HV$3:$HV$5)) -> 0 | DR11: =SUMPRODUCT(NOT(ISBLANK(DR$3:DR$5))*(DR$3:DR$5=$HS$3:$HS$5)) -> 0 | DS11: =SUMPRODUCT(NOT(ISBLANK(DS$3:DS$5))*(DS$3:DS$5=$HT$3:$HT$5)) -> 0 | DU11: =SUMPRODUCT(NOT(ISBLANK(DU$3:DU$5))*(DU$3:DU$5=$HU$3:$HU$5)) -> 0 | DV11: =SUMPRODUCT(NOT(ISBLANK(DV$3:DV$5))*(DV$3:DV$5=$HV$3:$HV$5)) -> 0 | DW11: =SUMPRODUCT(NOT(ISBLANK(DW$3:DW$5))*(DW$3:DW$5=$HS$3:$HS$5)) -> 0 | DX11: =SUMPRODUCT(NOT(ISBLANK(DX$3:DX$5))*(DX$3:DX$5=$HT$3:$HT$5)) -> 0 | DZ11: =SUMPRODUCT(NOT(ISBLANK(DZ$3:DZ$5))*(DZ$3:DZ$5=$HU$3:$HU$5)) -> 0 | EA11: =SUMPRODUCT(NOT(ISBLANK(EA$3:EA$5))*(EA$3:EA$5=$HV$3:$HV$5)) -> 0 | EB11: =SUMPRODUCT(NOT(ISBLANK(EB$3:EB$5))*(EB$3:EB$5=$HS$3:$HS$5)) -> 0 | EC11: =SUMPRODUCT(NOT(ISBLANK(EC$3:EC$5))*(EC$3:EC$5=$HT$3:$HT$5)) -> 0 | EE11: =SUMPRODUCT(NOT(ISBLANK(EE$3:EE$5))*(EE$3:EE$5=$HU$3:$HU$5)) -> 0 | EF11: =SUMPRODUCT(NOT(ISBLANK(EF$3:EF$5))*(EF$3:EF$5=$HV$3:$HV$5)) -> 0 | EG11: =SUMPRODUCT(NOT(ISBLANK(EG$3:EG$5))*(EG$3:EG$5=$HS$3:$HS$5)) -> 0 | EH11: =SUMPRODUCT(NOT(ISBLANK(EH$3:EH$5))*(EH$3:EH$5=$HT$3:$HT$5)) -> 0 | EJ11: =SUMPRODUCT(NOT(ISBLANK(EJ$3:EJ$5))*(EJ$3:EJ$5=$HU$3:$HU$5)) -> 0 | EK11: =SUMPRODUCT(NOT(ISBLANK(EK$3:EK$5))*(EK$3:EK$5=$HV$3:$HV$5)) -> 0 | EL11: =SUMPRODUCT(NOT(ISBLANK(EL$3:EL$5))*(EL$3:EL$5=$HS$3:$HS$5)) -> 0 | EM11: =SUMPRODUCT(NOT(ISBLANK(EM$3:EM$5))*(EM$3:EM$5=$HT$3:$HT$5)) -> 0 | EO11: =SUMPRODUCT(NOT(ISBLANK(EO$3:EO$5))*(EO$3:EO$5=$HU$3:$HU$5)) -> 0 | EP11: =SUMPRODUCT(NOT(ISBLANK(EP$3:EP$5))*(EP$3:EP$5=$HV$3:$HV$5)) -> 0 | EQ11: =SUMPRODUCT(NOT(ISBLANK(EQ$3:EQ$5))*(EQ$3:EQ$5=$HS$3:$HS$5)) -> 0 | ER11: =SUMPRODUCT(NOT(ISBLANK(ER$3:ER$5))*(ER$3:ER$5=$HT$3:$HT$5)) -> 0 | ET11: =SUMPRODUCT(NOT(ISBLANK(ET$3:ET$5))*(ET$3:ET$5=$HU$3:$HU$5)) -> 0 | EU11: =SUMPRODUCT(NOT(ISBLANK(EU$3:EU$5))*(EU$3:EU$5=$HV$3:$HV$5)) -> 0 | EV11: =SUMPRODUCT(NOT(ISBLANK(EV$3:EV$5))*(EV$3:EV$5=$HS$3:$HS$5)) -> 0 | EW11: =SUMPRODUCT(NOT(ISBLANK(EW$3:EW$5))*(EW$3:EW$5=$HT$3:$HT$5)) -> 0 | EY11: =SUMPRODUCT(NOT(ISBLANK(EY$3:EY$5))*(EY$3:EY$5=$HU$3:$HU$5)) -> 0 | EZ11: =SUMPRODUCT(NOT(ISBLANK(EZ$3:EZ$5))*(EZ$3:EZ$5=$HV$3:$HV$5)) -> 0 | FA11: =SUMPRODUCT(NOT(ISBLANK(FA$3:FA$5))*(FA$3:FA$5=$HS$3:$HS$5)) -> 0 | FB11: =SUMPRODUCT(NOT(ISBLANK(FB$3:FB$5))*(FB$3:FB$5=$HT$3:$HT$5)) -> 0 | FD11: =SUMPRODUCT(NOT(ISBLANK(FD$3:FD$5))*(FD$3:FD$5=$HU$3:$HU$5)) -> 0 | FE11: =SUMPRODUCT(NOT(ISBLANK(FE$3:FE$5))*(FE$3:FE$5=$HV$3:$HV$5)) -> 0 | FF11: =SUMPRODUCT(NOT(ISBLANK(FF$3:FF$5))*(FF$3:FF$5=$HS$3:$HS$5)) -> 0 | FG11: =SUMPRODUCT(NOT(ISBLANK(FG$3:FG$5))*(FG$3:FG$5=$HT$3:$HT$5)) -> 0 | FI11: =SUMPRODUCT(NOT(ISBLANK(FI$3:FI$5))*(FI$3:FI$5=$HU$3:$HU$5)) -> 0 | FJ11: =SUMPRODUCT(NOT(ISBLANK(FJ$3:FJ$5))*(FJ$3:FJ$5=$HV$3:$HV$5)) -> 0 | FK11: =SUMPRODUCT(NOT(ISBLANK(FK$3:FK$5))*(FK$3:FK$5=$HS$3:$HS$5)) -> 0 | FL11: =SUMPRODUCT(NOT(ISBLANK(FL$3:FL$5))*(FL$3:FL$5=$HT$3:$HT$5)) -> 0 | FN11: =SUMPRODUCT(NOT(ISBLANK(FN$3:FN$5))*(FN$3:FN$5=$HU$3:$HU$5)) -> 0 | FO11: =SUMPRODUCT(NOT(ISBLANK(FO$3:FO$5))*(FO$3:FO$5=$HV$3:$HV$5)) -> 0 | FP11: =SUMPRODUCT(NOT(ISBLANK(FP$3:FP$5))*(FP$3:FP$5=$HS$3:$HS$5)) -> 0 | FQ11: =SUMPRODUCT(NOT(ISBLANK(FQ$3:FQ$5))*(FQ$3:FQ$5=$HT$3:$HT$5)) -> 0 | FS11: =SUMPRODUCT(NOT(ISBLANK(FS$3:FS$5))*(FS$3:FS$5=$HU$3:$HU$5)) -> 0 | FT11: =SUMPRODUCT(NOT(ISBLANK(FT$3:FT$5))*(FT$3:FT$5=$HV$3:$HV$5)) -> 0 | FU11: =SUMPRODUCT(NOT(ISBLANK(FU$3:FU$5))*(FU$3:FU$5=$HS$3:$HS$5)) -> 0 | FV11: =SUMPRODUCT(NOT(ISBLANK(FV$3:FV$5))*(FV$3:FV$5=$HT$3:$HT$5)) -> 0 | FX11: =SUMPRODUCT(NOT(ISBLANK(FX$3:FX$5))*(FX$3:FX$5=$HU$3:$HU$5)) -> 0 | FY11: =SUMPRODUCT(NOT(ISBLANK(FY$3:FY$5))*(FY$3:FY$5=$HV$3:$HV$5)) -> 0 | FZ11: =SUMPRODUCT(NOT(ISBLANK(FZ$3:FZ$5))*(FZ$3:FZ$5=$HS$3:$HS$5)) -> 0 | GA11: =SUMPRODUCT(NOT(ISBLANK(GA$3:GA$5))*(GA$3:GA$5=$HT$3:$HT$5)) -> 0 | GC11: =SUMPRODUCT(NOT(ISBLANK(GC$3:GC$5))*(GC$3:GC$5=$HU$3:$HU$5)) -> 0 | GD11: =SUMPRODUCT(NOT(ISBLANK(GD$3:GD$5))*(GD$3:GD$5=$HV$3:$HV$5)) -> 0 | GE11: =SUMPRODUCT(NOT(ISBLANK(GE$3:GE$5))*(GE$3:GE$5=$HS$3:$HS$5)) -> 0 | GF11: =SUMPRODUCT(NOT(ISBLANK(GF$3:GF$5))*(GF$3:GF$5=$HT$3:$HT$5)) -> 0 | GH11: =SUMPRODUCT(NOT(ISBLANK(GH$3:GH$5))*(GH$3:GH$5=$HU$3:$HU$5)) -> 0 | GI11: =SUMPRODUCT(NOT(ISBLANK(GI$3:GI$5))*(GI$3:GI$5=$HV$3:$HV$5)) -> 0 | GJ11: =SUMPRODUCT(NOT(ISBLANK(GJ$3:GJ$5))*(GJ$3:GJ$5=$HS$3:$HS$5)) -> 0 | GK11: =SUMPRODUCT(NOT(ISBLANK(GK$3:GK$5))*(GK$3:GK$5=$HT$3:$HT$5)) -> 0 | GM11: =SUMPRODUCT(NOT(ISBLANK(GM$3:GM$5))*(GM$3:GM$5=$HU$3:$HU$5)) -> 0 | GN11: =SUMPRODUCT(NOT(ISBLANK(GN$3:GN$5))*(GN$3:GN$5=$HV$3:$HV$5)) -> 0 | GO11: =SUMPRODUCT(NOT(ISBLANK(GO$3:GO$5))*(GO$3:GO$5=$HS$3:$HS$5)) -> 0 | GP11: =SUMPRODUCT(NOT(ISBLANK(GP$3:GP$5))*(GP$3:GP$5=$HT$3:$HT$5)) -> 0 | GR11: =SUMPRODUCT(NOT(ISBLANK(GR$3:GR$5))*(GR$3:GR$5=$HU$3:$HU$5)) -> 0 | GS11: =SUMPRODUCT(NOT(ISBLANK(GS$3:GS$5))*(GS$3:GS$5=$HV$3:$HV$5)) -> 0 | GT11: =SUMPRODUCT(NOT(ISBLANK(GT$3:GT$5))*(GT$3:GT$5=$HS$3:$HS$5)) -> 0 | GU11: =SUMPRODUCT(NOT(ISBLANK(GU$3:GU$5))*(GU$3:GU$5=$HT$3:$HT$5)) -> 0 | GW11: =SUMPRODUCT(NOT(ISBLANK(GW$3:GW$5))*(GW$3:GW$5=$HU$3:$HU$5)) -> 0 | GX11: =SUMPRODUCT(NOT(ISBLANK(GX$3:GX$5))*(GX$3:GX$5=$HV$3:$HV$5)) -> 0 | GY11: =SUMPRODUCT(NOT(ISBLANK(GY$3:GY$5))*(GY$3:GY$5=$HS$3:$HS$5)) -> 0 | GZ11: =SUMPRODUCT(NOT(ISBLANK(GZ$3:GZ$5))*(GZ$3:GZ$5=$HT$3:$HT$5)) -> 0 | HB11: =SUMPRODUCT(NOT(ISBLANK(HB$3:HB$5))*(HB$3:HB$5=$HU$3:$HU$5)) -> 0 | HC11: =SUMPRODUCT(NOT(ISBLANK(HC$3:HC$5))*(HC$3:HC$5=$HV$3:$HV$5)) -> 0 | HD11: =SUMPRODUCT(NOT(ISBLANK(HD$3:HD$5))*(HD$3:HD$5=$HS$3:$HS$5)) -> 0 | HE11: =SUMPRODUCT(NOT(ISBLANK(HE$3:HE$5))*(HE$3:HE$5=$HT$3:$HT$5)) -> 0 | HG11: =SUMPRODUCT(NOT(ISBLANK(HG$3:HG$5))*(HG$3:HG$5=$HU$3:$HU$5)) -> 0 | HH11: =SUMPRODUCT(NOT(ISBLANK(HH$3:HH$5))*(HH$3:HH$5=$HV$3:$HV$5)) -> 0 | HI11: =SUMPRODUCT(NOT(ISBLANK(HI$3:HI$5))*(HI$3:HI$5=$HS$3:$HS$5)) -> 0 | HJ11: =SUMPRODUCT(NOT(ISBLANK(HJ$3:HJ$5))*(HJ$3:HJ$5=$HT$3:$HT$5)) -> 0 | HL11: =SUMPRODUCT(NOT(ISBLANK(HL$3:HL$5))*(HL$3:HL$5=$HU$3:$HU$5)) -> 0 | HM11: =SUMPRODUCT(NOT(ISBLANK(HM$3:HM$5))*(HM$3:HM$5=$HV$3:$HV$5)) -> 0 | HN11: =SUMPRODUCT(NOT(ISBLANK(HN$3:HN$5))*(HN$3:HN$5=$HS$3:$HS$5)) -> 0 | HO11: =SUMPRODUCT(NOT(ISBLANK(HO$3:HO$5))*(HO$3:HO$5=$HT$3:$HT$5)) -> 0 | HQ11: =SUMPRODUCT(NOT(ISBLANK(HQ$3:HQ$5))*(HQ$3:HQ$5=$HU$3:$HU$5)) -> 0 | HR11: =SUMPRODUCT(NOT(ISBLANK(HR$3:HR$5))*(HR$3:HR$5=$HV$3:$HV$5)) -> 0
A12: BETTER | B12: =SUMPRODUCT(NOT(ISBLANK(B$3:B$5))*(B$3:B$5<$HW$3:$HW$5)) -> 0 | C12: =SUMPRODUCT(NOT(ISBLANK(C$3:C$5))*(C$3:C$5<$HX$3:$HX$5)) -> 0 | E12: =SUMPRODUCT(NOT(ISBLANK(E$3:E$5))*(E$3:E$5<$HY$3:$HY$5)) -> 0 | F12: =SUMPRODUCT(NOT(ISBLANK(F$3:F$5))*(F$3:F$5<$HZ$3:$HZ$5)) -> 0 | G12: =SUMPRODUCT(NOT(ISBLANK(G$3:G$5))*(G$3:G$5<$HW$3:$HW$5)) -> 0 | H12: =SUMPRODUCT(NOT(ISBLANK(H$3:H$5))*(H$3:H$5<$HX$3:$HX$5)) -> 0 | J12: =SUMPRODUCT(NOT(ISBLANK(J$3:J$5))*(J$3:J$5<$HY$3:$HY$5)) -> 0 | K12: =SUMPRODUCT(NOT(ISBLANK(K$3:K$5))*(K$3:K$5<$HZ$3:$HZ$5)) -> 0 | L12: =SUMPRODUCT(NOT(ISBLANK(L$3:L$5))*(L$3:L$5<$HW$3:$HW$5)) -> 0 | M12: =SUMPRODUCT(NOT(ISBLANK(M$3:M$5))*(M$3:M$5<$HX$3:$HX$5)) -> 0 | O12: =SUMPRODUCT(NOT(ISBLANK(O$3:O$5))*(O$3:O$5<$HY$3:$HY$5)) -> 0 | P12: =SUMPRODUCT(NOT(ISBLANK(P$3:P$5))*(P$3:P$5<$HZ$3:$HZ$5)) -> 0 | Q12: =SUMPRODUCT(NOT(ISBLANK(Q$3:Q$5))*(Q$3:Q$5<$HW$3:$HW$5)) -> 0 | R12: =SUMPRODUCT(NOT(ISBLANK(R$3:R$5))*(R$3:R$5<$HX$3:$HX$5)) -> 0 | T12: =SUMPRODUCT(NOT(ISBLANK(T$3:T$5))*(T$3:T$5<$HY$3:$HY$5)) -> 0 | U12: =SUMPRODUCT(NOT(ISBLANK(U$3:U$5))*(U$3:U$5<$HZ$3:$HZ$5)) -> 0 | V12: =SUMPRODUCT(NOT(ISBLANK(V$3:V$5))*(V$3:V$5<$HW$3:$HW$5)) -> 0 | W12: =SUMPRODUCT(NOT(ISBLANK(W$3:W$5))*(W$3:W$5<$HX$3:$HX$5)) -> 0 | Y12: =SUMPRODUCT(NOT(ISBLANK(Y$3:Y$5))*(Y$3:Y$5<$HY$3:$HY$5)) -> 0 | Z12: =SUMPRODUCT(NOT(ISBLANK(Z$3:Z$5))*(Z$3:Z$5<$HZ$3:$HZ$5)) -> 0 | AA12: =SUMPRODUCT(NOT(ISBLANK(AA$3:AA$5))*(AA$3:AA$5<$HW$3:$HW$5)) -> 0 | AB12: =SUMPRODUCT(NOT(ISBLANK(AB$3:AB$5))*(AB$3:AB$5<$HX$3:$HX$5)) -> 0 | AD12: =SUMPRODUCT(NOT(ISBLANK(AD$3:AD$5))*(AD$3:AD$5<$HY$3:$HY$5)) -> 0 | AE12: =SUMPRODUCT(NOT(ISBLANK(AE$3:AE$5))*(AE$3:AE$5<$HZ$3:$HZ$5)) -> 0 | AF12: =SUMPRODUCT(NOT(ISBLANK(AF$3:AF$5))*(AF$3:AF$5<$HW$3:$HW$5)) -> 0 | AG12: =SUMPRODUCT(NOT(ISBLANK(AG$3:AG$5))*(AG$3:AG$5<$HX$3:$HX$5)) -> 0 | AI12: =SUMPRODUCT(NOT(ISBLANK(AI$3:AI$5))*(AI$3:AI$5<$HY$3:$HY$5)) -> 0 | AJ12: =SUMPRODUCT(NOT(ISBLANK(AJ$3:AJ$5))*(AJ$3:AJ$5<$HZ$3:$HZ$5)) -> 0 | AK12: =SUMPRODUCT(NOT(ISBLANK(AK$3:AK$5))*(AK$3:AK$5<$HW$3:$HW$5)) -> 0 | AL12: =SUMPRODUCT(NOT(ISBLANK(AL$3:AL$5))*(AL$3:AL$5<$HX$3:$HX$5)) -> 0 | AN12: =SUMPRODUCT(NOT(ISBLANK(AN$3:AN$5))*(AN$3:AN$5<$HY$3:$HY$5)) -> 0 | AO12: =SUMPRODUCT(NOT(ISBLANK(AO$3:AO$5))*(AO$3:AO$5<$HZ$3:$HZ$5)) -> 0 | AP12: =SUMPRODUCT(NOT(ISBLANK(AP$3:AP$5))*(AP$3:AP$5<$HW$3:$HW$5)) -> 0 | AQ12: =SUMPRODUCT(NOT(ISBLANK(AQ$3:AQ$5))*(AQ$3:AQ$5<$HX$3:$HX$5)) -> 0 | AS12: =SUMPRODUCT(NOT(ISBLANK(AS$3:AS$5))*(AS$3:AS$5<$HY$3:$HY$5)) -> 0 | AT12: =SUMPRODUCT(NOT(ISBLANK(AT$3:AT$5))*(AT$3:AT$5<$HZ$3:$HZ$5)) -> 0 | AU12: =SUMPRODUCT(NOT(ISBLANK(AU$3:AU$5))*(AU$3:AU$5<$HW$3:$HW$5)) -> 0 | AV12: =SUMPRODUCT(NOT(ISBLANK(AV$3:AV$5))*(AV$3:AV$5<$HX$3:$HX$5)) -> 0 | AX12: =SUMPRODUCT(NOT(ISBLANK(AX$3:AX$5))*(AX$3:AX$5<$HY$3:$HY$5)) -> 0 | AY12: =SUMPRODUCT(NOT(ISBLANK(AY$3:AY$5))*(AY$3:AY$5<$HZ$3:$HZ$5)) -> 0 | AZ12: =SUMPRODUCT(NOT(ISBLANK(AZ$3:AZ$5))*(AZ$3:AZ$5<$HW$3:$HW$5)) -> 0 | BA12: =SUMPRODUCT(NOT(ISBLANK(BA$3:BA$5))*(BA$3:BA$5<$HX$3:$HX$5)) -> 0 | BC12: =SUMPRODUCT(NOT(ISBLANK(BC$3:BC$5))*(BC$3:BC$5<$HY$3:$HY$5)) -> 0 | BD12: =SUMPRODUCT(NOT(ISBLANK(BD$3:BD$5))*(BD$3:BD$5<$HZ$3:$HZ$5)) -> 0 | BE12: =SUMPRODUCT(NOT(ISBLANK(BE$3:BE$5))*(BE$3:BE$5<$HW$3:$HW$5)) -> 0 | BF12: =SUMPRODUCT(NOT(ISBLANK(BF$3:BF$5))*(BF$3:BF$5<$HX$3:$HX$5)) -> 0 | BH12: =SUMPRODUCT(NOT(ISBLANK(BH$3:BH$5))*(BH$3:BH$5<$HY$3:$HY$5)) -> 0 | BI12: =SUMPRODUCT(NOT(ISBLANK(BI$3:BI$5))*(BI$3:BI$5<$HZ$3:$HZ$5)) -> 0 | BJ12: =SUMPRODUCT(NOT(ISBLANK(BJ$3:BJ$5))*(BJ$3:BJ$5<$HW$3:$HW$5)) -> 0 | BK12: =SUMPRODUCT(NOT(ISBLANK(BK$3:BK$5))*(BK$3:BK$5<$HX$3:$HX$5)) -> 0 | BM12: =SUMPRODUCT(NOT(ISBLANK(BM$3:BM$5))*(BM$3:BM$5<$HY$3:$HY$5)) -> 0 | BN12: =SUMPRODUCT(NOT(ISBLANK(BN$3:BN$5))*(BN$3:BN$5<$HZ$3:$HZ$5)) -> 0 | BO12: =SUMPRODUCT(NOT(ISBLANK(BO$3:BO$5))*(BO$3:BO$5<$HW$3:$HW$5)) -> 0 | BP12: =SUMPRODUCT(NOT(ISBLANK(BP$3:BP$5))*(BP$3:BP$5<$HX$3:$HX$5)) -> 0 | BR12: =SUMPRODUCT(NOT(ISBLANK(BR$3:BR$5))*(BR$3:BR$5<$HY$3:$HY$5)) -> 0 | BS12: =SUMPRODUCT(NOT(ISBLANK(BS$3:BS$5))*(BS$3:BS$5<$HZ$3:$HZ$5)) -> 0 | BT12: =SUMPRODUCT(NOT(ISBLANK(BT$3:BT$5))*(BT$3:BT$5<$HW$3:$HW$5)) -> 0 | BU12: =SUMPRODUCT(NOT(ISBLANK(BU$3:BU$5))*(BU$3:BU$5<$HX$3:$HX$5)) -> 0 | BW12: =SUMPRODUCT(NOT(ISBLANK(BW$3:BW$5))*(BW$3:BW$5<$HY$3:$HY$5)) -> 0 | BX12: =SUMPRODUCT(NOT(ISBLANK(BX$3:BX$5))*(BX$3:BX$5<$HZ$3:$HZ$5)) -> 0 | BY12: =SUMPRODUCT(NOT(ISBLANK(BY$3:BY$5))*(BY$3:BY$5<$HW$3:$HW$5)) -> 0 | BZ12: =SUMPRODUCT(NOT(ISBLANK(BZ$3:BZ$5))*(BZ$3:BZ$5<$HX$3:$HX$5)) -> 0 | CB12: =SUMPRODUCT(NOT(ISBLANK(CB$3:CB$5))*(CB$3:CB$5<$HY$3:$HY$5)) -> 0 | CC12: =SUMPRODUCT(NOT(ISBLANK(CC$3:CC$5))*(CC$3:CC$5<$HZ$3:$HZ$5)) -> 0 | CD12: =SUMPRODUCT(NOT(ISBLANK(CD$3:CD$5))*(CD$3:CD$5<$HW$3:$HW$5)) -> 0 | CE12: =SUMPRODUCT(NOT(ISBLANK(CE$3:CE$5))*(CE$3:CE$5<$HX$3:$HX$5)) -> 0 | CG12: =SUMPRODUCT(NOT(ISBLANK(CG$3:CG$5))*(CG$3:CG$5<$HY$3:$HY$5)) -> 0 | CH12: =SUMPRODUCT(NOT(ISBLANK(CH$3:CH$5))*(CH$3:CH$5<$HZ$3:$HZ$5)) -> 0 | CI12: =SUMPRODUCT(NOT(ISBLANK(CI$3:CI$5))*(CI$3:CI$5<$HW$3:$HW$5)) -> 0 | CJ12: =SUMPRODUCT(NOT(ISBLANK(CJ$3:CJ$5))*(CJ$3:CJ$5<$HX$3:$HX$5)) -> 0 | CL12: =SUMPRODUCT(NOT(ISBLANK(CL$3:CL$5))*(CL$3:CL$5<$HY$3:$HY$5)) -> 0 | CM12: =SUMPRODUCT(NOT(ISBLANK(CM$3:CM$5))*(CM$3:CM$5<$HZ$3:$HZ$5)) -> 0 | CN12: =SUMPRODUCT(NOT(ISBLANK(CN$3:CN$5))*(CN$3:CN$5<$HW$3:$HW$5)) -> 0 | CO12: =SUMPRODUCT(NOT(ISBLANK(CO$3:CO$5))*(CO$3:CO$5<$HX$3:$HX$5)) -> 0 | CQ12: =SUMPRODUCT(NOT(ISBLANK(CQ$3:CQ$5))*(CQ$3:CQ$5<$HY$3:$HY$5)) -> 0 | CR12: =SUMPRODUCT(NOT(ISBLANK(CR$3:CR$5))*(CR$3:CR$5<$HZ$3:$HZ$5)) -> 0 | CS12: =SUMPRODUCT(NOT(ISBLANK(CS$3:CS$5))*(CS$3:CS$5<$HW$3:$HW$5)) -> 0 | CT12: =SUMPRODUCT(NOT(ISBLANK(CT$3:CT$5))*(CT$3:CT$5<$HX$3:$HX$5)) -> 0 | CV12: =SUMPRODUCT(NOT(ISBLANK(CV$3:CV$5))*(CV$3:CV$5<$HY$3:$HY$5)) -> 0 | CW12: =SUMPRODUCT(NOT(ISBLANK(CW$3:CW$5))*(CW$3:CW$5<$HZ$3:$HZ$5)) -> 0 | CX12: =SUMPRODUCT(NOT(ISBLANK(CX$3:CX$5))*(CX$3:CX$5<$HW$3:$HW$5)) -> 0 | CY12: =SUMPRODUCT(NOT(ISBLANK(CY$3:CY$5))*(CY$3:CY$5<$HX$3:$HX$5)) -> 0 | DA12: =SUMPRODUCT(NOT(ISBLANK(DA$3:DA$5))*(DA$3:DA$5<$HY$3:$HY$5)) -> 0 | DB12: =SUMPRODUCT(NOT(ISBLANK(DB$3:DB$5))*(DB$3:DB$5<$HZ$3:$HZ$5)) -> 0 | DC12: =SUMPRODUCT(NOT(ISBLANK(DC$3:DC$5))*(DC$3:DC$5<$HW$3:$HW$5)) -> 0 | DD12: =SUMPRODUCT(NOT(ISBLANK(DD$3:DD$5))*(DD$3:DD$5<$HX$3:$HX$5)) -> 0 | DF12: =SUMPRODUCT(NOT(ISBLANK(DF$3:DF$5))*(DF$3:DF$5<$HY$3:$HY$5)) -> 0 | DG12: =SUMPRODUCT(NOT(ISBLANK(DG$3:DG$5))*(DG$3:DG$5<$HZ$3:$HZ$5)) -> 0 | DH12: =SUMPRODUCT(NOT(ISBLANK(DH$3:DH$5))*(DH$3:DH$5<$HW$3:$HW$5)) -> 0 | DI12: =SUMPRODUCT(NOT(ISBLANK(DI$3:DI$5))*(DI$3:DI$5<$HX$3:$HX$5)) -> 0 | DK12: =SUMPRODUCT(NOT(ISBLANK(DK$3:DK$5))*(DK$3:DK$5<$HY$3:$HY$5)) -> 0 | DL12: =SUMPRODUCT(NOT(ISBLANK(DL$3:DL$5))*(DL$3:DL$5<$HZ$3:$HZ$5)) -> 0 | DM12: =SUMPRODUCT(NOT(ISBLANK(DM$3:DM$5))*(DM$3:DM$5<$HW$3:$HW$5)) -> 0 | DN12: =SUMPRODUCT(NOT(ISBLANK(DN$3:DN$5))*(DN$3:DN$5<$HX$3:$HX$5)) -> 0 | DP12: =SUMPRODUCT(NOT(ISBLANK(DP$3:DP$5))*(DP$3:DP$5<$HY$3:$HY$5)) -> 0 | DQ12: =SUMPRODUCT(NOT(ISBLANK(DQ$3:DQ$5))*(DQ$3:DQ$5<$HZ$3:$HZ$5)) -> 0 | DR12: =SUMPRODUCT(NOT(ISBLANK(DR$3:DR$5))*(DR$3:DR$5<$HW$3:$HW$5)) -> 0 | DS12: =SUMPRODUCT(NOT(ISBLANK(DS$3:DS$5))*(DS$3:DS$5<$HX$3:$HX$5)) -> 0 | DU12: =SUMPRODUCT(NOT(ISBLANK(DU$3:DU$5))*(DU$3:DU$5<$HY$3:$HY$5)) -> 0 | DV12: =SUMPRODUCT(NOT(ISBLANK(DV$3:DV$5))*(DV$3:DV$5<$HZ$3:$HZ$5)) -> 0 | DW12: =SUMPRODUCT(NOT(ISBLANK(DW$3:DW$5))*(DW$3:DW$5<$HW$3:$HW$5)) -> 0 | DX12: =SUMPRODUCT(NOT(ISBLANK(DX$3:DX$5))*(DX$3:DX$5<$HX$3:$HX$5)) -> 0 | DZ12: =SUMPRODUCT(NOT(ISBLANK(DZ$3:DZ$5))*(DZ$3:DZ$5<$HY$3:$HY$5)) -> 0 | EA12: =SUMPRODUCT(NOT(ISBLANK(EA$3:EA$5))*(EA$3:EA$5<$HZ$3:$HZ$5)) -> 0 | EB12: =SUMPRODUCT(NOT(ISBLANK(EB$3:EB$5))*(EB$3:EB$5<$HW$3:$HW$5)) -> 0 | EC12: =SUMPRODUCT(NOT(ISBLANK(EC$3:EC$5))*(EC$3:EC$5<$HX$3:$HX$5)) -> 0 | EE12: =SUMPRODUCT(NOT(ISBLANK(EE$3:EE$5))*(EE$3:EE$5<$HY$3:$HY$5)) -> 0 | EF12: =SUMPRODUCT(NOT(ISBLANK(EF$3:EF$5))*(EF$3:EF$5<$HZ$3:$HZ$5)) -> 0 | EG12: =SUMPRODUCT(NOT(ISBLANK(EG$3:EG$5))*(EG$3:EG$5<$HW$3:$HW$5)) -> 0 | EH12: =SUMPRODUCT(NOT(ISBLANK(EH$3:EH$5))*(EH$3:EH$5<$HX$3:$HX$5)) -> 0 | EJ12: =SUMPRODUCT(NOT(ISBLANK(EJ$3:EJ$5))*(EJ$3:EJ$5<$HY$3:$HY$5)) -> 0 | EK12: =SUMPRODUCT(NOT(ISBLANK(EK$3:EK$5))*(EK$3:EK$5<$HZ$3:$HZ$5)) -> 0 | EL12: =SUMPRODUCT(NOT(ISBLANK(EL$3:EL$5))*(EL$3:EL$5<$HW$3:$HW$5)) -> 0 | EM12: =SUMPRODUCT(NOT(ISBLANK(EM$3:EM$5))*(EM$3:EM$5<$HX$3:$HX$5)) -> 0 | EO12: =SUMPRODUCT(NOT(ISBLANK(EO$3:EO$5))*(EO$3:EO$5<$HY$3:$HY$5)) -> 0 | EP12: =SUMPRODUCT(NOT(ISBLANK(EP$3:EP$5))*(EP$3:EP$5<$HZ$3:$HZ$5)) -> 0 | EQ12: =SUMPRODUCT(NOT(ISBLANK(EQ$3:EQ$5))*(EQ$3:EQ$5<$HW$3:$HW$5)) -> 0 | ER12: =SUMPRODUCT(NOT(ISBLANK(ER$3:ER$5))*(ER$3:ER$5<$HX$3:$HX$5)) -> 0 | ET12: =SUMPRODUCT(NOT(ISBLANK(ET$3:ET$5))*(ET$3:ET$5<$HY$3:$HY$5)) -> 0 | EU12: =SUMPRODUCT(NOT(ISBLANK(EU$3:EU$5))*(EU$3:EU$5<$HZ$3:$HZ$5)) -> 0 | EV12: =SUMPRODUCT(NOT(ISBLANK(EV$3:EV$5))*(EV$3:EV$5<$HW$3:$HW$5)) -> 0 | EW12: =SUMPRODUCT(NOT(ISBLANK(EW$3:EW$5))*(EW$3:EW$5<$HX$3:$HX$5)) -> 0 | EY12: =SUMPRODUCT(NOT(ISBLANK(EY$3:EY$5))*(EY$3:EY$5<$HY$3:$HY$5)) -> 0 | EZ12: =SUMPRODUCT(NOT(ISBLANK(EZ$3:EZ$5))*(EZ$3:EZ$5<$HZ$3:$HZ$5)) -> 0 | FA12: =SUMPRODUCT(NOT(ISBLANK(FA$3:FA$5))*(FA$3:FA$5<$HW$3:$HW$5)) -> 0 | FB12: =SUMPRODUCT(NOT(ISBLANK(FB$3:FB$5))*(FB$3:FB$5<$HX$3:$HX$5)) -> 0 | FD12: =SUMPRODUCT(NOT(ISBLANK(FD$3:FD$5))*(FD$3:FD$5<$HY$3:$HY$5)) -> 0 | FE12: =SUMPRODUCT(NOT(ISBLANK(FE$3:FE$5))*(FE$3:FE$5<$HZ$3:$HZ$5)) -> 0 | FF12: =SUMPRODUCT(NOT(ISBLANK(FF$3:FF$5))*(FF$3:FF$5<$HW$3:$HW$5)) -> 0 | FG12: =SUMPRODUCT(NOT(ISBLANK(FG$3:FG$5))*(FG$3:FG$5<$HX$3:$HX$5)) -> 0 | FI12: =SUMPRODUCT(NOT(ISBLANK(FI$3:FI$5))*(FI$3:FI$5<$HY$3:$HY$5)) -> 0 | FJ12: =SUMPRODUCT(NOT(ISBLANK(FJ$3:FJ$5))*(FJ$3:FJ$5<$HZ$3:$HZ$5)) -> 0 | FK12: =SUMPRODUCT(NOT(ISBLANK(FK$3:FK$5))*(FK$3:FK$5<$HW$3:$HW$5)) -> 0 | FL12: =SUMPRODUCT(NOT(ISBLANK(FL$3:FL$5))*(FL$3:FL$5<$HX$3:$HX$5)) -> 0 | FN12: =SUMPRODUCT(NOT(ISBLANK(FN$3:FN$5))*(FN$3:FN$5<$HY$3:$HY$5)) -> 0 | FO12: =SUMPRODUCT(NOT(ISBLANK(FO$3:FO$5))*(FO$3:FO$5<$HZ$3:$HZ$5)) -> 0 | FP12: =SUMPRODUCT(NOT(ISBLANK(FP$3:FP$5))*(FP$3:FP$5<$HW$3:$HW$5)) -> 0 | FQ12: =SUMPRODUCT(NOT(ISBLANK(FQ$3:FQ$5))*(FQ$3:FQ$5<$HX$3:$HX$5)) -> 0 | FS12: =SUMPRODUCT(NOT(ISBLANK(FS$3:FS$5))*(FS$3:FS$5<$HY$3:$HY$5)) -> 0 | FT12: =SUMPRODUCT(NOT(ISBLANK(FT$3:FT$5))*(FT$3:FT$5<$HZ$3:$HZ$5)) -> 0 | FU12: =SUMPRODUCT(NOT(ISBLANK(FU$3:FU$5))*(FU$3:FU$5<$HW$3:$HW$5)) -> 0 | FV12: =SUMPRODUCT(NOT(ISBLANK(FV$3:FV$5))*(FV$3:FV$5<$HX$3:$HX$5)) -> 0 | FX12: =SUMPRODUCT(NOT(ISBLANK(FX$3:FX$5))*(FX$3:FX$5<$HY$3:$HY$5)) -> 0 | FY12: =SUMPRODUCT(NOT(ISBLANK(FY$3:FY$5))*(FY$3:FY$5<$HZ$3:$HZ$5)) -> 0 | FZ12: =SUMPRODUCT(NOT(ISBLANK(FZ$3:FZ$5))*(FZ$3:FZ$5<$HW$3:$HW$5)) -> 0 | GA12: =SUMPRODUCT(NOT(ISBLANK(GA$3:GA$5))*(GA$3:GA$5<$HX$3:$HX$5)) -> 0 | GC12: =SUMPRODUCT(NOT(ISBLANK(GC$3:GC$5))*(GC$3:GC$5<$HY$3:$HY$5)) -> 0 | GD12: =SUMPRODUCT(NOT(ISBLANK(GD$3:GD$5))*(GD$3:GD$5<$HZ$3:$HZ$5)) -> 0 | GE12: =SUMPRODUCT(NOT(ISBLANK(GE$3:GE$5))*(GE$3:GE$5<$HW$3:$HW$5)) -> 0 | GF12: =SUMPRODUCT(NOT(ISBLANK(GF$3:GF$5))*(GF$3:GF$5<$HX$3:$HX$5)) -> 0 | GH12: =SUMPRODUCT(NOT(ISBLANK(GH$3:GH$5))*(GH$3:GH$5<$HY$3:$HY$5)) -> 0 | GI12: =SUMPRODUCT(NOT(ISBLANK(GI$3:GI$5))*(GI$3:GI$5<$HZ$3:$HZ$5)) -> 0 | GJ12: =SUMPRODUCT(NOT(ISBLANK(GJ$3:GJ$5))*(GJ$3:GJ$5<$HW$3:$HW$5)) -> 0 | GK12: =SUMPRODUCT(NOT(ISBLANK(GK$3:GK$5))*(GK$3:GK$5<$HX$3:$HX$5)) -> 0 | GM12: =SUMPRODUCT(NOT(ISBLANK(GM$3:GM$5))*(GM$3:GM$5<$HY$3:$HY$5)) -> 0 | GN12: =SUMPRODUCT(NOT(ISBLANK(GN$3:GN$5))*(GN$3:GN$5<$HZ$3:$HZ$5)) -> 0 | GO12: =SUMPRODUCT(NOT(ISBLANK(GO$3:GO$5))*(GO$3:GO$5<$HW$3:$HW$5)) -> 0 | GP12: =SUMPRODUCT(NOT(ISBLANK(GP$3:GP$5))*(GP$3:GP$5<$HX$3:$HX$5)) -> 0 | GR12: =SUMPRODUCT(NOT(ISBLANK(GR$3:GR$5))*(GR$3:GR$5<$HY$3:$HY$5)) -> 0 | GS12: =SUMPRODUCT(NOT(ISBLANK(GS$3:GS$5))*(GS$3:GS$5<$HZ$3:$HZ$5)) -> 0 | GT12: =SUMPRODUCT(NOT(ISBLANK(GT$3:GT$5))*(GT$3:GT$5<$HW$3:$HW$5)) -> 0 | GU12: =SUMPRODUCT(NOT(ISBLANK(GU$3:GU$5))*(GU$3:GU$5<$HX$3:$HX$5)) -> 0 | GW12: =SUMPRODUCT(NOT(ISBLANK(GW$3:GW$5))*(GW$3:GW$5<$HY$3:$HY$5)) -> 0 | GX12: =SUMPRODUCT(NOT(ISBLANK(GX$3:GX$5))*(GX$3:GX$5<$HZ$3:$HZ$5)) -> 0 | GY12: =SUMPRODUCT(NOT(ISBLANK(GY$3:GY$5))*(GY$3:GY$5<$HW$3:$HW$5)) -> 0 | GZ12: =SUMPRODUCT(NOT(ISBLANK(GZ$3:GZ$5))*(GZ$3:GZ$5<$HX$3:$HX$5)) -> 0 | HB12: =SUMPRODUCT(NOT(ISBLANK(HB$3:HB$5))*(HB$3:HB$5<$HY$3:$HY$5)) -> 0 | HC12: =SUMPRODUCT(NOT(ISBLANK(HC$3:HC$5))*(HC$3:HC$5<$HZ$3:$HZ$5)) -> 0 | HD12: =SUMPRODUCT(NOT(ISBLANK(HD$3:HD$5))*(HD$3:HD$5<$HW$3:$HW$5)) -> 0 | HE12: =SUMPRODUCT(NOT(ISBLANK(HE$3:HE$5))*(HE$3:HE$5<$HX$3:$HX$5)) -> 0 | HG12: =SUMPRODUCT(NOT(ISBLANK(HG$3:HG$5))*(HG$3:HG$5<$HY$3:$HY$5)) -> 0 | HH12: =SUMPRODUCT(NOT(ISBLANK(HH$3:HH$5))*(HH$3:HH$5<$HZ$3:$HZ$5)) -> 0 | HI12: =SUMPRODUCT(NOT(ISBLANK(HI$3:HI$5))*(HI$3:HI$5<$HW$3:$HW$5)) -> 0 | HJ12: =SUMPRODUCT(NOT(ISBLANK(HJ$3:HJ$5))*(HJ$3:HJ$5<$HX$3:$HX$5)) -> 0 | HL12: =SUMPRODUCT(NOT(ISBLANK(HL$3:HL$5))*(HL$3:HL$5<$HY$3:$HY$5)) -> 0 | HM12: =SUMPRODUCT(NOT(ISBLANK(HM$3:HM$5))*(HM$3:HM$5<$HZ$3:$HZ$5)) -> 0 | HN12: =SUMPRODUCT(NOT(ISBLANK(HN$3:HN$5))*(HN$3:HN$5<$HW$3:$HW$5)) -> 0 | HO12: =SUMPRODUCT(NOT(ISBLANK(HO$3:HO$5))*(HO$3:HO$5<$HX$3:$HX$5)) -> 0 | HQ12: =SUMPRODUCT(NOT(ISBLANK(HQ$3:HQ$5))*(HQ$3:HQ$5<$HY$3:$HY$5)) -> 0 | HR12: =SUMPRODUCT(NOT(ISBLANK(HR$3:HR$5))*(HR$3:HR$5<$HZ$3:$HZ$5)) -> 0
A13: WORSE | B13: =SUMPRODUCT((NOT(ISBLANK(B$3:B$5))*(B$3:B$5>$HW$3:$HW$5))+ISBLANK(B$3:B$5)) -> 0 | C13: =SUMPRODUCT((NOT(ISBLANK(C$3:C$5))*(C$3:C$5>$HX$3:$HX$5))+ISBLANK(C$3:C$5)) -> 0 | E13: =SUMPRODUCT((NOT(ISBLANK(E$3:E$5))*(E$3:E$5>$HY$3:$HY$5))+ISBLANK(E$3:E$5)) -> 0 | F13: =SUMPRODUCT((NOT(ISBLANK(F$3:F$5))*(F$3:F$5>$HZ$3:$HZ$5))+ISBLANK(F$3:F$5)) -> 0 | G13: =SUMPRODUCT((NOT(ISBLANK(G$3:G$5))*(G$3:G$5>$HW$3:$HW$5))+ISBLANK(G$3:G$5)) -> 0 | H13: =SUMPRODUCT((NOT(ISBLANK(H$3:H$5))*(H$3:H$5>$HX$3:$HX$5))+ISBLANK(H$3:H$5)) -> 0 | J13: =SUMPRODUCT((NOT(ISBLANK(J$3:J$5))*(J$3:J$5>$HY$3:$HY$5))+ISBLANK(J$3:J$5)) -> 0 | K13: =SUMPRODUCT((NOT(ISBLANK(K$3:K$5))*(K$3:K$5>$HZ$3:$HZ$5))+ISBLANK(K$3:K$5)) -> 0 | L13: =SUMPRODUCT((NOT(ISBLANK(L$3:L$5))*(L$3:L$5>$HW$3:$HW$5))+ISBLANK(L$3:L$5)) -> 0 | M13: =SUMPRODUCT((NOT(ISBLANK(M$3:M$5))*(M$3:M$5>$HX$3:$HX$5))+ISBLANK(M$3:M$5)) -> 0 | O13: =SUMPRODUCT((NOT(ISBLANK(O$3:O$5))*(O$3:O$5>$HY$3:$HY$5))+ISBLANK(O$3:O$5)) -> 0 | P13: =SUMPRODUCT((NOT(ISBLANK(P$3:P$5))*(P$3:P$5>$HZ$3:$HZ$5))+ISBLANK(P$3:P$5)) -> 0 | Q13: =SUMPRODUCT((NOT(ISBLANK(Q$3:Q$5))*(Q$3:Q$5>$HW$3:$HW$5))+ISBLANK(Q$3:Q$5)) -> 0 | R13: =SUMPRODUCT((NOT(ISBLANK(R$3:R$5))*(R$3:R$5>$HX$3:$HX$5))+ISBLANK(R$3:R$5)) -> 0 | T13: =SUMPRODUCT((NOT(ISBLANK(T$3:T$5))*(T$3:T$5>$HY$3:$HY$5))+ISBLANK(T$3:T$5)) -> 0 | U13: =SUMPRODUCT((NOT(ISBLANK(U$3:U$5))*(U$3:U$5>$HZ$3:$HZ$5))+ISBLANK(U$3:U$5)) -> 0 | V13: =SUMPRODUCT((NOT(ISBLANK(V$3:V$5))*(V$3:V$5>$HW$3:$HW$5))+ISBLANK(V$3:V$5)) -> 0 | W13: =SUMPRODUCT((NOT(ISBLANK(W$3:W$5))*(W$3:W$5>$HX$3:$HX$5))+ISBLANK(W$3:W$5)) -> 0 | Y13: =SUMPRODUCT((NOT(ISBLANK(Y$3:Y$5))*(Y$3:Y$5>$HY$3:$HY$5))+ISBLANK(Y$3:Y$5)) -> 0 | Z13: =SUMPRODUCT((NOT(ISBLANK(Z$3:Z$5))*(Z$3:Z$5>$HZ$3:$HZ$5))+ISBLANK(Z$3:Z$5)) -> 0 | AA13: =SUMPRODUCT((NOT(ISBLANK(AA$3:AA$5))*(AA$3:AA$5>$HW$3:$HW$5))+ISBLANK(AA$3:AA$5)) -> 0 | AB13: =SUMPRODUCT((NOT(ISBLANK(AB$3:AB$5))*(AB$3:AB$5>$HX$3:$HX$5))+ISBLANK(AB$3:AB$5)) -> 0 | AD13: =SUMPRODUCT((NOT(ISBLANK(AD$3:AD$5))*(AD$3:AD$5>$HY$3:$HY$5))+ISBLANK(AD$3:AD$5)) -> 0 | AE13: =SUMPRODUCT((NOT(ISBLANK(AE$3:AE$5))*(AE$3:AE$5>$HZ$3:$HZ$5))+ISBLANK(AE$3:AE$5)) -> 0 | AF13: =SUMPRODUCT((NOT(ISBLANK(AF$3:AF$5))*(AF$3:AF$5>$HW$3:$HW$5))+ISBLANK(AF$3:AF$5)) -> 0 | AG13: =SUMPRODUCT((NOT(ISBLANK(AG$3:AG$5))*(AG$3:AG$5>$HX$3:$HX$5))+ISBLANK(AG$3:AG$5)) -> 0 | AI13: =SUMPRODUCT((NOT(ISBLANK(AI$3:AI$5))*(AI$3:AI$5>$HY$3:$HY$5))+ISBLANK(AI$3:AI$5)) -> 0 | AJ13: =SUMPRODUCT((NOT(ISBLANK(AJ$3:AJ$5))*(AJ$3:AJ$5>$HZ$3:$HZ$5))+ISBLANK(AJ$3:AJ$5)) -> 0 | AK13: =SUMPRODUCT((NOT(ISBLANK(AK$3:AK$5))*(AK$3:AK$5>$HW$3:$HW$5))+ISBLANK(AK$3:AK$5)) -> 0 | AL13: =SUMPRODUCT((NOT(ISBLANK(AL$3:AL$5))*(AL$3:AL$5>$HX$3:$HX$5))+ISBLANK(AL$3:AL$5)) -> 0 | AN13: =SUMPRODUCT((NOT(ISBLANK(AN$3:AN$5))*(AN$3:AN$5>$HY$3:$HY$5))+ISBLANK(AN$3:AN$5)) -> 0 | AO13: =SUMPRODUCT((NOT(ISBLANK(AO$3:AO$5))*(AO$3:AO$5>$HZ$3:$HZ$5))+ISBLANK(AO$3:AO$5)) -> 0 | AP13: =SUMPRODUCT((NOT(ISBLANK(AP$3:AP$5))*(AP$3:AP$5>$HW$3:$HW$5))+ISBLANK(AP$3:AP$5)) -> 0 | AQ13: =SUMPRODUCT((NOT(ISBLANK(AQ$3:AQ$5))*(AQ$3:AQ$5>$HX$3:$HX$5))+ISBLANK(AQ$3:AQ$5)) -> 0 | AS13: =SUMPRODUCT((NOT(ISBLANK(AS$3:AS$5))*(AS$3:AS$5>$HY$3:$HY$5))+ISBLANK(AS$3:AS$5)) -> 0 | AT13: =SUMPRODUCT((NOT(ISBLANK(AT$3:AT$5))*(AT$3:AT$5>$HZ$3:$HZ$5))+ISBLANK(AT$3:AT$5)) -> 0 | AU13: =SUMPRODUCT((NOT(ISBLANK(AU$3:AU$5))*(AU$3:AU$5>$HW$3:$HW$5))+ISBLANK(AU$3:AU$5)) -> 0 | AV13: =SUMPRODUCT((NOT(ISBLANK(AV$3:AV$5))*(AV$3:AV$5>$HX$3:$HX$5))+ISBLANK(AV$3:AV$5)) -> 0 | AX13: =SUMPRODUCT((NOT(ISBLANK(AX$3:AX$5))*(AX$3:AX$5>$HY$3:$HY$5))+ISBLANK(AX$3:AX$5)) -> 0 | AY13: =SUMPRODUCT((NOT(ISBLANK(AY$3:AY$5))*(AY$3:AY$5>$HZ$3:$HZ$5))+ISBLANK(AY$3:AY$5)) -> 0 | AZ13: =SUMPRODUCT((NOT(ISBLANK(AZ$3:AZ$5))*(AZ$3:AZ$5>$HW$3:$HW$5))+ISBLANK(AZ$3:AZ$5)) -> 0 | BA13: =SUMPRODUCT((NOT(ISBLANK(BA$3:BA$5))*(BA$3:BA$5>$HX$3:$HX$5))+ISBLANK(BA$3:BA$5)) -> 0 | BC13: =SUMPRODUCT((NOT(ISBLANK(BC$3:BC$5))*(BC$3:BC$5>$HY$3:$HY$5))+ISBLANK(BC$3:BC$5)) -> 0 | BD13: =SUMPRODUCT((NOT(ISBLANK(BD$3:BD$5))*(BD$3:BD$5>$HZ$3:$HZ$5))+ISBLANK(BD$3:BD$5)) -> 0 | BE13: =SUMPRODUCT((NOT(ISBLANK(BE$3:BE$5))*(BE$3:BE$5>$HW$3:$HW$5))+ISBLANK(BE$3:BE$5)) -> 0 | BF13: =SUMPRODUCT((NOT(ISBLANK(BF$3:BF$5))*(BF$3:BF$5>$HX$3:$HX$5))+ISBLANK(BF$3:BF$5)) -> 0 | BH13: =SUMPRODUCT((NOT(ISBLANK(BH$3:BH$5))*(BH$3:BH$5>$HY$3:$HY$5))+ISBLANK(BH$3:BH$5)) -> 0 | BI13: =SUMPRODUCT((NOT(ISBLANK(BI$3:BI$5))*(BI$3:BI$5>$HZ$3:$HZ$5))+ISBLANK(BI$3:BI$5)) -> 0 | BJ13: =SUMPRODUCT((NOT(ISBLANK(BJ$3:BJ$5))*(BJ$3:BJ$5>$HW$3:$HW$5))+ISBLANK(BJ$3:BJ$5)) -> 0 | BK13: =SUMPRODUCT((NOT(ISBLANK(BK$3:BK$5))*(BK$3:BK$5>$HX$3:$HX$5))+ISBLANK(BK$3:BK$5)) -> 0 | BM13: =SUMPRODUCT((NOT(ISBLANK(BM$3:BM$5))*(BM$3:BM$5>$HY$3:$HY$5))+ISBLANK(BM$3:BM$5)) -> 0 | BN13: =SUMPRODUCT((NOT(ISBLANK(BN$3:BN$5))*(BN$3:BN$5>$HZ$3:$HZ$5))+ISBLANK(BN$3:BN$5)) -> 0 | BO13: =SUMPRODUCT((NOT(ISBLANK(BO$3:BO$5))*(BO$3:BO$5>$HW$3:$HW$5))+ISBLANK(BO$3:BO$5)) -> 0 | BP13: =SUMPRODUCT((NOT(ISBLANK(BP$3:BP$5))*(BP$3:BP$5>$HX$3:$HX$5))+ISBLANK(BP$3:BP$5)) -> 0 | BR13: =SUMPRODUCT((NOT(ISBLANK(BR$3:BR$5))*(BR$3:BR$5>$HY$3:$HY$5))+ISBLANK(BR$3:BR$5)) -> 0 | BS13: =SUMPRODUCT((NOT(ISBLANK(BS$3:BS$5))*(BS$3:BS$5>$HZ$3:$HZ$5))+ISBLANK(BS$3:BS$5)) -> 0 | BT13: =SUMPRODUCT((NOT(ISBLANK(BT$3:BT$5))*(BT$3:BT$5>$HW$3:$HW$5))+ISBLANK(BT$3:BT$5)) -> 0 | BU13: =SUMPRODUCT((NOT(ISBLANK(BU$3:BU$5))*(BU$3:BU$5>$HX$3:$HX$5))+ISBLANK(BU$3:BU$5)) -> 0 | BW13: =SUMPRODUCT((NOT(ISBLANK(BW$3:BW$5))*(BW$3:BW$5>$HY$3:$HY$5))+ISBLANK(BW$3:BW$5)) -> 0 | BX13: =SUMPRODUCT((NOT(ISBLANK(BX$3:BX$5))*(BX$3:BX$5>$HZ$3:$HZ$5))+ISBLANK(BX$3:BX$5)) -> 0 | BY13: =SUMPRODUCT((NOT(ISBLANK(BY$3:BY$5))*(BY$3:BY$5>$HW$3:$HW$5))+ISBLANK(BY$3:BY$5)) -> 0 | BZ13: =SUMPRODUCT((NOT(ISBLANK(BZ$3:BZ$5))*(BZ$3:BZ$5>$HX$3:$HX$5))+ISBLANK(BZ$3:BZ$5)) -> 0 | CB13: =SUMPRODUCT((NOT(ISBLANK(CB$3:CB$5))*(CB$3:CB$5>$HY$3:$HY$5))+ISBLANK(CB$3:CB$5)) -> 0 | CC13: =SUMPRODUCT((NOT(ISBLANK(CC$3:CC$5))*(CC$3:CC$5>$HZ$3:$HZ$5))+ISBLANK(CC$3:CC$5)) -> 0 | CD13: =SUMPRODUCT((NOT(ISBLANK(CD$3:CD$5))*(CD$3:CD$5>$HW$3:$HW$5))+ISBLANK(CD$3:CD$5)) -> 0 | CE13: =SUMPRODUCT((NOT(ISBLANK(CE$3:CE$5))*(CE$3:CE$5>$HX$3:$HX$5))+ISBLANK(CE$3:CE$5)) -> 0 | CG13: =SUMPRODUCT((NOT(ISBLANK(CG$3:CG$5))*(CG$3:CG$5>$HY$3:$HY$5))+ISBLANK(CG$3:CG$5)) -> 0 | CH13: =SUMPRODUCT((NOT(ISBLANK(CH$3:CH$5))*(CH$3:CH$5>$HZ$3:$HZ$5))+ISBLANK(CH$3:CH$5)) -> 0 | CI13: =SUMPRODUCT((NOT(ISBLANK(CI$3:CI$5))*(CI$3:CI$5>$HW$3:$HW$5))+ISBLANK(CI$3:CI$5)) -> 0 | CJ13: =SUMPRODUCT((NOT(ISBLANK(CJ$3:CJ$5))*(CJ$3:CJ$5>$HX$3:$HX$5))+ISBLANK(CJ$3:CJ$5)) -> 0 | CL13: =SUMPRODUCT((NOT(ISBLANK(CL$3:CL$5))*(CL$3:CL$5>$HY$3:$HY$5))+ISBLANK(CL$3:CL$5)) -> 0 | CM13: =SUMPRODUCT((NOT(ISBLANK(CM$3:CM$5))*(CM$3:CM$5>$HZ$3:$HZ$5))+ISBLANK(CM$3:CM$5)) -> 0 | CN13: =SUMPRODUCT((NOT(ISBLANK(CN$3:CN$5))*(CN$3:CN$5>$HW$3:$HW$5))+ISBLANK(CN$3:CN$5)) -> 0 | CO13: =SUMPRODUCT((NOT(ISBLANK(CO$3:CO$5))*(CO$3:CO$5>$HX$3:$HX$5))+ISBLANK(CO$3:CO$5)) -> 0 | CQ13: =SUMPRODUCT((NOT(ISBLANK(CQ$3:CQ$5))*(CQ$3:CQ$5>$HY$3:$HY$5))+ISBLANK(CQ$3:CQ$5)) -> 0 | CR13: =SUMPRODUCT((NOT(ISBLANK(CR$3:CR$5))*(CR$3:CR$5>$HZ$3:$HZ$5))+ISBLANK(CR$3:CR$5)) -> 0 | CS13: =SUMPRODUCT((NOT(ISBLANK(CS$3:CS$5))*(CS$3:CS$5>$HW$3:$HW$5))+ISBLANK(CS$3:CS$5)) -> 0 | CT13: =SUMPRODUCT((NOT(ISBLANK(CT$3:CT$5))*(CT$3:CT$5>$HX$3:$HX$5))+ISBLANK(CT$3:CT$5)) -> 0 | CV13: =SUMPRODUCT((NOT(ISBLANK(CV$3:CV$5))*(CV$3:CV$5>$HY$3:$HY$5))+ISBLANK(CV$3:CV$5)) -> 0 | CW13: =SUMPRODUCT((NOT(ISBLANK(CW$3:CW$5))*(CW$3:CW$5>$HZ$3:$HZ$5))+ISBLANK(CW$3:CW$5)) -> 0 | CX13: =SUMPRODUCT((NOT(ISBLANK(CX$3:CX$5))*(CX$3:CX$5>$HW$3:$HW$5))+ISBLANK(CX$3:CX$5)) -> 0 | CY13: =SUMPRODUCT((NOT(ISBLANK(CY$3:CY$5))*(CY$3:CY$5>$HX$3:$HX$5))+ISBLANK(CY$3:CY$5)) -> 0 | DA13: =SUMPRODUCT((NOT(ISBLANK(DA$3:DA$5))*(DA$3:DA$5>$HY$3:$HY$5))+ISBLANK(DA$3:DA$5)) -> 0 | DB13: =SUMPRODUCT((NOT(ISBLANK(DB$3:DB$5))*(DB$3:DB$5>$HZ$3:$HZ$5))+ISBLANK(DB$3:DB$5)) -> 0 | DC13: =SUMPRODUCT((NOT(ISBLANK(DC$3:DC$5))*(DC$3:DC$5>$HW$3:$HW$5))+ISBLANK(DC$3:DC$5)) -> 0 | DD13: =SUMPRODUCT((NOT(ISBLANK(DD$3:DD$5))*(DD$3:DD$5>$HX$3:$HX$5))+ISBLANK(DD$3:DD$5)) -> 0 | DF13: =SUMPRODUCT((NOT(ISBLANK(DF$3:DF$5))*(DF$3:DF$5>$HY$3:$HY$5))+ISBLANK(DF$3:DF$5)) -> 0 | DG13: =SUMPRODUCT((NOT(ISBLANK(DG$3:DG$5))*(DG$3:DG$5>$HZ$3:$HZ$5))+ISBLANK(DG$3:DG$5)) -> 0 | DH13: =SUMPRODUCT((NOT(ISBLANK(DH$3:DH$5))*(DH$3:DH$5>$HW$3:$HW$5))+ISBLANK(DH$3:DH$5)) -> 0 | DI13: =SUMPRODUCT((NOT(ISBLANK(DI$3:DI$5))*(DI$3:DI$5>$HX$3:$HX$5))+ISBLANK(DI$3:DI$5)) -> 0 | DK13: =SUMPRODUCT((NOT(ISBLANK(DK$3:DK$5))*(DK$3:DK$5>$HY$3:$HY$5))+ISBLANK(DK$3:DK$5)) -> 0 | DL13: =SUMPRODUCT((NOT(ISBLANK(DL$3:DL$5))*(DL$3:DL$5>$HZ$3:$HZ$5))+ISBLANK(DL$3:DL$5)) -> 0 | DM13: =SUMPRODUCT((NOT(ISBLANK(DM$3:DM$5))*(DM$3:DM$5>$HW$3:$HW$5))+ISBLANK(DM$3:DM$5)) -> 0 | DN13: =SUMPRODUCT((NOT(ISBLANK(DN$3:DN$5))*(DN$3:DN$5>$HX$3:$HX$5))+ISBLANK(DN$3:DN$5)) -> 0 | DP13: =SUMPRODUCT((NOT(ISBLANK(DP$3:DP$5))*(DP$3:DP$5>$HY$3:$HY$5))+ISBLANK(DP$3:DP$5)) -> 0 | DQ13: =SUMPRODUCT((NOT(ISBLANK(DQ$3:DQ$5))*(DQ$3:DQ$5>$HZ$3:$HZ$5))+ISBLANK(DQ$3:DQ$5)) -> 0 | DR13: =SUMPRODUCT((NOT(ISBLANK(DR$3:DR$5))*(DR$3:DR$5>$HW$3:$HW$5))+ISBLANK(DR$3:DR$5)) -> 0 | DS13: =SUMPRODUCT((NOT(ISBLANK(DS$3:DS$5))*(DS$3:DS$5>$HX$3:$HX$5))+ISBLANK(DS$3:DS$5)) -> 0 | DU13: =SUMPRODUCT((NOT(ISBLANK(DU$3:DU$5))*(DU$3:DU$5>$HY$3:$HY$5))+ISBLANK(DU$3:DU$5)) -> 0 | DV13: =SUMPRODUCT((NOT(ISBLANK(DV$3:DV$5))*(DV$3:DV$5>$HZ$3:$HZ$5))+ISBLANK(DV$3:DV$5)) -> 0 | DW13: =SUMPRODUCT((NOT(ISBLANK(DW$3:DW$5))*(DW$3:DW$5>$HW$3:$HW$5))+ISBLANK(DW$3:DW$5)) -> 0 | DX13: =SUMPRODUCT((NOT(ISBLANK(DX$3:DX$5))*(DX$3:DX$5>$HX$3:$HX$5))+ISBLANK(DX$3:DX$5)) -> 0 | DZ13: =SUMPRODUCT((NOT(ISBLANK(DZ$3:DZ$5))*(DZ$3:DZ$5>$HY$3:$HY$5))+ISBLANK(DZ$3:DZ$5)) -> 0 | EA13: =SUMPRODUCT((NOT(ISBLANK(EA$3:EA$5))*(EA$3:EA$5>$HZ$3:$HZ$5))+ISBLANK(EA$3:EA$5)) -> 0 | EB13: =SUMPRODUCT((NOT(ISBLANK(EB$3:EB$5))*(EB$3:EB$5>$HW$3:$HW$5))+ISBLANK(EB$3:EB$5)) -> 0 | EC13: =SUMPRODUCT((NOT(ISBLANK(EC$3:EC$5))*(EC$3:EC$5>$HX$3:$HX$5))+ISBLANK(EC$3:EC$5)) -> 0 | EE13: =SUMPRODUCT((NOT(ISBLANK(EE$3:EE$5))*(EE$3:EE$5>$HY$3:$HY$5))+ISBLANK(EE$3:EE$5)) -> 0 | EF13: =SUMPRODUCT((NOT(ISBLANK(EF$3:EF$5))*(EF$3:EF$5>$HZ$3:$HZ$5))+ISBLANK(EF$3:EF$5)) -> 0 | EG13: =SUMPRODUCT((NOT(ISBLANK(EG$3:EG$5))*(EG$3:EG$5>$HW$3:$HW$5))+ISBLANK(EG$3:EG$5)) -> 0 | EH13: =SUMPRODUCT((NOT(ISBLANK(EH$3:EH$5))*(EH$3:EH$5>$HX$3:$HX$5))+ISBLANK(EH$3:EH$5)) -> 0 | EJ13: =SUMPRODUCT((NOT(ISBLANK(EJ$3:EJ$5))*(EJ$3:EJ$5>$HY$3:$HY$5))+ISBLANK(EJ$3:EJ$5)) -> 0 | EK13: =SUMPRODUCT((NOT(ISBLANK(EK$3:EK$5))*(EK$3:EK$5>$HZ$3:$HZ$5))+ISBLANK(EK$3:EK$5)) -> 0 | EL13: =SUMPRODUCT((NOT(ISBLANK(EL$3:EL$5))*(EL$3:EL$5>$HW$3:$HW$5))+ISBLANK(EL$3:EL$5)) -> 0 | EM13: =SUMPRODUCT((NOT(ISBLANK(EM$3:EM$5))*(EM$3:EM$5>$HX$3:$HX$5))+ISBLANK(EM$3:EM$5)) -> 0 | EO13: =SUMPRODUCT((NOT(ISBLANK(EO$3:EO$5))*(EO$3:EO$5>$HY$3:$HY$5))+ISBLANK(EO$3:EO$5)) -> 0 | EP13: =SUMPRODUCT((NOT(ISBLANK(EP$3:EP$5))*(EP$3:EP$5>$HZ$3:$HZ$5))+ISBLANK(EP$3:EP$5)) -> 0 | EQ13: =SUMPRODUCT((NOT(ISBLANK(EQ$3:EQ$5))*(EQ$3:EQ$5>$HW$3:$HW$5))+ISBLANK(EQ$3:EQ$5)) -> 0 | ER13: =SUMPRODUCT((NOT(ISBLANK(ER$3:ER$5))*(ER$3:ER$5>$HX$3:$HX$5))+ISBLANK(ER$3:ER$5)) -> 0 | ET13: =SUMPRODUCT((NOT(ISBLANK(ET$3:ET$5))*(ET$3:ET$5>$HY$3:$HY$5))+ISBLANK(ET$3:ET$5)) -> 0 | EU13: =SUMPRODUCT((NOT(ISBLANK(EU$3:EU$5))*(EU$3:EU$5>$HZ$3:$HZ$5))+ISBLANK(EU$3:EU$5)) -> 0 | EV13: =SUMPRODUCT((NOT(ISBLANK(EV$3:EV$5))*(EV$3:EV$5>$HW$3:$HW$5))+ISBLANK(EV$3:EV$5)) -> 0 | EW13: =SUMPRODUCT((NOT(ISBLANK(EW$3:EW$5))*(EW$3:EW$5>$HX$3:$HX$5))+ISBLANK(EW$3:EW$5)) -> 0 | EY13: =SUMPRODUCT((NOT(ISBLANK(EY$3:EY$5))*(EY$3:EY$5>$HY$3:$HY$5))+ISBLANK(EY$3:EY$5)) -> 0 | EZ13: =SUMPRODUCT((NOT(ISBLANK(EZ$3:EZ$5))*(EZ$3:EZ$5>$HZ$3:$HZ$5))+ISBLANK(EZ$3:EZ$5)) -> 0 | FA13: =SUMPRODUCT((NOT(ISBLANK(FA$3:FA$5))*(FA$3:FA$5>$HW$3:$HW$5))+ISBLANK(FA$3:FA$5)) -> 0 | FB13: =SUMPRODUCT((NOT(ISBLANK(FB$3:FB$5))*(FB$3:FB$5>$HX$3:$HX$5))+ISBLANK(FB$3:FB$5)) -> 0 | FD13: =SUMPRODUCT((NOT(ISBLANK(FD$3:FD$5))*(FD$3:FD$5>$HY$3:$HY$5))+ISBLANK(FD$3:FD$5)) -> 0 | FE13: =SUMPRODUCT((NOT(ISBLANK(FE$3:FE$5))*(FE$3:FE$5>$HZ$3:$HZ$5))+ISBLANK(FE$3:FE$5)) -> 0 | FF13: =SUMPRODUCT((NOT(ISBLANK(FF$3:FF$5))*(FF$3:FF$5>$HW$3:$HW$5))+ISBLANK(FF$3:FF$5)) -> 0 | FG13: =SUMPRODUCT((NOT(ISBLANK(FG$3:FG$5))*(FG$3:FG$5>$HX$3:$HX$5))+ISBLANK(FG$3:FG$5)) -> 0 | FI13: =SUMPRODUCT((NOT(ISBLANK(FI$3:FI$5))*(FI$3:FI$5>$HY$3:$HY$5))+ISBLANK(FI$3:FI$5)) -> 0 | FJ13: =SUMPRODUCT((NOT(ISBLANK(FJ$3:FJ$5))*(FJ$3:FJ$5>$HZ$3:$HZ$5))+ISBLANK(FJ$3:FJ$5)) -> 0 | FK13: =SUMPRODUCT((NOT(ISBLANK(FK$3:FK$5))*(FK$3:FK$5>$HW$3:$HW$5))+ISBLANK(FK$3:FK$5)) -> 0 | FL13: =SUMPRODUCT((NOT(ISBLANK(FL$3:FL$5))*(FL$3:FL$5>$HX$3:$HX$5))+ISBLANK(FL$3:FL$5)) -> 0 | FN13: =SUMPRODUCT((NOT(ISBLANK(FN$3:FN$5))*(FN$3:FN$5>$HY$3:$HY$5))+ISBLANK(FN$3:FN$5)) -> 0 | FO13: =SUMPRODUCT((NOT(ISBLANK(FO$3:FO$5))*(FO$3:FO$5>$HZ$3:$HZ$5))+ISBLANK(FO$3:FO$5)) -> 0 | FP13: =SUMPRODUCT((NOT(ISBLANK(FP$3:FP$5))*(FP$3:FP$5>$HW$3:$HW$5))+ISBLANK(FP$3:FP$5)) -> 0 | FQ13: =SUMPRODUCT((NOT(ISBLANK(FQ$3:FQ$5))*(FQ$3:FQ$5>$HX$3:$HX$5))+ISBLANK(FQ$3:FQ$5)) -> 0 | FS13: =SUMPRODUCT((NOT(ISBLANK(FS$3:FS$5))*(FS$3:FS$5>$HY$3:$HY$5))+ISBLANK(FS$3:FS$5)) -> 0 | FT13: =SUMPRODUCT((NOT(ISBLANK(FT$3:FT$5))*(FT$3:FT$5>$HZ$3:$HZ$5))+ISBLANK(FT$3:FT$5)) -> 0 | FU13: =SUMPRODUCT((NOT(ISBLANK(FU$3:FU$5))*(FU$3:FU$5>$HW$3:$HW$5))+ISBLANK(FU$3:FU$5)) -> 0 | FV13: =SUMPRODUCT((NOT(ISBLANK(FV$3:FV$5))*(FV$3:FV$5>$HX$3:$HX$5))+ISBLANK(FV$3:FV$5)) -> 0 | FX13: =SUMPRODUCT((NOT(ISBLANK(FX$3:FX$5))*(FX$3:FX$5>$HY$3:$HY$5))+ISBLANK(FX$3:FX$5)) -> 0 | FY13: =SUMPRODUCT((NOT(ISBLANK(FY$3:FY$5))*(FY$3:FY$5>$HZ$3:$HZ$5))+ISBLANK(FY$3:FY$5)) -> 0 | FZ13: =SUMPRODUCT((NOT(ISBLANK(FZ$3:FZ$5))*(FZ$3:FZ$5>$HW$3:$HW$5))+ISBLANK(FZ$3:FZ$5)) -> 0 | GA13: =SUMPRODUCT((NOT(ISBLANK(GA$3:GA$5))*(GA$3:GA$5>$HX$3:$HX$5))+ISBLANK(GA$3:GA$5)) -> 0 | GC13: =SUMPRODUCT((NOT(ISBLANK(GC$3:GC$5))*(GC$3:GC$5>$HY$3:$HY$5))+ISBLANK(GC$3:GC$5)) -> 0 | GD13: =SUMPRODUCT((NOT(ISBLANK(GD$3:GD$5))*(GD$3:GD$5>$HZ$3:$HZ$5))+ISBLANK(GD$3:GD$5)) -> 0 | GE13: =SUMPRODUCT((NOT(ISBLANK(GE$3:GE$5))*(GE$3:GE$5>$HW$3:$HW$5))+ISBLANK(GE$3:GE$5)) -> 0 | GF13: =SUMPRODUCT((NOT(ISBLANK(GF$3:GF$5))*(GF$3:GF$5>$HX$3:$HX$5))+ISBLANK(GF$3:GF$5)) -> 0 | GH13: =SUMPRODUCT((NOT(ISBLANK(GH$3:GH$5))*(GH$3:GH$5>$HY$3:$HY$5))+ISBLANK(GH$3:GH$5)) -> 0 | GI13: =SUMPRODUCT((NOT(ISBLANK(GI$3:GI$5))*(GI$3:GI$5>$HZ$3:$HZ$5))+ISBLANK(GI$3:GI$5)) -> 0 | GJ13: =SUMPRODUCT((NOT(ISBLANK(GJ$3:GJ$5))*(GJ$3:GJ$5>$HW$3:$HW$5))+ISBLANK(GJ$3:GJ$5)) -> 0 | GK13: =SUMPRODUCT((NOT(ISBLANK(GK$3:GK$5))*(GK$3:GK$5>$HX$3:$HX$5))+ISBLANK(GK$3:GK$5)) -> 0 | GM13: =SUMPRODUCT((NOT(ISBLANK(GM$3:GM$5))*(GM$3:GM$5>$HY$3:$HY$5))+ISBLANK(GM$3:GM$5)) -> 0 | GN13: =SUMPRODUCT((NOT(ISBLANK(GN$3:GN$5))*(GN$3:GN$5>$HZ$3:$HZ$5))+ISBLANK(GN$3:GN$5)) -> 0 | GO13: =SUMPRODUCT((NOT(ISBLANK(GO$3:GO$5))*(GO$3:GO$5>$HW$3:$HW$5))+ISBLANK(GO$3:GO$5)) -> 0 | GP13: =SUMPRODUCT((NOT(ISBLANK(GP$3:GP$5))*(GP$3:GP$5>$HX$3:$HX$5))+ISBLANK(GP$3:GP$5)) -> 0 | GR13: =SUMPRODUCT((NOT(ISBLANK(GR$3:GR$5))*(GR$3:GR$5>$HY$3:$HY$5))+ISBLANK(GR$3:GR$5)) -> 0 | GS13: =SUMPRODUCT((NOT(ISBLANK(GS$3:GS$5))*(GS$3:GS$5>$HZ$3:$HZ$5))+ISBLANK(GS$3:GS$5)) -> 0 | GT13: =SUMPRODUCT((NOT(ISBLANK(GT$3:GT$5))*(GT$3:GT$5>$HW$3:$HW$5))+ISBLANK(GT$3:GT$5)) -> 0 | GU13: =SUMPRODUCT((NOT(ISBLANK(GU$3:GU$5))*(GU$3:GU$5>$HX$3:$HX$5))+ISBLANK(GU$3:GU$5)) -> 0 | GW13: =SUMPRODUCT((NOT(ISBLANK(GW$3:GW$5))*(GW$3:GW$5>$HY$3:$HY$5))+ISBLANK(GW$3:GW$5)) -> 0 | GX13: =SUMPRODUCT((NOT(ISBLANK(GX$3:GX$5))*(GX$3:GX$5>$HZ$3:$HZ$5))+ISBLANK(GX$3:GX$5)) -> 0 | GY13: =SUMPRODUCT((NOT(ISBLANK(GY$3:GY$5))*(GY$3:GY$5>$HW$3:$HW$5))+ISBLANK(GY$3:GY$5)) -> 0 | GZ13: =SUMPRODUCT((NOT(ISBLANK(GZ$3:GZ$5))*(GZ$3:GZ$5>$HX$3:$HX$5))+ISBLANK(GZ$3:GZ$5)) -> 0 | HB13: =SUMPRODUCT((NOT(ISBLANK(HB$3:HB$5))*(HB$3:HB$5>$HY$3:$HY$5))+ISBLANK(HB$3:HB$5)) -> 0 | HC13: =SUMPRODUCT((NOT(ISBLANK(HC$3:HC$5))*(HC$3:HC$5>$HZ$3:$HZ$5))+ISBLANK(HC$3:HC$5)) -> 0 | HD13: =SUMPRODUCT((NOT(ISBLANK(HD$3:HD$5))*(HD$3:HD$5>$HW$3:$HW$5))+ISBLANK(HD$3:HD$5)) -> 0 | HE13: =SUMPRODUCT((NOT(ISBLANK(HE$3:HE$5))*(HE$3:HE$5>$HX$3:$HX$5))+ISBLANK(HE$3:HE$5)) -> 0 | HG13: =SUMPRODUCT((NOT(ISBLANK(HG$3:HG$5))*(HG$3:HG$5>$HY$3:$HY$5))+ISBLANK(HG$3:HG$5)) -> 0 | HH13: =SUMPRODUCT((NOT(ISBLANK(HH$3:HH$5))*(HH$3:HH$5>$HZ$3:$HZ$5))+ISBLANK(HH$3:HH$5)) -> 0 | HI13: =SUMPRODUCT((NOT(ISBLANK(HI$3:HI$5))*(HI$3:HI$5>$HW$3:$HW$5))+ISBLANK(HI$3:HI$5)) -> 0 | HJ13: =SUMPRODUCT((NOT(ISBLANK(HJ$3:HJ$5))*(HJ$3:HJ$5>$HX$3:$HX$5))+ISBLANK(HJ$3:HJ$5)) -> 0 | HL13: =SUMPRODUCT((NOT(ISBLANK(HL$3:HL$5))*(HL$3:HL$5>$HY$3:$HY$5))+ISBLANK(HL$3:HL$5)) -> 0 | HM13: =SUMPRODUCT((NOT(ISBLANK(HM$3:HM$5))*(HM$3:HM$5>$HZ$3:$HZ$5))+ISBLANK(HM$3:HM$5)) -> 0 | HN13: =SUMPRODUCT((NOT(ISBLANK(HN$3:HN$5))*(HN$3:HN$5>$HW$3:$HW$5))+ISBLANK(HN$3:HN$5)) -> 0 | HO13: =SUMPRODUCT((NOT(ISBLANK(HO$3:HO$5))*(HO$3:HO$5>$HX$3:$HX$5))+ISBLANK(HO$3:HO$5)) -> 0 | HQ13: =SUMPRODUCT((NOT(ISBLANK(HQ$3:HQ$5))*(HQ$3:HQ$5>$HY$3:$HY$5))+ISBLANK(HQ$3:HQ$5)) -> 0 | HR13: =SUMPRODUCT((NOT(ISBLANK(HR$3:HR$5))*(HR$3:HR$5>$HZ$3:$HZ$5))+ISBLANK(HR$3:HR$5)) -> 0
A14: WORST | B14: =SUMPRODUCT((NOT(ISBLANK(B$3:B$5))*(B$3:B$5=$IA$3:$IA$5))+ISBLANK(B$3:B$5)) -> 0 | C14: =SUMPRODUCT((NOT(ISBLANK(C$3:C$5))*(C$3:C$5=$IB$3:$IB$5))+ISBLANK(C$3:C$5)) -> 0 | E14: =SUMPRODUCT((NOT(ISBLANK(E$3:E$5))*(E$3:E$5=$IC$3:$IC$5))+ISBLANK(E$3:E$5)) -> 0 | F14: =SUMPRODUCT((NOT(ISBLANK(F$3:F$5))*(F$3:F$5=$ID$3:$ID$5))+ISBLANK(F$3:F$5)) -> 0 | G14: =SUMPRODUCT((NOT(ISBLANK(G$3:G$5))*(G$3:G$5=$IA$3:$IA$5))+ISBLANK(G$3:G$5)) -> 0 | H14: =SUMPRODUCT((NOT(ISBLANK(H$3:H$5))*(H$3:H$5=$IB$3:$IB$5))+ISBLANK(H$3:H$5)) -> 0 | J14: =SUMPRODUCT((NOT(ISBLANK(J$3:J$5))*(J$3:J$5=$IC$3:$IC$5))+ISBLANK(J$3:J$5)) -> 0 | K14: =SUMPRODUCT((NOT(ISBLANK(K$3:K$5))*(K$3:K$5=$ID$3:$ID$5))+ISBLANK(K$3:K$5)) -> 0 | L14: =SUMPRODUCT((NOT(ISBLANK(L$3:L$5))*(L$3:L$5=$IA$3:$IA$5))+ISBLANK(L$3:L$5)) -> 0 | M14: =SUMPRODUCT((NOT(ISBLANK(M$3:M$5))*(M$3:M$5=$IB$3:$IB$5))+ISBLANK(M$3:M$5)) -> 0 | O14: =SUMPRODUCT((NOT(ISBLANK(O$3:O$5))*(O$3:O$5=$IC$3:$IC$5))+ISBLANK(O$3:O$5)) -> 0 | P14: =SUMPRODUCT((NOT(ISBLANK(P$3:P$5))*(P$3:P$5=$ID$3:$ID$5))+ISBLANK(P$3:P$5)) -> 0 | Q14: =SUMPRODUCT((NOT(ISBLANK(Q$3:Q$5))*(Q$3:Q$5=$IA$3:$IA$5))+ISBLANK(Q$3:Q$5)) -> 0 | R14: =SUMPRODUCT((NOT(ISBLANK(R$3:R$5))*(R$3:R$5=$IB$3:$IB$5))+ISBLANK(R$3:R$5)) -> 0 | T14: =SUMPRODUCT((NOT(ISBLANK(T$3:T$5))*(T$3:T$5=$IC$3:$IC$5))+ISBLANK(T$3:T$5)) -> 0 | U14: =SUMPRODUCT((NOT(ISBLANK(U$3:U$5))*(U$3:U$5=$ID$3:$ID$5))+ISBLANK(U$3:U$5)) -> 0 | V14: =SUMPRODUCT((NOT(ISBLANK(V$3:V$5))*(V$3:V$5=$IA$3:$IA$5))+ISBLANK(V$3:V$5)) -> 0 | W14: =SUMPRODUCT((NOT(ISBLANK(W$3:W$5))*(W$3:W$5=$IB$3:$IB$5))+ISBLANK(W$3:W$5)) -> 0 | Y14: =SUMPRODUCT((NOT(ISBLANK(Y$3:Y$5))*(Y$3:Y$5=$IC$3:$IC$5))+ISBLANK(Y$3:Y$5)) -> 0 | Z14: =SUMPRODUCT((NOT(ISBLANK(Z$3:Z$5))*(Z$3:Z$5=$ID$3:$ID$5))+ISBLANK(Z$3:Z$5)) -> 0 | AA14: =SUMPRODUCT((NOT(ISBLANK(AA$3:AA$5))*(AA$3:AA$5=$IA$3:$IA$5))+ISBLANK(AA$3:AA$5)) -> 0 | AB14: =SUMPRODUCT((NOT(ISBLANK(AB$3:AB$5))*(AB$3:AB$5=$IB$3:$IB$5))+ISBLANK(AB$3:AB$5)) -> 0 | AD14: =SUMPRODUCT((NOT(ISBLANK(AD$3:AD$5))*(AD$3:AD$5=$IC$3:$IC$5))+ISBLANK(AD$3:AD$5)) -> 0 | AE14: =SUMPRODUCT((NOT(ISBLANK(AE$3:AE$5))*(AE$3:AE$5=$ID$3:$ID$5))+ISBLANK(AE$3:AE$5)) -> 0 | AF14: =SUMPRODUCT((NOT(ISBLANK(AF$3:AF$5))*(AF$3:AF$5=$IA$3:$IA$5))+ISBLANK(AF$3:AF$5)) -> 0 | AG14: =SUMPRODUCT((NOT(ISBLANK(AG$3:AG$5))*(AG$3:AG$5=$IB$3:$IB$5))+ISBLANK(AG$3:AG$5)) -> 0 | AI14: =SUMPRODUCT((NOT(ISBLANK(AI$3:AI$5))*(AI$3:AI$5=$IC$3:$IC$5))+ISBLANK(AI$3:AI$5)) -> 0 | AJ14: =SUMPRODUCT((NOT(ISBLANK(AJ$3:AJ$5))*(AJ$3:AJ$5=$ID$3:$ID$5))+ISBLANK(AJ$3:AJ$5)) -> 0 | AK14: =SUMPRODUCT((NOT(ISBLANK(AK$3:AK$5))*(AK$3:AK$5=$IA$3:$IA$5))+ISBLANK(AK$3:AK$5)) -> 0 | AL14: =SUMPRODUCT((NOT(ISBLANK(AL$3:AL$5))*(AL$3:AL$5=$IB$3:$IB$5))+ISBLANK(AL$3:AL$5)) -> 0 | AN14: =SUMPRODUCT((NOT(ISBLANK(AN$3:AN$5))*(AN$3:AN$5=$IC$3:$IC$5))+ISBLANK(AN$3:AN$5)) -> 0 | AO14: =SUMPRODUCT((NOT(ISBLANK(AO$3:AO$5))*(AO$3:AO$5=$ID$3:$ID$5))+ISBLANK(AO$3:AO$5)) -> 0 | AP14: =SUMPRODUCT((NOT(ISBLANK(AP$3:AP$5))*(AP$3:AP$5=$IA$3:$IA$5))+ISBLANK(AP$3:AP$5)) -> 0 | AQ14: =SUMPRODUCT((NOT(ISBLANK(AQ$3:AQ$5))*(AQ$3:AQ$5=$IB$3:$IB$5))+ISBLANK(AQ$3:AQ$5)) -> 0 | AS14: =SUMPRODUCT((NOT(ISBLANK(AS$3:AS$5))*(AS$3:AS$5=$IC$3:$IC$5))+ISBLANK(AS$3:AS$5)) -> 0 | AT14: =SUMPRODUCT((NOT(ISBLANK(AT$3:AT$5))*(AT$3:AT$5=$ID$3:$ID$5))+ISBLANK(AT$3:AT$5)) -> 0 | AU14: =SUMPRODUCT((NOT(ISBLANK(AU$3:AU$5))*(AU$3:AU$5=$IA$3:$IA$5))+ISBLANK(AU$3:AU$5)) -> 0 | AV14: =SUMPRODUCT((NOT(ISBLANK(AV$3:AV$5))*(AV$3:AV$5=$IB$3:$IB$5))+ISBLANK(AV$3:AV$5)) -> 0 | AX14: =SUMPRODUCT((NOT(ISBLANK(AX$3:AX$5))*(AX$3:AX$5=$IC$3:$IC$5))+ISBLANK(AX$3:AX$5)) -> 0 | AY14: =SUMPRODUCT((NOT(ISBLANK(AY$3:AY$5))*(AY$3:AY$5=$ID$3:$ID$5))+ISBLANK(AY$3:AY$5)) -> 0 | AZ14: =SUMPRODUCT((NOT(ISBLANK(AZ$3:AZ$5))*(AZ$3:AZ$5=$IA$3:$IA$5))+ISBLANK(AZ$3:AZ$5)) -> 0 | BA14: =SUMPRODUCT((NOT(ISBLANK(BA$3:BA$5))*(BA$3:BA$5=$IB$3:$IB$5))+ISBLANK(BA$3:BA$5)) -> 0 | BC14: =SUMPRODUCT((NOT(ISBLANK(BC$3:BC$5))*(BC$3:BC$5=$IC$3:$IC$5))+ISBLANK(BC$3:BC$5)) -> 0 | BD14: =SUMPRODUCT((NOT(ISBLANK(BD$3:BD$5))*(BD$3:BD$5=$ID$3:$ID$5))+ISBLANK(BD$3:BD$5)) -> 0 | BE14: =SUMPRODUCT((NOT(ISBLANK(BE$3:BE$5))*(BE$3:BE$5=$IA$3:$IA$5))+ISBLANK(BE$3:BE$5)) -> 0 | BF14: =SUMPRODUCT((NOT(ISBLANK(BF$3:BF$5))*(BF$3:BF$5=$IB$3:$IB$5))+ISBLANK(BF$3:BF$5)) -> 0 | BH14: =SUMPRODUCT((NOT(ISBLANK(BH$3:BH$5))*(BH$3:BH$5=$IC$3:$IC$5))+ISBLANK(BH$3:BH$5)) -> 0 | BI14: =SUMPRODUCT((NOT(ISBLANK(BI$3:BI$5))*(BI$3:BI$5=$ID$3:$ID$5))+ISBLANK(BI$3:BI$5)) -> 0 | BJ14: =SUMPRODUCT((NOT(ISBLANK(BJ$3:BJ$5))*(BJ$3:BJ$5=$IA$3:$IA$5))+ISBLANK(BJ$3:BJ$5)) -> 0 | BK14: =SUMPRODUCT((NOT(ISBLANK(BK$3:BK$5))*(BK$3:BK$5=$IB$3:$IB$5))+ISBLANK(BK$3:BK$5)) -> 0 | BM14: =SUMPRODUCT((NOT(ISBLANK(BM$3:BM$5))*(BM$3:BM$5=$IC$3:$IC$5))+ISBLANK(BM$3:BM$5)) -> 0 | BN14: =SUMPRODUCT((NOT(ISBLANK(BN$3:BN$5))*(BN$3:BN$5=$ID$3:$ID$5))+ISBLANK(BN$3:BN$5)) -> 0 | BO14: =SUMPRODUCT((NOT(ISBLANK(BO$3:BO$5))*(BO$3:BO$5=$IA$3:$IA$5))+ISBLANK(BO$3:BO$5)) -> 0 | BP14: =SUMPRODUCT((NOT(ISBLANK(BP$3:BP$5))*(BP$3:BP$5=$IB$3:$IB$5))+ISBLANK(BP$3:BP$5)) -> 0 | BR14: =SUMPRODUCT((NOT(ISBLANK(BR$3:BR$5))*(BR$3:BR$5=$IC$3:$IC$5))+ISBLANK(BR$3:BR$5)) -> 0 | BS14: =SUMPRODUCT((NOT(ISBLANK(BS$3:BS$5))*(BS$3:BS$5=$ID$3:$ID$5))+ISBLANK(BS$3:BS$5)) -> 0 | BT14: =SUMPRODUCT((NOT(ISBLANK(BT$3:BT$5))*(BT$3:BT$5=$IA$3:$IA$5))+ISBLANK(BT$3:BT$5)) -> 0 | BU14: =SUMPRODUCT((NOT(ISBLANK(BU$3:BU$5))*(BU$3:BU$5=$IB$3:$IB$5))+ISBLANK(BU$3:BU$5)) -> 0 | BW14: =SUMPRODUCT((NOT(ISBLANK(BW$3:BW$5))*(BW$3:BW$5=$IC$3:$IC$5))+ISBLANK(BW$3:BW$5)) -> 0 | BX14: =SUMPRODUCT((NOT(ISBLANK(BX$3:BX$5))*(BX$3:BX$5=$ID$3:$ID$5))+ISBLANK(BX$3:BX$5)) -> 0 | BY14: =SUMPRODUCT((NOT(ISBLANK(BY$3:BY$5))*(BY$3:BY$5=$IA$3:$IA$5))+ISBLANK(BY$3:BY$5)) -> 0 | BZ14: =SUMPRODUCT((NOT(ISBLANK(BZ$3:BZ$5))*(BZ$3:BZ$5=$IB$3:$IB$5))+ISBLANK(BZ$3:BZ$5)) -> 0 | CB14: =SUMPRODUCT((NOT(ISBLANK(CB$3:CB$5))*(CB$3:CB$5=$IC$3:$IC$5))+ISBLANK(CB$3:CB$5)) -> 0 | CC14: =SUMPRODUCT((NOT(ISBLANK(CC$3:CC$5))*(CC$3:CC$5=$ID$3:$ID$5))+ISBLANK(CC$3:CC$5)) -> 0 | CD14: =SUMPRODUCT((NOT(ISBLANK(CD$3:CD$5))*(CD$3:CD$5=$IA$3:$IA$5))+ISBLANK(CD$3:CD$5)) -> 0 | CE14: =SUMPRODUCT((NOT(ISBLANK(CE$3:CE$5))*(CE$3:CE$5=$IB$3:$IB$5))+ISBLANK(CE$3:CE$5)) -> 0 | CG14: =SUMPRODUCT((NOT(ISBLANK(CG$3:CG$5))*(CG$3:CG$5=$IC$3:$IC$5))+ISBLANK(CG$3:CG$5)) -> 0 | CH14: =SUMPRODUCT((NOT(ISBLANK(CH$3:CH$5))*(CH$3:CH$5=$ID$3:$ID$5))+ISBLANK(CH$3:CH$5)) -> 0 | CI14: =SUMPRODUCT((NOT(ISBLANK(CI$3:CI$5))*(CI$3:CI$5=$IA$3:$IA$5))+ISBLANK(CI$3:CI$5)) -> 0 | CJ14: =SUMPRODUCT((NOT(ISBLANK(CJ$3:CJ$5))*(CJ$3:CJ$5=$IB$3:$IB$5))+ISBLANK(CJ$3:CJ$5)) -> 0 | CL14: =SUMPRODUCT((NOT(ISBLANK(CL$3:CL$5))*(CL$3:CL$5=$IC$3:$IC$5))+ISBLANK(CL$3:CL$5)) -> 0 | CM14: =SUMPRODUCT((NOT(ISBLANK(CM$3:CM$5))*(CM$3:CM$5=$ID$3:$ID$5))+ISBLANK(CM$3:CM$5)) -> 0 | CN14: =SUMPRODUCT((NOT(ISBLANK(CN$3:CN$5))*(CN$3:CN$5=$IA$3:$IA$5))+ISBLANK(CN$3:CN$5)) -> 0 | CO14: =SUMPRODUCT((NOT(ISBLANK(CO$3:CO$5))*(CO$3:CO$5=$IB$3:$IB$5))+ISBLANK(CO$3:CO$5)) -> 0 | CQ14: =SUMPRODUCT((NOT(ISBLANK(CQ$3:CQ$5))*(CQ$3:CQ$5=$IC$3:$IC$5))+ISBLANK(CQ$3:CQ$5)) -> 0 | CR14: =SUMPRODUCT((NOT(ISBLANK(CR$3:CR$5))*(CR$3:CR$5=$ID$3:$ID$5))+ISBLANK(CR$3:CR$5)) -> 0 | CS14: =SUMPRODUCT((NOT(ISBLANK(CS$3:CS$5))*(CS$3:CS$5=$IA$3:$IA$5))+ISBLANK(CS$3:CS$5)) -> 0 | CT14: =SUMPRODUCT((NOT(ISBLANK(CT$3:CT$5))*(CT$3:CT$5=$IB$3:$IB$5))+ISBLANK(CT$3:CT$5)) -> 0 | CV14: =SUMPRODUCT((NOT(ISBLANK(CV$3:CV$5))*(CV$3:CV$5=$IC$3:$IC$5))+ISBLANK(CV$3:CV$5)) -> 0 | CW14: =SUMPRODUCT((NOT(ISBLANK(CW$3:CW$5))*(CW$3:CW$5=$ID$3:$ID$5))+ISBLANK(CW$3:CW$5)) -> 0 | CX14: =SUMPRODUCT((NOT(ISBLANK(CX$3:CX$5))*(CX$3:CX$5=$IA$3:$IA$5))+ISBLANK(CX$3:CX$5)) -> 0 | CY14: =SUMPRODUCT((NOT(ISBLANK(CY$3:CY$5))*(CY$3:CY$5=$IB$3:$IB$5))+ISBLANK(CY$3:CY$5)) -> 0 | DA14: =SUMPRODUCT((NOT(ISBLANK(DA$3:DA$5))*(DA$3:DA$5=$IC$3:$IC$5))+ISBLANK(DA$3:DA$5)) -> 0 | DB14: =SUMPRODUCT((NOT(ISBLANK(DB$3:DB$5))*(DB$3:DB$5=$ID$3:$ID$5))+ISBLANK(DB$3:DB$5)) -> 0 | DC14: =SUMPRODUCT((NOT(ISBLANK(DC$3:DC$5))*(DC$3:DC$5=$IA$3:$IA$5))+ISBLANK(DC$3:DC$5)) -> 0 | DD14: =SUMPRODUCT((NOT(ISBLANK(DD$3:DD$5))*(DD$3:DD$5=$IB$3:$IB$5))+ISBLANK(DD$3:DD$5)) -> 0 | DF14: =SUMPRODUCT((NOT(ISBLANK(DF$3:DF$5))*(DF$3:DF$5=$IC$3:$IC$5))+ISBLANK(DF$3:DF$5)) -> 0 | DG14: =SUMPRODUCT((NOT(ISBLANK(DG$3:DG$5))*(DG$3:DG$5=$ID$3:$ID$5))+ISBLANK(DG$3:DG$5)) -> 0 | DH14: =SUMPRODUCT((NOT(ISBLANK(DH$3:DH$5))*(DH$3:DH$5=$IA$3:$IA$5))+ISBLANK(DH$3:DH$5)) -> 0 | DI14: =SUMPRODUCT((NOT(ISBLANK(DI$3:DI$5))*(DI$3:DI$5=$IB$3:$IB$5))+ISBLANK(DI$3:DI$5)) -> 0 | DK14: =SUMPRODUCT((NOT(ISBLANK(DK$3:DK$5))*(DK$3:DK$5=$IC$3:$IC$5))+ISBLANK(DK$3:DK$5)) -> 0 | DL14: =SUMPRODUCT((NOT(ISBLANK(DL$3:DL$5))*(DL$3:DL$5=$ID$3:$ID$5))+ISBLANK(DL$3:DL$5)) -> 0 | DM14: =SUMPRODUCT((NOT(ISBLANK(DM$3:DM$5))*(DM$3:DM$5=$IA$3:$IA$5))+ISBLANK(DM$3:DM$5)) -> 0 | DN14: =SUMPRODUCT((NOT(ISBLANK(DN$3:DN$5))*(DN$3:DN$5=$IB$3:$IB$5))+ISBLANK(DN$3:DN$5)) -> 0 | DP14: =SUMPRODUCT((NOT(ISBLANK(DP$3:DP$5))*(DP$3:DP$5=$IC$3:$IC$5))+ISBLANK(DP$3:DP$5)) -> 0 | DQ14: =SUMPRODUCT((NOT(ISBLANK(DQ$3:DQ$5))*(DQ$3:DQ$5=$ID$3:$ID$5))+ISBLANK(DQ$3:DQ$5)) -> 0 | DR14: =SUMPRODUCT((NOT(ISBLANK(DR$3:DR$5))*(DR$3:DR$5=$IA$3:$IA$5))+ISBLANK(DR$3:DR$5)) -> 0 | DS14: =SUMPRODUCT((NOT(ISBLANK(DS$3:DS$5))*(DS$3:DS$5=$IB$3:$IB$5))+ISBLANK(DS$3:DS$5)) -> 0 | DU14: =SUMPRODUCT((NOT(ISBLANK(DU$3:DU$5))*(DU$3:DU$5=$IC$3:$IC$5))+ISBLANK(DU$3:DU$5)) -> 0 | DV14: =SUMPRODUCT((NOT(ISBLANK(DV$3:DV$5))*(DV$3:DV$5=$ID$3:$ID$5))+ISBLANK(DV$3:DV$5)) -> 0 | DW14: =SUMPRODUCT((NOT(ISBLANK(DW$3:DW$5))*(DW$3:DW$5=$IA$3:$IA$5))+ISBLANK(DW$3:DW$5)) -> 0 | DX14: =SUMPRODUCT((NOT(ISBLANK(DX$3:DX$5))*(DX$3:DX$5=$IB$3:$IB$5))+ISBLANK(DX$3:DX$5)) -> 0 | DZ14: =SUMPRODUCT((NOT(ISBLANK(DZ$3:DZ$5))*(DZ$3:DZ$5=$IC$3:$IC$5))+ISBLANK(DZ$3:DZ$5)) -> 0 | EA14: =SUMPRODUCT((NOT(ISBLANK(EA$3:EA$5))*(EA$3:EA$5=$ID$3:$ID$5))+ISBLANK(EA$3:EA$5)) -> 0 | EB14: =SUMPRODUCT((NOT(ISBLANK(EB$3:EB$5))*(EB$3:EB$5=$IA$3:$IA$5))+ISBLANK(EB$3:EB$5)) -> 0 | EC14: =SUMPRODUCT((NOT(ISBLANK(EC$3:EC$5))*(EC$3:EC$5=$IB$3:$IB$5))+ISBLANK(EC$3:EC$5)) -> 0 | EE14: =SUMPRODUCT((NOT(ISBLANK(EE$3:EE$5))*(EE$3:EE$5=$IC$3:$IC$5))+ISBLANK(EE$3:EE$5)) -> 0 | EF14: =SUMPRODUCT((NOT(ISBLANK(EF$3:EF$5))*(EF$3:EF$5=$ID$3:$ID$5))+ISBLANK(EF$3:EF$5)) -> 0 | EG14: =SUMPRODUCT((NOT(ISBLANK(EG$3:EG$5))*(EG$3:EG$5=$IA$3:$IA$5))+ISBLANK(EG$3:EG$5)) -> 0 | EH14: =SUMPRODUCT((NOT(ISBLANK(EH$3:EH$5))*(EH$3:EH$5=$IB$3:$IB$5))+ISBLANK(EH$3:EH$5)) -> 0 | EJ14: =SUMPRODUCT((NOT(ISBLANK(EJ$3:EJ$5))*(EJ$3:EJ$5=$IC$3:$IC$5))+ISBLANK(EJ$3:EJ$5)) -> 0 | EK14: =SUMPRODUCT((NOT(ISBLANK(EK$3:EK$5))*(EK$3:EK$5=$ID$3:$ID$5))+ISBLANK(EK$3:EK$5)) -> 0 | EL14: =SUMPRODUCT((NOT(ISBLANK(EL$3:EL$5))*(EL$3:EL$5=$IA$3:$IA$5))+ISBLANK(EL$3:EL$5)) -> 0 | EM14: =SUMPRODUCT((NOT(ISBLANK(EM$3:EM$5))*(EM$3:EM$5=$IB$3:$IB$5))+ISBLANK(EM$3:EM$5)) -> 0 | EO14: =SUMPRODUCT((NOT(ISBLANK(EO$3:EO$5))*(EO$3:EO$5=$IC$3:$IC$5))+ISBLANK(EO$3:EO$5)) -> 0 | EP14: =SUMPRODUCT((NOT(ISBLANK(EP$3:EP$5))*(EP$3:EP$5=$ID$3:$ID$5))+ISBLANK(EP$3:EP$5)) -> 0 | EQ14: =SUMPRODUCT((NOT(ISBLANK(EQ$3:EQ$5))*(EQ$3:EQ$5=$IA$3:$IA$5))+ISBLANK(EQ$3:EQ$5)) -> 0 | ER14: =SUMPRODUCT((NOT(ISBLANK(ER$3:ER$5))*(ER$3:ER$5=$IB$3:$IB$5))+ISBLANK(ER$3:ER$5)) -> 0 | ET14: =SUMPRODUCT((NOT(ISBLANK(ET$3:ET$5))*(ET$3:ET$5=$IC$3:$IC$5))+ISBLANK(ET$3:ET$5)) -> 0 | EU14: =SUMPRODUCT((NOT(ISBLANK(EU$3:EU$5))*(EU$3:EU$5=$ID$3:$ID$5))+ISBLANK(EU$3:EU$5)) -> 0 | EV14: =SUMPRODUCT((NOT(ISBLANK(EV$3:EV$5))*(EV$3:EV$5=$IA$3:$IA$5))+ISBLANK(EV$3:EV$5)) -> 0 | EW14: =SUMPRODUCT((NOT(ISBLANK(EW$3:EW$5))*(EW$3:EW$5=$IB$3:$IB$5))+ISBLANK(EW$3:EW$5)) -> 0 | EY14: =SUMPRODUCT((NOT(ISBLANK(EY$3:EY$5))*(EY$3:EY$5=$IC$3:$IC$5))+ISBLANK(EY$3:EY$5)) -> 0 | EZ14: =SUMPRODUCT((NOT(ISBLANK(EZ$3:EZ$5))*(EZ$3:EZ$5=$ID$3:$ID$5))+ISBLANK(EZ$3:EZ$5)) -> 0 | FA14: =SUMPRODUCT((NOT(ISBLANK(FA$3:FA$5))*(FA$3:FA$5=$IA$3:$IA$5))+ISBLANK(FA$3:FA$5)) -> 0 | FB14: =SUMPRODUCT((NOT(ISBLANK(FB$3:FB$5))*(FB$3:FB$5=$IB$3:$IB$5))+ISBLANK(FB$3:FB$5)) -> 0 | FD14: =SUMPRODUCT((NOT(ISBLANK(FD$3:FD$5))*(FD$3:FD$5=$IC$3:$IC$5))+ISBLANK(FD$3:FD$5)) -> 0 | FE14: =SUMPRODUCT((NOT(ISBLANK(FE$3:FE$5))*(FE$3:FE$5=$ID$3:$ID$5))+ISBLANK(FE$3:FE$5)) -> 0 | FF14: =SUMPRODUCT((NOT(ISBLANK(FF$3:FF$5))*(FF$3:FF$5=$IA$3:$IA$5))+ISBLANK(FF$3:FF$5)) -> 0 | FG14: =SUMPRODUCT((NOT(ISBLANK(FG$3:FG$5))*(FG$3:FG$5=$IB$3:$IB$5))+ISBLANK(FG$3:FG$5)) -> 0 | FI14: =SUMPRODUCT((NOT(ISBLANK(FI$3:FI$5))*(FI$3:FI$5=$IC$3:$IC$5))+ISBLANK(FI$3:FI$5)) -> 0 | FJ14: =SUMPRODUCT((NOT(ISBLANK(FJ$3:FJ$5))*(FJ$3:FJ$5=$ID$3:$ID$5))+ISBLANK(FJ$3:FJ$5)) -> 0 | FK14: =SUMPRODUCT((NOT(ISBLANK(FK$3:FK$5))*(FK$3:FK$5=$IA$3:$IA$5))+ISBLANK(FK$3:FK$5)) -> 0 | FL14: =SUMPRODUCT((NOT(ISBLANK(FL$3:FL$5))*(FL$3:FL$5=$IB$3:$IB$5))+ISBLANK(FL$3:FL$5)) -> 0 | FN14: =SUMPRODUCT((NOT(ISBLANK(FN$3:FN$5))*(FN$3:FN$5=$IC$3:$IC$5))+ISBLANK(FN$3:FN$5)) -> 0 | FO14: =SUMPRODUCT((NOT(ISBLANK(FO$3:FO$5))*(FO$3:FO$5=$ID$3:$ID$5))+ISBLANK(FO$3:FO$5)) -> 0 | FP14: =SUMPRODUCT((NOT(ISBLANK(FP$3:FP$5))*(FP$3:FP$5=$IA$3:$IA$5))+ISBLANK(FP$3:FP$5)) -> 0 | FQ14: =SUMPRODUCT((NOT(ISBLANK(FQ$3:FQ$5))*(FQ$3:FQ$5=$IB$3:$IB$5))+ISBLANK(FQ$3:FQ$5)) -> 0 | FS14: =SUMPRODUCT((NOT(ISBLANK(FS$3:FS$5))*(FS$3:FS$5=$IC$3:$IC$5))+ISBLANK(FS$3:FS$5)) -> 0 | FT14: =SUMPRODUCT((NOT(ISBLANK(FT$3:FT$5))*(FT$3:FT$5=$ID$3:$ID$5))+ISBLANK(FT$3:FT$5)) -> 0 | FU14: =SUMPRODUCT((NOT(ISBLANK(FU$3:FU$5))*(FU$3:FU$5=$IA$3:$IA$5))+ISBLANK(FU$3:FU$5)) -> 0 | FV14: =SUMPRODUCT((NOT(ISBLANK(FV$3:FV$5))*(FV$3:FV$5=$IB$3:$IB$5))+ISBLANK(FV$3:FV$5)) -> 0 | FX14: =SUMPRODUCT((NOT(ISBLANK(FX$3:FX$5))*(FX$3:FX$5=$IC$3:$IC$5))+ISBLANK(FX$3:FX$5)) -> 0 | FY14: =SUMPRODUCT((NOT(ISBLANK(FY$3:FY$5))*(FY$3:FY$5=$ID$3:$ID$5))+ISBLANK(FY$3:FY$5)) -> 0 | FZ14: =SUMPRODUCT((NOT(ISBLANK(FZ$3:FZ$5))*(FZ$3:FZ$5=$IA$3:$IA$5))+ISBLANK(FZ$3:FZ$5)) -> 0 | GA14: =SUMPRODUCT((NOT(ISBLANK(GA$3:GA$5))*(GA$3:GA$5=$IB$3:$IB$5))+ISBLANK(GA$3:GA$5)) -> 0 | GC14: =SUMPRODUCT((NOT(ISBLANK(GC$3:GC$5))*(GC$3:GC$5=$IC$3:$IC$5))+ISBLANK(GC$3:GC$5)) -> 0 | GD14: =SUMPRODUCT((NOT(ISBLANK(GD$3:GD$5))*(GD$3:GD$5=$ID$3:$ID$5))+ISBLANK(GD$3:GD$5)) -> 0 | GE14: =SUMPRODUCT((NOT(ISBLANK(GE$3:GE$5))*(GE$3:GE$5=$IA$3:$IA$5))+ISBLANK(GE$3:GE$5)) -> 0 | GF14: =SUMPRODUCT((NOT(ISBLANK(GF$3:GF$5))*(GF$3:GF$5=$IB$3:$IB$5))+ISBLANK(GF$3:GF$5)) -> 0 | GH14: =SUMPRODUCT((NOT(ISBLANK(GH$3:GH$5))*(GH$3:GH$5=$IC$3:$IC$5))+ISBLANK(GH$3:GH$5)) -> 0 | GI14: =SUMPRODUCT((NOT(ISBLANK(GI$3:GI$5))*(GI$3:GI$5=$ID$3:$ID$5))+ISBLANK(GI$3:GI$5)) -> 0 | GJ14: =SUMPRODUCT((NOT(ISBLANK(GJ$3:GJ$5))*(GJ$3:GJ$5=$IA$3:$IA$5))+ISBLANK(GJ$3:GJ$5)) -> 0 | GK14: =SUMPRODUCT((NOT(ISBLANK(GK$3:GK$5))*(GK$3:GK$5=$IB$3:$IB$5))+ISBLANK(GK$3:GK$5)) -> 0 | GM14: =SUMPRODUCT((NOT(ISBLANK(GM$3:GM$5))*(GM$3:GM$5=$IC$3:$IC$5))+ISBLANK(GM$3:GM$5)) -> 0 | GN14: =SUMPRODUCT((NOT(ISBLANK(GN$3:GN$5))*(GN$3:GN$5=$ID$3:$ID$5))+ISBLANK(GN$3:GN$5)) -> 0 | GO14: =SUMPRODUCT((NOT(ISBLANK(GO$3:GO$5))*(GO$3:GO$5=$IA$3:$IA$5))+ISBLANK(GO$3:GO$5)) -> 0 | GP14: =SUMPRODUCT((NOT(ISBLANK(GP$3:GP$5))*(GP$3:GP$5=$IB$3:$IB$5))+ISBLANK(GP$3:GP$5)) -> 0 | GR14: =SUMPRODUCT((NOT(ISBLANK(GR$3:GR$5))*(GR$3:GR$5=$IC$3:$IC$5))+ISBLANK(GR$3:GR$5)) -> 0 | GS14: =SUMPRODUCT((NOT(ISBLANK(GS$3:GS$5))*(GS$3:GS$5=$ID$3:$ID$5))+ISBLANK(GS$3:GS$5)) -> 0 | GT14: =SUMPRODUCT((NOT(ISBLANK(GT$3:GT$5))*(GT$3:GT$5=$IA$3:$IA$5))+ISBLANK(GT$3:GT$5)) -> 0 | GU14: =SUMPRODUCT((NOT(ISBLANK(GU$3:GU$5))*(GU$3:GU$5=$IB$3:$IB$5))+ISBLANK(GU$3:GU$5)) -> 0 | GW14: =SUMPRODUCT((NOT(ISBLANK(GW$3:GW$5))*(GW$3:GW$5=$IC$3:$IC$5))+ISBLANK(GW$3:GW$5)) -> 0 | GX14: =SUMPRODUCT((NOT(ISBLANK(GX$3:GX$5))*(GX$3:GX$5=$ID$3:$ID$5))+ISBLANK(GX$3:GX$5)) -> 0 | GY14: =SUMPRODUCT((NOT(ISBLANK(GY$3:GY$5))*(GY$3:GY$5=$IA$3:$IA$5))+ISBLANK(GY$3:GY$5)) -> 0 | GZ14: =SUMPRODUCT((NOT(ISBLANK(GZ$3:GZ$5))*(GZ$3:GZ$5=$IB$3:$IB$5))+ISBLANK(GZ$3:GZ$5)) -> 0 | HB14: =SUMPRODUCT((NOT(ISBLANK(HB$3:HB$5))*(HB$3:HB$5=$IC$3:$IC$5))+ISBLANK(HB$3:HB$5)) -> 0 | HC14: =SUMPRODUCT((NOT(ISBLANK(HC$3:HC$5))*(HC$3:HC$5=$ID$3:$ID$5))+ISBLANK(HC$3:HC$5)) -> 0 | HD14: =SUMPRODUCT((NOT(ISBLANK(HD$3:HD$5))*(HD$3:HD$5=$IA$3:$IA$5))+ISBLANK(HD$3:HD$5)) -> 0 | HE14: =SUMPRODUCT((NOT(ISBLANK(HE$3:HE$5))*(HE$3:HE$5=$IB$3:$IB$5))+ISBLANK(HE$3:HE$5)) -> 0 | HG14: =SUMPRODUCT((NOT(ISBLANK(HG$3:HG$5))*(HG$3:HG$5=$IC$3:$IC$5))+ISBLANK(HG$3:HG$5)) -> 0 | HH14: =SUMPRODUCT((NOT(ISBLANK(HH$3:HH$5))*(HH$3:HH$5=$ID$3:$ID$5))+ISBLANK(HH$3:HH$5)) -> 0 | HI14: =SUMPRODUCT((NOT(ISBLANK(HI$3:HI$5))*(HI$3:HI$5=$IA$3:$IA$5))+ISBLANK(HI$3:HI$5)) -> 0 | HJ14: =SUMPRODUCT((NOT(ISBLANK(HJ$3:HJ$5))*(HJ$3:HJ$5=$IB$3:$IB$5))+ISBLANK(HJ$3:HJ$5)) -> 0 | HL14: =SUMPRODUCT((NOT(ISBLANK(HL$3:HL$5))*(HL$3:HL$5=$IC$3:$IC$5))+ISBLANK(HL$3:HL$5)) -> 0 | HM14: =SUMPRODUCT((NOT(ISBLANK(HM$3:HM$5))*(HM$3:HM$5=$ID$3:$ID$5))+ISBLANK(HM$3:HM$5)) -> 0 | HN14: =SUMPRODUCT((NOT(ISBLANK(HN$3:HN$5))*(HN$3:HN$5=$IA$3:$IA$5))+ISBLANK(HN$3:HN$5)) -> 0 | HO14: =SUMPRODUCT((NOT(ISBLANK(HO$3:HO$5))*(HO$3:HO$5=$IB$3:$IB$5))+ISBLANK(HO$3:HO$5)) -> 0 | HQ14: =SUMPRODUCT((NOT(ISBLANK(HQ$3:HQ$5))*(HQ$3:HQ$5=$IC$3:$IC$5))+ISBLANK(HQ$3:HQ$5)) -> 0 | HR14: =SUMPRODUCT((NOT(ISBLANK(HR$3:HR$5))*(HR$3:HR$5=$ID$3:$ID$5))+ISBLANK(HR$3:HR$5)) -> 0

Sheet Merged Runs
A1: Merge criteria: | B1: memelingo-1/all-opts_mlp-tplp-ht_15_100 | G1: memelingo-1/all-opts_mlp-tplp-ht_15_30 | L1: memelingo-1/all-opts_mlp-tplp-ht_15_50 | Q1: memelingo-1/all-opts_mlp-tplp-ht_20_100 | V1: memelingo-1/all-opts_mlp-tplp-ht_20_30 | AA1: memelingo-1/all-opts_mlp-tplp-ht_20_50 | AF1: memelingo-1/all-opts_mlp-tplp-ht_25_100 | AK1: memelingo-1/all-opts_mlp-tplp-ht_25_30 | AP1: memelingo-1/all-opts_mlp-tplp-ht_25_50 | AU1: memelingo-1/all-opts_mlp-tplp-ht_30_100 | AZ1: memelingo-1/all-opts_mlp-tplp-ht_30_30 | BE1: memelingo-1/all-opts_mlp-tplp-ht_30_50 | BJ1: memelingo-1/all-opts_mlp-tplp-ht_35_100 | BO1: memelingo-1/all-opts_mlp-tplp-ht_35_30 | BT1: memelingo-1/all-opts_mlp-tplp-ht_35_50 | BY1: memelingo-1/all-opts_mlp-tplp-htc_15_100 | CD1: memelingo-1/all-opts_mlp-tplp-htc_15_30 | CI1: memelingo-1/all-opts_mlp-tplp-htc_15_50 | CN1: memelingo-1/all-opts_mlp-tplp-htc_20_100 | CS1: memelingo-1/all-opts_mlp-tplp-htc_20_30 | CX1: memelingo-1/all-opts_mlp-tplp-htc_20_50 | DC1: memelingo-1/all-opts_mlp-tplp-htc_25_100 | DH1: memelingo-1/all-opts_mlp-tplp-htc_25_30 | DM1: memelingo-1/all-opts_mlp-tplp-htc_25_50 | DR1: memelingo-1/all-opts_mlp-tplp-htc_30_100 | DW1: memelingo-1/all-opts_mlp-tplp-htc_30_30 | EB1: memelingo-1/all-opts_mlp-tplp-htc_30_50 | EG1: memelingo-1/all-opts_mlp-tplp-htc_35_100 | EL1: memelingo-1/all-opts_mlp-tplp-htc_35_30 | EQ1: memelingo-1/all-opts_mlp-tplp-htc_35_50 | EV1: memelingo-1/all-opts_mlp-tplp-htcdl_15_100 | FA1: memelingo-1/all-opts_mlp-tplp-htcdl_15_30 | FF1: memelingo-1/all-opts_mlp-tplp-htcdl_15_50 | FK1: memelingo-1/all-opts_mlp-tplp-htcdl_20_100 | FP1: memelingo-1/all-opts_mlp-tplp-htcdl_20_30 | FU1: memelingo-1/all-opts_mlp-tplp-htcdl_20_50 | FZ1: memelingo-1/all-opts_mlp-tplp-htcdl_25_100 | GE1: memelingo-1/all-opts_mlp-tplp-htcdl_25_30 | GJ1: memelingo-1/all-opts_mlp-tplp-htcdl_25_50 | GO1: memelingo-1/all-opts_mlp-tplp-htcdl_30_100 | GT1: memelingo-1/all-opts_mlp-tplp-htcdl_30_30 | GY1: memelingo-1/all-opts_mlp-tplp-htcdl_30_50 | HD1: memelingo-1/all-opts_mlp-tplp-htcdl_35_100 | HI1: memelingo-1/all-opts_mlp-tplp-htcdl_35_30 | HN1: memelingo-1/all-opts_mlp-tplp-htcdl_35_50 | HS1: min | HW1: median | IA1: max
A2: median | B2: time | C2: stime | D2: status | E2: rules | F2: ctime | G2: time | H2: stime | I2: status | J2: rules | K2: ctime | L2: time | M2: stime | N2: status | O2: rules | P2: ctime | Q2: time | R2: stime | S2: status | T2: rules | U2: ctime | V2: time | W2: stime | X2: status | Y2: rules | Z2: ctime | AA2: time | AB2: stime | AC2: status | AD2: rules | AE2: ctime | AF2: time | AG2: stime | AH2: status | AI2: rules | AJ2: ctime | AK2: time | AL2: stime | AM2: status | AN2: rules | AO2: ctime | AP2: time | AQ2: stime | AR2: status | AS2: rules | AT2: ctime | AU2: time | AV2: stime | AW2: status | AX2: rules | AY2: ctime | AZ2: time | BA2: stime | BB2: status | BC2: rules | BD2: ctime | BE2: time | BF2: stime | BG2: status | BH2: rules | BI2: ctime | BJ2: time | BK2: stime | BL2: status | BM2: rules | BN2: ctime | BO2: time | BP2: stime | BQ2: status | BR2: rules | BS2: ctime | BT2: time | BU2: stime | BV2: status | BW2: rules | BX2: ctime | BY2: time | BZ2: stime | CA2: status | CB2: rules | CC2: ctime | CD2: time | CE2: stime | CF2: status | CG2: rules | CH2: ctime | CI2: time | CJ2: stime | CK2: status | CL2: rules | CM2: ctime | CN2: time | CO2: stime | CP2: status | CQ2: rules | CR2: ctime | CS2: time | CT2: stime | CU2: status | CV2: rules | CW2: ctime | CX2: time | CY2: stime | CZ2: status | DA2: rules | DB2: ctime | DC2: time | DD2: stime | DE2: status | DF2: rules | DG2: ctime | DH2: time | DI2: stime | DJ2: status | DK2: rules | DL2: ctime | DM2: time | DN2: stime | DO2: status | DP2: rules | DQ2: ctime | DR2: time | DS2: stime | DT2: status | DU2: rules | DV2: ctime | DW2: time | DX2: stime | DY2: status | DZ2: rules | EA2: ctime | EB2: time | EC2: stime | ED2: status | EE2: rules | EF2: ctime | EG2: time | EH2: stime | EI2: status | EJ2: rules | EK2: ctime | EL2: time | EM2: stime | EN2: status | EO2: rules | EP2: ctime | EQ2: time | ER2: stime | ES2: status | ET2: rules | EU2: ctime | EV2: time | EW2: stime | EX2: status | EY2: rules | EZ2: ctime | FA2: time | FB2: stime | FC2: status | FD2: rules | FE2: ctime | FF2: time | FG2: stime | FH2: status | FI2: rules | FJ2: ctime | FK2: time | FL2: stime | FM2: status | FN2: rules | FO2: ctime | FP2: time | FQ2: stime | FR2: status | FS2: rules | FT2: ctime | FU2: time | FV2: stime | FW2: status | FX2: rules | FY2: ctime | FZ2: time | GA2: stime | GB2: status | GC2: rules | GD2: ctime | GE2: time | GF2: stime | GG2: status | GH2: rules | GI2: ctime | GJ2: time | GK2: stime | GL2: status | GM2: rules | GN2: ctime | GO2: time | GP2: stime | GQ2: status | GR2: rules | GS2: ctime | GT2: time | GU2: stime | GV2: status | GW2: rules | GX2: ctime | GY2: time | GZ2: stime | HA2: status | HB2: rules | HC2: ctime | HD2: time | HE2: stime | HF2: status | HG2: rules | HH2: ctime | HI2: time | HJ2: stime | HK2: status | HL2: rules | HM2: ctime | HN2: time | HO2: stime | HP2: status | HQ2: rules | HR2: ctime | HS2: time | HT2: stime | HU2: rules | HV2: ctime | HW2: time | HX2: stime | HY2: rules | HZ2: ctime | IA2: time | IB2: stime | IC2: rules | ID2: ctime
A3: instances/random_x8_y8_a3 | B3: {=_xlfn.SWITCH($A$2,"average", AVERAGE(Instances!B3:Instances!B3),"median", MEDIAN(Instances!B3:Instances!B3),"min", MIN(Instances!B3:Instances!B3),"max", MAX(Instances!B3:Instances!B3),"diff", MAX(Instances!B3:Instances!B3)-MIN(Instances!B3:Instances!B3))} -> 0 | G3: {=_xlfn.SWITCH($A$2,"average", AVERAGE(Instances!G3:Instances!G3),"median", MEDIAN(Instances!G3:Instances!G3),"min", MIN(Instances!G3:Instances!G3),"max", MAX(Instances!G3:Instances!G3),"diff", MAX(Instances!G3:Instances!G3)-MIN(Instances!G3:Instances!G3))} -> 0 | H3: {=_xlfn.SWITCH($A$2,"average", AVERAGE(Instances!H3:Instances!H3),"median", MEDIAN(Instances!H3:Instances!H3),"min", MIN(Instances!H3:Instances!H3),"max", MAX(Instances!H3:Instances!H3),"diff", MAX(Instances!H3:Instances!H3)-MIN(Instances!H3:Instances!H3))} -> 0 | J3: {=_xlfn.SWITCH($A$2,"average", AVERAGE(Instances!J3:Instances!J3),"median", MEDIAN(Instances!J3:Instances!J3),"min", MIN(Instances!J3:Instances!J3),"max", MAX(Instances!J3:Instances!J3),"diff", MAX(Instances!J3:Instances!J3)-MIN(Instances!J3:Instances!J3))} -> 0 | K3: {=_xlfn.SWITCH($A$2,"average", AVERAGE(Instances!K3:Instances!K3),"median", MEDIAN(Instances!K3:Instances!K3),"min", MIN(Instances!K3:Instances!K3),"max", MAX(Instances!K3:Instances!K3),"diff", MAX(Instances!K3:Instances!K3)-MIN(Instances!K3:Instances!K3))} -> 0 | L3: {=_xlfn.SWITCH($A$2,"average", AVERAGE(Instances!L3:Instances!L3),"median", MEDIAN(Instances!L3:Instances!L3),"min", MIN(Instances!L3:Instances!L3),"max", MAX(Instances!L3:Instances!L3),"diff", MAX(Instances!L3:Instances!L3)-MIN(Instances!L3:Instances!L3))} -> 0 | M3: {=_xlfn.SWITCH($A$2,"average", AVERAGE(Instances!M3:Instances!M3),"median", MEDIAN(Instances!M3:Instances!M3),"min", MIN(Instances!M3:Instances!M3),"max", MAX(Instances!M3:Instances!M3),"diff", MAX(Instances!M3:Instances!M3)-MIN(Instances!M3:Instances!M3))} -> 0 | O3: {=_xlfn.SWITCH($A$2,"average", AVERAGE(Instances!O3:Instances!O3),"median", MEDIAN(Instances!O3:Instances!O3),"min", MIN(Instances!O3:Instances!O3),"max", MAX(Instances!O3:Instances!O3),"diff", MAX(Instances!O3:Instances!O3)-MIN(Instances!O3:Instances!O3))} -> 0 | P3: {=_xlfn.SWITCH($A$2,"average", AVERAGE(Instances!P3:Instances!P3),"median", MEDIAN(Instances!P3:Instances!P3),"min", MIN(Instances!P3:Instances!P3),"max", MAX(Instances!P3:Instances!P3),"diff", MAX(Instances!P3:Instances!P3)-MIN(Instances!P3:Instances!P3))} -> 0 | Q3: {=_xlfn.SWITCH($A$2,"average", AVERAGE(Instances!Q3:Instances!Q3),"median", MEDIAN(Instances!Q3:Instances!Q3),"min", MIN(Instances!Q3:Instances!Q3),"max", MAX(Instances!Q3:Instances!Q3),"diff", MAX(Instances!Q3:Instances!Q3)-MIN(Instances!Q3:Instances!Q3))} -> 0 | V3: {=_xlfn.SWITCH($A$2,"average", AVERAGE(Instances!V3:Instances!V3),"median", MEDIAN(Instances!V3:Instances!V3),"min", MIN(Instances!V3:Instances!V3),"max", MAX(Instances!V3:Instances!V3),"diff", MAX(Instances!V3:Instances!V3)-MIN(Instances!V3:Instances!V3))} -> 0 | W3: {=_xlfn.SWITCH($A$2,"average", AVERAGE(Instances!W3:Instances!W3),"median", MEDIAN(Instances!W3:Instances!W3),"min", MIN(Instances!W3:Instances!W3),"max", MAX(Instances!W3:Instances!W3),"diff", MAX(Instances!W3:Instances!W3)-MIN(Instances!W3:Instances!W3))} -> 0 | Y3: {=_xlfn.SWITCH($A$2,"average", AVERAGE(Instances!Y3:Instances!Y3),"median", MEDIAN(Instances!Y3:Instances!Y3),"min", MIN(Instances!Y3:Instances!Y3),"max", MAX(Instances!Y3:Instances!Y3),"diff", MAX(Instances!Y3:Instances!Y3)-MIN(Instances!Y3:Instances!Y3))} -> 0 | Z3: {=_xlfn.SWITCH($A$2,"average", AVERAGE(Instances!Z3:Instances!Z3),"median", MEDIAN(Instances!Z3:Instances!Z3),"min", MIN(Instances!Z3:Instances!Z3),"max", MAX(Instances!Z3:Instances!Z3),"diff", MAX(Instances!Z3:Instances!Z3)-MIN(Instances!Z3:Instances!Z3))} -> 0 | AA3: {=_xlfn.SWITCH($A$2,"average", AVERAGE(Instances!AA3:Instances!AA3),"median", MEDIAN(Instances!AA3:Instances!AA3),"min", MIN(Instances!AA3:Instances!AA3),"max", MAX(Instances!AA3:Instances!AA3),"diff", MAX(Instances!AA3:Instances!AA3)-MIN(Instances!AA3:Instances!AA3))} -> 0 | AB3: {=_xlfn.SWITCH($A$2,"average", AVERAGE(Instances!AB3:Instances!AB3),"median", MEDIAN(Instances!AB3:Instances!AB3),"min", MIN(Instances!AB3:Instances!AB3),"max", MAX(Instances!AB3:Instances!AB3),"diff", MAX(Instances!AB3:Instances!AB3)-MIN(Instances!AB3:Instances!AB3))} -> 0 | AD3: {=_xlfn.SWITCH($A$2,"average", AVERAGE(Instances!AD3:Instances!AD3),"median", MEDIAN(Instances!AD3:Instances!AD3),"min", MIN(Instances!AD3:Instances!AD3),"max", MAX(Instances!AD3:Instances!AD3),"diff", MAX(Instances!AD3:Instances!AD3)-MIN(Instances!AD3:Instances!AD3))} -> 0 | AE3: {=_xlfn.SWITCH($A$2,"average", AVERAGE(Instances!AE3:Instances!AE3),"median", MEDIAN(Instances!AE3:Instances!AE3),"min", MIN(Instances!AE3:Instances!AE3),"max", MAX(Instances!AE3:Instances!AE3),"diff", MAX(Instances!AE3:Instances!AE3)-MIN(Instances!AE3:Instances!AE3))} -> 0 | AF3: {=_xlfn.SWITCH($A$2,"average", AVERAGE(Instances!AF3:Instances!AF3),"median", MEDIAN(Instances!AF3:Instances!AF3),"min", MIN(Instances!AF3:Instances!AF3),"max", MAX(Instances!AF3:Instances!AF3),"diff", MAX(Instances!AF3:Instances!AF3)-MIN(Instances!AF3:Instances!AF3))} -> 0 | AK3: {=_xlfn.SWITCH($A$2,"average", AVERAGE(Instances!AK3:Instances!AK3),"median", MEDIAN(Instances!AK3:Instances!AK3),"min", MIN(Instances!AK3:Instances!AK3),"max", MAX(Instances!AK3:Instances!AK3),"diff", MAX(Instances!AK3:Instances!AK3)-MIN(Instances!AK3:Instances!AK3))} -> 0 | AL3: {=_xlfn.SWITCH($A$2,"average", AVERAGE(Instances!AL3:Instances!AL3),"median", MEDIAN(Instances!AL3:Instances!AL3),"min", MIN(Instances!AL3:Instances!AL3),"max", MAX(Instances!AL3:Instances!AL3),"diff", MAX(Instances!AL3:Instances!AL3)-MIN(Instances!AL3:Instances!AL3))} -> 0 | AN3: {=_xlfn.SWITCH($A$2,"average", AVERAGE(Instances!AN3:Instances!AN3),"median", MEDIAN(Instances!AN3:Instances!AN3),"min", MIN(Instances!AN3:Instances!AN3),"max", MAX(Instances!AN3:Instances!AN3),"diff", MAX(Instances!AN3:Instances!AN3)-MIN(Instances!AN3:Instances!AN3))} -> 0 | AO3: {=_xlfn.SWITCH($A$2,"average", AVERAGE(Instances!AO3:Instances!AO3),"median", MEDIAN(Instances!AO3:Instances!AO3),"min", MIN(Instances!AO3:Instances!AO3),"max", MAX(Instances!AO3:Instances!AO3),"diff", MAX(Instances!AO3:Instances!AO3)-MIN(Instances!AO3:Instances!AO3))} -> 0 | AP3: {=_xlfn.SWITCH($A$2,"average", AVERAGE(Instances!AP3:Instances!AP3),"median", MEDIAN(Instances!AP3:Instances!AP3),"min", MIN(Instances!AP3:Instances!AP3),"max", MAX(Instances!AP3:Instances!AP3),"diff", MAX(Instances!AP3:Instances!AP3)-MIN(Instances!AP3:Instances!AP3))} -> 0 | AQ3: {=_xlfn.SWITCH($A$2,"average", AVERAGE(Instances!AQ3:Instances!AQ3),"median", MEDIAN(Instances!AQ3:Instances!AQ3),"min", MIN(Instances!AQ3:Instances!AQ3),"max", MAX(Instances!AQ3:Instances!AQ3),"diff", MAX(Instances!AQ3:Instances!AQ3)-MIN(Instances!AQ3:Instances!AQ3))} -> 0 | AS3: {=_xlfn.SWITCH($A$2,"average", AVERAGE(Instances!AS3:Instances!AS3),"median", MEDIAN(Instances!AS3:Instances!AS3),"min", MIN(Instances!AS3:Instances!AS3),"max", MAX(Instances!AS3:Instances!AS3),"diff", MAX(Instances!AS3:Instances!AS3)-MIN(Instances!AS3:Instances!AS3))} -> 0 | AT3: {=_xlfn.SWITCH($A$2,"average", AVERAGE(Instances!AT3:Instances!AT3),"median", MEDIAN(Instances!AT3:Instances!AT3),"min", MIN(Instances!AT3:Instances!AT3),"max", MAX(Instances!AT3:Instances!AT3),"diff", MAX(Instances!AT3:Instances!AT3)-MIN(Instances!AT3:Instances!AT3))} -> 0 | AU3: {=_xlfn.SWITCH($A$2,"average", AVERAGE(Instances!AU3:Instances!AU3),"median", MEDIAN(Instances!AU3:Instances!AU3),"min", MIN(Instances!AU3:Instances!AU3),"max", MAX(Instances!AU3:Instances!AU3),"diff", MAX(Instances!AU3:Instances!AU3)-MIN(Instances!AU3:Instances!AU3))} -> 0 | AZ3: {=_xlfn.SWITCH($A$2,"average", AVERAGE(Instances!AZ3:Instances!AZ3),"median", MEDIAN(Instances!AZ3:Instances!AZ3),"min", MIN(Instances!AZ3:Instances!AZ3),"max", MAX(Instances!AZ3:Instances!AZ3),"diff", MAX(Instances!AZ3:Instances!AZ3)-MIN(Instances!AZ3:Instances!AZ3))} -> 0 | BA3: {=_xlfn.SWITCH($A$2,"average", AVERAGE(Instances!BA3:Instances!BA3),"median", MEDIAN(Instances!BA3:Instances!BA3),"min", MIN(Instances!BA3:Instances!BA3),"max", MAX(Instances!BA3:Instances!BA3),"diff", MAX(Instances!BA3:Instances!BA3)-MIN(Instances!BA3:Instances!BA3))} -> 0 | BC3: {=_xlfn.SWITCH($A$2,"average", AVERAGE(Instances!BC3:Instances!BC3),"median", MEDIAN(Instances!BC3:Instances!BC3),"min", MIN(Instances!BC3:Instances!BC3),"max", MAX(Instances!BC3:Instances!BC3),"diff", MAX(Instances!BC3:Instances!BC3)-MIN(Instances!BC3:Instances!BC3))} -> 0 | BD3: {=_xlfn.SWITCH($A$2,"average", AVERAGE(Instances!BD3:Instances!BD3),"median", MEDIAN(Instances!BD3:Instances!BD3),"min", MIN(Instances!BD3:Instances!BD3),"max", MAX(Instances!BD3:Instances!BD3),"diff", MAX(Instances!BD3:Instances!BD3)-MIN(Instances!BD3:Instances!BD3))} -> 0 | BE3: {=_xlfn.SWITCH($A$2,"average", AVERAGE(Instances!BE3:Instances!BE3),"median", MEDIAN(Instances!BE3:Instances!BE3),"min", MIN(Instances!BE3:Instances!BE3),"max", MAX(Instances!BE3:Instances!BE3),"diff", MAX(Instances!BE3:Instances!BE3)-MIN(Instances!BE3:Instances!BE3))} -> 0 | BF3: {=_xlfn.SWITCH($A$2,"average", AVERAGE(Instances!BF3:Instances!BF3),"median", MEDIAN(Instances!BF3:Instances!BF3),"min", MIN(Instances!BF3:Instances!BF3),"max", MAX(Instances!BF3:Instances!BF3),"diff", MAX(Instances!BF3:Instances!BF3)-MIN(Instances!BF3:Instances!BF3))} -> 0 | BH3: {=_xlfn.SWITCH($A$2,"average", AVERAGE(Instances!BH3:Instances!BH3),"median", MEDIAN(Instances!BH3:Instances!BH3),"min", MIN(Instances!BH3:Instances!BH3),"max", MAX(Instances!BH3:Instances!BH3),"diff", MAX(Instances!BH3:Instances!BH3)-MIN(Instances!BH3:Instances!BH3))} -> 0 | BI3: {=_xlfn.SWITCH($A$2,"average", AVERAGE(Instances!BI3:Instances!BI3),"median", MEDIAN(Instances!BI3:Instances!BI3),"min", MIN(Instances!BI3:Instances!BI3),"max", MAX(Instances!BI3:Instances!BI3),"diff", MAX(Instances!BI3:Instances!BI3)-MIN(Instances!BI3:Instances!BI3))} -> 0 | BJ3: {=_xlfn.SWITCH($A$2,"average", AVERAGE(Instances!BJ3:Instances!BJ3),"median", MEDIAN(Instances!BJ3:Instances!BJ3),"min", MIN(Instances!BJ3:Instances!BJ3),"max", MAX(Instances!BJ3:Instances!BJ3),"diff", MAX(Instances!BJ3:Instances!BJ3)-MIN(Instances!BJ3:Instances!BJ3))} -> 0 | BO3: {=_xlfn.SWITCH($A$2,"average", AVERAGE(Instances!BO3:Instances!BO3),"median", MEDIAN(Instances!BO3:Instances!BO3),"min", MIN(Instances!BO3:Instances!BO3),"max", MAX(Instances!BO3:Instances!BO3),"diff", MAX(Instances!BO3:Instances!BO3)-MIN(Instances!BO3:Instances!BO3))} -> 0 | BP3: {=_xlfn.SWITCH($A$2,"average", AVERAGE(Instances!BP3:Instances!BP3),"median", MEDIAN(Instances!BP3:Instances!BP3),"min", MIN(Instances!BP3:Instances!BP3),"max", MAX(Instances!BP3:Instances!BP3),"diff", MAX(Instances!BP3:Instances!BP3)-MIN(Instances!BP3:Instances!BP3))} -> 0 | BR3: {=_xlfn.SWITCH($A$2,"average", AVERAGE(Instances!BR3:Instances!BR3),"median", MEDIAN(Instances!BR3:Instances!BR3),"min", MIN(Instances!BR3:Instances!BR3),"max", MAX(Instances!BR3:Instances!BR3),"diff", MAX(Instances!BR3:Instances!BR3)-MIN(Instances!BR3:Instances!BR3))} -> 0 | BS3: {=_xlfn.SWITCH($A$2,"average", AVERAGE(Instances!BS3:Instances!BS3),"median", MEDIAN(Instances!BS3:Instances!BS3),"min", MIN(Instances!BS3:Instances!BS3),"max", MAX(Instances!BS3:Instances!BS3),"diff", MAX(Instances!BS3:Instances!BS3)-MIN(Instances!BS3:Instances!BS3))} -> 0 | BT3: {=_xlfn.SWITCH($A$2,"average", AVERAGE(Instances!BT3:Instances!BT3),"median", MEDIAN(Instances!BT3:Instances!BT3),"min", MIN(Instances!BT3:Instances!BT3),"max", MAX(Instances!BT3:Instances!BT3),"diff", MAX(Instances!BT3:Instances!BT3)-MIN(Instances!BT3:Instances!BT3))} -> 0 | BY3: {=_xlfn.SWITCH($A$2,"average", AVERAGE(Instances!BY3:Instances!BY3),"median", MEDIAN(Instances!BY3:Instances!BY3),"min", MIN(Instances!BY3:Instances!BY3),"max", MAX(Instances!BY3:Instances!BY3),"diff", MAX(Instances!BY3:Instances!BY3)-MIN(Instances!BY3:Instances!BY3))} -> 0 | BZ3: {=_xlfn.SWITCH($A$2,"average", AVERAGE(Instances!BZ3:Instances!BZ3),"median", MEDIAN(Instances!BZ3:Instances!BZ3),"min", MIN(Instances!BZ3:Instances!BZ3),"max", MAX(Instances!BZ3:Instances!BZ3),"diff", MAX(Instances!BZ3:Instances!BZ3)-MIN(Instances!BZ3:Instances!BZ3))} -> 0 | CB3: {=_xlfn.SWITCH($A$2,"average", AVERAGE(Instances!CB3:Instances!CB3),"median", MEDIAN(Instances!CB3:Instances!CB3),"min", MIN(Instances!CB3:Instances!CB3),"max", MAX(Instances!CB3:Instances!CB3),"diff", MAX(Instances!CB3:Instances!CB3)-MIN(Instances!CB3:Instances!CB3))} -> 0 | CC3: {=_xlfn.SWITCH($A$2,"average", AVERAGE(Instances!CC3:Instances!CC3),"median", MEDIAN(Instances!CC3:Instances!CC3),"min", MIN(Instances!CC3:Instances!CC3),"max", MAX(Instances!CC3:Instances!CC3),"diff", MAX(Instances!CC3:Instances!CC3)-MIN(Instances!CC3:Instances!CC3))} -> 0 | CD3: {=_xlfn.SWITCH($A$2,"average", AVERAGE(Instances!CD3:Instances!CD3),"median", MEDIAN(Instances!CD3:Instances!CD3),"min", MIN(Instances!CD3:Instances!CD3),"max", MAX(Instances!CD3:Instances!CD3),"diff", MAX(Instances!CD3:Instances!CD3)-MIN(Instances!CD3:Instances!CD3))} -> 0 | CE3: {=_xlfn.SWITCH($A$2,"average", AVERAGE(Instances!CE3:Instances!CE3),"median", MEDIAN(Instances!CE3:Instances!CE3),"min", MIN(Instances!CE3:Instances!CE3),"max", MAX(Instances!CE3:Instances!CE3),"diff", MAX(Instances!CE3:Instances!CE3)-MIN(Instances!CE3:Instances!CE3))} -> 0 | CG3: {=_xlfn.SWITCH($A$2,"average", AVERAGE(Instances!CG3:Instances!CG3),"median", MEDIAN(Instances!CG3:Instances!CG3),"min", MIN(Instances!CG3:Instances!CG3),"max", MAX(Instances!CG3:Instances!CG3),"diff", MAX(Instances!CG3:Instances!CG3)-MIN(Instances!CG3:Instances!CG3))} -> 0 | CH3: {=_xlfn.SWITCH($A$2,"average", AVERAGE(Instances!CH3:Instances!CH3),"median", MEDIAN(Instances!CH3:Instances!CH3),"min", MIN(Instances!CH3:Instances!CH3),"max", MAX(Instances!CH3:Instances!CH3),"diff", MAX(Instances!CH3:Instances!CH3)-MIN(Instances!CH3:Instances!CH3))} -> 0 | CI3: {=_xlfn.SWITCH($A$2,"average", AVERAGE(Instances!CI3:Instances!CI3),"median", MEDIAN(Instances!CI3:Instances!CI3),"min", MIN(Instances!CI3:Instances!CI3),"max", MAX(Instances!CI3:Instances!CI3),"diff", MAX(Instances!CI3:Instances!CI3)-MIN(Instances!CI3:Instances!CI3))} -> 0 | CJ3: {=_xlfn.SWITCH($A$2,"average", AVERAGE(Instances!CJ3:Instances!CJ3),"median", MEDIAN(Instances!CJ3:Instances!CJ3),"min", MIN(Instances!CJ3:Instances!CJ3),"max", MAX(Instances!CJ3:Instances!CJ3),"diff", MAX(Instances!CJ3:Instances!CJ3)-MIN(Instances!CJ3:Instances!CJ3))} -> 0 | CL3: {=_xlfn.SWITCH($A$2,"average", AVERAGE(Instances!CL3:Instances!CL3),"median", MEDIAN(Instances!CL3:Instances!CL3),"min", MIN(Instances!CL3:Instances!CL3),"max", MAX(Instances!CL3:Instances!CL3),"diff", MAX(Instances!CL3:Instances!CL3)-MIN(Instances!CL3:Instances!CL3))} -> 0 | CM3: {=_xlfn.SWITCH($A$2,"average", AVERAGE(Instances!CM3:Instances!CM3),"median", MEDIAN(Instances!CM3:Instances!CM3),"min", MIN(Instances!CM3:Instances!CM3),"max", MAX(Instances!CM3:Instances!CM3),"diff", MAX(Instances!CM3:Instances!CM3)-MIN(Instances!CM3:Instances!CM3))} -> 0 | CN3: {=_xlfn.SWITCH($A$2,"average", AVERAGE(Instances!CN3:Instances!CN3),"median", MEDIAN(Instances!CN3:Instances!CN3),"min", MIN(Instances!CN3:Instances!CN3),"max", MAX(Instances!CN3:Instances!CN3),"diff", MAX(Instances!CN3:Instances!CN3)-MIN(Instances!CN3:Instances!CN3))} -> 0 | CO3: {=_xlfn.SWITCH($A$2,"average", AVERAGE(Instances!CO3:Instances!CO3),"median", MEDIAN(Instances!CO3:Instances!CO3),"min", MIN(Instances!CO3:Instances!CO3),"max", MAX(Instances!CO3:Instances!CO3),"diff", MAX(Instances!CO3:Instances!CO3)-MIN(Instances!CO3:Instances!CO3))} -> 0 | CQ3: {=_xlfn.SWITCH($A$2,"average", AVERAGE(Instances!CQ3:Instances!CQ3),"median", MEDIAN(Instances!CQ3:Instances!CQ3),"min", MIN(Instances!CQ3:Instances!CQ3),"max", MAX(Instances!CQ3:Instances!CQ3),"diff", MAX(Instances!CQ3:Instances!CQ3)-MIN(Instances!CQ3:Instances!CQ3))} -> 0 | CR3: {=_xlfn.SWITCH($A$2,"average", AVERAGE(Instances!CR3:Instances!CR3),"median", MEDIAN(Instances!CR3:Instances!CR3),"min", MIN(Instances!CR3:Instances!CR3),"max", MAX(Instances!CR3:Instances!CR3),"diff", MAX(Instances!CR3:Instances!CR3)-MIN(Instances!CR3:Instances!CR3))} -> 0 | CS3: {=_xlfn.SWITCH($A$2,"average", AVERAGE(Instances!CS3:Instances!CS3),"median", MEDIAN(Instances!CS3:Instances!CS3),"min", MIN(Instances!CS3:Instances!CS3),"max", MAX(Instances!CS3:Instances!CS3),"diff", MAX(Instances!CS3:Instances!CS3)-MIN(Instances!CS3:Instances!CS3))} -> 0 | CT3: {=_xlfn.SWITCH($A$2,"average", AVERAGE(Instances!CT3:Instances!CT3),"median", MEDIAN(Instances!CT3:Instances!CT3),"min", MIN(Instances!CT3:Instances!CT3),"max", MAX(Instances!CT3:Instances!CT3),"diff", MAX(Instances!CT3:Instances!CT3)-MIN(Instances!CT3:Instances!CT3))} -> 0 | CV3: {=_xlfn.SWITCH($A$2,"average", AVERAGE(Instances!CV3:Instances!CV3),"median", MEDIAN(Instances!CV3:Instances!CV3),"min", MIN(Instances!CV3:Instances!CV3),"max", MAX(Instances!CV3:Instances!CV3),"diff", MAX(Instances!CV3:Instances!CV3)-MIN(Instances!CV3:Instances!CV3))} -> 0 | CW3: {=_xlfn.SWITCH($A$2,"average", AVERAGE(Instances!CW3:Instances!CW3),"median", MEDIAN(Instances!CW3:Instances!CW3),"min", MIN(Instances!CW3:Instances!CW3),"max", MAX(Instances!CW3:Instances!CW3),"diff", MAX(Instances!CW3:Instances!CW3)-MIN(Instances!CW3:Instances!CW3))} -> 0 | CX3: {=_xlfn.SWITCH($A$2,"average", AVERAGE(Instances!CX3:Instances!CX3),"median", MEDIAN(Instances!CX3:Instances!CX3),"min", MIN(Instances!CX3:Instances!CX3),"max", MAX(Instances!CX3:Instances!CX3),"diff", MAX(Instances!CX3:Instances!CX3)-MIN(Instances!CX3:Instances!CX3))} -> 0 | CY3: {=_xlfn.SWITCH($A$2,"average", AVERAGE(Instances!CY3:Instances!CY3),"median", MEDIAN(Instances!CY3:Instances!CY3),"min", MIN(Instances!CY3:Instances!CY3),"max", MAX(Instances!CY3:Instances!CY3),"diff", MAX(Instances!CY3:Instances!CY3)-MIN(Instances!CY3:Instances!CY3))} -> 0 | DA3: {=_xlfn.SWITCH($A$2,"average", AVERAGE(Instances!DA3:Instances!DA3),"median", MEDIAN(Instances!DA3:Instances!DA3),"min", MIN(Instances!DA3:Instances!DA3),"max", MAX(Instances!DA3:Instances!DA3),"diff", MAX(Instances!DA3:Instances!DA3)-MIN(Instances!DA3:Instances!DA3))} -> 0 | DB3: {=_xlfn.SWITCH($A$2,"average", AVERAGE(Instances!DB3:Instances!DB3),"median", MEDIAN(Instances!DB3:Instances!DB3),"min", MIN(Instances!DB3:Instances!DB3),"max", MAX(Instances!DB3:Instances!DB3),"diff", MAX(Instances!DB3:Instances!DB3)-MIN(Instances!DB3:Instances!DB3))} -> 0 | DC3: {=_xlfn.SWITCH($A$2,"average", AVERAGE(Instances!DC3:Instances!DC3),"median", MEDIAN(Instances!DC3:Instances!DC3),"min", MIN(Instances!DC3:Instances!DC3),"max", MAX(Instances!DC3:Instances!DC3),"diff", MAX(Instances!DC3:Instances!DC3)-MIN(Instances!DC3:Instances!DC3))} -> 0 | DD3: {=_xlfn.SWITCH($A$2,"average", AVERAGE(Instances!DD3:Instances!DD3),"median", MEDIAN(Instances!DD3:Instances!DD3),"min", MIN(Instances!DD3:Instances!DD3),"max", MAX(Instances!DD3:Instances!DD3),"diff", MAX(Instances!DD3:Instances!DD3)-MIN(Instances!DD3:Instances!DD3))} -> 0 | DF3: {=_xlfn.SWITCH($A$2,"average", AVERAGE(Instances!DF3:Instances!DF3),"median", MEDIAN(Instances!DF3:Instances!DF3),"min", MIN(Instances!DF3:Instances!DF3),"max", MAX(Instances!DF3:Instances!DF3),"diff", MAX(Instances!DF3:Instances!DF3)-MIN(Instances!DF3:Instances!DF3))} -> 0 | DG3: {=_xlfn.SWITCH($A$2,"average", AVERAGE(Instances!DG3:Instances!DG3),"median", MEDIAN(Instances!DG3:Instances!DG3),"min", MIN(Instances!DG3:Instances!DG3),"max", MAX(Instances!DG3:Instances!DG3),"diff", MAX(Instances!DG3:Instances!DG3)-MIN(Instances!DG3:Instances!DG3))} -> 0 | DH3: {=_xlfn.SWITCH($A$2,"average", AVERAGE(Instances!DH3:Instances!DH3),"median", MEDIAN(Instances!DH3:Instances!DH3),"min", MIN(Instances!DH3:Instances!DH3),"max", MAX(Instances!DH3:Instances!DH3),"diff", MAX(Instances!DH3:Instances!DH3)-MIN(Instances!DH3:Instances!DH3))} -> 0 | DI3: {=_xlfn.SWITCH($A$2,"average", AVERAGE(Instances!DI3:Instances!DI3),"median", MEDIAN(Instances!DI3:Instances!DI3),"min", MIN(Instances!DI3:Instances!DI3),"max", MAX(Instances!DI3:Instances!DI3),"diff", MAX(Instances!DI3:Instances!DI3)-MIN(Instances!DI3:Instances!DI3))} -> 0 | DK3: {=_xlfn.SWITCH($A$2,"average", AVERAGE(Instances!DK3:Instances!DK3),"median", MEDIAN(Instances!DK3:Instances!DK3),"min", MIN(Instances!DK3:Instances!DK3),"max", MAX(Instances!DK3:Instances!DK3),"diff", MAX(Instances!DK3:Instances!DK3)-MIN(Instances!DK3:Instances!DK3))} -> 0 | DL3: {=_xlfn.SWITCH($A$2,"average", AVERAGE(Instances!DL3:Instances!DL3),"median", MEDIAN(Instances!DL3:Instances!DL3),"min", MIN(Instances!DL3:Instances!DL3),"max", MAX(Instances!DL3:Instances!DL3),"diff", MAX(Instances!DL3:Instances!DL3)-MIN(Instances!DL3:Instances!DL3))} -> 0 | DM3: {=_xlfn.SWITCH($A$2,"average", AVERAGE(Instances!DM3:Instances!DM3),"median", MEDIAN(Instances!DM3:Instances!DM3),"min", MIN(Instances!DM3:Instances!DM3),"max", MAX(Instances!DM3:Instances!DM3),"diff", MAX(Instances!DM3:Instances!DM3)-MIN(Instances!DM3:Instances!DM3))} -> 0 | DN3: {=_xlfn.SWITCH($A$2,"average", AVERAGE(Instances!DN3:Instances!DN3),"median", MEDIAN(Instances!DN3:Instances!DN3),"min", MIN(Instances!DN3:Instances!DN3),"max", MAX(Instances!DN3:Instances!DN3),"diff", MAX(Instances!DN3:Instances!DN3)-MIN(Instances!DN3:Instances!DN3))} -> 0 | DP3: {=_xlfn.SWITCH($A$2,"average", AVERAGE(Instances!DP3:Instances!DP3),"median", MEDIAN(Instances!DP3:Instances!DP3),"min", MIN(Instances!DP3:Instances!DP3),"max", MAX(Instances!DP3:Instances!DP3),"diff", MAX(Instances!DP3:Instances!DP3)-MIN(Instances!DP3:Instances!DP3))} -> 0 | DQ3: {=_xlfn.SWITCH($A$2,"average", AVERAGE(Instances!DQ3:Instances!DQ3),"median", MEDIAN(Instances!DQ3:Instances!DQ3),"min", MIN(Instances!DQ3:Instances!DQ3),"max", MAX(Instances!DQ3:Instances!DQ3),"diff", MAX(Instances!DQ3:Instances!DQ3)-MIN(Instances!DQ3:Instances!DQ3))} -> 0 | DR3: {=_xlfn.SWITCH($A$2,"average", AVERAGE(Instances!DR3:Instances!DR3),"median", MEDIAN(Instances!DR3:Instances!DR3),"min", MIN(Instances!DR3:Instances!DR3),"max", MAX(Instances!DR3:Instances!DR3),"diff", MAX(Instances!DR3:Instances!DR3)-MIN(Instances!DR3:Instances!DR3))} -> 0 | DS3: {=_xlfn.SWITCH($A$2,"average", AVERAGE(Instances!DS3:Instances!DS3),"median", MEDIAN(Instances!DS3:Instances!DS3),"min", MIN(Instances!DS3:Instances!DS3),"max", MAX(Instances!DS3:Instances!DS3),"diff", MAX(Instances!DS3:Instances!DS3)-MIN(Instances!DS3:Instances!DS3))} -> 0 | DU3: {=_xlfn.SWITCH($A$2,"average", AVERAGE(Instances!DU3:Instances!DU3),"median", MEDIAN(Instances!DU3:Instances!DU3),"min", MIN(Instances!DU3:Instances!DU3),"max", MAX(Instances!DU3:Instances!DU3),"diff", MAX(Instances!DU3:Instances!DU3)-MIN(Instances!DU3:Instances!DU3))} -> 0 | DV3: {=_xlfn.SWITCH($A$2,"average", AVERAGE(Instances!DV3:Instances!DV3),"median", MEDIAN(Instances!DV3:Instances!DV3),"min", MIN(Instances!DV3:Instances!DV3),"max", MAX(Instances!DV3:Instances!DV3),"diff", MAX(Instances!DV3:Instances!DV3)-MIN(Instances!DV3:Instances!DV3))} -> 0 | DW3: {=_xlfn.SWITCH($A$2,"average", AVERAGE(Instances!DW3:Instances!DW3),"median", MEDIAN(Instances!DW3:Instances!DW3),"min", MIN(Instances!DW3:Instances!DW3),"max", MAX(Instances!DW3:Instances!DW3),"diff", MAX(Instances!DW3:Instances!DW3)-MIN(Instances!DW3:Instances!DW3))} -> 0 | DX3: {=_xlfn.SWITCH($A$2,"average", AVERAGE(Instances!DX3:Instances!DX3),"median", MEDIAN(Instances!DX3:Instances!DX3),"min", MIN(Instances!DX3:Instances!DX3),"max", MAX(Instances!DX3:Instances!DX3),"diff", MAX(Instances!DX3:Instances!DX3)-MIN(Instances!DX3:Instances!DX3))} -> 0 | DZ3: {=_xlfn.SWITCH($A$2,"average", AVERAGE(Instances!DZ3:Instances!DZ3),"median", MEDIAN(Instances!DZ3:Instances!DZ3),"min", MIN(Instances!DZ3:Instances!DZ3),"max", MAX(Instances!DZ3:Instances!DZ3),"diff", MAX(Instances!DZ3:Instances!DZ3)-MIN(Instances!DZ3:Instances!DZ3))} -> 0 | EA3: {=_xlfn.SWITCH($A$2,"average", AVERAGE(Instances!EA3:Instances!EA3),"median", MEDIAN(Instances!EA3:Instances!EA3),"min", MIN(Instances!EA3:Instances!EA3),"max", MAX(Instances!EA3:Instances!EA3),"diff", MAX(Instances!EA3:Instances!EA3)-MIN(Instances!EA3:Instances!EA3))} -> 0 | EB3: {=_xlfn.SWITCH($A$2,"average", AVERAGE(Instances!EB3:Instances!EB3),"median", MEDIAN(Instances!EB3:Instances!EB3),"min", MIN(Instances!EB3:Instances!EB3),"max", MAX(Instances!EB3:Instances!EB3),"diff", MAX(Instances!EB3:Instances!EB3)-MIN(Instances!EB3:Instances!EB3))} -> 0 | EC3: {=_xlfn.SWITCH($A$2,"average", AVERAGE(Instances!EC3:Instances!EC3),"median", MEDIAN(Instances!EC3:Instances!EC3),"min", MIN(Instances!EC3:Instances!EC3),"max", MAX(Instances!EC3:Instances!EC3),"diff", MAX(Instances!EC3:Instances!EC3)-MIN(Instances!EC3:Instances!EC3))} -> 0 | EE3: {=_xlfn.SWITCH($A$2,"average", AVERAGE(Instances!EE3:Instances!EE3),"median", MEDIAN(Instances!EE3:Instances!EE3),"min", MIN(Instances!EE3:Instances!EE3),"max", MAX(Instances!EE3:Instances!EE3),"diff", MAX(Instances!EE3:Instances!EE3)-MIN(Instances!EE3:Instances!EE3))} -> 0 | EF3: {=_xlfn.SWITCH($A$2,"average", AVERAGE(Instances!EF3:Instances!EF3),"median", MEDIAN(Instances!EF3:Instances!EF3),"min", MIN(Instances!EF3:Instances!EF3),"max", MAX(Instances!EF3:Instances!EF3),"diff", MAX(Instances!EF3:Instances!EF3)-MIN(Instances!EF3:Instances!EF3))} -> 0 | EG3: {=_xlfn.SWITCH($A$2,"average", AVERAGE(Instances!EG3:Instances!EG3),"median", MEDIAN(Instances!EG3:Instances!EG3),"min", MIN(Instances!EG3:Instances!EG3),"max", MAX(Instances!EG3:Instances!EG3),"diff", MAX(Instances!EG3:Instances!EG3)-MIN(Instances!EG3:Instances!EG3))} -> 0 | EH3: {=_xlfn.SWITCH($A$2,"average", AVERAGE(Instances!EH3:Instances!EH3),"median", MEDIAN(Instances!EH3:Instances!EH3),"min", MIN(Instances!EH3:Instances!EH3),"max", MAX(Instances!EH3:Instances!EH3),"diff", MAX(Instances!EH3:Instances!EH3)-MIN(Instances!EH3:Instances!EH3))} -> 0 | EJ3: {=_xlfn.SWITCH($A$2,"average", AVERAGE(Instances!EJ3:Instances!EJ3),"median", MEDIAN(Instances!EJ3:Instances!EJ3),"min", MIN(Instances!EJ3:Instances!EJ3),"max", MAX(Instances!EJ3:Instances!EJ3),"diff", MAX(Instances!EJ3:Instances!EJ3)-MIN(Instances!EJ3:Instances!EJ3))} -> 0 | EK3: {=_xlfn.SWITCH($A$2,"average", AVERAGE(Instances!EK3:Instances!EK3),"median", MEDIAN(Instances!EK3:Instances!EK3),"min", MIN(Instances!EK3:Instances!EK3),"max", MAX(Instances!EK3:Instances!EK3),"diff", MAX(Instances!EK3:Instances!EK3)-MIN(Instances!EK3:Instances!EK3))} -> 0 | EL3: {=_xlfn.SWITCH($A$2,"average", AVERAGE(Instances!EL3:Instances!EL3),"median", MEDIAN(Instances!EL3:Instances!EL3),"min", MIN(Instances!EL3:Instances!EL3),"max", MAX(Instances!EL3:Instances!EL3),"diff", MAX(Instances!EL3:Instances!EL3)-MIN(Instances!EL3:Instances!EL3))} -> 0 | EM3: {=_xlfn.SWITCH($A$2,"average", AVERAGE(Instances!EM3:Instances!EM3),"median", MEDIAN(Instances!EM3:Instances!EM3),"min", MIN(Instances!EM3:Instances!EM3),"max", MAX(Instances!EM3:Instances!EM3),"diff", MAX(Instances!EM3:Instances!EM3)-MIN(Instances!EM3:Instances!EM3))} -> 0 | EO3: {=_xlfn.SWITCH($A$2,"average", AVERAGE(Instances!EO3:Instances!EO3),"median", MEDIAN(Instances!EO3:Instances!EO3),"min", MIN(Instances!EO3:Instances!EO3),"max", MAX(Instances!EO3:Instances!EO3),"diff", MAX(Instances!EO3:Instances!EO3)-MIN(Instances!EO3:Instances!EO3))} -> 0 | EP3: {=_xlfn.SWITCH($A$2,"average", AVERAGE(Instances!EP3:Instances!EP3),"median", MEDIAN(Instances!EP3:Instances!EP3),"min", MIN(Instances!EP3:Instances!EP3),"max", MAX(Instances!EP3:Instances!EP3),"diff", MAX(Instances!EP3:Instances!EP3)-MIN(Instances!EP3:Instances!EP3))} -> 0 | EQ3: {=_xlfn.SWITCH($A$2,"average", AVERAGE(Instances!EQ3:Instances!EQ3),"median", MEDIAN(Instances!EQ3:Instances!EQ3),"min", MIN(Instances!EQ3:Instances!EQ3),"max", MAX(Instances!EQ3:Instances!EQ3),"diff", MAX(Instances!EQ3:Instances!EQ3)-MIN(Instances!EQ3:Instances!EQ3))} -> 0 | ER3: {=_xlfn.SWITCH($A$2,"average", AVERAGE(Instances!ER3:Instances!ER3),"median", MEDIAN(Instances!ER3:Instances!ER3),"min", MIN(Instances!ER3:Instances!ER3),"max", MAX(Instances!ER3:Instances!ER3),"diff", MAX(Instances!ER3:Instances!ER3)-MIN(Instances!ER3:Instances!ER3))} -> 0 | ET3: {=_xlfn.SWITCH($A$2,"average", AVERAGE(Instances!ET3:Instances!ET3),"median", MEDIAN(Instances!ET3:Instances!ET3),"min", MIN(Instances!ET3:Instances!ET3),"max", MAX(Instances!ET3:Instances!ET3),"diff", MAX(Instances!ET3:Instances!ET3)-MIN(Instances!ET3:Instances!ET3))} -> 0 | EU3: {=_xlfn.SWITCH($A$2,"average", AVERAGE(Instances!EU3:Instances!EU3),"median", MEDIAN(Instances!EU3:Instances!EU3),"min", MIN(Instances!EU3:Instances!EU3),"max", MAX(Instances!EU3:Instances!EU3),"diff", MAX(Instances!EU3:Instances!EU3)-MIN(Instances!EU3:Instances!EU3))} -> 0 | EV3: {=_xlfn.SWITCH($A$2,"average", AVERAGE(Instances!EV3:Instances!EV3),"median", MEDIAN(Instances!EV3:Instances!EV3),"min", MIN(Instances!EV3:Instances!EV3),"max", MAX(Instances!EV3:Instances!EV3),"diff", MAX(Instances!EV3:Instances!EV3)-MIN(Instances!EV3:Instances!EV3))} -> 0 | EW3: {=_xlfn.SWITCH($A$2,"average", AVERAGE(Instances!EW3:Instances!EW3),"median", MEDIAN(Instances!EW3:Instances!EW3),"min", MIN(Instances!EW3:Instances!EW3),"max", MAX(Instances!EW3:Instances!EW3),"diff", MAX(Instances!EW3:Instances!EW3)-MIN(Instances!EW3:Instances!EW3))} -> 0 | EY3: {=_xlfn.SWITCH($A$2,"average", AVERAGE(Instances!EY3:Instances!EY3),"median", MEDIAN(Instances!EY3:Instances!EY3),"min", MIN(Instances!EY3:Instances!EY3),"max", MAX(Instances!EY3:Instances!EY3),"diff", MAX(Instances!EY3:Instances!EY3)-MIN(Instances!EY3:Instances!EY3))} -> 0 | EZ3: {=_xlfn.SWITCH($A$2,"average", AVERAGE(Instances!EZ3:Instances!EZ3),"median", MEDIAN(Instances!EZ3:Instances!EZ3),"min", MIN(Instances!EZ3:Instances!EZ3),"max", MAX(Instances!EZ3:Instances!EZ3),"diff", MAX(Instances!EZ3:Instances!EZ3)-MIN(Instances!EZ3:Instances!EZ3))} -> 0 | FA3: {=_xlfn.SWITCH($A$2,"average", AVERAGE(Instances!FA3:Instances!FA3),"median", MEDIAN(Instances!FA3:Instances!FA3),"min", MIN(Instances!FA3:Instances!FA3),"max", MAX(Instances!FA3:Instances!FA3),"diff", MAX(Instances!FA3:Instances!FA3)-MIN(Instances!FA3:Instances!FA3))} -> 0 | FB3: {=_xlfn.SWITCH($A$2,"average", AVERAGE(Instances!FB3:Instances!FB3),"median", MEDIAN(Instances!FB3:Instances!FB3),"min", MIN(Instances!FB3:Instances!FB3),"max", MAX(Instances!FB3:Instances!FB3),"diff", MAX(Instances!FB3:Instances!FB3)-MIN(Instances!FB3:Instances!FB3))} -> 0 | FD3: {=_xlfn.SWITCH($A$2,"average", AVERAGE(Instances!FD3:Instances!FD3),"median", MEDIAN(Instances!FD3:Instances!FD3),"min", MIN(Instances!FD3:Instances!FD3),"max", MAX(Instances!FD3:Instances!FD3),"diff", MAX(Instances!FD3:Instances!FD3)-MIN(Instances!FD3:Instances!FD3))} -> 0 | FE3: {=_xlfn.SWITCH($A$2,"average", AVERAGE(Instances!FE3:Instances!FE3),"median", MEDIAN(Instances!FE3:Instances!FE3),"min", MIN(Instances!FE3:Instances!FE3),"max", MAX(Instances!FE3:Instances!FE3),"diff", MAX(Instances!FE3:Instances!FE3)-MIN(Instances!FE3:Instances!FE3))} -> 0 | FF3: {=_xlfn.SWITCH($A$2,"average", AVERAGE(Instances!FF3:Instances!FF3),"median", MEDIAN(Instances!FF3:Instances!FF3),"min", MIN(Instances!FF3:Instances!FF3),"max", MAX(Instances!FF3:Instances!FF3),"diff", MAX(Instances!FF3:Instances!FF3)-MIN(Instances!FF3:Instances!FF3))} -> 0 | FG3: {=_xlfn.SWITCH($A$2,"average", AVERAGE(Instances!FG3:Instances!FG3),"median", MEDIAN(Instances!FG3:Instances!FG3),"min", MIN(Instances!FG3:Instances!FG3),"max", MAX(Instances!FG3:Instances!FG3),"diff", MAX(Instances!FG3:Instances!FG3)-MIN(Instances!FG3:Instances!FG3))} -> 0 | FI3: {=_xlfn.SWITCH($A$2,"average", AVERAGE(Instances!FI3:Instances!FI3),"median", MEDIAN(Instances!FI3:Instances!FI3),"min", MIN(Instances!FI3:Instances!FI3),"max", MAX(Instances!FI3:Instances!FI3),"diff", MAX(Instances!FI3:Instances!FI3)-MIN(Instances!FI3:Instances!FI3))} -> 0 | FJ3: {=_xlfn.SWITCH($A$2,"average", AVERAGE(Instances!FJ3:Instances!FJ3),"median", MEDIAN(Instances!FJ3:Instances!FJ3),"min", MIN(Instances!FJ3:Instances!FJ3),"max", MAX(Instances!FJ3:Instances!FJ3),"diff", MAX(Instances!FJ3:Instances!FJ3)-MIN(Instances!FJ3:Instances!FJ3))} -> 0 | FK3: {=_xlfn.SWITCH($A$2,"average", AVERAGE(Instances!FK3:Instances!FK3),"median", MEDIAN(Instances!FK3:Instances!FK3),"min", MIN(Instances!FK3:Instances!FK3),"max", MAX(Instances!FK3:Instances!FK3),"diff", MAX(Instances!FK3:Instances!FK3)-MIN(Instances!FK3:Instances!FK3))} -> 0 | FL3: {=_xlfn.SWITCH($A$2,"average", AVERAGE(Instances!FL3:Instances!FL3),"median", MEDIAN(Instances!FL3:Instances!FL3),"min", MIN(Instances!FL3:Instances!FL3),"max", MAX(Instances!FL3:Instances!FL3),"diff", MAX(Instances!FL3:Instances!FL3)-MIN(Instances!FL3:Instances!FL3))} -> 0 | FN3: {=_xlfn.SWITCH($A$2,"average", AVERAGE(Instances!FN3:Instances!FN3),"median", MEDIAN(Instances!FN3:Instances!FN3),"min", MIN(Instances!FN3:Instances!FN3),"max", MAX(Instances!FN3:Instances!FN3),"diff", MAX(Instances!FN3:Instances!FN3)-MIN(Instances!FN3:Instances!FN3))} -> 0 | FO3: {=_xlfn.SWITCH($A$2,"average", AVERAGE(Instances!FO3:Instances!FO3),"median", MEDIAN(Instances!FO3:Instances!FO3),"min", MIN(Instances!FO3:Instances!FO3),"max", MAX(Instances!FO3:Instances!FO3),"diff", MAX(Instances!FO3:Instances!FO3)-MIN(Instances!FO3:Instances!FO3))} -> 0 | FP3: {=_xlfn.SWITCH($A$2,"average", AVERAGE(Instances!FP3:Instances!FP3),"median", MEDIAN(Instances!FP3:Instances!FP3),"min", MIN(Instances!FP3:Instances!FP3),"max", MAX(Instances!FP3:Instances!FP3),"diff", MAX(Instances!FP3:Instances!FP3)-MIN(Instances!FP3:Instances!FP3))} -> 0 | FQ3: {=_xlfn.SWITCH($A$2,"average", AVERAGE(Instances!FQ3:Instances!FQ3),"median", MEDIAN(Instances!FQ3:Instances!FQ3),"min", MIN(Instances!FQ3:Instances!FQ3),"max", MAX(Instances!FQ3:Instances!FQ3),"diff", MAX(Instances!FQ3:Instances!FQ3)-MIN(Instances!FQ3:Instances!FQ3))} -> 0 | FS3: {=_xlfn.SWITCH($A$2,"average", AVERAGE(Instances!FS3:Instances!FS3),"median", MEDIAN(Instances!FS3:Instances!FS3),"min", MIN(Instances!FS3:Instances!FS3),"max", MAX(Instances!FS3:Instances!FS3),"diff", MAX(Instances!FS3:Instances!FS3)-MIN(Instances!FS3:Instances!FS3))} -> 0 | FT3: {=_xlfn.SWITCH($A$2,"average", AVERAGE(Instances!FT3:Instances!FT3),"median", MEDIAN(Instances!FT3:Instances!FT3),"min", MIN(Instances!FT3:Instances!FT3),"max", MAX(Instances!FT3:Instances!FT3),"diff", MAX(Instances!FT3:Instances!FT3)-MIN(Instances!FT3:Instances!FT3))} -> 0 | FU3: {=_xlfn.SWITCH($A$2,"average", AVERAGE(Instances!FU3:Instances!FU3),"median", MEDIAN(Instances!FU3:Instances!FU3),"min", MIN(Instances!FU3:Instances!FU3),"max", MAX(Instances!FU3:Instances!FU3),"diff", MAX(Instances!FU3:Instances!FU3)-MIN(Instances!FU3:Instances!FU3))} -> 0 | FV3: {=_xlfn.SWITCH($A$2,"average", AVERAGE(Instances!FV3:Instances!FV3),"median", MEDIAN(Instances!FV3:Instances!FV3),"min", MIN(Instances!FV3:Instances!FV3),"max", MAX(Instances!FV3:Instances!FV3),"diff", MAX(Instances!FV3:Instances!FV3)-MIN(Instances!FV3:Instances!FV3))} -> 0 | FX3: {=_xlfn.SWITCH($A$2,"average", AVERAGE(Instances!FX3:Instances!FX3),"median", MEDIAN(Instances!FX3:Instances!FX3),"min", MIN(Instances!FX3:Instances!FX3),"max", MAX(Instances!FX3:Instances!FX3),"diff", MAX(Instances!FX3:Instances!FX3)-MIN(Instances!FX3:Instances!FX3))} -> 0 | FY3: {=_xlfn.SWITCH($A$2,"average", AVERAGE(Instances!FY3:Instances!FY3),"median", MEDIAN(Instances!FY3:Instances!FY3),"min", MIN(Instances!FY3:Instances!FY3),"max", MAX(Instances!FY3:Instances!FY3),"diff", MAX(Instances!FY3:Instances!FY3)-MIN(Instances!FY3:Instances!FY3))} -> 0 | FZ3: {=_xlfn.SWITCH($A$2,"average", AVERAGE(Instances!FZ3:Instances!FZ3),"median", MEDIAN(Instances!FZ3:Instances!FZ3),"min", MIN(Instances!FZ3:Instances!FZ3),"max", MAX(Instances!FZ3:Instances!FZ3),"diff", MAX(Instances!FZ3:Instances!FZ3)-MIN(Instances!FZ3:Instances!FZ3))} -> 0 | GA3: {=_xlfn.SWITCH($A$2,"average", AVERAGE(Instances!GA3:Instances!GA3),"median", MEDIAN(Instances!GA3:Instances!GA3),"min", MIN(Instances!GA3:Instances!GA3),"max", MAX(Instances!GA3:Instances!GA3),"diff", MAX(Instances!GA3:Instances!GA3)-MIN(Instances!GA3:Instances!GA3))} -> 0 | GC3: {=_xlfn.SWITCH($A$2,"average", AVERAGE(Instances!GC3:Instances!GC3),"median", MEDIAN(Instances!GC3:Instances!GC3),"min", MIN(Instances!GC3:Instances!GC3),"max", MAX(Instances!GC3:Instances!GC3),"diff", MAX(Instances!GC3:Instances!GC3)-MIN(Instances!GC3:Instances!GC3))} -> 0 | GD3: {=_xlfn.SWITCH($A$2,"average", AVERAGE(Instances!GD3:Instances!GD3),"median", MEDIAN(Instances!GD3:Instances!GD3),"min", MIN(Instances!GD3:Instances!GD3),"max", MAX(Instances!GD3:Instances!GD3),"diff", MAX(Instances!GD3:Instances!GD3)-MIN(Instances!GD3:Instances!GD3))} -> 0 | GE3: {=_xlfn.SWITCH($A$2,"average", AVERAGE(Instances!GE3:Instances!GE3),"median", MEDIAN(Instances!GE3:Instances!GE3),"min", MIN(Instances!GE3:Instances!GE3),"max", MAX(Instances!GE3:Instances!GE3),"diff", MAX(Instances!GE3:Instances!GE3)-MIN(Instances!GE3:Instances!GE3))} -> 0 | GF3: {=_xlfn.SWITCH($A$2,"average", AVERAGE(Instances!GF3:Instances!GF3),"median", MEDIAN(Instances!GF3:Instances!GF3),"min", MIN(Instances!GF3:Instances!GF3),"max", MAX(Instances!GF3:Instances!GF3),"diff", MAX(Instances!GF3:Instances!GF3)-MIN(Instances!GF3:Instances!GF3))} -> 0 | GH3: {=_xlfn.SWITCH($A$2,"average", AVERAGE(Instances!GH3:Instances!GH3),"median", MEDIAN(Instances!GH3:Instances!GH3),"min", MIN(Instances!GH3:Instances!GH3),"max", MAX(Instances!GH3:Instances!GH3),"diff", MAX(Instances!GH3:Instances!GH3)-MIN(Instances!GH3:Instances!GH3))} -> 0 | GI3: {=_xlfn.SWITCH($A$2,"average", AVERAGE(Instances!GI3:Instances!GI3),"median", MEDIAN(Instances!GI3:Instances!GI3),"min", MIN(Instances!GI3:Instances!GI3),"max", MAX(Instances!GI3:Instances!GI3),"diff", MAX(Instances!GI3:Instances!GI3)-MIN(Instances!GI3:Instances!GI3))} -> 0 | GJ3: {=_xlfn.SWITCH($A$2,"average", AVERAGE(Instances!GJ3:Instances!GJ3),"median", MEDIAN(Instances!GJ3:Instances!GJ3),"min", MIN(Instances!GJ3:Instances!GJ3),"max", MAX(Instances!GJ3:Instances!GJ3),"diff", MAX(Instances!GJ3:Instances!GJ3)-MIN(Instances!GJ3:Instances!GJ3))} -> 0 | GK3: {=_xlfn.SWITCH($A$2,"average", AVERAGE(Instances!GK3:Instances!GK3),"median", MEDIAN(Instances!GK3:Instances!GK3),"min", MIN(Instances!GK3:Instances!GK3),"max", MAX(Instances!GK3:Instances!GK3),"diff", MAX(Instances!GK3:Instances!GK3)-MIN(Instances!GK3:Instances!GK3))} -> 0 | GM3: {=_xlfn.SWITCH($A$2,"average", AVERAGE(Instances!GM3:Instances!GM3),"median", MEDIAN(Instances!GM3:Instances!GM3),"min", MIN(Instances!GM3:Instances!GM3),"max", MAX(Instances!GM3:Instances!GM3),"diff", MAX(Instances!GM3:Instances!GM3)-MIN(Instances!GM3:Instances!GM3))} -> 0 | GN3: {=_xlfn.SWITCH($A$2,"average", AVERAGE(Instances!GN3:Instances!GN3),"median", MEDIAN(Instances!GN3:Instances!GN3),"min", MIN(Instances!GN3:Instances!GN3),"max", MAX(Instances!GN3:Instances!GN3),"diff", MAX(Instances!GN3:Instances!GN3)-MIN(Instances!GN3:Instances!GN3))} -> 0 | GO3: {=_xlfn.SWITCH($A$2,"average", AVERAGE(Instances!GO3:Instances!GO3),"median", MEDIAN(Instances!GO3:Instances!GO3),"min", MIN(Instances!GO3:Instances!GO3),"max", MAX(Instances!GO3:Instances!GO3),"diff", MAX(Instances!GO3:Instances!GO3)-MIN(Instances!GO3:Instances!GO3))} -> 0 | GP3: {=_xlfn.SWITCH($A$2,"average", AVERAGE(Instances!GP3:Instances!GP3),"median", MEDIAN(Instances!GP3:Instances!GP3),"min", MIN(Instances!GP3:Instances!GP3),"max", MAX(Instances!GP3:Instances!GP3),"diff", MAX(Instances!GP3:Instances!GP3)-MIN(Instances!GP3:Instances!GP3))} -> 0 | GR3: {=_xlfn.SWITCH($A$2,"average", AVERAGE(Instances!GR3:Instances!GR3),"median", MEDIAN(Instances!GR3:Instances!GR3),"min", MIN(Instances!GR3:Instances!GR3),"max", MAX(Instances!GR3:Instances!GR3),"diff", MAX(Instances!GR3:Instances!GR3)-MIN(Instances!GR3:Instances!GR3))} -> 0 | GS3: {=_xlfn.SWITCH($A$2,"average", AVERAGE(Instances!GS3:Instances!GS3),"median", MEDIAN(Instances!GS3:Instances!GS3),"min", MIN(Instances!GS3:Instances!GS3),"max", MAX(Instances!GS3:Instances!GS3),"diff", MAX(Instances!GS3:Instances!GS3)-MIN(Instances!GS3:Instances!GS3))} -> 0 | GT3: {=_xlfn.SWITCH($A$2,"average", AVERAGE(Instances!GT3:Instances!GT3),"median", MEDIAN(Instances!GT3:Instances!GT3),"min", MIN(Instances!GT3:Instances!GT3),"max", MAX(Instances!GT3:Instances!GT3),"diff", MAX(Instances!GT3:Instances!GT3)-MIN(Instances!GT3:Instances!GT3))} -> 0 | GU3: {=_xlfn.SWITCH($A$2,"average", AVERAGE(Instances!GU3:Instances!GU3),"median", MEDIAN(Instances!GU3:Instances!GU3),"min", MIN(Instances!GU3:Instances!GU3),"max", MAX(Instances!GU3:Instances!GU3),"diff", MAX(Instances!GU3:Instances!GU3)-MIN(Instances!GU3:Instances!GU3))} -> 0 | GW3: {=_xlfn.SWITCH($A$2,"average", AVERAGE(Instances!GW3:Instances!GW3),"median", MEDIAN(Instances!GW3:Instances!GW3),"min", MIN(Instances!GW3:Instances!GW3),"max", MAX(Instances!GW3:Instances!GW3),"diff", MAX(Instances!GW3:Instances!GW3)-MIN(Instances!GW3:Instances!GW3))} -> 0 | GX3: {=_xlfn.SWITCH($A$2,"average", AVERAGE(Instances!GX3:Instances!GX3),"median", MEDIAN(Instances!GX3:Instances!GX3),"min", MIN(Instances!GX3:Instances!GX3),"max", MAX(Instances!GX3:Instances!GX3),"diff", MAX(Instances!GX3:Instances!GX3)-MIN(Instances!GX3:Instances!GX3))} -> 0 | GY3: {=_xlfn.SWITCH($A$2,"average", AVERAGE(Instances!GY3:Instances!GY3),"median", MEDIAN(Instances!GY3:Instances!GY3),"min", MIN(Instances!GY3:Instances!GY3),"max", MAX(Instances!GY3:Instances!GY3),"diff", MAX(Instances!GY3:Instances!GY3)-MIN(Instances!GY3:Instances!GY3))} -> 0 | GZ3: {=_xlfn.SWITCH($A$2,"average", AVERAGE(Instances!GZ3:Instances!GZ3),"median", MEDIAN(Instances!GZ3:Instances!GZ3),"min", MIN(Instances!GZ3:Instances!GZ3),"max", MAX(Instances!GZ3:Instances!GZ3),"diff", MAX(Instances!GZ3:Instances!GZ3)-MIN(Instances!GZ3:Instances!GZ3))} -> 0 | HB3: {=_xlfn.SWITCH($A$2,"average", AVERAGE(Instances!HB3:Instances!HB3),"median", MEDIAN(Instances!HB3:Instances!HB3),"min", MIN(Instances!HB3:Instances!HB3),"max", MAX(Instances!HB3:Instances!HB3),"diff", MAX(Instances!HB3:Instances!HB3)-MIN(Instances!HB3:Instances!HB3))} -> 0 | HC3: {=_xlfn.SWITCH($A$2,"average", AVERAGE(Instances!HC3:Instances!HC3),"median", MEDIAN(Instances!HC3:Instances!HC3),"min", MIN(Instances!HC3:Instances!HC3),"max", MAX(Instances!HC3:Instances!HC3),"diff", MAX(Instances!HC3:Instances!HC3)-MIN(Instances!HC3:Instances!HC3))} -> 0 | HD3: {=_xlfn.SWITCH($A$2,"average", AVERAGE(Instances!HD3:Instances!HD3),"median", MEDIAN(Instances!HD3:Instances!HD3),"min", MIN(Instances!HD3:Instances!HD3),"max", MAX(Instances!HD3:Instances!HD3),"diff", MAX(Instances!HD3:Instances!HD3)-MIN(Instances!HD3:Instances!HD3))} -> 0 | HE3: {=_xlfn.SWITCH($A$2,"average", AVERAGE(Instances!HE3:Instances!HE3),"median", MEDIAN(Instances!HE3:Instances!HE3),"min", MIN(Instances!HE3:Instances!HE3),"max", MAX(Instances!HE3:Instances!HE3),"diff", MAX(Instances!HE3:Instances!HE3)-MIN(Instances!HE3:Instances!HE3))} -> 0 | HG3: {=_xlfn.SWITCH($A$2,"average", AVERAGE(Instances!HG3:Instances!HG3),"median", MEDIAN(Instances!HG3:Instances!HG3),"min", MIN(Instances!HG3:Instances!HG3),"max", MAX(Instances!HG3:Instances!HG3),"diff", MAX(Instances!HG3:Instances!HG3)-MIN(Instances!HG3:Instances!HG3))} -> 0 | HH3: {=_xlfn.SWITCH($A$2,"average", AVERAGE(Instances!HH3:Instances!HH3),"median", MEDIAN(Instances!HH3:Instances!HH3),"min", MIN(Instances!HH3:Instances!HH3),"max", MAX(Instances!HH3:Instances!HH3),"diff", MAX(Instances!HH3:Instances!HH3)-MIN(Instances!HH3:Instances!HH3))} -> 0 | HI3: {=_xlfn.SWITCH($A$2,"average", AVERAGE(Instances!HI3:Instances!HI3),"median", MEDIAN(Instances!HI3:Instances!HI3),"min", MIN(Instances!HI3:Instances!HI3),"max", MAX(Instances!HI3:Instances!HI3),"diff", MAX(Instances!HI3:Instances!HI3)-MIN(Instances!HI3:Instances!HI3))} -> 0 | HJ3: {=_xlfn.SWITCH($A$2,"average", AVERAGE(Instances!HJ3:Instances!HJ3),"median", MEDIAN(Instances!HJ3:Instances!HJ3),"min", MIN(Instances!HJ3:Instances!HJ3),"max", MAX(Instances!HJ3:Instances!HJ3),"diff", MAX(Instances!HJ3:Instances!HJ3)-MIN(Instances!HJ3:Instances!HJ3))} -> 0 | HL3: {=_xlfn.SWITCH($A$2,"average", AVERAGE(Instances!HL3:Instances!HL3),"median", MEDIAN(Instances!HL3:Instances!HL3),"min", MIN(Instances!HL3:Instances!HL3),"max", MAX(Instances!HL3:Instances!HL3),"diff", MAX(Instances!HL3:Instances!HL3)-MIN(Instances!HL3:Instances!HL3))} -> 0 | HM3: {=_xlfn.SWITCH($A$2,"average", AVERAGE(Instances!HM3:Instances!HM3),"median", MEDIAN(Instances!HM3:Instances!HM3),"min", MIN(Instances!HM3:Instances!HM3),"max", MAX(Instances!HM3:Instances!HM3),"diff", MAX(Instances!HM3:Instances!HM3)-MIN(Instances!HM3:Instances!HM3))} -> 0 | HN3: {=_xlfn.SWITCH($A$2,"average", AVERAGE(Instances!HN3:Instances!HN3),"median", MEDIAN(Instances!HN3:Instances!HN3),"min", MIN(Instances!HN3:Instances!HN3),"max", MAX(Instances!HN3:Instances!HN3),"diff", MAX(Instances!HN3:Instances!HN3)-MIN(Instances!HN3:Instances!HN3))} -> 0 | HO3: {=_xlfn.SWITCH($A$2,"average", AVERAGE(Instances!HO3:Instances!HO3),"median", MEDIAN(Instances!HO3:Instances!HO3),"min", MIN(Instances!HO3:Instances!HO3),"max", MAX(Instances!HO3:Instances!HO3),"diff", MAX(Instances!HO3:Instances!HO3)-MIN(Instances!HO3:Instances!HO3))} -> 0 | HQ3: {=_xlfn.SWITCH($A$2,"average", AVERAGE(Instances!HQ3:Instances!HQ3),"median", MEDIAN(Instances!HQ3:Instances!HQ3),"min", MIN(Instances!HQ3:Instances!HQ3),"max", MAX(Instances!HQ3:Instances!HQ3),"diff", MAX(Instances!HQ3:Instances!HQ3)-MIN(Instances!HQ3:Instances!HQ3))} -> 0 | HR3: {=_xlfn.SWITCH($A$2,"average", AVERAGE(Instances!HR3:Instances!HR3),"median", MEDIAN(Instances!HR3:Instances!HR3),"min", MIN(Instances!HR3:Instances!HR3),"max", MAX(Instances!HR3:Instances!HR3),"diff", MAX(Instances!HR3:Instances!HR3)-MIN(Instances!HR3:Instances!HR3))} -> 0 | HS3: =MIN($B3,$G3,$L3,$Q3,$V3,$AA3,$AF3,$AK3,$AP3,$AU3,$AZ3,$BE3,$BJ3,$BO3,$BT3,$BY3,$CD3,$CI3,$CN3,$CS3,$CX3,$DC3,$DH3,$DM3,$DR3,$DW3,$EB3,$EG3,$EL3,$EQ3,$EV3,$FA3,$FF3,$FK3,$FP3,$FU3,$FZ3,$GE3,$GJ3,$GO3,$GT3,$GY3,$HD3,$HI3,$HN3) -> 0 | HT3: =MIN($C3,$H3,$M3,$R3,$W3,$AB3,$AG3,$AL3,$AQ3,$AV3,$BA3,$BF3,$BK3,$BP3,$BU3,$BZ3,$CE3,$CJ3,$CO3,$CT3,$CY3,$DD3,$DI3,$DN3,$DS3,$DX3,$EC3,$EH3,$EM3,$ER3,$EW3,$FB3,$FG3,$FL3,$FQ3,$FV3,$GA3,$GF3,$GK3,$GP3,$GU3,$GZ3,$HE3,$HJ3,$HO3) -> 0 | HU3: =MIN($E3,$J3,$O3,$T3,$Y3,$AD3,$AI3,$AN3,$AS3,$AX3,$BC3,$BH3,$BM3,$BR3,$BW3,$CB3,$CG3,$CL3,$CQ3,$CV3,$DA3,$DF3,$DK3,$DP3,$DU3,$DZ3,$EE3,$EJ3,$EO3,$ET3,$EY3,$FD3,$FI3,$FN3,$FS3,$FX3,$GC3,$GH3,$GM3,$GR3,$GW3,$HB3,$HG3,$HL3,$HQ3) -> 0 | HV3: =MIN($F3,$K3,$P3,$U3,$Z3,$AE3,$AJ3,$AO3,$AT3,$AY3,$BD3,$BI3,$BN3,$BS3,$BX3,$CC3,$CH3,$CM3,$CR3,$CW3,$DB3,$DG3,$DL3,$DQ3,$DV3,$EA3,$EF3,$EK3,$EP3,$EU3,$EZ3,$FE3,$FJ3,$FO3,$FT3,$FY3,$GD3,$GI3,$GN3,$GS3,$GX3,$HC3,$HH3,$HM3,$HR3) -> 0 | HW3: =MEDIAN($B3,$G3,$L3,$Q3,$V3,$AA3,$AF3,$AK3,$AP3,$AU3,$AZ3,$BE3,$BJ3,$BO3,$BT3,$BY3,$CD3,$CI3,$CN3,$CS3,$CX3,$DC3,$DH3,$DM3,$DR3,$DW3,$EB3,$EG3,$EL3,$EQ3,$EV3,$FA3,$FF3,$FK3,$FP3,$FU3,$FZ3,$GE3,$GJ3,$GO3,$GT3,$GY3,$HD3,$HI3,$HN3) -> 0 | HX3: =MEDIAN($C3,$H3,$M3,$R3,$W3,$AB3,$AG3,$AL3,$AQ3,$AV3,$BA3,$BF3,$BK3,$BP3,$BU3,$BZ3,$CE3,$CJ3,$CO3,$CT3,$CY3,$DD3,$DI3,$DN3,$DS3,$DX3,$EC3,$EH3,$EM3,$ER3,$EW3,$FB3,$FG3,$FL3,$FQ3,$FV3,$GA3,$GF3,$GK3,$GP3,$GU3,$GZ3,$HE3,$HJ3,$HO3) -> 0 | HY3: =MEDIAN($E3,$J3,$O3,$T3,$Y3,$AD3,$AI3,$AN3,$AS3,$AX3,$BC3,$BH3,$BM3,$BR3,$BW3,$CB3,$CG3,$CL3,$CQ3,$CV3,$DA3,$DF3,$DK3,$DP3,$DU3,$DZ3,$EE3,$EJ3,$EO3,$ET3,$EY3,$FD3,$FI3,$FN3,$FS3,$FX3,$GC3,$GH3,$GM3,$GR3,$GW3,$HB3,$HG3,$HL3,$HQ3) -> 0 | HZ3: =MEDIAN($F3,$K3,$P3,$U3,$Z3,$AE3,$AJ3,$AO3,$AT3,$AY3,$BD3,$BI3,$BN3,$BS3,$BX3,$CC3,$CH3,$CM3,$CR3,$CW3,$DB3,$DG3,$DL3,$DQ3,$DV3,$EA3,$EF3,$EK3,$EP3,$EU3,$EZ3,$FE3,$FJ3,$FO3,$FT3,$FY3,$GD3,$GI3,$GN3,$GS3,$GX3,$HC3,$HH3,$HM3,$HR3) -> 0 | IA3: =MAX($B3,$G3,$L3,$Q3,$V3,$AA3,$AF3,$AK3,$AP3,$AU3,$AZ3,$BE3,$BJ3,$BO3,$BT3,$BY3,$CD3,$CI3,$CN3,$CS3,$CX3,$DC3,$DH3,$DM3,$DR3,$DW3,$EB3,$EG3,$EL3,$EQ3,$EV3,$FA3,$FF3,$FK3,$FP3,$FU3,$FZ3,$GE3,$GJ3,$GO3,$GT3,$GY3,$HD3,$HI3,$HN3) -> 0 | IB3: =MAX($C3,$H3,$M3,$R3,$W3,$AB3,$AG3,$AL3,$AQ3,$AV3,$BA3,$BF3,$BK3,$BP3,$BU3,$BZ3,$CE3,$CJ3,$CO3,$CT3,$CY3,$DD3,$DI3,$DN3,$DS3,$DX3,$EC3,$EH3,$EM3,$ER3,$EW3,$FB3,$FG3,$FL3,$FQ3,$FV3,$GA3,$GF3,$GK3,$GP3,$GU3,$GZ3,$HE3,$HJ3,$HO3) -> 0 | IC3: =MAX($E3,$J3,$O3,$T3,$Y3,$AD3,$AI3,$AN3,$AS3,$AX3,$BC3,$BH3,$BM3,$BR3,$BW3,$CB3,$CG3,$CL3,$CQ3,$CV3,$DA3,$DF3,$DK3,$DP3,$DU3,$DZ3,$EE3,$EJ3,$EO3,$ET3,$EY3,$FD3,$FI3,$FN3,$FS3,$FX3,$GC3,$GH3,$GM3,$GR3,$GW3,$HB3,$HG3,$HL3,$HQ3) -> 0 | ID3: =MAX($F3,$K3,$P3,$U3,$Z3,$AE3,$AJ3,$AO3,$AT3,$AY3,$BD3,$BI3,$BN3,$BS3,$BX3,$CC3,$CH3,$CM3,$CR3,$CW3,$DB3,$DG3,$DL3,$DQ3,$DV3,$EA3,$EF3,$EK3,$EP3,$EU3,$EZ3,$FE3,$FJ3,$FO3,$FT3,$FY3,$GD3,$GI3,$GN3,$GS3,$GX3,$HC3,$HH3,$HM3,$HR3) -> 0
