Workbook

Sheet Instances
B1: memelingo-1/lambda-large_100_mlp-tplp-htc | I1: memelingo-1/lambda-large_100_mlp-tplp-htcdl | P1: memelingo-1/lambda-large_50_mlp-tplp-htc | W1: memelingo-1/lambda-large_50_mlp-tplp-htcdl | AD1: memelingo-1/lambda-large_60_mlp-tplp-htc | AK1: memelingo-1/lambda-large_60_mlp-tplp-htcdl | AR1: memelingo-1/lambda-large_70_mlp-tplp-htc | AY1: memelingo-1/lambda-large_70_mlp-tplp-htcdl | BF1: memelingo-1/lambda-large_80_mlp-tplp-htc | BM1: memelingo-1/lambda-large_80_mlp-tplp-htcdl | BT1: memelingo-1/lambda-large_90_mlp-tplp-htc | CA1: memelingo-1/lambda-large_90_mlp-tplp-htcdl | CH1: memelingo-1/lambda-small_10_mlp-tplp-ht | CO1: memelingo-1/lambda-small_10_mlp-tplp-htc | CV1: memelingo-1/lambda-small_10_mlp-tplp-htcdl | DC1: memelingo-1/lambda-small_12_mlp-tplp-ht | DJ1: memelingo-1/lambda-small_12_mlp-tplp-htc | DQ1: memelingo-1/lambda-small_12_mlp-tplp-htcdl | DX1: memelingo-1/lambda-small_14_mlp-tplp-ht | EE1: memelingo-1/lambda-small_14_mlp-tplp-htc | EL1: memelingo-1/lambda-small_14_mlp-tplp-htcdl | ES1: memelingo-1/lambda-small_16_mlp-tplp-ht | EZ1: memelingo-1/lambda-small_16_mlp-tplp-htc | FG1: memelingo-1/lambda-small_16_mlp-tplp-htcdl | FN1: memelingo-1/lambda-small_18_mlp-tplp-ht | FU1: memelingo-1/lambda-small_18_mlp-tplp-htc | GB1: memelingo-1/lambda-small_18_mlp-tplp-htcdl | GI1: memelingo-1/lambda-small_20_mlp-tplp-ht | GP1: memelingo-1/lambda-small_20_mlp-tplp-htc | GW1: memelingo-1/lambda-small_20_mlp-tplp-htcdl | HD1: memelingo-1/lambda-small_22_mlp-tplp-ht | HK1: memelingo-1/lambda-small_22_mlp-tplp-htc | HR1: memelingo-1/lambda-small_22_mlp-tplp-htcdl | HY1: memelingo-1/lambda-small_24_mlp-tplp-ht | IF1: memelingo-1/lambda-small_24_mlp-tplp-htc | IM1: memelingo-1/lambda-small_24_mlp-tplp-htcdl | IT1: memelingo-1/lambda-small_26_mlp-tplp-ht | JA1: memelingo-1/lambda-small_26_mlp-tplp-htc | JH1: memelingo-1/lambda-small_26_mlp-tplp-htcdl | JO1: memelingo-1/lambda-small_28_mlp-tplp-ht | JV1: memelingo-1/lambda-small_28_mlp-tplp-htc | KC1: memelingo-1/lambda-small_28_mlp-tplp-htcdl | KJ1: memelingo-1/lambda-small_30_mlp-tplp-ht | KQ1: memelingo-1/lambda-small_30_mlp-tplp-htc | KX1: memelingo-1/lambda-small_30_mlp-tplp-htcdl | LE1: min | LK1: median | LQ1: max
B2: time | C2: stime | D2: status | E2: rules | F2: ctime | G2: fmtime | H2: memout | I2: time | J2: stime | K2: status | L2: rules | M2: ctime | N2: fmtime | O2: memout | P2: time | Q2: stime | R2: status | S2: rules | T2: ctime | U2: fmtime | V2: memout | W2: time | X2: stime | Y2: status | Z2: rules | AA2: ctime | AB2: fmtime | AC2: memout | AD2: time | AE2: stime | AF2: status | AG2: rules | AH2: ctime | AI2: fmtime | AJ2: memout | AK2: time | AL2: stime | AM2: status | AN2: rules | AO2: ctime | AP2: fmtime | AQ2: memout | AR2: time | AS2: stime | AT2: status | AU2: rules | AV2: ctime | AW2: fmtime | AX2: memout | AY2: time | AZ2: stime | BA2: status | BB2: rules | BC2: ctime | BD2: fmtime | BE2: memout | BF2: time | BG2: stime | BH2: status | BI2: rules | BJ2: ctime | BK2: fmtime | BL2: memout | BM2: time | BN2: stime | BO2: status | BP2: rules | BQ2: ctime | BR2: fmtime | BS2: memout | BT2: time | BU2: stime | BV2: status | BW2: rules | BX2: ctime | BY2: fmtime | BZ2: memout | CA2: time | CB2: stime | CC2: status | CD2: rules | CE2: ctime | CF2: fmtime | CG2: memout | CH2: time | CI2: stime | CJ2: status | CK2: rules | CL2: ctime | CM2: fmtime | CN2: memout | CO2: time | CP2: stime | CQ2: status | CR2: rules | CS2: ctime | CT2: fmtime | CU2: memout | CV2: time | CW2: stime | CX2: status | CY2: rules | CZ2: ctime | DA2: fmtime | DB2: memout | DC2: time | DD2: stime | DE2: status | DF2: rules | DG2: ctime | DH2: fmtime | DI2: memout | DJ2: time | DK2: stime | DL2: status | DM2: rules | DN2: ctime | DO2: fmtime | DP2: memout | DQ2: time | DR2: stime | DS2: status | DT2: rules | DU2: ctime | DV2: fmtime | DW2: memout | DX2: time | DY2: stime | DZ2: status | EA2: rules | EB2: ctime | EC2: fmtime | ED2: memout | EE2: time | EF2: stime | EG2: status | EH2: rules | EI2: ctime | EJ2: fmtime | EK2: memout | EL2: time | EM2: stime | EN2: status | EO2: rules | EP2: ctime | EQ2: fmtime | ER2: memout | ES2: time | ET2: stime | EU2: status | EV2: rules | EW2: ctime | EX2: fmtime | EY2: memout | EZ2: time | FA2: stime | FB2: status | FC2: rules | FD2: ctime | FE2: fmtime | FF2: memout | FG2: time | FH2: stime | FI2: status | FJ2: rules | FK2: ctime | FL2: fmtime | FM2: memout | FN2: time | FO2: stime | FP2: status | FQ2: rules | FR2: ctime | FS2: fmtime | FT2: memout | FU2: time | FV2: stime | FW2: status | FX2: rules | FY2: ctime | FZ2: fmtime | GA2: memout | GB2: time | GC2: stime | GD2: status | GE2: rules | GF2: ctime | GG2: fmtime | GH2: memout | GI2: time | GJ2: stime | GK2: status | GL2: rules | GM2: ctime | GN2: fmtime | GO2: memout | GP2: time | GQ2: stime | GR2: status | GS2: rules | GT2: ctime | GU2: fmtime | GV2: memout | GW2: time | GX2: stime | GY2: status | GZ2: rules | HA2: ctime | HB2: fmtime | HC2: memout | HD2: time | HE2: stime | HF2: status | HG2: rules | HH2: ctime | HI2: fmtime | HJ2: memout | HK2: time | HL2: stime | HM2: status | HN2: rules | HO2: ctime | HP2: fmtime | HQ2: memout | HR2: time | HS2: stime | HT2: status | HU2: rules | HV2: ctime | HW2: fmtime | HX2: memout | HY2: time | HZ2: stime | IA2: status | IB2: rules | IC2: ctime | ID2: fmtime | IE2: memout | IF2: time | IG2: stime | IH2: status | II2: rules | IJ2: ctime | IK2: fmtime | IL2: memout | IM2: time | IN2: stime | IO2: status | IP2: rules | IQ2: ctime | IR2: fmtime | IS2: memout | IT2: time | IU2: stime | IV2: status | IW2: rules | IX2: ctime | IY2: fmtime | IZ2: memout | JA2: time | JB2: stime | JC2: status | JD2: rules | JE2: ctime | JF2: fmtime | JG2: memout | JH2: time | JI2: stime | JJ2: status | JK2: rules | JL2: ctime | JM2: fmtime | JN2: memout | JO2: time | JP2: stime | JQ2: status | JR2: rules | JS2: ctime | JT2: fmtime | JU2: memout | JV2: time | JW2: stime | JX2: status | JY2: rules | JZ2: ctime | KA2: fmtime | KB2: memout | KC2: time | KD2: stime | KE2: status | KF2: rules | KG2: ctime | KH2: fmtime | KI2: memout | KJ2: time | KK2: stime | KL2: status | KM2: rules | KN2: ctime | KO2: fmtime | KP2: memout | KQ2: time | KR2: stime | KS2: status | KT2: rules | KU2: ctime | KV2: fmtime | KW2: memout | KX2: time | KY2: stime | KZ2: status | LA2: rules | LB2: ctime | LC2: fmtime | LD2: memout | LE2: time | LF2: stime | LG2: rules | LH2: ctime | LI2: fmtime | LJ2: memout | LK2: time | LL2: stime | LM2: rules | LN2: ctime | LO2: fmtime | LP2: memout | LQ2: time | LR2: stime | LS2: rules | LT2: ctime | LU2: fmtime | LV2: memout
A3: instances/ft06 | CH3: 305.24 | CI3: 301.99 | CJ3: UNSATISFIABLE | CK3: 1706309 | CL3: 304.195 | CM3: 0 | CN3: 0 | CO3: 5.15 | CP3: 3.72 | CQ3: UNSATISFIABLE | CR3: 77412 | CS3: 4.245 | CT3: 0 | CU3: 0 | CV3: 2.79 | CW3: 1.36 | CX3: UNSATISFIABLE | CY3: 77412 | CZ3: 1.853 | DA3: 0 | DB3: 0 | DC3: 187.05 | DD3: 181.83 | DE3: SATISFIABLE | DF3: 2382385 | DG3: 186.087 | DH3: 181.82 | DI3: 0 | DJ3: 6.83 | DK3: 5.2 | DL3: SATISFIABLE | DM3: 99538 | DN3: 5.874 | DO3: 5.2 | DP3: 0 | DQ3: 3.66 | DR3: 2.05 | DS3: SATISFIABLE | DT3: 99538 | DU3: 2.669 | DV3: 2.05 | DW3: 0 | DX3: 297.9 | DY3: 291.33 | DZ3: SATISFIABLE | EA3: 3130018 | EB3: 297.001 | EC3: 291.33 | ED3: 0 | EE3: 14.75 | EF3: 13.12 | EG3: SATISFIABLE | EH3: 124080 | EI3: 13.879 | EJ3: 13.12 | EK3: 0 | EL3: 5.38 | EM3: 3.74 | EN3: SATISFIABLE | EO3: 124080 | EP3: 4.485 | EQ3: 3.74 | ER3: 0 | ES3: 325.45 | ET3: 317.76 | EU3: SATISFIABLE | EV3: 3933884 | EW3: 324.541 | EX3: 317.76 | EY3: 0 | EZ3: 7.11 | FA3: 5.18 | FB3: SATISFIABLE | FC3: 151038 | FD3: 6.163 | FE3: 5.18 | FF3: 0 | FG3: 3.82 | FH3: 2.21 | FI3: SATISFIABLE | FJ3: 151038 | FK3: 2.874 | FL3: 2.21 | FM3: 0 | FN3: 103.57 | FO3: 94.35 | FP3: SATISFIABLE | FQ3: 4779571 | FR3: 102.614 | FS3: 94.34 | FT3: 0 | FU3: 5.78 | FV3: 3.64 | FW3: SATISFIABLE | FX3: 180412 | FY3: 4.797 | FZ3: 3.63 | GA3: 0 | GB3: 3.57 | GC3: 1.46 | GD3: SATISFIABLE | GE3: 180412 | GF3: 2.548 | GG3: 1.45 | GH3: 0 | GI3: 42.65 | GJ3: 31.36 | GK3: SATISFIABLE | GL3: 5653579 | GM3: 41.585 | GN3: 31.35 | GO3: 0 | GP3: 6.68 | GQ3: 4.29 | GR3: SATISFIABLE | GS3: 212202 | GT3: 5.701 | GU3: 4.28 | GV3: 0 | GW3: 7.42 | GX3: 5.36 | GY3: SATISFIABLE | GZ3: 212202 | HA3: 6.466 | HB3: 5.36 | HC3: 0 | HD3: 74.62 | HE3: 61.78 | HF3: SATISFIABLE | HG3: 6543320 | HH3: 73.575 | HI3: 61.77 | HJ3: 0 | HK3: 8.42 | HL3: 5.76 | HM3: SATISFIABLE | HN3: 246408 | HO3: 7.396 | HP3: 5.75 | HQ3: 0 | HR3: 6.07 | HS3: 3.53 | HT3: SATISFIABLE | HU3: 246408 | HV3: 5.051 | HW3: 3.53 | HX3: 0 | HY3: 62.97 | HZ3: 48.14 | IA3: SATISFIABLE | IB3: 7437118 | IC3: 61.895 | ID3: 48.13 | IE3: 0 | IF3: 3.77 | IG3: 1.18 | IH3: SATISFIABLE | II3: 283030 | IJ3: 2.777 | IK3: 1.18 | IL3: 0 | IM3: 8.76 | IN3: 6.41 | IO3: SATISFIABLE | IP3: 283030 | IQ3: 7.83 | IR3: 6.41 | IS3: 0 | IT3: 51.74 | IU3: 36.04 | IV3: SATISFIABLE | IW3: 8324209 | IX3: 50.647 | IY3: 36.03 | IZ3: 0 | JA3: 10.71 | JB3: 7.56 | JC3: SATISFIABLE | JD3: 322068 | JE3: 9.666 | JF3: 7.55 | JG3: 0 | JH3: 11.4 | JI3: 8.5 | JJ3: SATISFIABLE | JK3: 322068 | JL3: 10.409 | JM3: 8.49 | JN3: 0 | JO3: 62.61 | JP3: 44.6 | JQ3: SATISFIABLE | JR3: 9194741 | JS3: 61.455 | JT3: 44.6 | JU3: 0 | JV3: 5.2 | JW3: 2.09 | JX3: SATISFIABLE | JY3: 363522 | JZ3: 4.116 | KA3: 2.08 | KB3: 0 | KC3: 12.75 | KD3: 9.41 | KE3: SATISFIABLE | KF3: 363522 | KG3: 11.683 | KH3: 9.4 | KI3: 0 | KJ3: 44.13 | KK3: 24.26 | KL3: SATISFIABLE | KM3: 10039774 | KN3: 42.875 | KO3: 24.25 | KP3: 0 | KQ3: 12.47 | KR3: 8.5 | KS3: SATISFIABLE | KT3: 407392 | KU3: 11.372 | KV3: 8.49 | KW3: 0 | KX3: 10.12 | KY3: 6.4 | KZ3: SATISFIABLE | LA3: 407392 | LB3: 9.019 | LC3: 6.39 | LD3: 0 | LE3: =MIN($B3,$I3,$P3,$W3,$AD3,$AK3,$AR3,$AY3,$BF3,$BM3,$BT3,$CA3,$CH3,$CO3,$CV3,$DC3,$DJ3,$DQ3,$DX3,$EE3,$EL3,$ES3,$EZ3,$FG3,$FN3,$FU3,$GB3,$GI3,$GP3,$GW3,$HD3,$HK3,$HR3,$HY3,$IF3,$IM3,$IT3,$JA3,$JH3,$JO3,$JV3,$KC3,$KJ3,$KQ3,$KX3) -> 0 | LF3: =MIN($C3,$J3,$Q3,$X3,$AE3,$AL3,$AS3,$AZ3,$BG3,$BN3,$BU3,$CB3,$CI3,$CP3,$CW3,$DD3,$DK3,$DR3,$DY3,$EF3,$EM3,$ET3,$FA3,$FH3,$FO3,$FV3,$GC3,$GJ3,$GQ3,$GX3,$HE3,$HL3,$HS3,$HZ3,$IG3,$IN3,$IU3,$JB3,$JI3,$JP3,$JW3,$KD3,$KK3,$KR3,$KY3) -> 0 | LG3: =MIN($E3,$L3,$S3,$Z3,$AG3,$AN3,$AU3,$BB3,$BI3,$BP3,$BW3,$CD3,$CK3,$CR3,$CY3,$DF3,$DM3,$DT3,$EA3,$EH3,$EO3,$EV3,$FC3,$FJ3,$FQ3,$FX3,$GE3,$GL3,$GS3,$GZ3,$HG3,$HN3,$HU3,$IB3,$II3,$IP3,$IW3,$JD3,$JK3,$JR3,$JY3,$KF3,$KM3,$KT3,$LA3) -> 0 | LH3: =MIN($F3,$M3,$T3,$AA3,$AH3,$AO3,$AV3,$BC3,$BJ3,$BQ3,$BX3,$CE3,$CL3,$CS3,$CZ3,$DG3,$DN3,$DU3,$EB3,$EI3,$EP3,$EW3,$FD3,$FK3,$FR3,$FY3,$GF3,$GM3,$GT3,$HA3,$HH3,$HO3,$HV3,$IC3,$IJ3,$IQ3,$IX3,$JE3,$JL3,$JS3,$JZ3,$KG3,$KN3,$KU3,$LB3) -> 0 | LI3: =MIN($G3,$N3,$U3,$AB3,$AI3,$AP3,$AW3,$BD3,$BK3,$BR3,$BY3,$CF3,$CM3,$CT3,$DA3,$DH3,$DO3,$DV3,$EC3,$EJ3,$EQ3,$EX3,$FE3,$FL3,$FS3,$FZ3,$GG3,$GN3,$GU3,$HB3,$HI3,$HP3,$HW3,$ID3,$IK3,$IR3,$IY3,$JF3,$JM3,$JT3,$KA3,$KH3,$KO3,$KV3,$LC3) -> 0 | LJ3: =MIN($H3,$O3,$V3,$AC3,$AJ3,$AQ3,$AX3,$BE3,$BL3,$BS3,$BZ3,$CG3,$CN3,$CU3,$DB3,$DI3,$DP3,$DW3,$ED3,$EK3,$ER3,$EY3,$FF3,$FM3,$FT3,$GA3,$GH3,$GO3,$GV3,$HC3,$HJ3,$HQ3,$HX3,$IE3,$IL3,$IS3,$IZ3,$JG3,$JN3,$JU3,$KB3,$KI3,$KP3,$KW3,$LD3) -> 0 | LK3: =MEDIAN($B3,$I3,$P3,$W3,$AD3,$AK3,$AR3,$AY3,$BF3,$BM3,$BT3,$CA3,$CH3,$CO3,$CV3,$DC3,$DJ3,$DQ3,$DX3,$EE3,$EL3,$ES3,$EZ3,$FG3,$FN3,$FU3,$GB3,$GI3,$GP3,$GW3,$HD3,$HK3,$HR3,$HY3,$IF3,$IM3,$IT3,$JA3,$JH3,$JO3,$JV3,$KC3,$KJ3,$KQ3,$KX3) -> 0 | LL3: =MEDIAN($C3,$J3,$Q3,$X3,$AE3,$AL3,$AS3,$AZ3,$BG3,$BN3,$BU3,$CB3,$CI3,$CP3,$CW3,$DD3,$DK3,$DR3,$DY3,$EF3,$EM3,$ET3,$FA3,$FH3,$FO3,$FV3,$GC3,$GJ3,$GQ3,$GX3,$HE3,$HL3,$HS3,$HZ3,$IG3,$IN3,$IU3,$JB3,$JI3,$JP3,$JW3,$KD3,$KK3,$KR3,$KY3) -> 0 | LM3: =MEDIAN($E3,$L3,$S3,$Z3,$AG3,$AN3,$AU3,$BB3,$BI3,$BP3,$BW3,$CD3,$CK3,$CR3,$CY3,$DF3,$DM3,$DT3,$EA3,$EH3,$EO3,$EV3,$FC3,$FJ3,$FQ3,$FX3,$GE3,$GL3,$GS3,$GZ3,$HG3,$HN3,$HU3,$IB3,$II3,$IP3,$IW3,$JD3,$JK3,$JR3,$JY3,$KF3,$KM3,$KT3,$LA3) -> 0 | LN3: =MEDIAN($F3,$M3,$T3,$AA3,$AH3,$AO3,$AV3,$BC3,$BJ3,$BQ3,$BX3,$CE3,$CL3,$CS3,$CZ3,$DG3,$DN3,$DU3,$EB3,$EI3,$EP3,$EW3,$FD3,$FK3,$FR3,$FY3,$GF3,$GM3,$GT3,$HA3,$HH3,$HO3,$HV3,$IC3,$IJ3,$IQ3,$IX3,$JE3,$JL3,$JS3,$JZ3,$KG3,$KN3,$KU3,$LB3) -> 0 | LO3: =MEDIAN($G3,$N3,$U3,$AB3,$AI3,$AP3,$AW3,$BD3,$BK3,$BR3,$BY3,$CF3,$CM3,$CT3,$DA3,$DH3,$DO3,$DV3,$EC3,$EJ3,$EQ3,$EX3,$FE3,$FL3,$FS3,$FZ3,$GG3,$GN3,$GU3,$HB3,$HI3,$HP3,$HW3,$ID3,$IK3,$IR3,$IY3,$JF3,$JM3,$JT3,$KA3,$KH3,$KO3,$KV3,$LC3) -> 0 | LP3: =MEDIAN($H3,$O3,$V3,$AC3,$AJ3,$AQ3,$AX3,$BE3,$BL3,$BS3,$BZ3,$CG3,$CN3,$CU3,$DB3,$DI3,$DP3,$DW3,$ED3,$EK3,$ER3,$EY3,$FF3,$FM3,$FT3,$GA3,$GH3,$GO3,$GV3,$HC3,$HJ3,$HQ3,$HX3,$IE3,$IL3,$IS3,$IZ3,$JG3,$JN3,$JU3,$KB3,$KI3,$KP3,$KW3,$LD3) -> 0 | LQ3: =MAX($B3,$I3,$P3,$W3,$AD3,$AK3,$AR3,$AY3,$BF3,$BM3,$BT3,$CA3,$CH3,$CO3,$CV3,$DC3,$DJ3,$DQ3,$DX3,$EE3,$EL3,$ES3,$EZ3,$FG3,$FN3,$FU3,$GB3,$GI3,$GP3,$GW3,$HD3,$HK3,$HR3,$HY3,$IF3,$IM3,$IT3,$JA3,$JH3,$JO3,$JV3,$KC3,$KJ3,$KQ3,$KX3) -> 0 | LR3: =MAX($C3,$J3,$Q3,$X3,$AE3,$AL3,$AS3,$AZ3,$BG3,$BN3,$BU3,$CB3,$CI3,$CP3,$CW3,$DD3,$DK3,$DR3,$DY3,$EF3,$EM3,$ET3,$FA3,$FH3,$FO3,$FV3,$GC3,$GJ3,$GQ3,$GX3,$HE3,$HL3,$HS3,$HZ3,$IG3,$IN3,$IU3,$JB3,$JI3,$JP3,$JW3,$KD3,$KK3,$KR3,$KY3) -> 0 | LS3: =MAX($E3,$L3,$S3,$Z3,$AG3,$AN3,$AU3,$BB3,$BI3,$BP3,$BW3,$CD3,$CK3,$CR3,$CY3,$DF3,$DM3,$DT3,$EA3,$EH3,$EO3,$EV3,$FC3,$FJ3,$FQ3,$FX3,$GE3,$GL3,$GS3,$GZ3,$HG3,$HN3,$HU3,$IB3,$II3,$IP3,$IW3,$JD3,$JK3,$JR3,$JY3,$KF3,$KM3,$KT3,$LA3) -> 0 | LT3: =MAX($F3,$M3,$T3,$AA3,$AH3,$AO3,$AV3,$BC3,$BJ3,$BQ3,$BX3,$CE3,$CL3,$CS3,$CZ3,$DG3,$DN3,$DU3,$EB3,$EI3,$EP3,$EW3,$FD3,$FK3,$FR3,$FY3,$GF3,$GM3,$GT3,$HA3,$HH3,$HO3,$HV3,$IC3,$IJ3,$IQ3,$IX3,$JE3,$JL3,$JS3,$JZ3,$KG3,$KN3,$KU3,$LB3) -> 0 | LU3: =MAX($G3,$N3,$U3,$AB3,$AI3,$AP3,$AW3,$BD3,$BK3,$BR3,$BY3,$CF3,$CM3,$CT3,$DA3,$DH3,$DO3,$DV3,$EC3,$EJ3,$EQ3,$EX3,$FE3,$FL3,$FS3,$FZ3,$GG3,$GN3,$GU3,$HB3,$HI3,$HP3,$HW3,$ID3,$IK3,$IR3,$IY3,$JF3,$JM3,$JT3,$KA3,$KH3,$KO3,$KV3,$LC3) -> 0 | LV3: =MAX($H3,$O3,$V3,$AC3,$AJ3,$AQ3,$AX3,$BE3,$BL3,$BS3,$BZ3,$CG3,$CN3,$CU3,$DB3,$DI3,$DP3,$DW3,$ED3,$EK3,$ER3,$EY3,$FF3,$FM3,$FT3,$GA3,$GH3,$GO3,$GV3,$HC3,$HJ3,$HQ3,$HX3,$IE3,$IL3,$IS3,$IZ3,$JG3,$JN3,$JU3,$KB3,$KI3,$KP3,$KW3,$LD3) -> 0
A4: instances/ft10 | B4: 1200 | H4: 0 | I4: 1200 | O4: 0 | P4: 1200 | V4: 0 | W4: 1200 | AC4: 0 | AD4: 1200 | AJ4: 0 | AK4: 1200 | AQ4: 0 | AR4: 1200 | AX4: 0 | AY4: 1200 | BE4: 0 | BF4: 1200 | BL4: 0 | BM4: 1200 | BS4: 0 | BT4: 1200 | BZ4: 0 | CA4: 1200 | CG4: 0 | LE4: =MIN($B4,$I4,$P4,$W4,$AD4,$AK4,$AR4,$AY4,$BF4,$BM4,$BT4,$CA4,$CH4,$CO4,$CV4,$DC4,$DJ4,$DQ4,$DX4,$EE4,$EL4,$ES4,$EZ4,$FG4,$FN4,$FU4,$GB4,$GI4,$GP4,$GW4,$HD4,$HK4,$HR4,$HY4,$IF4,$IM4,$IT4,$JA4,$JH4,$JO4,$JV4,$KC4,$KJ4,$KQ4,$KX4) -> 0 | LJ4: =MIN($H4,$O4,$V4,$AC4,$AJ4,$AQ4,$AX4,$BE4,$BL4,$BS4,$BZ4,$CG4,$CN4,$CU4,$DB4,$DI4,$DP4,$DW4,$ED4,$EK4,$ER4,$EY4,$FF4,$FM4,$FT4,$GA4,$GH4,$GO4,$GV4,$HC4,$HJ4,$HQ4,$HX4,$IE4,$IL4,$IS4,$IZ4,$JG4,$JN4,$JU4,$KB4,$KI4,$KP4,$KW4,$LD4) -> 0 | LK4: =MEDIAN($B4,$I4,$P4,$W4,$AD4,$AK4,$AR4,$AY4,$BF4,$BM4,$BT4,$CA4,$CH4,$CO4,$CV4,$DC4,$DJ4,$DQ4,$DX4,$EE4,$EL4,$ES4,$EZ4,$FG4,$FN4,$FU4,$GB4,$GI4,$GP4,$GW4,$HD4,$HK4,$HR4,$HY4,$IF4,$IM4,$IT4,$JA4,$JH4,$JO4,$JV4,$KC4,$KJ4,$KQ4,$KX4) -> 0 | LP4: =MEDIAN($H4,$O4,$V4,$AC4,$AJ4,$AQ4,$AX4,$BE4,$BL4,$BS4,$BZ4,$CG4,$CN4,$CU4,$DB4,$DI4,$DP4,$DW4,$ED4,$EK4,$ER4,$EY4,$FF4,$FM4,$FT4,$GA4,$GH4,$GO4,$GV4,$HC4,$HJ4,$HQ4,$HX4,$IE4,$IL4,$IS4,$IZ4,$JG4,$JN4,$JU4,$KB4,$KI4,$KP4,$KW4,$LD4) -> 0 | LQ4: =MAX($B4,$I4,$P4,$W4,$AD4,$AK4,$AR4,$AY4,$BF4,$BM4,$BT4,$CA4,$CH4,$CO4,$CV4,$DC4,$DJ4,$DQ4,$DX4,$EE4,$EL4,$ES4,$EZ4,$FG4,$FN4,$FU4,$GB4,$GI4,$GP4,$GW4,$HD4,$HK4,$HR4,$HY4,$IF4,$IM4,$IT4,$JA4,$JH4,$JO4,$JV4,$KC4,$KJ4,$KQ4,$KX4) -> 0 | LV4: =MAX($H4,$O4,$V4,$AC4,$AJ4,$AQ4,$AX4,$BE4,$BL4,$BS4,$BZ4,$CG4,$CN4,$CU4,$DB4,$DI4,$DP4,$DW4,$ED4,$EK4,$ER4,$EY4,$FF4,$FM4,$FT4,$GA4,$GH4,$GO4,$GV4,$HC4,$HJ4,$HQ4,$HX4,$IE4,$IL4,$IS4,$IZ4,$JG4,$JN4,$JU4,$KB4,$KI4,$KP4,$KW4,$LD4) -> 0
A6: SUM | B6: =SUM(B$3:B$4) -> 0 | H6: =SUM(H$3:H$4) -> 0 | I6: =SUM(I$3:I$4) -> 0 | O6: =SUM(O$3:O$4) -> 0 | P6: =SUM(P$3:P$4) -> 0 | V6: =SUM(V$3:V$4) -> 0 | W6: =SUM(W$3:W$4) -> 0 | AC6: =SUM(AC$3:AC$4) -> 0 | AD6: =SUM(AD$3:AD$4) -> 0 | AJ6: =SUM(AJ$3:AJ$4) -> 0 | AK6: =SUM(AK$3:AK$4) -> 0 | AQ6: =SUM(AQ$3:AQ$4) -> 0 | AR6: =SUM(AR$3:AR$4) -> 0 | AX6: =SUM(AX$3:AX$4) -> 0 | AY6: =SUM(AY$3:AY$4) -> 0 | BE6: =SUM(BE$3:BE$4) -> 0 | BF6: =SUM(BF$3:BF$4) -> 0 | BL6: =SUM(BL$3:BL$4) -> 0 | BM6: =SUM(BM$3:BM$4) -> 0 | BS6: =SUM(BS$3:BS$4) -> 0 | BT6: =SUM(BT$3:BT$4) -> 0 | BZ6: =SUM(BZ$3:BZ$4) -> 0 | CA6: =SUM(CA$3:CA$4) -> 0 | CG6: =SUM(CG$3:CG$4) -> 0 | CH6: =SUM(CH$3:CH$4) -> 0 | CI6: =SUM(CI$3:CI$4) -> 0 | CK6: =SUM(CK$3:CK$4) -> 0 | CL6: =SUM(CL$3:CL$4) -> 0 | CM6: =SUM(CM$3:CM$4) -> 0 | CN6: =SUM(CN$3:CN$4) -> 0 | CO6: =SUM(CO$3:CO$4) -> 0 | CP6: =SUM(CP$3:CP$4) -> 0 | CR6: =SUM(CR$3:CR$4) -> 0 | CS6: =SUM(CS$3:CS$4) -> 0 | CT6: =SUM(CT$3:CT$4) -> 0 | CU6: =SUM(CU$3:CU$4) -> 0 | CV6: =SUM(CV$3:CV$4) -> 0 | CW6: =SUM(CW$3:CW$4) -> 0 | CY6: =SUM(CY$3:CY$4) -> 0 | CZ6: =SUM(CZ$3:CZ$4) -> 0 | DA6: =SUM(DA$3:DA$4) -> 0 | DB6: =SUM(DB$3:DB$4) -> 0 | DC6: =SUM(DC$3:DC$4) -> 0 | DD6: =SUM(DD$3:DD$4) -> 0 | DF6: =SUM(DF$3:DF$4) -> 0 | DG6: =SUM(DG$3:DG$4) -> 0 | DH6: =SUM(DH$3:DH$4) -> 0 | DI6: =SUM(DI$3:DI$4) -> 0 | DJ6: =SUM(DJ$3:DJ$4) -> 0 | DK6: =SUM(DK$3:DK$4) -> 0 | DM6: =SUM(DM$3:DM$4) -> 0 | DN6: =SUM(DN$3:DN$4) -> 0 | DO6: =SUM(DO$3:DO$4) -> 0 | DP6: =SUM(DP$3:DP$4) -> 0 | DQ6: =SUM(DQ$3:DQ$4) -> 0 | DR6: =SUM(DR$3:DR$4) -> 0 | DT6: =SUM(DT$3:DT$4) -> 0 | DU6: =SUM(DU$3:DU$4) -> 0 | DV6: =SUM(DV$3:DV$4) -> 0 | DW6: =SUM(DW$3:DW$4) -> 0 | DX6: =SUM(DX$3:DX$4) -> 0 | DY6: =SUM(DY$3:DY$4) -> 0 | EA6: =SUM(EA$3:EA$4) -> 0 | EB6: =SUM(EB$3:EB$4) -> 0 | EC6: =SUM(EC$3:EC$4) -> 0 | ED6: =SUM(ED$3:ED$4) -> 0 | EE6: =SUM(EE$3:EE$4) -> 0 | EF6: =SUM(EF$3:EF$4) -> 0 | EH6: =SUM(EH$3:EH$4) -> 0 | EI6: =SUM(EI$3:EI$4) -> 0 | EJ6: =SUM(EJ$3:EJ$4) -> 0 | EK6: =SUM(EK$3:EK$4) -> 0 | EL6: =SUM(EL$3:EL$4) -> 0 | EM6: =SUM(EM$3:EM$4) -> 0 | EO6: =SUM(EO$3:EO$4) -> 0 | EP6: =SUM(EP$3:EP$4) -> 0 | EQ6: =SUM(EQ$3:EQ$4) -> 0 | ER6: =SUM(ER$3:ER$4) -> 0 | ES6: =SUM(ES$3:ES$4) -> 0 | ET6: =SUM(ET$3:ET$4) -> 0 | EV6: =SUM(EV$3:EV$4) -> 0 | EW6: =SUM(EW$3:EW$4) -> 0 | EX6: =SUM(EX$3:EX$4) -> 0 | EY6: =SUM(EY$3:EY$4) -> 0 | EZ6: =SUM(EZ$3:EZ$4) -> 0 | FA6: =SUM(FA$3:FA$4) -> 0 | FC6: =SUM(FC$3:FC$4) -> 0 | FD6: =SUM(FD$3:FD$4) -> 0 | FE6: =SUM(FE$3:FE$4) -> 0 | FF6: =SUM(FF$3:FF$4) -> 0 | FG6: =SUM(FG$3:FG$4) -> 0 | FH6: =SUM(FH$3:FH$4) -> 0 | FJ6: =SUM(FJ$3:FJ$4) -> 0 | FK6: =SUM(FK$3:FK$4) -> 0 | FL6: =SUM(FL$3:FL$4) -> 0 | FM6: =SUM(FM$3:FM$4) -> 0 | FN6: =SUM(FN$3:FN$4) -> 0 | FO6: =SUM(FO$3:FO$4) -> 0 | FQ6: =SUM(FQ$3:FQ$4) -> 0 | FR6: =SUM(FR$3:FR$4) -> 0 | FS6: =SUM(FS$3:FS$4) -> 0 | FT6: =SUM(FT$3:FT$4) -> 0 | FU6: =SUM(FU$3:FU$4) -> 0 | FV6: =SUM(FV$3:FV$4) -> 0 | FX6: =SUM(FX$3:FX$4) -> 0 | FY6: =SUM(FY$3:FY$4) -> 0 | FZ6: =SUM(FZ$3:FZ$4) -> 0 | GA6: =SUM(GA$3:GA$4) -> 0 | GB6: =SUM(GB$3:GB$4) -> 0 | GC6: =SUM(GC$3:GC$4) -> 0 | GE6: =SUM(GE$3:GE$4) -> 0 | GF6: =SUM(GF$3:GF$4) -> 0 | GG6: =SUM(GG$3:GG$4) -> 0 | GH6: =SUM(GH$3:GH$4) -> 0 | GI6: =SUM(GI$3:GI$4) -> 0 | GJ6: =SUM(GJ$3:GJ$4) -> 0 | GL6: =SUM(GL$3:GL$4) -> 0 | GM6: =SUM(GM$3:GM$4) -> 0 | GN6: =SUM(GN$3:GN$4) -> 0 | GO6: =SUM(GO$3:GO$4) -> 0 | GP6: =SUM(GP$3:GP$4) -> 0 | GQ6: =SUM(GQ$3:GQ$4) -> 0 | GS6: =SUM(GS$3:GS$4) -> 0 | GT6: =SUM(GT$3:GT$4) -> 0 | GU6: =SUM(GU$3:GU$4) -> 0 | GV6: =SUM(GV$3:GV$4) -> 0 | GW6: =SUM(GW$3:GW$4) -> 0 | GX6: =SUM(GX$3:GX$4) -> 0 | GZ6: =SUM(GZ$3:GZ$4) -> 0 | HA6: =SUM(HA$3:HA$4) -> 0 | HB6: =SUM(HB$3:HB$4) -> 0 | HC6: =SUM(HC$3:HC$4) -> 0 | HD6: =SUM(HD$3:HD$4) -> 0 | HE6: =SUM(HE$3:HE$4) -> 0 | HG6: =SUM(HG$3:HG$4) -> 0 | HH6: =SUM(HH$3:HH$4) -> 0 | HI6: =SUM(HI$3:HI$4) -> 0 | HJ6: =SUM(HJ$3:HJ$4) -> 0 | HK6: =SUM(HK$3:HK$4) -> 0 | HL6: =SUM(HL$3:HL$4) -> 0 | HN6: =SUM(HN$3:HN$4) -> 0 | HO6: =SUM(HO$3:HO$4) -> 0 | HP6: =SUM(HP$3:HP$4) -> 0 | HQ6: =SUM(HQ$3:HQ$4) -> 0 | HR6: =SUM(HR$3:HR$4) -> 0 | HS6: =SUM(HS$3:HS$4) -> 0 | HU6: =SUM(HU$3:HU$4) -> 0 | HV6: =SUM(HV$3:HV$4) -> 0 | HW6: =SUM(HW$3:HW$4) -> 0 | HX6: =SUM(HX$3:HX$4) -> 0 | HY6: =SUM(HY$3:HY$4) -> 0 | HZ6: =SUM(HZ$3:HZ$4) -> 0 | IB6: =SUM(IB$3:IB$4) -> 0 | IC6: =SUM(IC$3:IC$4) -> 0 | ID6: =SUM(ID$3:ID$4) -> 0 | IE6: =SUM(IE$3:IE$4) -> 0 | IF6: =SUM(IF$3:IF$4) -> 0 | IG6: =SUM(IG$3:IG$4) -> 0 | II6: =SUM(II$3:II$4) -> 0 | IJ6: =SUM(IJ$3:IJ$4) -> 0 | IK6: =SUM(IK$3:IK$4) -> 0 | IL6: =SUM(IL$3:IL$4) -> 0 | IM6: =SUM(IM$3:IM$4) -> 0 | IN6: =SUM(IN$3:IN$4) -> 0 | IP6: =SUM(IP$3:IP$4) -> 0 | IQ6: =SUM(IQ$3:IQ$4) -> 0 | IR6: =SUM(IR$3:IR$4) -> 0 | IS6: =SUM(IS$3:IS$4) -> 0 | IT6: =SUM(IT$3:IT$4) -> 0 | IU6: =SUM(IU$3:IU$4) -> 0 | IW6: =SUM(IW$3:IW$4) -> 0 | IX6: =SUM(IX$3:IX$4) -> 0 | IY6: =SUM(IY$3:IY$4) -> 0 | IZ6: =SUM(IZ$3:IZ$4) -> 0 | JA6: =SUM(JA$3:JA$4) -> 0 | JB6: =SUM(JB$3:JB$4) -> 0 | JD6: =SUM(JD$3:JD$4) -> 0 | JE6: =SUM(JE$3:JE$4) -> 0 | JF6: =SUM(JF$3:JF$4) -> 0 | JG6: =SUM(JG$3:JG$4) -> 0 | JH6: =SUM(JH$3:JH$4) -> 0 | JI6: =SUM(JI$3:JI$4) -> 0 | JK6: =SUM(JK$3:JK$4) -> 0 | JL6: =SUM(JL$3:JL$4) -> 0 | JM6: =SUM(JM$3:JM$4) -> 0 | JN6: =SUM(JN$3:JN$4) -> 0 | JO6: =SUM(JO$3:JO$4) -> 0 | JP6: =SUM(JP$3:JP$4) -> 0 | JR6: =SUM(JR$3:JR$4) -> 0 | JS6: =SUM(JS$3:JS$4) -> 0 | JT6: =SUM(JT$3:JT$4) -> 0 | JU6: =SUM(JU$3:JU$4) -> 0 | JV6: =SUM(JV$3:JV$4) -> 0 | JW6: =SUM(JW$3:JW$4) -> 0 | JY6: =SUM(JY$3:JY$4) -> 0 | JZ6: =SUM(JZ$3:JZ$4) -> 0 | KA6: =SUM(KA$3:KA$4) -> 0 | KB6: =SUM(KB$3:KB$4) -> 0 | KC6: =SUM(KC$3:KC$4) -> 0 | KD6: =SUM(KD$3:KD$4) -> 0 | KF6: =SUM(KF$3:KF$4) -> 0 | KG6: =SUM(KG$3:KG$4) -> 0 | KH6: =SUM(KH$3:KH$4) -> 0 | KI6: =SUM(KI$3:KI$4) -> 0 | KJ6: =SUM(KJ$3:KJ$4) -> 0 | KK6: =SUM(KK$3:KK$4) -> 0 | KM6: =SUM(KM$3:KM$4) -> 0 | KN6: =SUM(KN$3:KN$4) -> 0 | KO6: =SUM(KO$3:KO$4) -> 0 | KP6: =SUM(KP$3:KP$4) -> 0 | KQ6: =SUM(KQ$3:KQ$4) -> 0 | KR6: =SUM(KR$3:KR$4) -> 0 | KT6: =SUM(KT$3:KT$4) -> 0 | KU6: =SUM(KU$3:KU$4) -> 0 | KV6: =SUM(KV$3:KV$4) -> 0 | KW6: =SUM(KW$3:KW$4) -> 0 | KX6: =SUM(KX$3:KX$4) -> 0 | KY6: =SUM(KY$3:KY$4) -> 0 | LA6: =SUM(LA$3:LA$4) -> 0 | LB6: =SUM(LB$3:LB$4) -> 0 | LC6: =SUM(LC$3:LC$4) -> 0 | LD6: =SUM(LD$3:LD$4) -> 0 | LE6: =SUM(LE$3:LE$4) -> 0 | LF6: =SUM(LF$3:LF$4) -> 0 | LG6: =SUM(LG$3:LG$4) -> 0 | LH6: =SUM(LH$3:LH$4) -> 0 | ... LV6: =SUM(LV$3:LV$4) -> 0
A7: AVG | B7: =AVERAGE(B$3:B$4) -> 0 | H7: =AVERAGE(H$3:H$4) -> 0 | I7: =AVERAGE(I$3:I$4) -> 0 | O7: =AVERAGE(O$3:O$4) -> 0 | P7: =AVERAGE(P$3:P$4) -> 0 | V7: =AVERAGE(V$3:V$4) -> 0 | W7: =AVERAGE(W$3:W$4) -> 0 | AC7: =AVERAGE(AC$3:AC$4) -> 0 | AD7: =AVERAGE(AD$3:AD$4) -> 0 | AJ7: =AVERAGE(AJ$3:AJ$4) -> 0 | AK7: =AVERAGE(AK$3:AK$4) -> 0 | AQ7: =AVERAGE(AQ$3:AQ$4) -> 0 | AR7: =AVERAGE(AR$3:AR$4) -> 0 | AX7: =AVERAGE(AX$3:AX$4) -> 0 | AY7: =AVERAGE(AY$3:AY$4) -> 0 | BE7: =AVERAGE(BE$3:BE$4) -> 0 | BF7: =AVERAGE(BF$3:BF$4) -> 0 | BL7: =AVERAGE(BL$3:BL$4) -> 0 | BM7: =AVERAGE(BM$3:BM$4) -> 0 | BS7: =AVERAGE(BS$3:BS$4) -> 0 | BT7: =AVERAGE(BT$3:BT$4) -> 0 | BZ7: =AVERAGE(BZ$3:BZ$4) -> 0 | CA7: =AVERAGE(CA$3:CA$4) -> 0 | CG7: =AVERAGE(CG$3:CG$4) -> 0 | CH7: =AVERAGE(CH$3:CH$4) -> 0 | CI7: =AVERAGE(CI$3:CI$4) -> 0 | CK7: =AVERAGE(CK$3:CK$4) -> 0 | CL7: =AVERAGE(CL$3:CL$4) -> 0 | CM7: =AVERAGE(CM$3:CM$4) -> 0 | CN7: =AVERAGE(CN$3:CN$4) -> 0 | CO7: =AVERAGE(CO$3:CO$4) -> 0 | CP7: =AVERAGE(CP$3:CP$4) -> 0 | CR7: =AVERAGE(CR$3:CR$4) -> 0 | CS7: =AVERAGE(CS$3:CS$4) -> 0 | CT7: =AVERAGE(CT$3:CT$4) -> 0 | CU7: =AVERAGE(CU$3:CU$4) -> 0 | CV7: =AVERAGE(CV$3:CV$4) -> 0 | CW7: =AVERAGE(CW$3:CW$4) -> 0 | CY7: =AVERAGE(CY$3:CY$4) -> 0 | CZ7: =AVERAGE(CZ$3:CZ$4) -> 0 | DA7: =AVERAGE(DA$3:DA$4) -> 0 | DB7: =AVERAGE(DB$3:DB$4) -> 0 | DC7: =AVERAGE(DC$3:DC$4) -> 0 | DD7: =AVERAGE(DD$3:DD$4) -> 0 | DF7: =AVERAGE(DF$3:DF$4) -> 0 | DG7: =AVERAGE(DG$3:DG$4) -> 0 | DH7: =AVERAGE(DH$3:DH$4) -> 0 | DI7: =AVERAGE(DI$3:DI$4) -> 0 | DJ7: =AVERAGE(DJ$3:DJ$4) -> 0 | DK7: =AVERAGE(DK$3:DK$4) -> 0 | DM7: =AVERAGE(DM$3:DM$4) -> 0 | DN7: =AVERAGE(DN$3:DN$4) -> 0 | DO7: =AVERAGE(DO$3:DO$4) -> 0 | DP7: =AVERAGE(DP$3:DP$4) -> 0 | DQ7: =AVERAGE(DQ$3:DQ$4) -> 0 | DR7: =AVERAGE(DR$3:DR$4) -> 0 | DT7: =AVERAGE(DT$3:DT$4) -> 0 | DU7: =AVERAGE(DU$3:DU$4) -> 0 | DV7: =AVERAGE(DV$3:DV$4) -> 0 | DW7: =AVERAGE(DW$3:DW$4) -> 0 | DX7: =AVERAGE(DX$3:DX$4) -> 0 | DY7: =AVERAGE(DY$3:DY$4) -> 0 | EA7: =AVERAGE(EA$3:EA$4) -> 0 | EB7: =AVERAGE(EB$3:EB$4) -> 0 | EC7: =AVERAGE(EC$3:EC$4) -> 0 | ED7: =AVERAGE(ED$3:ED$4) -> 0 | EE7: =AVERAGE(EE$3:EE$4) -> 0 | EF7: =AVERAGE(EF$3:EF$4) -> 0 | EH7: =AVERAGE(EH$3:EH$4) -> 0 | EI7: =AVERAGE(EI$3:EI$4) -> 0 | EJ7: =AVERAGE(EJ$3:EJ$4) -> 0 | EK7: =AVERAGE(EK$3:EK$4) -> 0 | EL7: =AVERAGE(EL$3:EL$4) -> 0 | EM7: =AVERAGE(EM$3:EM$4) -> 0 | EO7: =AVERAGE(EO$3:EO$4) -> 0 | EP7: =AVERAGE(EP$3:EP$4) -> 0 | EQ7: =AVERAGE(EQ$3:EQ$4) -> 0 | ER7: =AVERAGE(ER$3:ER$4) -> 0 | ES7: =AVERAGE(ES$3:ES$4) -> 0 | ET7: =AVERAGE(ET$3:ET$4) -> 0 | EV7: =AVERAGE(EV$3:EV$4) -> 0 | EW7: =AVERAGE(EW$3:EW$4) -> 0 | EX7: =AVERAGE(EX$3:EX$4) -> 0 | EY7: =AVERAGE(EY$3:EY$4) -> 0 | EZ7: =AVERAGE(EZ$3:EZ$4) -> 0 | FA7: =AVERAGE(FA$3:FA$4) -> 0 | FC7: =AVERAGE(FC$3:FC$4) -> 0 | FD7: =AVERAGE(FD$3:FD$4) -> 0 | FE7: =AVERAGE(FE$3:FE$4) -> 0 | FF7: =AVERAGE(FF$3:FF$4) -> 0 | FG7: =AVERAGE(FG$3:FG$4) -> 0 | FH7: =AVERAGE(FH$3:FH$4) -> 0 | FJ7: =AVERAGE(FJ$3:FJ$4) -> 0 | FK7: =AVERAGE(FK$3:FK$4) -> 0 | FL7: =AVERAGE(FL$3:FL$4) -> 0 | FM7: =AVERAGE(FM$3:FM$4) -> 0 | FN7: =AVERAGE(FN$3:FN$4) -> 0 | FO7: =AVERAGE(FO$3:FO$4) -> 0 | FQ7: =AVERAGE(FQ$3:FQ$4) -> 0 | FR7: =AVERAGE(FR$3:FR$4) -> 0 | FS7: =AVERAGE(FS$3:FS$4) -> 0 | FT7: =AVERAGE(FT$3:FT$4) -> 0 | FU7: =AVERAGE(FU$3:FU$4) -> 0 | FV7: =AVERAGE(FV$3:FV$4) -> 0 | FX7: =AVERAGE(FX$3:FX$4) -> 0 | FY7: =AVERAGE(FY$3:FY$4) -> 0 | FZ7: =AVERAGE(FZ$3:FZ$4) -> 0 | GA7: =AVERAGE(GA$3:GA$4) -> 0 | GB7: =AVERAGE(GB$3:GB$4) -> 0 | GC7: =AVERAGE(GC$3:GC$4) -> 0 | GE7: =AVERAGE(GE$3:GE$4) -> 0 | GF7: =AVERAGE(GF$3:GF$4) -> 0 | GG7: =AVERAGE(GG$3:GG$4) -> 0 | GH7: =AVERAGE(GH$3:GH$4) -> 0 | GI7: =AVERAGE(GI$3:GI$4) -> 0 | GJ7: =AVERAGE(GJ$3:GJ$4) -> 0 | GL7: =AVERAGE(GL$3:GL$4) -> 0 | GM7: =AVERAGE(GM$3:GM$4) -> 0 | GN7: =AVERAGE(GN$3:GN$4) -> 0 | GO7: =AVERAGE(GO$3:GO$4) -> 0 | GP7: =AVERAGE(GP$3:GP$4) -> 0 | GQ7: =AVERAGE(GQ$3:GQ$4) -> 0 | GS7: =AVERAGE(GS$3:GS$4) -> 0 | GT7: =AVERAGE(GT$3:GT$4) -> 0 | GU7: =AVERAGE(GU$3:GU$4) -> 0 | GV7: =AVERAGE(GV$3:GV$4) -> 0 | GW7: =AVERAGE(GW$3:GW$4) -> 0 | GX7: =AVERAGE(GX$3:GX$4) -> 0 | GZ7: =AVERAGE(GZ$3:GZ$4) -> 0 | HA7: =AVERAGE(HA$3:HA$4) -> 0 | HB7: =AVERAGE(HB$3:HB$4) -> 0 | HC7: =AVERAGE(HC$3:HC$4) -> 0 | HD7: =AVERAGE(HD$3:HD$4) -> 0 | HE7: =AVERAGE(HE$3:HE$4) -> 0 | HG7: =AVERAGE(HG$3:HG$4) -> 0 | HH7: =AVERAGE(HH$3:HH$4) -> 0 | HI7: =AVERAGE(HI$3:HI$4) -> 0 | HJ7: =AVERAGE(HJ$3:HJ$4) -> 0 | HK7: =AVERAGE(HK$3:HK$4) -> 0 | HL7: =AVERAGE(HL$3:HL$4) -> 0 | HN7: =AVERAGE(HN$3:HN$4) -> 0 | HO7: =AVERAGE(HO$3:HO$4) -> 0 | HP7: =AVERAGE(HP$3:HP$4) -> 0 | HQ7: =AVERAGE(HQ$3:HQ$4) -> 0 | HR7: =AVERAGE(HR$3:HR$4) -> 0 | HS7: =AVERAGE(HS$3:HS$4) -> 0 | HU7: =AVERAGE(HU$3:HU$4) -> 0 | HV7: =AVERAGE(HV$3:HV$4) -> 0 | HW7: =AVERAGE(HW$3:HW$4) -> 0 | HX7: =AVERAGE(HX$3:HX$4) -> 0 | HY7: =AVERAGE(HY$3:HY$4) -> 0 | HZ7: =AVERAGE(HZ$3:HZ$4) -> 0 | IB7: =AVERAGE(IB$3:IB$4) -> 0 | IC7: =AVERAGE(IC$3:IC$4) -> 0 | ID7: =AVERAGE(ID$3:ID$4) -> 0 | IE7: =AVERAGE(IE$3:IE$4) -> 0 | IF7: =AVERAGE(IF$3:IF$4) -> 0 | IG7: =AVERAGE(IG$3:IG$4) -> 0 | II7: =AVERAGE(II$3:II$4) -> 0 | IJ7: =AVERAGE(IJ$3:IJ$4) -> 0 | IK7: =AVERAGE(IK$3:IK$4) -> 0 | IL7: =AVERAGE(IL$3:IL$4) -> 0 | IM7: =AVERAGE(IM$3:IM$4) -> 0 | IN7: =AVERAGE(IN$3:IN$4) -> 0 | IP7: =AVERAGE(IP$3:IP$4) -> 0 | IQ7: =AVERAGE(IQ$3:IQ$4) -> 0 | IR7: =AVERAGE(IR$3:IR$4) -> 0 | IS7: =AVERAGE(IS$3:IS$4) -> 0 | IT7: =AVERAGE(IT$3:IT$4) -> 0 | IU7: =AVERAGE(IU$3:IU$4) -> 0 | IW7: =AVERAGE(IW$3:IW$4) -> 0 | IX7: =AVERAGE(IX$3:IX$4) -> 0 | IY7: =AVERAGE(IY$3:IY$4) -> 0 | IZ7: =AVERAGE(IZ$3:IZ$4) -> 0 | JA7: =AVERAGE(JA$3:JA$4) -> 0 | JB7: =AVERAGE(JB$3:JB$4) -> 0 | JD7: =AVERAGE(JD$3:JD$4) -> 0 | JE7: =AVERAGE(JE$3:JE$4) -> 0 | JF7: =AVERAGE(JF$3:JF$4) -> 0 | JG7: =AVERAGE(JG$3:JG$4) -> 0 | JH7: =AVERAGE(JH$3:JH$4) -> 0 | JI7: =AVERAGE(JI$3:JI$4) -> 0 | JK7: =AVERAGE(JK$3:JK$4) -> 0 | JL7: =AVERAGE(JL$3:JL$4) -> 0 | JM7: =AVERAGE(JM$3:JM$4) -> 0 | JN7: =AVERAGE(JN$3:JN$4) -> 0 | JO7: =AVERAGE(JO$3:JO$4) -> 0 | JP7: =AVERAGE(JP$3:JP$4) -> 0 | JR7: =AVERAGE(JR$3:JR$4) -> 0 | JS7: =AVERAGE(JS$3:JS$4) -> 0 | JT7: =AVERAGE(JT$3:JT$4) -> 0 | JU7: =AVERAGE(JU$3:JU$4) -> 0 | JV7: =AVERAGE(JV$3:JV$4) -> 0 | JW7: =AVERAGE(JW$3:JW$4) -> 0 | JY7: =AVERAGE(JY$3:JY$4) -> 0 | JZ7: =AVERAGE(JZ$3:JZ$4) -> 0 | KA7: =AVERAGE(KA$3:KA$4) -> 0 | KB7: =AVERAGE(KB$3:KB$4) -> 0 | KC7: =AVERAGE(KC$3:KC$4) -> 0 | KD7: =AVERAGE(KD$3:KD$4) -> 0 | KF7: =AVERAGE(KF$3:KF$4) -> 0 | KG7: =AVERAGE(KG$3:KG$4) -> 0 | KH7: =AVERAGE(KH$3:KH$4) -> 0 | KI7: =AVERAGE(KI$3:KI$4) -> 0 | KJ7: =AVERAGE(KJ$3:KJ$4) -> 0 | KK7: =AVERAGE(KK$3:KK$4) -> 0 | KM7: =AVERAGE(KM$3:KM$4) -> 0 | KN7: =AVERAGE(KN$3:KN$4) -> 0 | KO7: =AVERAGE(KO$3:KO$4) -> 0 | KP7: =AVERAGE(KP$3:KP$4) -> 0 | KQ7: =AVERAGE(KQ$3:KQ$4) -> 0 | KR7: =AVERAGE(KR$3:KR$4) -> 0 | KT7: =AVERAGE(KT$3:KT$4) -> 0 | KU7: =AVERAGE(KU$3:KU$4) -> 0 | KV7: =AVERAGE(KV$3:KV$4) -> 0 | KW7: =AVERAGE(KW$3:KW$4) -> 0 | KX7: =AVERAGE(KX$3:KX$4) -> 0 | KY7: =AVERAGE(KY$3:KY$4) -> 0 | LA7: =AVERAGE(LA$3:LA$4) -> 0 | LB7: =AVERAGE(LB$3:LB$4) -> 0 | LC7: =AVERAGE(LC$3:LC$4) -> 0 | LD7: =AVERAGE(LD$3:LD$4) -> 0 | LE7: =AVERAGE(LE$3:LE$4) -> 0 | LF7: =AVERAGE(LF$3:LF$4) -> 0 | LG7: =AVERAGE(LG$3:LG$4) -> 0 | LH7: =AVERAGE(LH$3:LH$4) -> 0 | ... LV7: =AVERAGE(LV$3:LV$4) -> 0
A8: DEV | B8: =STDEV(B$3:B$4) -> 0 | H8: =STDEV(H$3:H$4) -> 0 | I8: =STDEV(I$3:I$4) -> 0 | O8: =STDEV(O$3:O$4) -> 0 | P8: =STDEV(P$3:P$4) -> 0 | V8: =STDEV(V$3:V$4) -> 0 | W8: =STDEV(W$3:W$4) -> 0 | AC8: =STDEV(AC$3:AC$4) -> 0 | AD8: =STDEV(AD$3:AD$4) -> 0 | AJ8: =STDEV(AJ$3:AJ$4) -> 0 | AK8: =STDEV(AK$3:AK$4) -> 0 | AQ8: =STDEV(AQ$3:AQ$4) -> 0 | AR8: =STDEV(AR$3:AR$4) -> 0 | AX8: =STDEV(AX$3:AX$4) -> 0 | AY8: =STDEV(AY$3:AY$4) -> 0 | BE8: =STDEV(BE$3:BE$4) -> 0 | BF8: =STDEV(BF$3:BF$4) -> 0 | BL8: =STDEV(BL$3:BL$4) -> 0 | BM8: =STDEV(BM$3:BM$4) -> 0 | BS8: =STDEV(BS$3:BS$4) -> 0 | BT8: =STDEV(BT$3:BT$4) -> 0 | BZ8: =STDEV(BZ$3:BZ$4) -> 0 | CA8: =STDEV(CA$3:CA$4) -> 0 | CG8: =STDEV(CG$3:CG$4) -> 0 | CH8: =STDEV(CH$3:CH$4) -> 0 | CI8: =STDEV(CI$3:CI$4) -> 0 | CK8: =STDEV(CK$3:CK$4) -> 0 | CL8: =STDEV(CL$3:CL$4) -> 0 | CM8: =STDEV(CM$3:CM$4) -> 0 | CN8: =STDEV(CN$3:CN$4) -> 0 | CO8: =STDEV(CO$3:CO$4) -> 0 | CP8: =STDEV(CP$3:CP$4) -> 0 | CR8: =STDEV(CR$3:CR$4) -> 0 | CS8: =STDEV(CS$3:CS$4) -> 0 | CT8: =STDEV(CT$3:CT$4) -> 0 | CU8: =STDEV(CU$3:CU$4) -> 0 | CV8: =STDEV(CV$3:CV$4) -> 0 | CW8: =STDEV(CW$3:CW$4) -> 0 | CY8: =STDEV(CY$3:CY$4) -> 0 | CZ8: =STDEV(CZ$3:CZ$4) -> 0 | DA8: =STDEV(DA$3:DA$4) -> 0 | DB8: =STDEV(DB$3:DB$4) -> 0 | DC8: =STDEV(DC$3:DC$4) -> 0 | DD8: =STDEV(DD$3:DD$4) -> 0 | DF8: =STDEV(DF$3:DF$4) -> 0 | DG8: =STDEV(DG$3:DG$4) -> 0 | DH8: =STDEV(DH$3:DH$4) -> 0 | DI8: =STDEV(DI$3:DI$4) -> 0 | DJ8: =STDEV(DJ$3:DJ$4) -> 0 | DK8: =STDEV(DK$3:DK$4) -> 0 | DM8: =STDEV(DM$3:DM$4) -> 0 | DN8: =STDEV(DN$3:DN$4) -> 0 | DO8: =STDEV(DO$3:DO$4) -> 0 | DP8: =STDEV(DP$3:DP$4) -> 0 | DQ8: =STDEV(DQ$3:DQ$4) -> 0 | DR8: =STDEV(DR$3:DR$4) -> 0 | DT8: =STDEV(DT$3:DT$4) -> 0 | DU8: =STDEV(DU$3:DU$4) -> 0 | DV8: =STDEV(DV$3:DV$4) -> 0 | DW8: =STDEV(DW$3:DW$4) -> 0 | DX8: =STDEV(DX$3:DX$4) -> 0 | DY8: =STDEV(DY$3:DY$4) -> 0 | EA8: =STDEV(EA$3:EA$4) -> 0 | EB8: =STDEV(EB$3:EB$4) -> 0 | EC8: =STDEV(EC$3:EC$4) -> 0 | ED8: =STDEV(ED$3:ED$4) -> 0 | EE8: =STDEV(EE$3:EE$4) -> 0 | EF8: =STDEV(EF$3:EF$4) -> 0 | EH8: =STDEV(EH$3:EH$4) -> 0 | EI8: =STDEV(EI$3:EI$4) -> 0 | EJ8: =STDEV(EJ$3:EJ$4) -> 0 | EK8: =STDEV(EK$3:EK$4) -> 0 | EL8: =STDEV(EL$3:EL$4) -> 0 | EM8: =STDEV(EM$3:EM$4) -> 0 | EO8: =STDEV(EO$3:EO$4) -> 0 | EP8: =STDEV(EP$3:EP$4) -> 0 | EQ8: =STDEV(EQ$3:EQ$4) -> 0 | ER8: =STDEV(ER$3:ER$4) -> 0 | ES8: =STDEV(ES$3:ES$4) -> 0 | ET8: =STDEV(ET$3:ET$4) -> 0 | EV8: =STDEV(EV$3:EV$4) -> 0 | EW8: =STDEV(EW$3:EW$4) -> 0 | EX8: =STDEV(EX$3:EX$4) -> 0 | EY8: =STDEV(EY$3:EY$4) -> 0 | EZ8: =STDEV(EZ$3:EZ$4) -> 0 | FA8: =STDEV(FA$3:FA$4) -> 0 | FC8: =STDEV(FC$3:FC$4) -> 0 | FD8: =STDEV(FD$3:FD$4) -> 0 | FE8: =STDEV(FE$3:FE$4) -> 0 | FF8: =STDEV(FF$3:FF$4) -> 0 | FG8: =STDEV(FG$3:FG$4) -> 0 | FH8: =STDEV(FH$3:FH$4) -> 0 | FJ8: =STDEV(FJ$3:FJ$4) -> 0 | FK8: =STDEV(FK$3:FK$4) -> 0 | FL8: =STDEV(FL$3:FL$4) -> 0 | FM8: =STDEV(FM$3:FM$4) -> 0 | FN8: =STDEV(FN$3:FN$4) -> 0 | FO8: =STDEV(FO$3:FO$4) -> 0 | FQ8: =STDEV(FQ$3:FQ$4) -> 0 | FR8: =STDEV(FR$3:FR$4) -> 0 | FS8: =STDEV(FS$3:FS$4) -> 0 | FT8: =STDEV(FT$3:FT$4) -> 0 | FU8: =STDEV(FU$3:FU$4) -> 0 | FV8: =STDEV(FV$3:FV$4) -> 0 | FX8: =STDEV(FX$3:FX$4) -> 0 | FY8: =STDEV(FY$3:FY$4) -> 0 | FZ8: =STDEV(FZ$3:FZ$4) -> 0 | GA8: =STDEV(GA$3:GA$4) -> 0 | GB8: =STDEV(GB$3:GB$4) -> 0 | GC8: =STDEV(GC$3:GC$4) -> 0 | GE8: =STDEV(GE$3:GE$4) -> 0 | GF8: =STDEV(GF$3:GF$4) -> 0 | GG8: =STDEV(GG$3:GG$4) -> 0 | GH8: =STDEV(GH$3:GH$4) -> 0 | GI8: =STDEV(GI$3:GI$4) -> 0 | GJ8: =STDEV(GJ$3:GJ$4) -> 0 | GL8: =STDEV(GL$3:GL$4) -> 0 | GM8: =STDEV(GM$3:GM$4) -> 0 | GN8: =STDEV(GN$3:GN$4) -> 0 | GO8: =STDEV(GO$3:GO$4) -> 0 | GP8: =STDEV(GP$3:GP$4) -> 0 | GQ8: =STDEV(GQ$3:GQ$4) -> 0 | GS8: =STDEV(GS$3:GS$4) -> 0 | GT8: =STDEV(GT$3:GT$4) -> 0 | GU8: =STDEV(GU$3:GU$4) -> 0 | GV8: =STDEV(GV$3:GV$4) -> 0 | GW8: =STDEV(GW$3:GW$4) -> 0 | GX8: =STDEV(GX$3:GX$4) -> 0 | GZ8: =STDEV(GZ$3:GZ$4) -> 0 | HA8: =STDEV(HA$3:HA$4) -> 0 | HB8: =STDEV(HB$3:HB$4) -> 0 | HC8: =STDEV(HC$3:HC$4) -> 0 | HD8: =STDEV(HD$3:HD$4) -> 0 | HE8: =STDEV(HE$3:HE$4) -> 0 | HG8: =STDEV(HG$3:HG$4) -> 0 | HH8: =STDEV(HH$3:HH$4) -> 0 | HI8: =STDEV(HI$3:HI$4) -> 0 | HJ8: =STDEV(HJ$3:HJ$4) -> 0 | HK8: =STDEV(HK$3:HK$4) -> 0 | HL8: =STDEV(HL$3:HL$4) -> 0 | HN8: =STDEV(HN$3:HN$4) -> 0 | HO8: =STDEV(HO$3:HO$4) -> 0 | HP8: =STDEV(HP$3:HP$4) -> 0 | HQ8: =STDEV(HQ$3:HQ$4) -> 0 | HR8: =STDEV(HR$3:HR$4) -> 0 | HS8: =STDEV(HS$3:HS$4) -> 0 | HU8: =STDEV(HU$3:HU$4) -> 0 | HV8: =STDEV(HV$3:HV$4) -> 0 | HW8: =STDEV(HW$3:HW$4) -> 0 | HX8: =STDEV(HX$3:HX$4) -> 0 | HY8: =STDEV(HY$3:HY$4) -> 0 | HZ8: =STDEV(HZ$3:HZ$4) -> 0 | IB8: =STDEV(IB$3:IB$4) -> 0 | IC8: =STDEV(IC$3:IC$4) -> 0 | ID8: =STDEV(ID$3:ID$4) -> 0 | IE8: =STDEV(IE$3:IE$4) -> 0 | IF8: =STDEV(IF$3:IF$4) -> 0 | IG8: =STDEV(IG$3:IG$4) -> 0 | II8: =STDEV(II$3:II$4) -> 0 | IJ8: =STDEV(IJ$3:IJ$4) -> 0 | IK8: =STDEV(IK$3:IK$4) -> 0 | IL8: =STDEV(IL$3:IL$4) -> 0 | IM8: =STDEV(IM$3:IM$4) -> 0 | IN8: =STDEV(IN$3:IN$4) -> 0 | IP8: =STDEV(IP$3:IP$4) -> 0 | IQ8: =STDEV(IQ$3:IQ$4) -> 0 | IR8: =STDEV(IR$3:IR$4) -> 0 | IS8: =STDEV(IS$3:IS$4) -> 0 | IT8: =STDEV(IT$3:IT$4) -> 0 | IU8: =STDEV(IU$3:IU$4) -> 0 | IW8: =STDEV(IW$3:IW$4) -> 0 | IX8: =STDEV(IX$3:IX$4) -> 0 | IY8: =STDEV(IY$3:IY$4) -> 0 | IZ8: =STDEV(IZ$3:IZ$4) -> 0 | JA8: =STDEV(JA$3:JA$4) -> 0 | JB8: =STDEV(JB$3:JB$4) -> 0 | JD8: =STDEV(JD$3:JD$4) -> 0 | JE8: =STDEV(JE$3:JE$4) -> 0 | JF8: =STDEV(JF$3:JF$4) -> 0 | JG8: =STDEV(JG$3:JG$4) -> 0 | JH8: =STDEV(JH$3:JH$4) -> 0 | JI8: =STDEV(JI$3:JI$4) -> 0 | JK8: =STDEV(JK$3:JK$4) -> 0 | JL8: =STDEV(JL$3:JL$4) -> 0 | JM8: =STDEV(JM$3:JM$4) -> 0 | JN8: =STDEV(JN$3:JN$4) -> 0 | JO8: =STDEV(JO$3:JO$4) -> 0 | JP8: =STDEV(JP$3:JP$4) -> 0 | JR8: =STDEV(JR$3:JR$4) -> 0 | JS8: =STDEV(JS$3:JS$4) -> 0 | JT8: =STDEV(JT$3:JT$4) -> 0 | JU8: =STDEV(JU$3:JU$4) -> 0 | JV8: =STDEV(JV$3:JV$4) -> 0 | JW8: =STDEV(JW$3:JW$4) -> 0 | JY8: =STDEV(JY$3:JY$4) -> 0 | JZ8: =STDEV(JZ$3:JZ$4) -> 0 | KA8: =STDEV(KA$3:KA$4) -> 0 | KB8: =STDEV(KB$3:KB$4) -> 0 | KC8: =STDEV(KC$3:KC$4) -> 0 | KD8: =STDEV(KD$3:KD$4) -> 0 | KF8: =STDEV(KF$3:KF$4) -> 0 | KG8: =STDEV(KG$3:KG$4) -> 0 | KH8: =STDEV(KH$3:KH$4) -> 0 | KI8: =STDEV(KI$3:KI$4) -> 0 | KJ8: =STDEV(KJ$3:KJ$4) -> 0 | KK8: =STDEV(KK$3:KK$4) -> 0 | KM8: =STDEV(KM$3:KM$4) -> 0 | KN8: =STDEV(KN$3:KN$4) -> 0 | KO8: =STDEV(KO$3:KO$4) -> 0 | KP8: =STDEV(KP$3:KP$4) -> 0 | KQ8: =STDEV(KQ$3:KQ$4) -> 0 | KR8: =STDEV(KR$3:KR$4) -> 0 | KT8: =STDEV(KT$3:KT$4) -> 0 | KU8: =STDEV(KU$3:KU$4) -> 0 | KV8: =STDEV(KV$3:KV$4) -> 0 | KW8: =STDEV(KW$3:KW$4) -> 0 | KX8: =STDEV(KX$3:KX$4) -> 0 | KY8: =STDEV(KY$3:KY$4) -> 0 | LA8: =STDEV(LA$3:LA$4) -> 0 | LB8: =STDEV(LB$3:LB$4) -> 0 | LC8: =STDEV(LC$3:LC$4) -> 0 | LD8: =STDEV(LD$3:LD$4) -> 0 | LE8: =STDEV(LE$3:LE$4) -> 0 | LF8: =STDEV(LF$3:LF$4) -> 0 | LG8: =STDEV(LG$3:LG$4) -> 0 | LH8: =STDEV(LH$3:LH$4) -> 0 | ... LV8: =STDEV(LV$3:LV$4) -> 0
A9: DST | B9: =SUMPRODUCT(--(B$3:B$4-$LE$3:$LE$4)^2)^0.5 -> 0 | H9: =SUMPRODUCT(--(H$3:H$4-$LJ$3:$LJ$4)^2)^0.5 -> 0 | I9: =SUMPRODUCT(--(I$3:I$4-$LE$3:$LE$4)^2)^0.5 -> 0 | O9: =SUMPRODUCT(--(O$3:O$4-$LJ$3:$LJ$4)^2)^0.5 -> 0 | P9: =SUMPRODUCT(--(P$3:P$4-$LE$3:$LE$4)^2)^0.5 -> 0 | V9: =SUMPRODUCT(--(V$3:V$4-$LJ$3:$LJ$4)^2)^0.5 -> 0 | W9: =SUMPRODUCT(--(W$3:W$4-$LE$3:$LE$4)^2)^0.5 -> 0 | AC9: =SUMPRODUCT(--(AC$3:AC$4-$LJ$3:$LJ$4)^2)^0.5 -> 0 | AD9: =SUMPRODUCT(--(AD$3:AD$4-$LE$3:$LE$4)^2)^0.5 -> 0 | AJ9: =SUMPRODUCT(--(AJ$3:AJ$4-$LJ$3:$LJ$4)^2)^0.5 -> 0 | AK9: =SUMPRODUCT(--(AK$3:AK$4-$LE$3:$LE$4)^2)^0.5 -> 0 | AQ9: =SUMPRODUCT(--(AQ$3:AQ$4-$LJ$3:$LJ$4)^2)^0.5 -> 0 | AR9: =SUMPRODUCT(--(AR$3:AR$4-$LE$3:$LE$4)^2)^0.5 -> 0 | AX9: =SUMPRODUCT(--(AX$3:AX$4-$LJ$3:$LJ$4)^2)^0.5 -> 0 | AY9: =SUMPRODUCT(--(AY$3:AY$4-$LE$3:$LE$4)^2)^0.5 -> 0 | BE9: =SUMPRODUCT(--(BE$3:BE$4-$LJ$3:$LJ$4)^2)^0.5 -> 0 | BF9: =SUMPRODUCT(--(BF$3:BF$4-$LE$3:$LE$4)^2)^0.5 -> 0 | BL9: =SUMPRODUCT(--(BL$3:BL$4-$LJ$3:$LJ$4)^2)^0.5 -> 0 | BM9: =SUMPRODUCT(--(BM$3:BM$4-$LE$3:$LE$4)^2)^0.5 -> 0 | BS9: =SUMPRODUCT(--(BS$3:BS$4-$LJ$3:$LJ$4)^2)^0.5 -> 0 | BT9: =SUMPRODUCT(--(BT$3:BT$4-$LE$3:$LE$4)^2)^0.5 -> 0 | BZ9: =SUMPRODUCT(--(BZ$3:BZ$4-$LJ$3:$LJ$4)^2)^0.5 -> 0 | CA9: =SUMPRODUCT(--(CA$3:CA$4-$LE$3:$LE$4)^2)^0.5 -> 0 | CG9: =SUMPRODUCT(--(CG$3:CG$4-$LJ$3:$LJ$4)^2)^0.5 -> 0 | CH9: =SUMPRODUCT(--(CH$3:CH$4-$LE$3:$LE$4)^2)^0.5 -> 0 | CI9: =SUMPRODUCT(--(CI$3:CI$4-$LF$3:$LF$4)^2)^0.5 -> 0 | CK9: =SUMPRODUCT(--(CK$3:CK$4-$LG$3:$LG$4)^2)^0.5 -> 0 | CL9: =SUMPRODUCT(--(CL$3:CL$4-$LH$3:$LH$4)^2)^0.5 -> 0 | CM9: =SUMPRODUCT(--(CM$3:CM$4-$LI$3:$LI$4)^2)^0.5 -> 0 | CN9: =SUMPRODUCT(--(CN$3:CN$4-$LJ$3:$LJ$4)^2)^0.5 -> 0 | CO9: =SUMPRODUCT(--(CO$3:CO$4-$LE$3:$LE$4)^2)^0.5 -> 0 | CP9: =SUMPRODUCT(--(CP$3:CP$4-$LF$3:$LF$4)^2)^0.5 -> 0 | CR9: =SUMPRODUCT(--(CR$3:CR$4-$LG$3:$LG$4)^2)^0.5 -> 0 | CS9: =SUMPRODUCT(--(CS$3:CS$4-$LH$3:$LH$4)^2)^0.5 -> 0 | CT9: =SUMPRODUCT(--(CT$3:CT$4-$LI$3:$LI$4)^2)^0.5 -> 0 | CU9: =SUMPRODUCT(--(CU$3:CU$4-$LJ$3:$LJ$4)^2)^0.5 -> 0 | CV9: =SUMPRODUCT(--(CV$3:CV$4-$LE$3:$LE$4)^2)^0.5 -> 0 | CW9: =SUMPRODUCT(--(CW$3:CW$4-$LF$3:$LF$4)^2)^0.5 -> 0 | CY9: =SUMPRODUCT(--(CY$3:CY$4-$LG$3:$LG$4)^2)^0.5 -> 0 | CZ9: =SUMPRODUCT(--(CZ$3:CZ$4-$LH$3:$LH$4)^2)^0.5 -> 0 | DA9: =SUMPRODUCT(--(DA$3:DA$4-$LI$3:$LI$4)^2)^0.5 -> 0 | DB9: =SUMPRODUCT(--(DB$3:DB$4-$LJ$3:$LJ$4)^2)^0.5 -> 0 | DC9: =SUMPRODUCT(--(DC$3:DC$4-$LE$3:$LE$4)^2)^0.5 -> 0 | DD9: =SUMPRODUCT(--(DD$3:DD$4-$LF$3:$LF$4)^2)^0.5 -> 0 | DF9: =SUMPRODUCT(--(DF$3:DF$4-$LG$3:$LG$4)^2)^0.5 -> 0 | DG9: =SUMPRODUCT(--(DG$3:DG$4-$LH$3:$LH$4)^2)^0.5 -> 0 | DH9: =SUMPRODUCT(--(DH$3:DH$4-$LI$3:$LI$4)^2)^0.5 -> 0 | DI9: =SUMPRODUCT(--(DI$3:DI$4-$LJ$3:$LJ$4)^2)^0.5 -> 0 | DJ9: =SUMPRODUCT(--(DJ$3:DJ$4-$LE$3:$LE$4)^2)^0.5 -> 0 | DK9: =SUMPRODUCT(--(DK$3:DK$4-$LF$3:$LF$4)^2)^0.5 -> 0 | DM9: =SUMPRODUCT(--(DM$3:DM$4-$LG$3:$LG$4)^2)^0.5 -> 0 | DN9: =SUMPRODUCT(--(DN$3:DN$4-$LH$3:$LH$4)^2)^0.5 -> 0 | DO9: =SUMPRODUCT(--(DO$3:DO$4-$LI$3:$LI$4)^2)^0.5 -> 0 | DP9: =SUMPRODUCT(--(DP$3:DP$4-$LJ$3:$LJ$4)^2)^0.5 -> 0 | DQ9: =SUMPRODUCT(--(DQ$3:DQ$4-$LE$3:$LE$4)^2)^0.5 -> 0 | DR9: =SUMPRODUCT(--(DR$3:DR$4-$LF$3:$LF$4)^2)^0.5 -> 0 | DT9: =SUMPRODUCT(--(DT$3:DT$4-$LG$3:$LG$4)^2)^0.5 -> 0 | DU9: =SUMPRODUCT(--(DU$3:DU$4-$LH$3:$LH$4)^2)^0.5 -> 0 | DV9: =SUMPRODUCT(--(DV$3:DV$4-$LI$3:$LI$4)^2)^0.5 -> 0 | DW9: =SUMPRODUCT(--(DW$3:DW$4-$LJ$3:$LJ$4)^2)^0.5 -> 0 | DX9: =SUMPRODUCT(--(DX$3:DX$4-$LE$3:$LE$4)^2)^0.5 -> 0 | DY9: =SUMPRODUCT(--(DY$3:DY$4-$LF$3:$LF$4)^2)^0.5 -> 0 | EA9: =SUMPRODUCT(--(EA$3:EA$4-$LG$3:$LG$4)^2)^0.5 -> 0 | EB9: =SUMPRODUCT(--(EB$3:EB$4-$LH$3:$LH$4)^2)^0.5 -> 0 | EC9: =SUMPRODUCT(--(EC$3:EC$4-$LI$3:$LI$4)^2)^0.5 -> 0 | ED9: =SUMPRODUCT(--(ED$3:ED$4-$LJ$3:$LJ$4)^2)^0.5 -> 0 | EE9: =SUMPRODUCT(--(EE$3:EE$4-$LE$3:$LE$4)^2)^0.5 -> 0 | EF9: =SUMPRODUCT(--(EF$3:EF$4-$LF$3:$LF$4)^2)^0.5 -> 0 | EH9: =SUMPRODUCT(--(EH$3:EH$4-$LG$3:$LG$4)^2)^0.5 -> 0 | EI9: =SUMPRODUCT(--(EI$3:EI$4-$LH$3:$LH$4)^2)^0.5 -> 0 | EJ9: =SUMPRODUCT(--(EJ$3:EJ$4-$LI$3:$LI$4)^2)^0.5 -> 0 | EK9: =SUMPRODUCT(--(EK$3:EK$4-$LJ$3:$LJ$4)^2)^0.5 -> 0 | EL9: =SUMPRODUCT(--(EL$3:EL$4-$LE$3:$LE$4)^2)^0.5 -> 0 | EM9: =SUMPRODUCT(--(EM$3:EM$4-$LF$3:$LF$4)^2)^0.5 -> 0 | EO9: =SUMPRODUCT(--(EO$3:EO$4-$LG$3:$LG$4)^2)^0.5 -> 0 | EP9: =SUMPRODUCT(--(EP$3:EP$4-$LH$3:$LH$4)^2)^0.5 -> 0 | EQ9: =SUMPRODUCT(--(EQ$3:EQ$4-$LI$3:$LI$4)^2)^0.5 -> 0 | ER9: =SUMPRODUCT(--(ER$3:ER$4-$LJ$3:$LJ$4)^2)^0.5 -> 0 | ES9: =SUMPRODUCT(--(ES$3:ES$4-$LE$3:$LE$4)^2)^0.5 -> 0 | ET9: =SUMPRODUCT(--(ET$3:ET$4-$LF$3:$LF$4)^2)^0.5 -> 0 | EV9: =SUMPRODUCT(--(EV$3:EV$4-$LG$3:$LG$4)^2)^0.5 -> 0 | EW9: =SUMPRODUCT(--(EW$3:EW$4-$LH$3:$LH$4)^2)^0.5 -> 0 | EX9: =SUMPRODUCT(--(EX$3:EX$4-$LI$3:$LI$4)^2)^0.5 -> 0 | EY9: =SUMPRODUCT(--(EY$3:EY$4-$LJ$3:$LJ$4)^2)^0.5 -> 0 | EZ9: =SUMPRODUCT(--(EZ$3:EZ$4-$LE$3:$LE$4)^2)^0.5 -> 0 | FA9: =SUMPRODUCT(--(FA$3:FA$4-$LF$3:$LF$4)^2)^0.5 -> 0 | FC9: =SUMPRODUCT(--(FC$3:FC$4-$LG$3:$LG$4)^2)^0.5 -> 0 | FD9: =SUMPRODUCT(--(FD$3:FD$4-$LH$3:$LH$4)^2)^0.5 -> 0 | FE9: =SUMPRODUCT(--(FE$3:FE$4-$LI$3:$LI$4)^2)^0.5 -> 0 | FF9: =SUMPRODUCT(--(FF$3:FF$4-$LJ$3:$LJ$4)^2)^0.5 -> 0 | FG9: =SUMPRODUCT(--(FG$3:FG$4-$LE$3:$LE$4)^2)^0.5 -> 0 | FH9: =SUMPRODUCT(--(FH$3:FH$4-$LF$3:$LF$4)^2)^0.5 -> 0 | FJ9: =SUMPRODUCT(--(FJ$3:FJ$4-$LG$3:$LG$4)^2)^0.5 -> 0 | FK9: =SUMPRODUCT(--(FK$3:FK$4-$LH$3:$LH$4)^2)^0.5 -> 0 | FL9: =SUMPRODUCT(--(FL$3:FL$4-$LI$3:$LI$4)^2)^0.5 -> 0 | FM9: =SUMPRODUCT(--(FM$3:FM$4-$LJ$3:$LJ$4)^2)^0.5 -> 0 | FN9: =SUMPRODUCT(--(FN$3:FN$4-$LE$3:$LE$4)^2)^0.5 -> 0 | FO9: =SUMPRODUCT(--(FO$3:FO$4-$LF$3:$LF$4)^2)^0.5 -> 0 | FQ9: =SUMPRODUCT(--(FQ$3:FQ$4-$LG$3:$LG$4)^2)^0.5 -> 0 | FR9: =SUMPRODUCT(--(FR$3:FR$4-$LH$3:$LH$4)^2)^0.5 -> 0 | FS9: =SUMPRODUCT(--(FS$3:FS$4-$LI$3:$LI$4)^2)^0.5 -> 0 | FT9: =SUMPRODUCT(--(FT$3:FT$4-$LJ$3:$LJ$4)^2)^0.5 -> 0 | FU9: =SUMPRODUCT(--(FU$3:FU$4-$LE$3:$LE$4)^2)^0.5 -> 0 | FV9: =SUMPRODUCT(--(FV$3:FV$4-$LF$3:$LF$4)^2)^0.5 -> 0 | FX9: =SUMPRODUCT(--(FX$3:FX$4-$LG$3:$LG$4)^2)^0.5 -> 0 | FY9: =SUMPRODUCT(--(FY$3:FY$4-$LH$3:$LH$4)^2)^0.5 -> 0 | FZ9: =SUMPRODUCT(--(FZ$3:FZ$4-$LI$3:$LI$4)^2)^0.5 -> 0 | GA9: =SUMPRODUCT(--(GA$3:GA$4-$LJ$3:$LJ$4)^2)^0.5 -> 0 | GB9: =SUMPRODUCT(--(GB$3:GB$4-$LE$3:$LE$4)^2)^0.5 -> 0 | GC9: =SUMPRODUCT(--(GC$3:GC$4-$LF$3:$LF$4)^2)^0.5 -> 0 | GE9: =SUMPRODUCT(--(GE$3:GE$4-$LG$3:$LG$4)^2)^0.5 -> 0 | GF9: =SUMPRODUCT(--(GF$3:GF$4-$LH$3:$LH$4)^2)^0.5 -> 0 | GG9: =SUMPRODUCT(--(GG$3:GG$4-$LI$3:$LI$4)^2)^0.5 -> 0 | GH9: =SUMPRODUCT(--(GH$3:GH$4-$LJ$3:$LJ$4)^2)^0.5 -> 0 | GI9: =SUMPRODUCT(--(GI$3:GI$4-$LE$3:$LE$4)^2)^0.5 -> 0 | GJ9: =SUMPRODUCT(--(GJ$3:GJ$4-$LF$3:$LF$4)^2)^0.5 -> 0 | GL9: =SUMPRODUCT(--(GL$3:GL$4-$LG$3:$LG$4)^2)^0.5 -> 0 | GM9: =SUMPRODUCT(--(GM$3:GM$4-$LH$3:$LH$4)^2)^0.5 -> 0 | GN9: =SUMPRODUCT(--(GN$3:GN$4-$LI$3:$LI$4)^2)^0.5 -> 0 | GO9: =SUMPRODUCT(--(GO$3:GO$4-$LJ$3:$LJ$4)^2)^0.5 -> 0 | GP9: =SUMPRODUCT(--(GP$3:GP$4-$LE$3:$LE$4)^2)^0.5 -> 0 | GQ9: =SUMPRODUCT(--(GQ$3:GQ$4-$LF$3:$LF$4)^2)^0.5 -> 0 | GS9: =SUMPRODUCT(--(GS$3:GS$4-$LG$3:$LG$4)^2)^0.5 -> 0 | GT9: =SUMPRODUCT(--(GT$3:GT$4-$LH$3:$LH$4)^2)^0.5 -> 0 | GU9: =SUMPRODUCT(--(GU$3:GU$4-$LI$3:$LI$4)^2)^0.5 -> 0 | GV9: =SUMPRODUCT(--(GV$3:GV$4-$LJ$3:$LJ$4)^2)^0.5 -> 0 | GW9: =SUMPRODUCT(--(GW$3:GW$4-$LE$3:$LE$4)^2)^0.5 -> 0 | GX9: =SUMPRODUCT(--(GX$3:GX$4-$LF$3:$LF$4)^2)^0.5 -> 0 | GZ9: =SUMPRODUCT(--(GZ$3:GZ$4-$LG$3:$LG$4)^2)^0.5 -> 0 | HA9: =SUMPRODUCT(--(HA$3:HA$4-$LH$3:$LH$4)^2)^0.5 -> 0 | HB9: =SUMPRODUCT(--(HB$3:HB$4-$LI$3:$LI$4)^2)^0.5 -> 0 | HC9: =SUMPRODUCT(--(HC$3:HC$4-$LJ$3:$LJ$4)^2)^0.5 -> 0 | HD9: =SUMPRODUCT(--(HD$3:HD$4-$LE$3:$LE$4)^2)^0.5 -> 0 | HE9: =SUMPRODUCT(--(HE$3:HE$4-$LF$3:$LF$4)^2)^0.5 -> 0 | HG9: =SUMPRODUCT(--(HG$3:HG$4-$LG$3:$LG$4)^2)^0.5 -> 0 | HH9: =SUMPRODUCT(--(HH$3:HH$4-$LH$3:$LH$4)^2)^0.5 -> 0 | HI9: =SUMPRODUCT(--(HI$3:HI$4-$LI$3:$LI$4)^2)^0.5 -> 0 | HJ9: =SUMPRODUCT(--(HJ$3:HJ$4-$LJ$3:$LJ$4)^2)^0.5 -> 0 | HK9: =SUMPRODUCT(--(HK$3:HK$4-$LE$3:$LE$4)^2)^0.5 -> 0 | HL9: =SUMPRODUCT(--(HL$3:HL$4-$LF$3:$LF$4)^2)^0.5 -> 0 | HN9: =SUMPRODUCT(--(HN$3:HN$4-$LG$3:$LG$4)^2)^0.5 -> 0 | HO9: =SUMPRODUCT(--(HO$3:HO$4-$LH$3:$LH$4)^2)^0.5 -> 0 | HP9: =SUMPRODUCT(--(HP$3:HP$4-$LI$3:$LI$4)^2)^0.5 -> 0 | HQ9: =SUMPRODUCT(--(HQ$3:HQ$4-$LJ$3:$LJ$4)^2)^0.5 -> 0 | HR9: =SUMPRODUCT(--(HR$3:HR$4-$LE$3:$LE$4)^2)^0.5 -> 0 | HS9: =SUMPRODUCT(--(HS$3:HS$4-$LF$3:$LF$4)^2)^0.5 -> 0 | HU9: =SUMPRODUCT(--(HU$3:HU$4-$LG$3:$LG$4)^2)^0.5 -> 0 | HV9: =SUMPRODUCT(--(HV$3:HV$4-$LH$3:$LH$4)^2)^0.5 -> 0 | HW9: =SUMPRODUCT(--(HW$3:HW$4-$LI$3:$LI$4)^2)^0.5 -> 0 | HX9: =SUMPRODUCT(--(HX$3:HX$4-$LJ$3:$LJ$4)^2)^0.5 -> 0 | HY9: =SUMPRODUCT(--(HY$3:HY$4-$LE$3:$LE$4)^2)^0.5 -> 0 | HZ9: =SUMPRODUCT(--(HZ$3:HZ$4-$LF$3:$LF$4)^2)^0.5 -> 0 | IB9: =SUMPRODUCT(--(IB$3:IB$4-$LG$3:$LG$4)^2)^0.5 -> 0 | IC9: =SUMPRODUCT(--(IC$3:IC$4-$LH$3:$LH$4)^2)^0.5 -> 0 | ID9: =SUMPRODUCT(--(ID$3:ID$4-$LI$3:$LI$4)^2)^0.5 -> 0 | IE9: =SUMPRODUCT(--(IE$3:IE$4-$LJ$3:$LJ$4)^2)^0.5 -> 0 | IF9: =SUMPRODUCT(--(IF$3:IF$4-$LE$3:$LE$4)^2)^0.5 -> 0 | IG9: =SUMPRODUCT(--(IG$3:IG$4-$LF$3:$LF$4)^2)^0.5 -> 0 | II9: =SUMPRODUCT(--(II$3:II$4-$LG$3:$LG$4)^2)^0.5 -> 0 | IJ9: =SUMPRODUCT(--(IJ$3:IJ$4-$LH$3:$LH$4)^2)^0.5 -> 0 | IK9: =SUMPRODUCT(--(IK$3:IK$4-$LI$3:$LI$4)^2)^0.5 -> 0 | IL9: =SUMPRODUCT(--(IL$3:IL$4-$LJ$3:$LJ$4)^2)^0.5 -> 0 | IM9: =SUMPRODUCT(--(IM$3:IM$4-$LE$3:$LE$4)^2)^0.5 -> 0 | IN9: =SUMPRODUCT(--(IN$3:IN$4-$LF$3:$LF$4)^2)^0.5 -> 0 | IP9: =SUMPRODUCT(--(IP$3:IP$4-$LG$3:$LG$4)^2)^0.5 -> 0 | IQ9: =SUMPRODUCT(--(IQ$3:IQ$4-$LH$3:$LH$4)^2)^0.5 -> 0 | IR9: =SUMPRODUCT(--(IR$3:IR$4-$LI$3:$LI$4)^2)^0.5 -> 0 | IS9: =SUMPRODUCT(--(IS$3:IS$4-$LJ$3:$LJ$4)^2)^0.5 -> 0 | IT9: =SUMPRODUCT(--(IT$3:IT$4-$LE$3:$LE$4)^2)^0.5 -> 0 | IU9: =SUMPRODUCT(--(IU$3:IU$4-$LF$3:$LF$4)^2)^0.5 -> 0 | IW9: =SUMPRODUCT(--(IW$3:IW$4-$LG$3:$LG$4)^2)^0.5 -> 0 | IX9: =SUMPRODUCT(--(IX$3:IX$4-$LH$3:$LH$4)^2)^0.5 -> 0 | IY9: =SUMPRODUCT(--(IY$3:IY$4-$LI$3:$LI$4)^2)^0.5 -> 0 | IZ9: =SUMPRODUCT(--(IZ$3:IZ$4-$LJ$3:$LJ$4)^2)^0.5 -> 0 | JA9: =SUMPRODUCT(--(JA$3:JA$4-$LE$3:$LE$4)^2)^0.5 -> 0 | JB9: =SUMPRODUCT(--(JB$3:JB$4-$LF$3:$LF$4)^2)^0.5 -> 0 | JD9: =SUMPRODUCT(--(JD$3:JD$4-$LG$3:$LG$4)^2)^0.5 -> 0 | JE9: =SUMPRODUCT(--(JE$3:JE$4-$LH$3:$LH$4)^2)^0.5 -> 0 | JF9: =SUMPRODUCT(--(JF$3:JF$4-$LI$3:$LI$4)^2)^0.5 -> 0 | JG9: =SUMPRODUCT(--(JG$3:JG$4-$LJ$3:$LJ$4)^2)^0.5 -> 0 | JH9: =SUMPRODUCT(--(JH$3:JH$4-$LE$3:$LE$4)^2)^0.5 -> 0 | JI9: =SUMPRODUCT(--(JI$3:JI$4-$LF$3:$LF$4)^2)^0.5 -> 0 | JK9: =SUMPRODUCT(--(JK$3:JK$4-$LG$3:$LG$4)^2)^0.5 -> 0 | JL9: =SUMPRODUCT(--(JL$3:JL$4-$LH$3:$LH$4)^2)^0.5 -> 0 | JM9: =SUMPRODUCT(--(JM$3:JM$4-$LI$3:$LI$4)^2)^0.5 -> 0 | JN9: =SUMPRODUCT(--(JN$3:JN$4-$LJ$3:$LJ$4)^2)^0.5 -> 0 | JO9: =SUMPRODUCT(--(JO$3:JO$4-$LE$3:$LE$4)^2)^0.5 -> 0 | JP9: =SUMPRODUCT(--(JP$3:JP$4-$LF$3:$LF$4)^2)^0.5 -> 0 | JR9: =SUMPRODUCT(--(JR$3:JR$4-$LG$3:$LG$4)^2)^0.5 -> 0 | JS9: =SUMPRODUCT(--(JS$3:JS$4-$LH$3:$LH$4)^2)^0.5 -> 0 | JT9: =SUMPRODUCT(--(JT$3:JT$4-$LI$3:$LI$4)^2)^0.5 -> 0 | JU9: =SUMPRODUCT(--(JU$3:JU$4-$LJ$3:$LJ$4)^2)^0.5 -> 0 | JV9: =SUMPRODUCT(--(JV$3:JV$4-$LE$3:$LE$4)^2)^0.5 -> 0 | JW9: =SUMPRODUCT(--(JW$3:JW$4-$LF$3:$LF$4)^2)^0.5 -> 0 | JY9: =SUMPRODUCT(--(JY$3:JY$4-$LG$3:$LG$4)^2)^0.5 -> 0 | JZ9: =SUMPRODUCT(--(JZ$3:JZ$4-$LH$3:$LH$4)^2)^0.5 -> 0 | KA9: =SUMPRODUCT(--(KA$3:KA$4-$LI$3:$LI$4)^2)^0.5 -> 0 | KB9: =SUMPRODUCT(--(KB$3:KB$4-$LJ$3:$LJ$4)^2)^0.5 -> 0 | KC9: =SUMPRODUCT(--(KC$3:KC$4-$LE$3:$LE$4)^2)^0.5 -> 0 | KD9: =SUMPRODUCT(--(KD$3:KD$4-$LF$3:$LF$4)^2)^0.5 -> 0 | KF9: =SUMPRODUCT(--(KF$3:KF$4-$LG$3:$LG$4)^2)^0.5 -> 0 | KG9: =SUMPRODUCT(--(KG$3:KG$4-$LH$3:$LH$4)^2)^0.5 -> 0 | KH9: =SUMPRODUCT(--(KH$3:KH$4-$LI$3:$LI$4)^2)^0.5 -> 0 | KI9: =SUMPRODUCT(--(KI$3:KI$4-$LJ$3:$LJ$4)^2)^0.5 -> 0 | KJ9: =SUMPRODUCT(--(KJ$3:KJ$4-$LE$3:$LE$4)^2)^0.5 -> 0 | KK9: =SUMPRODUCT(--(KK$3:KK$4-$LF$3:$LF$4)^2)^0.5 -> 0 | KM9: =SUMPRODUCT(--(KM$3:KM$4-$LG$3:$LG$4)^2)^0.5 -> 0 | KN9: =SUMPRODUCT(--(KN$3:KN$4-$LH$3:$LH$4)^2)^0.5 -> 0 | KO9: =SUMPRODUCT(--(KO$3:KO$4-$LI$3:$LI$4)^2)^0.5 -> 0 | KP9: =SUMPRODUCT(--(KP$3:KP$4-$LJ$3:$LJ$4)^2)^0.5 -> 0 | KQ9: =SUMPRODUCT(--(KQ$3:KQ$4-$LE$3:$LE$4)^2)^0.5 -> 0 | KR9: =SUMPRODUCT(--(KR$3:KR$4-$LF$3:$LF$4)^2)^0.5 -> 0 | KT9: =SUMPRODUCT(--(KT$3:KT$4-$LG$3:$LG$4)^2)^0.5 -> 0 | KU9: =SUMPRODUCT(--(KU$3:KU$4-$LH$3:$LH$4)^2)^0.5 -> 0 | KV9: =SUMPRODUCT(--(KV$3:KV$4-$LI$3:$LI$4)^2)^0.5 -> 0 | KW9: =SUMPRODUCT(--(KW$3:KW$4-$LJ$3:$LJ$4)^2)^0.5 -> 0 | KX9: =SUMPRODUCT(--(KX$3:KX$4-$LE$3:$LE$4)^2)^0.5 -> 0 | KY9: =SUMPRODUCT(--(KY$3:KY$4-$LF$3:$LF$4)^2)^0.5 -> 0 | LA9: =SUMPRODUCT(--(LA$3:LA$4-$LG$3:$LG$4)^2)^0.5 -> 0 | LB9: =SUMPRODUCT(--(LB$3:LB$4-$LH$3:$LH$4)^2)^0.5 -> 0 | LC9: =SUMPRODUCT(--(LC$3:LC$4-$LI$3:$LI$4)^2)^0.5 -> 0 | LD9: =SUMPRODUCT(--(LD$3:LD$4-$LJ$3:$LJ$4)^2)^0.5 -> 0
A10: BEST | B10: =SUMPRODUCT(NOT(ISBLANK(B$3:B$4))*(B$3:B$4=$LE$3:$LE$4)) -> 0 | H10: =SUMPRODUCT(NOT(ISBLANK(H$3:H$4))*(H$3:H$4=$LJ$3:$LJ$4)) -> 0 | I10: =SUMPRODUCT(NOT(ISBLANK(I$3:I$4))*(I$3:I$4=$LE$3:$LE$4)) -> 0 | O10: =SUMPRODUCT(NOT(ISBLANK(O$3:O$4))*(O$3:O$4=$LJ$3:$LJ$4)) -> 0 | P10: =SUMPRODUCT(NOT(ISBLANK(P$3:P$4))*(P$3:P$4=$LE$3:$LE$4)) -> 0 | V10: =SUMPRODUCT(NOT(ISBLANK(V$3:V$4))*(V$3:V$4=$LJ$3:$LJ$4)) -> 0 | W10: =SUMPRODUCT(NOT(ISBLANK(W$3:W$4))*(W$3:W$4=$LE$3:$LE$4)) -> 0 | AC10: =SUMPRODUCT(NOT(ISBLANK(AC$3:AC$4))*(AC$3:AC$4=$LJ$3:$LJ$4)) -> 0 | AD10: =SUMPRODUCT(NOT(ISBLANK(AD$3:AD$4))*(AD$3:AD$4=$LE$3:$LE$4)) -> 0 | AJ10: =SUMPRODUCT(NOT(ISBLANK(AJ$3:AJ$4))*(AJ$3:AJ$4=$LJ$3:$LJ$4)) -> 0 | AK10: =SUMPRODUCT(NOT(ISBLANK(AK$3:AK$4))*(AK$3:AK$4=$LE$3:$LE$4)) -> 0 | AQ10: =SUMPRODUCT(NOT(ISBLANK(AQ$3:AQ$4))*(AQ$3:AQ$4=$LJ$3:$LJ$4)) -> 0 | AR10: =SUMPRODUCT(NOT(ISBLANK(AR$3:AR$4))*(AR$3:AR$4=$LE$3:$LE$4)) -> 0 | AX10: =SUMPRODUCT(NOT(ISBLANK(AX$3:AX$4))*(AX$3:AX$4=$LJ$3:$LJ$4)) -> 0 | AY10: =SUMPRODUCT(NOT(ISBLANK(AY$3:AY$4))*(AY$3:AY$4=$LE$3:$LE$4)) -> 0 | BE10: =SUMPRODUCT(NOT(ISBLANK(BE$3:BE$4))*(BE$3:BE$4=$LJ$3:$LJ$4)) -> 0 | BF10: =SUMPRODUCT(NOT(ISBLANK(BF$3:BF$4))*(BF$3:BF$4=$LE$3:$LE$4)) -> 0 | BL10: =SUMPRODUCT(NOT(ISBLANK(BL$3:BL$4))*(BL$3:BL$4=$LJ$3:$LJ$4)) -> 0 | BM10: =SUMPRODUCT(NOT(ISBLANK(BM$3:BM$4))*(BM$3:BM$4=$LE$3:$LE$4)) -> 0 | BS10: =SUMPRODUCT(NOT(ISBLANK(BS$3:BS$4))*(BS$3:BS$4=$LJ$3:$LJ$4)) -> 0 | BT10: =SUMPRODUCT(NOT(ISBLANK(BT$3:BT$4))*(BT$3:BT$4=$LE$3:$LE$4)) -> 0 | BZ10: =SUMPRODUCT(NOT(ISBLANK(BZ$3:BZ$4))*(BZ$3:BZ$4=$LJ$3:$LJ$4)) -> 0 | CA10: =SUMPRODUCT(NOT(ISBLANK(CA$3:CA$4))*(CA$3:CA$4=$LE$3:$LE$4)) -> 0 | CG10: =SUMPRODUCT(NOT(ISBLANK(CG$3:CG$4))*(CG$3:CG$4=$LJ$3:$LJ$4)) -> 0 | CH10: =SUMPRODUCT(NOT(ISBLANK(CH$3:CH$4))*(CH$3:CH$4=$LE$3:$LE$4)) -> 0 | CI10: =SUMPRODUCT(NOT(ISBLANK(CI$3:CI$4))*(CI$3:CI$4=$LF$3:$LF$4)) -> 0 | CK10: =SUMPRODUCT(NOT(ISBLANK(CK$3:CK$4))*(CK$3:CK$4=$LG$3:$LG$4)) -> 0 | CL10: =SUMPRODUCT(NOT(ISBLANK(CL$3:CL$4))*(CL$3:CL$4=$LH$3:$LH$4)) -> 0 | CM10: =SUMPRODUCT(NOT(ISBLANK(CM$3:CM$4))*(CM$3:CM$4=$LI$3:$LI$4)) -> 0 | CN10: =SUMPRODUCT(NOT(ISBLANK(CN$3:CN$4))*(CN$3:CN$4=$LJ$3:$LJ$4)) -> 0 | CO10: =SUMPRODUCT(NOT(ISBLANK(CO$3:CO$4))*(CO$3:CO$4=$LE$3:$LE$4)) -> 0 | CP10: =SUMPRODUCT(NOT(ISBLANK(CP$3:CP$4))*(CP$3:CP$4=$LF$3:$LF$4)) -> 0 | CR10: =SUMPRODUCT(NOT(ISBLANK(CR$3:CR$4))*(CR$3:CR$4=$LG$3:$LG$4)) -> 0 | CS10: =SUMPRODUCT(NOT(ISBLANK(CS$3:CS$4))*(CS$3:CS$4=$LH$3:$LH$4)) -> 0 | CT10: =SUMPRODUCT(NOT(ISBLANK(CT$3:CT$4))*(CT$3:CT$4=$LI$3:$LI$4)) -> 0 | CU10: =SUMPRODUCT(NOT(ISBLANK(CU$3:CU$4))*(CU$3:CU$4=$LJ$3:$LJ$4)) -> 0 | CV10: =SUMPRODUCT(NOT(ISBLANK(CV$3:CV$4))*(CV$3:CV$4=$LE$3:$LE$4)) -> 0 | CW10: =SUMPRODUCT(NOT(ISBLANK(CW$3:CW$4))*(CW$3:CW$4=$LF$3:$LF$4)) -> 0 | CY10: =SUMPRODUCT(NOT(ISBLANK(CY$3:CY$4))*(CY$3:CY$4=$LG$3:$LG$4)) -> 0 | CZ10: =SUMPRODUCT(NOT(ISBLANK(CZ$3:CZ$4))*(CZ$3:CZ$4=$LH$3:$LH$4)) -> 0 | DA10: =SUMPRODUCT(NOT(ISBLANK(DA$3:DA$4))*(DA$3:DA$4=$LI$3:$LI$4)) -> 0 | DB10: =SUMPRODUCT(NOT(ISBLANK(DB$3:DB$4))*(DB$3:DB$4=$LJ$3:$LJ$4)) -> 0 | DC10: =SUMPRODUCT(NOT(ISBLANK(DC$3:DC$4))*(DC$3:DC$4=$LE$3:$LE$4)) -> 0 | DD10: =SUMPRODUCT(NOT(ISBLANK(DD$3:DD$4))*(DD$3:DD$4=$LF$3:$LF$4)) -> 0 | DF10: =SUMPRODUCT(NOT(ISBLANK(DF$3:DF$4))*(DF$3:DF$4=$LG$3:$LG$4)) -> 0 | DG10: =SUMPRODUCT(NOT(ISBLANK(DG$3:DG$4))*(DG$3:DG$4=$LH$3:$LH$4)) -> 0 | DH10: =SUMPRODUCT(NOT(ISBLANK(DH$3:DH$4))*(DH$3:DH$4=$LI$3:$LI$4)) -> 0 | DI10: =SUMPRODUCT(NOT(ISBLANK(DI$3:DI$4))*(DI$3:DI$4=$LJ$3:$LJ$4)) -> 0 | DJ10: =SUMPRODUCT(NOT(ISBLANK(DJ$3:DJ$4))*(DJ$3:DJ$4=$LE$3:$LE$4)) -> 0 | DK10: =SUMPRODUCT(NOT(ISBLANK(DK$3:DK$4))*(DK$3:DK$4=$LF$3:$LF$4)) -> 0 | DM10: =SUMPRODUCT(NOT(ISBLANK(DM$3:DM$4))*(DM$3:DM$4=$LG$3:$LG$4)) -> 0 | DN10: =SUMPRODUCT(NOT(ISBLANK(DN$3:DN$4))*(DN$3:DN$4=$LH$3:$LH$4)) -> 0 | DO10: =SUMPRODUCT(NOT(ISBLANK(DO$3:DO$4))*(DO$3:DO$4=$LI$3:$LI$4)) -> 0 | DP10: =SUMPRODUCT(NOT(ISBLANK(DP$3:DP$4))*(DP$3:DP$4=$LJ$3:$LJ$4)) -> 0 | DQ10: =SUMPRODUCT(NOT(ISBLANK(DQ$3:DQ$4))*(DQ$3:DQ$4=$LE$3:$LE$4)) -> 0 | DR10: =SUMPRODUCT(NOT(ISBLANK(DR$3:DR$4))*(DR$3:DR$4=$LF$3:$LF$4)) -> 0 | DT10: =SUMPRODUCT(NOT(ISBLANK(DT$3:DT$4))*(DT$3:DT$4=$LG$3:$LG$4)) -> 0 | DU10: =SUMPRODUCT(NOT(ISBLANK(DU$3:DU$4))*(DU$3:DU$4=$LH$3:$LH$4)) -> 0 | DV10: =SUMPRODUCT(NOT(ISBLANK(DV$3:DV$4))*(DV$3:DV$4=$LI$3:$LI$4)) -> 0 | DW10: =SUMPRODUCT(NOT(ISBLANK(DW$3:DW$4))*(DW$3:DW$4=$LJ$3:$LJ$4)) -> 0 | DX10: =SUMPRODUCT(NOT(ISBLANK(DX$3:DX$4))*(DX$3:DX$4=$LE$3:$LE$4)) -> 0 | DY10: =SUMPRODUCT(NOT(ISBLANK(DY$3:DY$4))*(DY$3:DY$4=$LF$3:$LF$4)) -> 0 | EA10: =SUMPRODUCT(NOT(ISBLANK(EA$3:EA$4))*(EA$3:EA$4=$LG$3:$LG$4)) -> 0 | EB10: =SUMPRODUCT(NOT(ISBLANK(EB$3:EB$4))*(EB$3:EB$4=$LH$3:$LH$4)) -> 0 | EC10: =SUMPRODUCT(NOT(ISBLANK(EC$3:EC$4))*(EC$3:EC$4=$LI$3:$LI$4)) -> 0 | ED10: =SUMPRODUCT(NOT(ISBLANK(ED$3:ED$4))*(ED$3:ED$4=$LJ$3:$LJ$4)) -> 0 | EE10: =SUMPRODUCT(NOT(ISBLANK(EE$3:EE$4))*(EE$3:EE$4=$LE$3:$LE$4)) -> 0 | EF10: =SUMPRODUCT(NOT(ISBLANK(EF$3:EF$4))*(EF$3:EF$4=$LF$3:$LF$4)) -> 0 | EH10: =SUMPRODUCT(NOT(ISBLANK(EH$3:EH$4))*(EH$3:EH$4=$LG$3:$LG$4)) -> 0 | EI10: =SUMPRODUCT(NOT(ISBLANK(EI$3:EI$4))*(EI$3:EI$4=$LH$3:$LH$4)) -> 0 | EJ10: =SUMPRODUCT(NOT(ISBLANK(EJ$3:EJ$4))*(EJ$3:EJ$4=$LI$3:$LI$4)) -> 0 | EK10: =SUMPRODUCT(NOT(ISBLANK(EK$3:EK$4))*(EK$3:EK$4=$LJ$3:$LJ$4)) -> 0 | EL10: =SUMPRODUCT(NOT(ISBLANK(EL$3:EL$4))*(EL$3:EL$4=$LE$3:$LE$4)) -> 0 | EM10: =SUMPRODUCT(NOT(ISBLANK(EM$3:EM$4))*(EM$3:EM$4=$LF$3:$LF$4)) -> 0 | EO10: =SUMPRODUCT(NOT(ISBLANK(EO$3:EO$4))*(EO$3:EO$4=$LG$3:$LG$4)) -> 0 | EP10: =SUMPRODUCT(NOT(ISBLANK(EP$3:EP$4))*(EP$3:EP$4=$LH$3:$LH$4)) -> 0 | EQ10: =SUMPRODUCT(NOT(ISBLANK(EQ$3:EQ$4))*(EQ$3:EQ$4=$LI$3:$LI$4)) -> 0 | ER10: =SUMPRODUCT(NOT(ISBLANK(ER$3:ER$4))*(ER$3:ER$4=$LJ$3:$LJ$4)) -> 0 | ES10: =SUMPRODUCT(NOT(ISBLANK(ES$3:ES$4))*(ES$3:ES$4=$LE$3:$LE$4)) -> 0 | ET10: =SUMPRODUCT(NOT(ISBLANK(ET$3:ET$4))*(ET$3:ET$4=$LF$3:$LF$4)) -> 0 | EV10: =SUMPRODUCT(NOT(ISBLANK(EV$3:EV$4))*(EV$3:EV$4=$LG$3:$LG$4)) -> 0 | EW10: =SUMPRODUCT(NOT(ISBLANK(EW$3:EW$4))*(EW$3:EW$4=$LH$3:$LH$4)) -> 0 | EX10: =SUMPRODUCT(NOT(ISBLANK(EX$3:EX$4))*(EX$3:EX$4=$LI$3:$LI$4)) -> 0 | EY10: =SUMPRODUCT(NOT(ISBLANK(EY$3:EY$4))*(EY$3:EY$4=$LJ$3:$LJ$4)) -> 0 | EZ10: =SUMPRODUCT(NOT(ISBLANK(EZ$3:EZ$4))*(EZ$3:EZ$4=$LE$3:$LE$4)) -> 0 | FA10: =SUMPRODUCT(NOT(ISBLANK(FA$3:FA$4))*(FA$3:FA$4=$LF$3:$LF$4)) -> 0 | FC10: =SUMPRODUCT(NOT(ISBLANK(FC$3:FC$4))*(FC$3:FC$4=$LG$3:$LG$4)) -> 0 | FD10: =SUMPRODUCT(NOT(ISBLANK(FD$3:FD$4))*(FD$3:FD$4=$LH$3:$LH$4)) -> 0 | FE10: =SUMPRODUCT(NOT(ISBLANK(FE$3:FE$4))*(FE$3:FE$4=$LI$3:$LI$4)) -> 0 | FF10: =SUMPRODUCT(NOT(ISBLANK(FF$3:FF$4))*(FF$3:FF$4=$LJ$3:$LJ$4)) -> 0 | FG10: =SUMPRODUCT(NOT(ISBLANK(FG$3:FG$4))*(FG$3:FG$4=$LE$3:$LE$4)) -> 0 | FH10: =SUMPRODUCT(NOT(ISBLANK(FH$3:FH$4))*(FH$3:FH$4=$LF$3:$LF$4)) -> 0 | FJ10: =SUMPRODUCT(NOT(ISBLANK(FJ$3:FJ$4))*(FJ$3:FJ$4=$LG$3:$LG$4)) -> 0 | FK10: =SUMPRODUCT(NOT(ISBLANK(FK$3:FK$4))*(FK$3:FK$4=$LH$3:$LH$4)) -> 0 | FL10: =SUMPRODUCT(NOT(ISBLANK(FL$3:FL$4))*(FL$3:FL$4=$LI$3:$LI$4)) -> 0 | FM10: =SUMPRODUCT(NOT(ISBLANK(FM$3:FM$4))*(FM$3:FM$4=$LJ$3:$LJ$4)) -> 0 | FN10: =SUMPRODUCT(NOT(ISBLANK(FN$3:FN$4))*(FN$3:FN$4=$LE$3:$LE$4)) -> 0 | FO10: =SUMPRODUCT(NOT(ISBLANK(FO$3:FO$4))*(FO$3:FO$4=$LF$3:$LF$4)) -> 0 | FQ10: =SUMPRODUCT(NOT(ISBLANK(FQ$3:FQ$4))*(FQ$3:FQ$4=$LG$3:$LG$4)) -> 0 | FR10: =SUMPRODUCT(NOT(ISBLANK(FR$3:FR$4))*(FR$3:FR$4=$LH$3:$LH$4)) -> 0 | FS10: =SUMPRODUCT(NOT(ISBLANK(FS$3:FS$4))*(FS$3:FS$4=$LI$3:$LI$4)) -> 0 | FT10: =SUMPRODUCT(NOT(ISBLANK(FT$3:FT$4))*(FT$3:FT$4=$LJ$3:$LJ$4)) -> 0 | FU10: =SUMPRODUCT(NOT(ISBLANK(FU$3:FU$4))*(FU$3:FU$4=$LE$3:$LE$4)) -> 0 | FV10: =SUMPRODUCT(NOT(ISBLANK(FV$3:FV$4))*(FV$3:FV$4=$LF$3:$LF$4)) -> 0 | FX10: =SUMPRODUCT(NOT(ISBLANK(FX$3:FX$4))*(FX$3:FX$4=$LG$3:$LG$4)) -> 0 | FY10: =SUMPRODUCT(NOT(ISBLANK(FY$3:FY$4))*(FY$3:FY$4=$LH$3:$LH$4)) -> 0 | FZ10: =SUMPRODUCT(NOT(ISBLANK(FZ$3:FZ$4))*(FZ$3:FZ$4=$LI$3:$LI$4)) -> 0 | GA10: =SUMPRODUCT(NOT(ISBLANK(GA$3:GA$4))*(GA$3:GA$4=$LJ$3:$LJ$4)) -> 0 | GB10: =SUMPRODUCT(NOT(ISBLANK(GB$3:GB$4))*(GB$3:GB$4=$LE$3:$LE$4)) -> 0 | GC10: =SUMPRODUCT(NOT(ISBLANK(GC$3:GC$4))*(GC$3:GC$4=$LF$3:$LF$4)) -> 0 | GE10: =SUMPRODUCT(NOT(ISBLANK(GE$3:GE$4))*(GE$3:GE$4=$LG$3:$LG$4)) -> 0 | GF10: =SUMPRODUCT(NOT(ISBLANK(GF$3:GF$4))*(GF$3:GF$4=$LH$3:$LH$4)) -> 0 | GG10: =SUMPRODUCT(NOT(ISBLANK(GG$3:GG$4))*(GG$3:GG$4=$LI$3:$LI$4)) -> 0 | GH10: =SUMPRODUCT(NOT(ISBLANK(GH$3:GH$4))*(GH$3:GH$4=$LJ$3:$LJ$4)) -> 0 | GI10: =SUMPRODUCT(NOT(ISBLANK(GI$3:GI$4))*(GI$3:GI$4=$LE$3:$LE$4)) -> 0 | GJ10: =SUMPRODUCT(NOT(ISBLANK(GJ$3:GJ$4))*(GJ$3:GJ$4=$LF$3:$LF$4)) -> 0 | GL10: =SUMPRODUCT(NOT(ISBLANK(GL$3:GL$4))*(GL$3:GL$4=$LG$3:$LG$4)) -> 0 | GM10: =SUMPRODUCT(NOT(ISBLANK(GM$3:GM$4))*(GM$3:GM$4=$LH$3:$LH$4)) -> 0 | GN10: =SUMPRODUCT(NOT(ISBLANK(GN$3:GN$4))*(GN$3:GN$4=$LI$3:$LI$4)) -> 0 | GO10: =SUMPRODUCT(NOT(ISBLANK(GO$3:GO$4))*(GO$3:GO$4=$LJ$3:$LJ$4)) -> 0 | GP10: =SUMPRODUCT(NOT(ISBLANK(GP$3:GP$4))*(GP$3:GP$4=$LE$3:$LE$4)) -> 0 | GQ10: =SUMPRODUCT(NOT(ISBLANK(GQ$3:GQ$4))*(GQ$3:GQ$4=$LF$3:$LF$4)) -> 0 | GS10: =SUMPRODUCT(NOT(ISBLANK(GS$3:GS$4))*(GS$3:GS$4=$LG$3:$LG$4)) -> 0 | GT10: =SUMPRODUCT(NOT(ISBLANK(GT$3:GT$4))*(GT$3:GT$4=$LH$3:$LH$4)) -> 0 | GU10: =SUMPRODUCT(NOT(ISBLANK(GU$3:GU$4))*(GU$3:GU$4=$LI$3:$LI$4)) -> 0 | GV10: =SUMPRODUCT(NOT(ISBLANK(GV$3:GV$4))*(GV$3:GV$4=$LJ$3:$LJ$4)) -> 0 | GW10: =SUMPRODUCT(NOT(ISBLANK(GW$3:GW$4))*(GW$3:GW$4=$LE$3:$LE$4)) -> 0 | GX10: =SUMPRODUCT(NOT(ISBLANK(GX$3:GX$4))*(GX$3:GX$4=$LF$3:$LF$4)) -> 0 | GZ10: =SUMPRODUCT(NOT(ISBLANK(GZ$3:GZ$4))*(GZ$3:GZ$4=$LG$3:$LG$4)) -> 0 | HA10: =SUMPRODUCT(NOT(ISBLANK(HA$3:HA$4))*(HA$3:HA$4=$LH$3:$LH$4)) -> 0 | HB10: =SUMPRODUCT(NOT(ISBLANK(HB$3:HB$4))*(HB$3:HB$4=$LI$3:$LI$4)) -> 0 | HC10: =SUMPRODUCT(NOT(ISBLANK(HC$3:HC$4))*(HC$3:HC$4=$LJ$3:$LJ$4)) -> 0 | HD10: =SUMPRODUCT(NOT(ISBLANK(HD$3:HD$4))*(HD$3:HD$4=$LE$3:$LE$4)) -> 0 | HE10: =SUMPRODUCT(NOT(ISBLANK(HE$3:HE$4))*(HE$3:HE$4=$LF$3:$LF$4)) -> 0 | HG10: =SUMPRODUCT(NOT(ISBLANK(HG$3:HG$4))*(HG$3:HG$4=$LG$3:$LG$4)) -> 0 | HH10: =SUMPRODUCT(NOT(ISBLANK(HH$3:HH$4))*(HH$3:HH$4=$LH$3:$LH$4)) -> 0 | HI10: =SUMPRODUCT(NOT(ISBLANK(HI$3:HI$4))*(HI$3:HI$4=$LI$3:$LI$4)) -> 0 | HJ10: =SUMPRODUCT(NOT(ISBLANK(HJ$3:HJ$4))*(HJ$3:HJ$4=$LJ$3:$LJ$4)) -> 0 | HK10: =SUMPRODUCT(NOT(ISBLANK(HK$3:HK$4))*(HK$3:HK$4=$LE$3:$LE$4)) -> 0 | HL10: =SUMPRODUCT(NOT(ISBLANK(HL$3:HL$4))*(HL$3:HL$4=$LF$3:$LF$4)) -> 0 | HN10: =SUMPRODUCT(NOT(ISBLANK(HN$3:HN$4))*(HN$3:HN$4=$LG$3:$LG$4)) -> 0 | HO10: =SUMPRODUCT(NOT(ISBLANK(HO$3:HO$4))*(HO$3:HO$4=$LH$3:$LH$4)) -> 0 | HP10: =SUMPRODUCT(NOT(ISBLANK(HP$3:HP$4))*(HP$3:HP$4=$LI$3:$LI$4)) -> 0 | HQ10: =SUMPRODUCT(NOT(ISBLANK(HQ$3:HQ$4))*(HQ$3:HQ$4=$LJ$3:$LJ$4)) -> 0 | HR10: =SUMPRODUCT(NOT(ISBLANK(HR$3:HR$4))*(HR$3:HR$4=$LE$3:$LE$4)) -> 0 | HS10: =SUMPRODUCT(NOT(ISBLANK(HS$3:HS$4))*(HS$3:HS$4=$LF$3:$LF$4)) -> 0 | HU10: =SUMPRODUCT(NOT(ISBLANK(HU$3:HU$4))*(HU$3:HU$4=$LG$3:$LG$4)) -> 0 | HV10: =SUMPRODUCT(NOT(ISBLANK(HV$3:HV$4))*(HV$3:HV$4=$LH$3:$LH$4)) -> 0 | HW10: =SUMPRODUCT(NOT(ISBLANK(HW$3:HW$4))*(HW$3:HW$4=$LI$3:$LI$4)) -> 0 | HX10: =SUMPRODUCT(NOT(ISBLANK(HX$3:HX$4))*(HX$3:HX$4=$LJ$3:$LJ$4)) -> 0 | HY10: =SUMPRODUCT(NOT(ISBLANK(HY$3:HY$4))*(HY$3:HY$4=$LE$3:$LE$4)) -> 0 | HZ10: =SUMPRODUCT(NOT(ISBLANK(HZ$3:HZ$4))*(HZ$3:HZ$4=$LF$3:$LF$4)) -> 0 | IB10: =SUMPRODUCT(NOT(ISBLANK(IB$3:IB$4))*(IB$3:IB$4=$LG$3:$LG$4)) -> 0 | IC10: =SUMPRODUCT(NOT(ISBLANK(IC$3:IC$4))*(IC$3:IC$4=$LH$3:$LH$4)) -> 0 | ID10: =SUMPRODUCT(NOT(ISBLANK(ID$3:ID$4))*(ID$3:ID$4=$LI$3:$LI$4)) -> 0 | IE10: =SUMPRODUCT(NOT(ISBLANK(IE$3:IE$4))*(IE$3:IE$4=$LJ$3:$LJ$4)) -> 0 | IF10: =SUMPRODUCT(NOT(ISBLANK(IF$3:IF$4))*(IF$3:IF$4=$LE$3:$LE$4)) -> 0 | IG10: =SUMPRODUCT(NOT(ISBLANK(IG$3:IG$4))*(IG$3:IG$4=$LF$3:$LF$4)) -> 0 | II10: =SUMPRODUCT(NOT(ISBLANK(II$3:II$4))*(II$3:II$4=$LG$3:$LG$4)) -> 0 | IJ10: =SUMPRODUCT(NOT(ISBLANK(IJ$3:IJ$4))*(IJ$3:IJ$4=$LH$3:$LH$4)) -> 0 | IK10: =SUMPRODUCT(NOT(ISBLANK(IK$3:IK$4))*(IK$3:IK$4=$LI$3:$LI$4)) -> 0 | IL10: =SUMPRODUCT(NOT(ISBLANK(IL$3:IL$4))*(IL$3:IL$4=$LJ$3:$LJ$4)) -> 0 | IM10: =SUMPRODUCT(NOT(ISBLANK(IM$3:IM$4))*(IM$3:IM$4=$LE$3:$LE$4)) -> 0 | IN10: =SUMPRODUCT(NOT(ISBLANK(IN$3:IN$4))*(IN$3:IN$4=$LF$3:$LF$4)) -> 0 | IP10: =SUMPRODUCT(NOT(ISBLANK(IP$3:IP$4))*(IP$3:IP$4=$LG$3:$LG$4)) -> 0 | IQ10: =SUMPRODUCT(NOT(ISBLANK(IQ$3:IQ$4))*(IQ$3:IQ$4=$LH$3:$LH$4)) -> 0 | IR10: =SUMPRODUCT(NOT(ISBLANK(IR$3:IR$4))*(IR$3:IR$4=$LI$3:$LI$4)) -> 0 | IS10: =SUMPRODUCT(NOT(ISBLANK(IS$3:IS$4))*(IS$3:IS$4=$LJ$3:$LJ$4)) -> 0 | IT10: =SUMPRODUCT(NOT(ISBLANK(IT$3:IT$4))*(IT$3:IT$4=$LE$3:$LE$4)) -> 0 | IU10: =SUMPRODUCT(NOT(ISBLANK(IU$3:IU$4))*(IU$3:IU$4=$LF$3:$LF$4)) -> 0 | IW10: =SUMPRODUCT(NOT(ISBLANK(IW$3:IW$4))*(IW$3:IW$4=$LG$3:$LG$4)) -> 0 | IX10: =SUMPRODUCT(NOT(ISBLANK(IX$3:IX$4))*(IX$3:IX$4=$LH$3:$LH$4)) -> 0 | IY10: =SUMPRODUCT(NOT(ISBLANK(IY$3:IY$4))*(IY$3:IY$4=$LI$3:$LI$4)) -> 0 | IZ10: =SUMPRODUCT(NOT(ISBLANK(IZ$3:IZ$4))*(IZ$3:IZ$4=$LJ$3:$LJ$4)) -> 0 | JA10: =SUMPRODUCT(NOT(ISBLANK(JA$3:JA$4))*(JA$3:JA$4=$LE$3:$LE$4)) -> 0 | JB10: =SUMPRODUCT(NOT(ISBLANK(JB$3:JB$4))*(JB$3:JB$4=$LF$3:$LF$4)) -> 0 | JD10: =SUMPRODUCT(NOT(ISBLANK(JD$3:JD$4))*(JD$3:JD$4=$LG$3:$LG$4)) -> 0 | JE10: =SUMPRODUCT(NOT(ISBLANK(JE$3:JE$4))*(JE$3:JE$4=$LH$3:$LH$4)) -> 0 | JF10: =SUMPRODUCT(NOT(ISBLANK(JF$3:JF$4))*(JF$3:JF$4=$LI$3:$LI$4)) -> 0 | JG10: =SUMPRODUCT(NOT(ISBLANK(JG$3:JG$4))*(JG$3:JG$4=$LJ$3:$LJ$4)) -> 0 | JH10: =SUMPRODUCT(NOT(ISBLANK(JH$3:JH$4))*(JH$3:JH$4=$LE$3:$LE$4)) -> 0 | JI10: =SUMPRODUCT(NOT(ISBLANK(JI$3:JI$4))*(JI$3:JI$4=$LF$3:$LF$4)) -> 0 | JK10: =SUMPRODUCT(NOT(ISBLANK(JK$3:JK$4))*(JK$3:JK$4=$LG$3:$LG$4)) -> 0 | JL10: =SUMPRODUCT(NOT(ISBLANK(JL$3:JL$4))*(JL$3:JL$4=$LH$3:$LH$4)) -> 0 | JM10: =SUMPRODUCT(NOT(ISBLANK(JM$3:JM$4))*(JM$3:JM$4=$LI$3:$LI$4)) -> 0 | JN10: =SUMPRODUCT(NOT(ISBLANK(JN$3:JN$4))*(JN$3:JN$4=$LJ$3:$LJ$4)) -> 0 | JO10: =SUMPRODUCT(NOT(ISBLANK(JO$3:JO$4))*(JO$3:JO$4=$LE$3:$LE$4)) -> 0 | JP10: =SUMPRODUCT(NOT(ISBLANK(JP$3:JP$4))*(JP$3:JP$4=$LF$3:$LF$4)) -> 0 | JR10: =SUMPRODUCT(NOT(ISBLANK(JR$3:JR$4))*(JR$3:JR$4=$LG$3:$LG$4)) -> 0 | JS10: =SUMPRODUCT(NOT(ISBLANK(JS$3:JS$4))*(JS$3:JS$4=$LH$3:$LH$4)) -> 0 | JT10: =SUMPRODUCT(NOT(ISBLANK(JT$3:JT$4))*(JT$3:JT$4=$LI$3:$LI$4)) -> 0 | JU10: =SUMPRODUCT(NOT(ISBLANK(JU$3:JU$4))*(JU$3:JU$4=$LJ$3:$LJ$4)) -> 0 | JV10: =SUMPRODUCT(NOT(ISBLANK(JV$3:JV$4))*(JV$3:JV$4=$LE$3:$LE$4)) -> 0 | JW10: =SUMPRODUCT(NOT(ISBLANK(JW$3:JW$4))*(JW$3:JW$4=$LF$3:$LF$4)) -> 0 | JY10: =SUMPRODUCT(NOT(ISBLANK(JY$3:JY$4))*(JY$3:JY$4=$LG$3:$LG$4)) -> 0 | JZ10: =SUMPRODUCT(NOT(ISBLANK(JZ$3:JZ$4))*(JZ$3:JZ$4=$LH$3:$LH$4)) -> 0 | KA10: =SUMPRODUCT(NOT(ISBLANK(KA$3:KA$4))*(KA$3:KA$4=$LI$3:$LI$4)) -> 0 | KB10: =SUMPRODUCT(NOT(ISBLANK(KB$3:KB$4))*(KB$3:KB$4=$LJ$3:$LJ$4)) -> 0 | KC10: =SUMPRODUCT(NOT(ISBLANK(KC$3:KC$4))*(KC$3:KC$4=$LE$3:$LE$4)) -> 0 | KD10: =SUMPRODUCT(NOT(ISBLANK(KD$3:KD$4))*(KD$3:KD$4=$LF$3:$LF$4)) -> 0 | KF10: =SUMPRODUCT(NOT(ISBLANK(KF$3:KF$4))*(KF$3:KF$4=$LG$3:$LG$4)) -> 0 | KG10: =SUMPRODUCT(NOT(ISBLANK(KG$3:KG$4))*(KG$3:KG$4=$LH$3:$LH$4)) -> 0 | KH10: =SUMPRODUCT(NOT(ISBLANK(KH$3:KH$4))*(KH$3:KH$4=$LI$3:$LI$4)) -> 0 | KI10: =SUMPRODUCT(NOT(ISBLANK(KI$3:KI$4))*(KI$3:KI$4=$LJ$3:$LJ$4)) -> 0 | KJ10: =SUMPRODUCT(NOT(ISBLANK(KJ$3:KJ$4))*(KJ$3:KJ$4=$LE$3:$LE$4)) -> 0 | KK10: =SUMPRODUCT(NOT(ISBLANK(KK$3:KK$4))*(KK$3:KK$4=$LF$3:$LF$4)) -> 0 | KM10: =SUMPRODUCT(NOT(ISBLANK(KM$3:KM$4))*(KM$3:KM$4=$LG$3:$LG$4)) -> 0 | KN10: =SUMPRODUCT(NOT(ISBLANK(KN$3:KN$4))*(KN$3:KN$4=$LH$3:$LH$4)) -> 0 | KO10: =SUMPRODUCT(NOT(ISBLANK(KO$3:KO$4))*(KO$3:KO$4=$LI$3:$LI$4)) -> 0 | KP10: =SUMPRODUCT(NOT(ISBLANK(KP$3:KP$4))*(KP$3:KP$4=$LJ$3:$LJ$4)) -> 0 | KQ10: =SUMPRODUCT(NOT(ISBLANK(KQ$3:KQ$4))*(KQ$3:KQ$4=$LE$3:$LE$4)) -> 0 | KR10: =SUMPRODUCT(NOT(ISBLANK(KR$3:KR$4))*(KR$3:KR$4=$LF$3:$LF$4)) -> 0 | KT10: =SUMPRODUCT(NOT(ISBLANK(KT$3:KT$4))*(KT$3:KT$4=$LG$3:$LG$4)) -> 0 | KU10: =SUMPRODUCT(NOT(ISBLANK(KU$3:KU$4))*(KU$3:KU$4=$LH$3:$LH$4)) -> 0 | KV10: =SUMPRODUCT(NOT(ISBLANK(KV$3:KV$4))*(KV$3:KV$4=$LI$3:$LI$4)) -> 0 | KW10: =SUMPRODUCT(NOT(ISBLANK(KW$3:KW$4))*(KW$3:KW$4=$LJ$3:$LJ$4)) -> 0 | KX10: =SUMPRODUCT(NOT(ISBLANK(KX$3:KX$4))*(KX$3:KX$4=$LE$3:$LE$4)) -> 0 | KY10: =SUMPRODUCT(NOT(ISBLANK(KY$3:KY$4))*(KY$3:KY$4=$LF$3:$LF$4)) -> 0 | LA10: =SUMPRODUCT(NOT(ISBLANK(LA$3:LA$4))*(LA$3:LA$4=$LG$3:$LG$4)) -> 0 | LB10: =SUMPRODUCT(NOT(ISBLANK(LB$3:LB$4))*(LB$3:LB$4=$LH$3:$LH$4)) -> 0 | LC10: =SUMPRODUCT(NOT(ISBLANK(LC$3:LC$4))*(LC$3:LC$4=$LI$3:$LI$4)) -> 0 | LD10: =SUMPRODUCT(NOT(ISBLANK(LD$3:LD$4))*(LD$3:LD$4=$LJ$3:$LJ$4)) -> 0
A11: BETTER | B11: =SUMPRODUCT(NOT(ISBLANK(B$3:B$4))*(B$3:B$4<$LK$3:$LK$4)) -> 0 | H11: =SUMPRODUCT(NOT(ISBLANK(H$3:H$4))*(H$3:H$4<$LP$3:$LP$4)) -> 0 | I11: =SUMPRODUCT(NOT(ISBLANK(I$3:I$4))*(I$3:I$4<$LK$3:$LK$4)) -> 0 | O11: =SUMPRODUCT(NOT(ISBLANK(O$3:O$4))*(O$3:O$4<$LP$3:$LP$4)) -> 0 | P11: =SUMPRODUCT(NOT(ISBLANK(P$3:P$4))*(P$3:P$4<$LK$3:$LK$4)) -> 0 | V11: =SUMPRODUCT(NOT(ISBLANK(V$3:V$4))*(V$3:V$4<$LP$3:$LP$4)) -> 0 | W11: =SUMPRODUCT(NOT(ISBLANK(W$3:W$4))*(W$3:W$4<$LK$3:$LK$4)) -> 0 | AC11: =SUMPRODUCT(NOT(ISBLANK(AC$3:AC$4))*(AC$3:AC$4<$LP$3:$LP$4)) -> 0 | AD11: =SUMPRODUCT(NOT(ISBLANK(AD$3:AD$4))*(AD$3:AD$4<$LK$3:$LK$4)) -> 0 | AJ11: =SUMPRODUCT(NOT(ISBLANK(AJ$3:AJ$4))*(AJ$3:AJ$4<$LP$3:$LP$4)) -> 0 | AK11: =SUMPRODUCT(NOT(ISBLANK(AK$3:AK$4))*(AK$3:AK$4<$LK$3:$LK$4)) -> 0 | AQ11: =SUMPRODUCT(NOT(ISBLANK(AQ$3:AQ$4))*(AQ$3:AQ$4<$LP$3:$LP$4)) -> 0 | AR11: =SUMPRODUCT(NOT(ISBLANK(AR$3:AR$4))*(AR$3:AR$4<$LK$3:$LK$4)) -> 0 | AX11: =SUMPRODUCT(NOT(ISBLANK(AX$3:AX$4))*(AX$3:AX$4<$LP$3:$LP$4)) -> 0 | AY11: =SUMPRODUCT(NOT(ISBLANK(AY$3:AY$4))*(AY$3:AY$4<$LK$3:$LK$4)) -> 0 | BE11: =SUMPRODUCT(NOT(ISBLANK(BE$3:BE$4))*(BE$3:BE$4<$LP$3:$LP$4)) -> 0 | BF11: =SUMPRODUCT(NOT(ISBLANK(BF$3:BF$4))*(BF$3:BF$4<$LK$3:$LK$4)) -> 0 | BL11: =SUMPRODUCT(NOT(ISBLANK(BL$3:BL$4))*(BL$3:BL$4<$LP$3:$LP$4)) -> 0 | BM11: =SUMPRODUCT(NOT(ISBLANK(BM$3:BM$4))*(BM$3:BM$4<$LK$3:$LK$4)) -> 0 | BS11: =SUMPRODUCT(NOT(ISBLANK(BS$3:BS$4))*(BS$3:BS$4<$LP$3:$LP$4)) -> 0 | BT11: =SUMPRODUCT(NOT(ISBLANK(BT$3:BT$4))*(BT$3:BT$4<$LK$3:$LK$4)) -> 0 | BZ11: =SUMPRODUCT(NOT(ISBLANK(BZ$3:BZ$4))*(BZ$3:BZ$4<$LP$3:$LP$4)) -> 0 | CA11: =SUMPRODUCT(NOT(ISBLANK(CA$3:CA$4))*(CA$3:CA$4<$LK$3:$LK$4)) -> 0 | CG11: =SUMPRODUCT(NOT(ISBLANK(CG$3:CG$4))*(CG$3:CG$4<$LP$3:$LP$4)) -> 0 | CH11: =SUMPRODUCT(NOT(ISBLANK(CH$3:CH$4))*(CH$3:CH$4<$LK$3:$LK$4)) -> 0 | CI11: =SUMPRODUCT(NOT(ISBLANK(CI$3:CI$4))*(CI$3:CI$4<$LL$3:$LL$4)) -> 0 | CK11: =SUMPRODUCT(NOT(ISBLANK(CK$3:CK$4))*(CK$3:CK$4<$LM$3:$LM$4)) -> 0 | CL11: =SUMPRODUCT(NOT(ISBLANK(CL$3:CL$4))*(CL$3:CL$4<$LN$3:$LN$4)) -> 0 | CM11: =SUMPRODUCT(NOT(ISBLANK(CM$3:CM$4))*(CM$3:CM$4<$LO$3:$LO$4)) -> 0 | CN11: =SUMPRODUCT(NOT(ISBLANK(CN$3:CN$4))*(CN$3:CN$4<$LP$3:$LP$4)) -> 0 | CO11: =SUMPRODUCT(NOT(ISBLANK(CO$3:CO$4))*(CO$3:CO$4<$LK$3:$LK$4)) -> 0 | CP11: =SUMPRODUCT(NOT(ISBLANK(CP$3:CP$4))*(CP$3:CP$4<$LL$3:$LL$4)) -> 0 | CR11: =SUMPRODUCT(NOT(ISBLANK(CR$3:CR$4))*(CR$3:CR$4<$LM$3:$LM$4)) -> 0 | CS11: =SUMPRODUCT(NOT(ISBLANK(CS$3:CS$4))*(CS$3:CS$4<$LN$3:$LN$4)) -> 0 | CT11: =SUMPRODUCT(NOT(ISBLANK(CT$3:CT$4))*(CT$3:CT$4<$LO$3:$LO$4)) -> 0 | CU11: =SUMPRODUCT(NOT(ISBLANK(CU$3:CU$4))*(CU$3:CU$4<$LP$3:$LP$4)) -> 0 | CV11: =SUMPRODUCT(NOT(ISBLANK(CV$3:CV$4))*(CV$3:CV$4<$LK$3:$LK$4)) -> 0 | CW11: =SUMPRODUCT(NOT(ISBLANK(CW$3:CW$4))*(CW$3:CW$4<$LL$3:$LL$4)) -> 0 | CY11: =SUMPRODUCT(NOT(ISBLANK(CY$3:CY$4))*(CY$3:CY$4<$LM$3:$LM$4)) -> 0 | CZ11: =SUMPRODUCT(NOT(ISBLANK(CZ$3:CZ$4))*(CZ$3:CZ$4<$LN$3:$LN$4)) -> 0 | DA11: =SUMPRODUCT(NOT(ISBLANK(DA$3:DA$4))*(DA$3:DA$4<$LO$3:$LO$4)) -> 0 | DB11: =SUMPRODUCT(NOT(ISBLANK(DB$3:DB$4))*(DB$3:DB$4<$LP$3:$LP$4)) -> 0 | DC11: =SUMPRODUCT(NOT(ISBLANK(DC$3:DC$4))*(DC$3:DC$4<$LK$3:$LK$4)) -> 0 | DD11: =SUMPRODUCT(NOT(ISBLANK(DD$3:DD$4))*(DD$3:DD$4<$LL$3:$LL$4)) -> 0 | DF11: =SUMPRODUCT(NOT(ISBLANK(DF$3:DF$4))*(DF$3:DF$4<$LM$3:$LM$4)) -> 0 | DG11: =SUMPRODUCT(NOT(ISBLANK(DG$3:DG$4))*(DG$3:DG$4<$LN$3:$LN$4)) -> 0 | DH11: =SUMPRODUCT(NOT(ISBLANK(DH$3:DH$4))*(DH$3:DH$4<$LO$3:$LO$4)) -> 0 | DI11: =SUMPRODUCT(NOT(ISBLANK(DI$3:DI$4))*(DI$3:DI$4<$LP$3:$LP$4)) -> 0 | DJ11: =SUMPRODUCT(NOT(ISBLANK(DJ$3:DJ$4))*(DJ$3:DJ$4<$LK$3:$LK$4)) -> 0 | DK11: =SUMPRODUCT(NOT(ISBLANK(DK$3:DK$4))*(DK$3:DK$4<$LL$3:$LL$4)) -> 0 | DM11: =SUMPRODUCT(NOT(ISBLANK(DM$3:DM$4))*(DM$3:DM$4<$LM$3:$LM$4)) -> 0 | DN11: =SUMPRODUCT(NOT(ISBLANK(DN$3:DN$4))*(DN$3:DN$4<$LN$3:$LN$4)) -> 0 | DO11: =SUMPRODUCT(NOT(ISBLANK(DO$3:DO$4))*(DO$3:DO$4<$LO$3:$LO$4)) -> 0 | DP11: =SUMPRODUCT(NOT(ISBLANK(DP$3:DP$4))*(DP$3:DP$4<$LP$3:$LP$4)) -> 0 | DQ11: =SUMPRODUCT(NOT(ISBLANK(DQ$3:DQ$4))*(DQ$3:DQ$4<$LK$3:$LK$4)) -> 0 | DR11: =SUMPRODUCT(NOT(ISBLANK(DR$3:DR$4))*(DR$3:DR$4<$LL$3:$LL$4)) -> 0 | DT11: =SUMPRODUCT(NOT(ISBLANK(DT$3:DT$4))*(DT$3:DT$4<$LM$3:$LM$4)) -> 0 | DU11: =SUMPRODUCT(NOT(ISBLANK(DU$3:DU$4))*(DU$3:DU$4<$LN$3:$LN$4)) -> 0 | DV11: =SUMPRODUCT(NOT(ISBLANK(DV$3:DV$4))*(DV$3:DV$4<$LO$3:$LO$4)) -> 0 | DW11: =SUMPRODUCT(NOT(ISBLANK(DW$3:DW$4))*(DW$3:DW$4<$LP$3:$LP$4)) -> 0 | DX11: =SUMPRODUCT(NOT(ISBLANK(DX$3:DX$4))*(DX$3:DX$4<$LK$3:$LK$4)) -> 0 | DY11: =SUMPRODUCT(NOT(ISBLANK(DY$3:DY$4))*(DY$3:DY$4<$LL$3:$LL$4)) -> 0 | EA11: =SUMPRODUCT(NOT(ISBLANK(EA$3:EA$4))*(EA$3:EA$4<$LM$3:$LM$4)) -> 0 | EB11: =SUMPRODUCT(NOT(ISBLANK(EB$3:EB$4))*(EB$3:EB$4<$LN$3:$LN$4)) -> 0 | EC11: =SUMPRODUCT(NOT(ISBLANK(EC$3:EC$4))*(EC$3:EC$4<$LO$3:$LO$4)) -> 0 | ED11: =SUMPRODUCT(NOT(ISBLANK(ED$3:ED$4))*(ED$3:ED$4<$LP$3:$LP$4)) -> 0 | EE11: =SUMPRODUCT(NOT(ISBLANK(EE$3:EE$4))*(EE$3:EE$4<$LK$3:$LK$4)) -> 0 | EF11: =SUMPRODUCT(NOT(ISBLANK(EF$3:EF$4))*(EF$3:EF$4<$LL$3:$LL$4)) -> 0 | EH11: =SUMPRODUCT(NOT(ISBLANK(EH$3:EH$4))*(EH$3:EH$4<$LM$3:$LM$4)) -> 0 | EI11: =SUMPRODUCT(NOT(ISBLANK(EI$3:EI$4))*(EI$3:EI$4<$LN$3:$LN$4)) -> 0 | EJ11: =SUMPRODUCT(NOT(ISBLANK(EJ$3:EJ$4))*(EJ$3:EJ$4<$LO$3:$LO$4)) -> 0 | EK11: =SUMPRODUCT(NOT(ISBLANK(EK$3:EK$4))*(EK$3:EK$4<$LP$3:$LP$4)) -> 0 | EL11: =SUMPRODUCT(NOT(ISBLANK(EL$3:EL$4))*(EL$3:EL$4<$LK$3:$LK$4)) -> 0 | EM11: =SUMPRODUCT(NOT(ISBLANK(EM$3:EM$4))*(EM$3:EM$4<$LL$3:$LL$4)) -> 0 | EO11: =SUMPRODUCT(NOT(ISBLANK(EO$3:EO$4))*(EO$3:EO$4<$LM$3:$LM$4)) -> 0 | EP11: =SUMPRODUCT(NOT(ISBLANK(EP$3:EP$4))*(EP$3:EP$4<$LN$3:$LN$4)) -> 0 | EQ11: =SUMPRODUCT(NOT(ISBLANK(EQ$3:EQ$4))*(EQ$3:EQ$4<$LO$3:$LO$4)) -> 0 | ER11: =SUMPRODUCT(NOT(ISBLANK(ER$3:ER$4))*(ER$3:ER$4<$LP$3:$LP$4)) -> 0 | ES11: =SUMPRODUCT(NOT(ISBLANK(ES$3:ES$4))*(ES$3:ES$4<$LK$3:$LK$4)) -> 0 | ET11: =SUMPRODUCT(NOT(ISBLANK(ET$3:ET$4))*(ET$3:ET$4<$LL$3:$LL$4)) -> 0 | EV11: =SUMPRODUCT(NOT(ISBLANK(EV$3:EV$4))*(EV$3:EV$4<$LM$3:$LM$4)) -> 0 | EW11: =SUMPRODUCT(NOT(ISBLANK(EW$3:EW$4))*(EW$3:EW$4<$LN$3:$LN$4)) -> 0 | EX11: =SUMPRODUCT(NOT(ISBLANK(EX$3:EX$4))*(EX$3:EX$4<$LO$3:$LO$4)) -> 0 | EY11: =SUMPRODUCT(NOT(ISBLANK(EY$3:EY$4))*(EY$3:EY$4<$LP$3:$LP$4)) -> 0 | EZ11: =SUMPRODUCT(NOT(ISBLANK(EZ$3:EZ$4))*(EZ$3:EZ$4<$LK$3:$LK$4)) -> 0 | FA11: =SUMPRODUCT(NOT(ISBLANK(FA$3:FA$4))*(FA$3:FA$4<$LL$3:$LL$4)) -> 0 | FC11: =SUMPRODUCT(NOT(ISBLANK(FC$3:FC$4))*(FC$3:FC$4<$LM$3:$LM$4)) -> 0 | FD11: =SUMPRODUCT(NOT(ISBLANK(FD$3:FD$4))*(FD$3:FD$4<$LN$3:$LN$4)) -> 0 | FE11: =SUMPRODUCT(NOT(ISBLANK(FE$3:FE$4))*(FE$3:FE$4<$LO$3:$LO$4)) -> 0 | FF11: =SUMPRODUCT(NOT(ISBLANK(FF$3:FF$4))*(FF$3:FF$4<$LP$3:$LP$4)) -> 0 | FG11: =SUMPRODUCT(NOT(ISBLANK(FG$3:FG$4))*(FG$3:FG$4<$LK$3:$LK$4)) -> 0 | FH11: =SUMPRODUCT(NOT(ISBLANK(FH$3:FH$4))*(FH$3:FH$4<$LL$3:$LL$4)) -> 0 | FJ11: =SUMPRODUCT(NOT(ISBLANK(FJ$3:FJ$4))*(FJ$3:FJ$4<$LM$3:$LM$4)) -> 0 | FK11: =SUMPRODUCT(NOT(ISBLANK(FK$3:FK$4))*(FK$3:FK$4<$LN$3:$LN$4)) -> 0 | FL11: =SUMPRODUCT(NOT(ISBLANK(FL$3:FL$4))*(FL$3:FL$4<$LO$3:$LO$4)) -> 0 | FM11: =SUMPRODUCT(NOT(ISBLANK(FM$3:FM$4))*(FM$3:FM$4<$LP$3:$LP$4)) -> 0 | FN11: =SUMPRODUCT(NOT(ISBLANK(FN$3:FN$4))*(FN$3:FN$4<$LK$3:$LK$4)) -> 0 | FO11: =SUMPRODUCT(NOT(ISBLANK(FO$3:FO$4))*(FO$3:FO$4<$LL$3:$LL$4)) -> 0 | FQ11: =SUMPRODUCT(NOT(ISBLANK(FQ$3:FQ$4))*(FQ$3:FQ$4<$LM$3:$LM$4)) -> 0 | FR11: =SUMPRODUCT(NOT(ISBLANK(FR$3:FR$4))*(FR$3:FR$4<$LN$3:$LN$4)) -> 0 | FS11: =SUMPRODUCT(NOT(ISBLANK(FS$3:FS$4))*(FS$3:FS$4<$LO$3:$LO$4)) -> 0 | FT11: =SUMPRODUCT(NOT(ISBLANK(FT$3:FT$4))*(FT$3:FT$4<$LP$3:$LP$4)) -> 0 | FU11: =SUMPRODUCT(NOT(ISBLANK(FU$3:FU$4))*(FU$3:FU$4<$LK$3:$LK$4)) -> 0 | FV11: =SUMPRODUCT(NOT(ISBLANK(FV$3:FV$4))*(FV$3:FV$4<$LL$3:$LL$4)) -> 0 | FX11: =SUMPRODUCT(NOT(ISBLANK(FX$3:FX$4))*(FX$3:FX$4<$LM$3:$LM$4)) -> 0 | FY11: =SUMPRODUCT(NOT(ISBLANK(FY$3:FY$4))*(FY$3:FY$4<$LN$3:$LN$4)) -> 0 | FZ11: =SUMPRODUCT(NOT(ISBLANK(FZ$3:FZ$4))*(FZ$3:FZ$4<$LO$3:$LO$4)) -> 0 | GA11: =SUMPRODUCT(NOT(ISBLANK(GA$3:GA$4))*(GA$3:GA$4<$LP$3:$LP$4)) -> 0 | GB11: =SUMPRODUCT(NOT(ISBLANK(GB$3:GB$4))*(GB$3:GB$4<$LK$3:$LK$4)) -> 0 | GC11: =SUMPRODUCT(NOT(ISBLANK(GC$3:GC$4))*(GC$3:GC$4<$LL$3:$LL$4)) -> 0 | GE11: =SUMPRODUCT(NOT(ISBLANK(GE$3:GE$4))*(GE$3:GE$4<$LM$3:$LM$4)) -> 0 | GF11: =SUMPRODUCT(NOT(ISBLANK(GF$3:GF$4))*(GF$3:GF$4<$LN$3:$LN$4)) -> 0 | GG11: =SUMPRODUCT(NOT(ISBLANK(GG$3:GG$4))*(GG$3:GG$4<$LO$3:$LO$4)) -> 0 | GH11: =SUMPRODUCT(NOT(ISBLANK(GH$3:GH$4))*(GH$3:GH$4<$LP$3:$LP$4)) -> 0 | GI11: =SUMPRODUCT(NOT(ISBLANK(GI$3:GI$4))*(GI$3:GI$4<$LK$3:$LK$4)) -> 0 | GJ11: =SUMPRODUCT(NOT(ISBLANK(GJ$3:GJ$4))*(GJ$3:GJ$4<$LL$3:$LL$4)) -> 0 | GL11: =SUMPRODUCT(NOT(ISBLANK(GL$3:GL$4))*(GL$3:GL$4<$LM$3:$LM$4)) -> 0 | GM11: =SUMPRODUCT(NOT(ISBLANK(GM$3:GM$4))*(GM$3:GM$4<$LN$3:$LN$4)) -> 0 | GN11: =SUMPRODUCT(NOT(ISBLANK(GN$3:GN$4))*(GN$3:GN$4<$LO$3:$LO$4)) -> 0 | GO11: =SUMPRODUCT(NOT(ISBLANK(GO$3:GO$4))*(GO$3:GO$4<$LP$3:$LP$4)) -> 0 | GP11: =SUMPRODUCT(NOT(ISBLANK(GP$3:GP$4))*(GP$3:GP$4<$LK$3:$LK$4)) -> 0 | GQ11: =SUMPRODUCT(NOT(ISBLANK(GQ$3:GQ$4))*(GQ$3:GQ$4<$LL$3:$LL$4)) -> 0 | GS11: =SUMPRODUCT(NOT(ISBLANK(GS$3:GS$4))*(GS$3:GS$4<$LM$3:$LM$4)) -> 0 | GT11: =SUMPRODUCT(NOT(ISBLANK(GT$3:GT$4))*(GT$3:GT$4<$LN$3:$LN$4)) -> 0 | GU11: =SUMPRODUCT(NOT(ISBLANK(GU$3:GU$4))*(GU$3:GU$4<$LO$3:$LO$4)) -> 0 | GV11: =SUMPRODUCT(NOT(ISBLANK(GV$3:GV$4))*(GV$3:GV$4<$LP$3:$LP$4)) -> 0 | GW11: =SUMPRODUCT(NOT(ISBLANK(GW$3:GW$4))*(GW$3:GW$4<$LK$3:$LK$4)) -> 0 | GX11: =SUMPRODUCT(NOT(ISBLANK(GX$3:GX$4))*(GX$3:GX$4<$LL$3:$LL$4)) -> 0 | GZ11: =SUMPRODUCT(NOT(ISBLANK(GZ$3:GZ$4))*(GZ$3:GZ$4<$LM$3:$LM$4)) -> 0 | HA11: =SUMPRODUCT(NOT(ISBLANK(HA$3:HA$4))*(HA$3:HA$4<$LN$3:$LN$4)) -> 0 | HB11: =SUMPRODUCT(NOT(ISBLANK(HB$3:HB$4))*(HB$3:HB$4<$LO$3:$LO$4)) -> 0 | HC11: =SUMPRODUCT(NOT(ISBLANK(HC$3:HC$4))*(HC$3:HC$4<$LP$3:$LP$4)) -> 0 | HD11: =SUMPRODUCT(NOT(ISBLANK(HD$3:HD$4))*(HD$3:HD$4<$LK$3:$LK$4)) -> 0 | HE11: =SUMPRODUCT(NOT(ISBLANK(HE$3:HE$4))*(HE$3:HE$4<$LL$3:$LL$4)) -> 0 | HG11: =SUMPRODUCT(NOT(ISBLANK(HG$3:HG$4))*(HG$3:HG$4<$LM$3:$LM$4)) -> 0 | HH11: =SUMPRODUCT(NOT(ISBLANK(HH$3:HH$4))*(HH$3:HH$4<$LN$3:$LN$4)) -> 0 | HI11: =SUMPRODUCT(NOT(ISBLANK(HI$3:HI$4))*(HI$3:HI$4<$LO$3:$LO$4)) -> 0 | HJ11: =SUMPRODUCT(NOT(ISBLANK(HJ$3:HJ$4))*(HJ$3:HJ$4<$LP$3:$LP$4)) -> 0 | HK11: =SUMPRODUCT(NOT(ISBLANK(HK$3:HK$4))*(HK$3:HK$4<$LK$3:$LK$4)) -> 0 | HL11: =SUMPRODUCT(NOT(ISBLANK(HL$3:HL$4))*(HL$3:HL$4<$LL$3:$LL$4)) -> 0 | HN11: =SUMPRODUCT(NOT(ISBLANK(HN$3:HN$4))*(HN$3:HN$4<$LM$3:$LM$4)) -> 0 | HO11: =SUMPRODUCT(NOT(ISBLANK(HO$3:HO$4))*(HO$3:HO$4<$LN$3:$LN$4)) -> 0 | HP11: =SUMPRODUCT(NOT(ISBLANK(HP$3:HP$4))*(HP$3:HP$4<$LO$3:$LO$4)) -> 0 | HQ11: =SUMPRODUCT(NOT(ISBLANK(HQ$3:HQ$4))*(HQ$3:HQ$4<$LP$3:$LP$4)) -> 0 | HR11: =SUMPRODUCT(NOT(ISBLANK(HR$3:HR$4))*(HR$3:HR$4<$LK$3:$LK$4)) -> 0 | HS11: =SUMPRODUCT(NOT(ISBLANK(HS$3:HS$4))*(HS$3:HS$4<$LL$3:$LL$4)) -> 0 | HU11: =SUMPRODUCT(NOT(ISBLANK(HU$3:HU$4))*(HU$3:HU$4<$LM$3:$LM$4)) -> 0 | HV11: =SUMPRODUCT(NOT(ISBLANK(HV$3:HV$4))*(HV$3:HV$4<$LN$3:$LN$4)) -> 0 | HW11: =SUMPRODUCT(NOT(ISBLANK(HW$3:HW$4))*(HW$3:HW$4<$LO$3:$LO$4)) -> 0 | HX11: =SUMPRODUCT(NOT(ISBLANK(HX$3:HX$4))*(HX$3:HX$4<$LP$3:$LP$4)) -> 0 | HY11: =SUMPRODUCT(NOT(ISBLANK(HY$3:HY$4))*(HY$3:HY$4<$LK$3:$LK$4)) -> 0 | HZ11: =SUMPRODUCT(NOT(ISBLANK(HZ$3:HZ$4))*(HZ$3:HZ$4<$LL$3:$LL$4)) -> 0 | IB11: =SUMPRODUCT(NOT(ISBLANK(IB$3:IB$4))*(IB$3:IB$4<$LM$3:$LM$4)) -> 0 | IC11: =SUMPRODUCT(NOT(ISBLANK(IC$3:IC$4))*(IC$3:IC$4<$LN$3:$LN$4)) -> 0 | ID11: =SUMPRODUCT(NOT(ISBLANK(ID$3:ID$4))*(ID$3:ID$4<$LO$3:$LO$4)) -> 0 | IE11: =SUMPRODUCT(NOT(ISBLANK(IE$3:IE$4))*(IE$3:IE$4<$LP$3:$LP$4)) -> 0 | IF11: =SUMPRODUCT(NOT(ISBLANK(IF$3:IF$4))*(IF$3:IF$4<$LK$3:$LK$4)) -> 0 | IG11: =SUMPRODUCT(NOT(ISBLANK(IG$3:IG$4))*(IG$3:IG$4<$LL$3:$LL$4)) -> 0 | II11: =SUMPRODUCT(NOT(ISBLANK(II$3:II$4))*(II$3:II$4<$LM$3:$LM$4)) -> 0 | IJ11: =SUMPRODUCT(NOT(ISBLANK(IJ$3:IJ$4))*(IJ$3:IJ$4<$LN$3:$LN$4)) -> 0 | IK11: =SUMPRODUCT(NOT(ISBLANK(IK$3:IK$4))*(IK$3:IK$4<$LO$3:$LO$4)) -> 0 | IL11: =SUMPRODUCT(NOT(ISBLANK(IL$3:IL$4))*(IL$3:IL$4<$LP$3:$LP$4)) -> 0 | IM11: =SUMPRODUCT(NOT(ISBLANK(IM$3:IM$4))*(IM$3:IM$4<$LK$3:$LK$4)) -> 0 | IN11: =SUMPRODUCT(NOT(ISBLANK(IN$3:IN$4))*(IN$3:IN$4<$LL$3:$LL$4)) -> 0 | IP11: =SUMPRODUCT(NOT(ISBLANK(IP$3:IP$4))*(IP$3:IP$4<$LM$3:$LM$4)) -> 0 | IQ11: =SUMPRODUCT(NOT(ISBLANK(IQ$3:IQ$4))*(IQ$3:IQ$4<$LN$3:$LN$4)) -> 0 | IR11: =SUMPRODUCT(NOT(ISBLANK(IR$3:IR$4))*(IR$3:IR$4<$LO$3:$LO$4)) -> 0 | IS11: =SUMPRODUCT(NOT(ISBLANK(IS$3:IS$4))*(IS$3:IS$4<$LP$3:$LP$4)) -> 0 | IT11: =SUMPRODUCT(NOT(ISBLANK(IT$3:IT$4))*(IT$3:IT$4<$LK$3:$LK$4)) -> 0 | IU11: =SUMPRODUCT(NOT(ISBLANK(IU$3:IU$4))*(IU$3:IU$4<$LL$3:$LL$4)) -> 0 | IW11: =SUMPRODUCT(NOT(ISBLANK(IW$3:IW$4))*(IW$3:IW$4<$LM$3:$LM$4)) -> 0 | IX11: =SUMPRODUCT(NOT(ISBLANK(IX$3:IX$4))*(IX$3:IX$4<$LN$3:$LN$4)) -> 0 | IY11: =SUMPRODUCT(NOT(ISBLANK(IY$3:IY$4))*(IY$3:IY$4<$LO$3:$LO$4)) -> 0 | IZ11: =SUMPRODUCT(NOT(ISBLANK(IZ$3:IZ$4))*(IZ$3:IZ$4<$LP$3:$LP$4)) -> 0 | JA11: =SUMPRODUCT(NOT(ISBLANK(JA$3:JA$4))*(JA$3:JA$4<$LK$3:$LK$4)) -> 0 | JB11: =SUMPRODUCT(NOT(ISBLANK(JB$3:JB$4))*(JB$3:JB$4<$LL$3:$LL$4)) -> 0 | JD11: =SUMPRODUCT(NOT(ISBLANK(JD$3:JD$4))*(JD$3:JD$4<$LM$3:$LM$4)) -> 0 | JE11: =SUMPRODUCT(NOT(ISBLANK(JE$3:JE$4))*(JE$3:JE$4<$LN$3:$LN$4)) -> 0 | JF11: =SUMPRODUCT(NOT(ISBLANK(JF$3:JF$4))*(JF$3:JF$4<$LO$3:$LO$4)) -> 0 | JG11: =SUMPRODUCT(NOT(ISBLANK(JG$3:JG$4))*(JG$3:JG$4<$LP$3:$LP$4)) -> 0 | JH11: =SUMPRODUCT(NOT(ISBLANK(JH$3:JH$4))*(JH$3:JH$4<$LK$3:$LK$4)) -> 0 | JI11: =SUMPRODUCT(NOT(ISBLANK(JI$3:JI$4))*(JI$3:JI$4<$LL$3:$LL$4)) -> 0 | JK11: =SUMPRODUCT(NOT(ISBLANK(JK$3:JK$4))*(JK$3:JK$4<$LM$3:$LM$4)) -> 0 | JL11: =SUMPRODUCT(NOT(ISBLANK(JL$3:JL$4))*(JL$3:JL$4<$LN$3:$LN$4)) -> 0 | JM11: =SUMPRODUCT(NOT(ISBLANK(JM$3:JM$4))*(JM$3:JM$4<$LO$3:$LO$4)) -> 0 | JN11: =SUMPRODUCT(NOT(ISBLANK(JN$3:JN$4))*(JN$3:JN$4<$LP$3:$LP$4)) -> 0 | JO11: =SUMPRODUCT(NOT(ISBLANK(JO$3:JO$4))*(JO$3:JO$4<$LK$3:$LK$4)) -> 0 | JP11: =SUMPRODUCT(NOT(ISBLANK(JP$3:JP$4))*(JP$3:JP$4<$LL$3:$LL$4)) -> 0 | JR11: =SUMPRODUCT(NOT(ISBLANK(JR$3:JR$4))*(JR$3:JR$4<$LM$3:$LM$4)) -> 0 | JS11: =SUMPRODUCT(NOT(ISBLANK(JS$3:JS$4))*(JS$3:JS$4<$LN$3:$LN$4)) -> 0 | JT11: =SUMPRODUCT(NOT(ISBLANK(JT$3:JT$4))*(JT$3:JT$4<$LO$3:$LO$4)) -> 0 | JU11: =SUMPRODUCT(NOT(ISBLANK(JU$3:JU$4))*(JU$3:JU$4<$LP$3:$LP$4)) -> 0 | JV11: =SUMPRODUCT(NOT(ISBLANK(JV$3:JV$4))*(JV$3:JV$4<$LK$3:$LK$4)) -> 0 | JW11: =SUMPRODUCT(NOT(ISBLANK(JW$3:JW$4))*(JW$3:JW$4<$LL$3:$LL$4)) -> 0 | JY11: =SUMPRODUCT(NOT(ISBLANK(JY$3:JY$4))*(JY$3:JY$4<$LM$3:$LM$4)) -> 0 | JZ11: =SUMPRODUCT(NOT(ISBLANK(JZ$3:JZ$4))*(JZ$3:JZ$4<$LN$3:$LN$4)) -> 0 | KA11: =SUMPRODUCT(NOT(ISBLANK(KA$3:KA$4))*(KA$3:KA$4<$LO$3:$LO$4)) -> 0 | KB11: =SUMPRODUCT(NOT(ISBLANK(KB$3:KB$4))*(KB$3:KB$4<$LP$3:$LP$4)) -> 0 | KC11: =SUMPRODUCT(NOT(ISBLANK(KC$3:KC$4))*(KC$3:KC$4<$LK$3:$LK$4)) -> 0 | KD11: =SUMPRODUCT(NOT(ISBLANK(KD$3:KD$4))*(KD$3:KD$4<$LL$3:$LL$4)) -> 0 | KF11: =SUMPRODUCT(NOT(ISBLANK(KF$3:KF$4))*(KF$3:KF$4<$LM$3:$LM$4)) -> 0 | KG11: =SUMPRODUCT(NOT(ISBLANK(KG$3:KG$4))*(KG$3:KG$4<$LN$3:$LN$4)) -> 0 | KH11: =SUMPRODUCT(NOT(ISBLANK(KH$3:KH$4))*(KH$3:KH$4<$LO$3:$LO$4)) -> 0 | KI11: =SUMPRODUCT(NOT(ISBLANK(KI$3:KI$4))*(KI$3:KI$4<$LP$3:$LP$4)) -> 0 | KJ11: =SUMPRODUCT(NOT(ISBLANK(KJ$3:KJ$4))*(KJ$3:KJ$4<$LK$3:$LK$4)) -> 0 | KK11: =SUMPRODUCT(NOT(ISBLANK(KK$3:KK$4))*(KK$3:KK$4<$LL$3:$LL$4)) -> 0 | KM11: =SUMPRODUCT(NOT(ISBLANK(KM$3:KM$4))*(KM$3:KM$4<$LM$3:$LM$4)) -> 0 | KN11: =SUMPRODUCT(NOT(ISBLANK(KN$3:KN$4))*(KN$3:KN$4<$LN$3:$LN$4)) -> 0 | KO11: =SUMPRODUCT(NOT(ISBLANK(KO$3:KO$4))*(KO$3:KO$4<$LO$3:$LO$4)) -> 0 | KP11: =SUMPRODUCT(NOT(ISBLANK(KP$3:KP$4))*(KP$3:KP$4<$LP$3:$LP$4)) -> 0 | KQ11: =SUMPRODUCT(NOT(ISBLANK(KQ$3:KQ$4))*(KQ$3:KQ$4<$LK$3:$LK$4)) -> 0 | KR11: =SUMPRODUCT(NOT(ISBLANK(KR$3:KR$4))*(KR$3:KR$4<$LL$3:$LL$4)) -> 0 | KT11: =SUMPRODUCT(NOT(ISBLANK(KT$3:KT$4))*(KT$3:KT$4<$LM$3:$LM$4)) -> 0 | KU11: =SUMPRODUCT(NOT(ISBLANK(KU$3:KU$4))*(KU$3:KU$4<$LN$3:$LN$4)) -> 0 | KV11: =SUMPRODUCT(NOT(ISBLANK(KV$3:KV$4))*(KV$3:KV$4<$LO$3:$LO$4)) -> 0 | KW11: =SUMPRODUCT(NOT(ISBLANK(KW$3:KW$4))*(KW$3:KW$4<$LP$3:$LP$4)) -> 0 | KX11: =SUMPRODUCT(NOT(ISBLANK(KX$3:KX$4))*(KX$3:KX$4<$LK$3:$LK$4)) -> 0 | KY11: =SUMPRODUCT(NOT(ISBLANK(KY$3:KY$4))*(KY$3:KY$4<$LL$3:$LL$4)) -> 0 | LA11: =SUMPRODUCT(NOT(ISBLANK(LA$3:LA$4))*(LA$3:LA$4<$LM$3:$LM$4)) -> 0 | LB11: =SUMPRODUCT(NOT(ISBLANK(LB$3:LB$4))*(LB$3:LB$4<$LN$3:$LN$4)) -> 0 | LC11: =SUMPRODUCT(NOT(ISBLANK(LC$3:LC$4))*(LC$3:LC$4<$LO$3:$LO$4)) -> 0 | LD11: =SUMPRODUCT(NOT(ISBLANK(LD$3:LD$4))*(LD$3:LD$4<$LP$3:$LP$4)) -> 0
A12: WORSE | B12: =SUMPRODUCT((NOT(ISBLANK(B$3:B$4))*(B$3:B$4>$LK$3:$LK$4))+ISBLANK(B$3:B$4)) -> 0 | H12: =SUMPRODUCT((NOT(ISBLANK(H$3:H$4))*(H$3:H$4>$LP$3:$LP$4))+ISBLANK(H$3:H$4)) -> 0 | I12: =SUMPRODUCT((NOT(ISBLANK(I$3:I$4))*(I$3:I$4>$LK$3:$LK$4))+ISBLANK(I$3:I$4)) -> 0 | O12: =SUMPRODUCT((NOT(ISBLANK(O$3:O$4))*(O$3:O$4>$LP$3:$LP$4))+ISBLANK(O$3:O$4)) -> 0 | P12: =SUMPRODUCT((NOT(ISBLANK(P$3:P$4))*(P$3:P$4>$LK$3:$LK$4))+ISBLANK(P$3:P$4)) -> 0 | V12: =SUMPRODUCT((NOT(ISBLANK(V$3:V$4))*(V$3:V$4>$LP$3:$LP$4))+ISBLANK(V$3:V$4)) -> 0 | W12: =SUMPRODUCT((NOT(ISBLANK(W$3:W$4))*(W$3:W$4>$LK$3:$LK$4))+ISBLANK(W$3:W$4)) -> 0 | AC12: =SUMPRODUCT((NOT(ISBLANK(AC$3:AC$4))*(AC$3:AC$4>$LP$3:$LP$4))+ISBLANK(AC$3:AC$4)) -> 0 | AD12: =SUMPRODUCT((NOT(ISBLANK(AD$3:AD$4))*(AD$3:AD$4>$LK$3:$LK$4))+ISBLANK(AD$3:AD$4)) -> 0 | AJ12: =SUMPRODUCT((NOT(ISBLANK(AJ$3:AJ$4))*(AJ$3:AJ$4>$LP$3:$LP$4))+ISBLANK(AJ$3:AJ$4)) -> 0 | AK12: =SUMPRODUCT((NOT(ISBLANK(AK$3:AK$4))*(AK$3:AK$4>$LK$3:$LK$4))+ISBLANK(AK$3:AK$4)) -> 0 | AQ12: =SUMPRODUCT((NOT(ISBLANK(AQ$3:AQ$4))*(AQ$3:AQ$4>$LP$3:$LP$4))+ISBLANK(AQ$3:AQ$4)) -> 0 | AR12: =SUMPRODUCT((NOT(ISBLANK(AR$3:AR$4))*(AR$3:AR$4>$LK$3:$LK$4))+ISBLANK(AR$3:AR$4)) -> 0 | AX12: =SUMPRODUCT((NOT(ISBLANK(AX$3:AX$4))*(AX$3:AX$4>$LP$3:$LP$4))+ISBLANK(AX$3:AX$4)) -> 0 | AY12: =SUMPRODUCT((NOT(ISBLANK(AY$3:AY$4))*(AY$3:AY$4>$LK$3:$LK$4))+ISBLANK(AY$3:AY$4)) -> 0 | BE12: =SUMPRODUCT((NOT(ISBLANK(BE$3:BE$4))*(BE$3:BE$4>$LP$3:$LP$4))+ISBLANK(BE$3:BE$4)) -> 0 | BF12: =SUMPRODUCT((NOT(ISBLANK(BF$3:BF$4))*(BF$3:BF$4>$LK$3:$LK$4))+ISBLANK(BF$3:BF$4)) -> 0 | BL12: =SUMPRODUCT((NOT(ISBLANK(BL$3:BL$4))*(BL$3:BL$4>$LP$3:$LP$4))+ISBLANK(BL$3:BL$4)) -> 0 | BM12: =SUMPRODUCT((NOT(ISBLANK(BM$3:BM$4))*(BM$3:BM$4>$LK$3:$LK$4))+ISBLANK(BM$3:BM$4)) -> 0 | BS12: =SUMPRODUCT((NOT(ISBLANK(BS$3:BS$4))*(BS$3:BS$4>$LP$3:$LP$4))+ISBLANK(BS$3:BS$4)) -> 0 | BT12: =SUMPRODUCT((NOT(ISBLANK(BT$3:BT$4))*(BT$3:BT$4>$LK$3:$LK$4))+ISBLANK(BT$3:BT$4)) -> 0 | BZ12: =SUMPRODUCT((NOT(ISBLANK(BZ$3:BZ$4))*(BZ$3:BZ$4>$LP$3:$LP$4))+ISBLANK(BZ$3:BZ$4)) -> 0 | CA12: =SUMPRODUCT((NOT(ISBLANK(CA$3:CA$4))*(CA$3:CA$4>$LK$3:$LK$4))+ISBLANK(CA$3:CA$4)) -> 0 | CG12: =SUMPRODUCT((NOT(ISBLANK(CG$3:CG$4))*(CG$3:CG$4>$LP$3:$LP$4))+ISBLANK(CG$3:CG$4)) -> 0 | CH12: =SUMPRODUCT((NOT(ISBLANK(CH$3:CH$4))*(CH$3:CH$4>$LK$3:$LK$4))+ISBLANK(CH$3:CH$4)) -> 0 | CI12: =SUMPRODUCT((NOT(ISBLANK(CI$3:CI$4))*(CI$3:CI$4>$LL$3:$LL$4))+ISBLANK(CI$3:CI$4)) -> 0 | CK12: =SUMPRODUCT((NOT(ISBLANK(CK$3:CK$4))*(CK$3:CK$4>$LM$3:$LM$4))+ISBLANK(CK$3:CK$4)) -> 0 | CL12: =SUMPRODUCT((NOT(ISBLANK(CL$3:CL$4))*(CL$3:CL$4>$LN$3:$LN$4))+ISBLANK(CL$3:CL$4)) -> 0 | CM12: =SUMPRODUCT((NOT(ISBLANK(CM$3:CM$4))*(CM$3:CM$4>$LO$3:$LO$4))+ISBLANK(CM$3:CM$4)) -> 0 | CN12: =SUMPRODUCT((NOT(ISBLANK(CN$3:CN$4))*(CN$3:CN$4>$LP$3:$LP$4))+ISBLANK(CN$3:CN$4)) -> 0 | CO12: =SUMPRODUCT((NOT(ISBLANK(CO$3:CO$4))*(CO$3:CO$4>$LK$3:$LK$4))+ISBLANK(CO$3:CO$4)) -> 0 | CP12: =SUMPRODUCT((NOT(ISBLANK(CP$3:CP$4))*(CP$3:CP$4>$LL$3:$LL$4))+ISBLANK(CP$3:CP$4)) -> 0 | CR12: =SUMPRODUCT((NOT(ISBLANK(CR$3:CR$4))*(CR$3:CR$4>$LM$3:$LM$4))+ISBLANK(CR$3:CR$4)) -> 0 | CS12: =SUMPRODUCT((NOT(ISBLANK(CS$3:CS$4))*(CS$3:CS$4>$LN$3:$LN$4))+ISBLANK(CS$3:CS$4)) -> 0 | CT12: =SUMPRODUCT((NOT(ISBLANK(CT$3:CT$4))*(CT$3:CT$4>$LO$3:$LO$4))+ISBLANK(CT$3:CT$4)) -> 0 | CU12: =SUMPRODUCT((NOT(ISBLANK(CU$3:CU$4))*(CU$3:CU$4>$LP$3:$LP$4))+ISBLANK(CU$3:CU$4)) -> 0 | CV12: =SUMPRODUCT((NOT(ISBLANK(CV$3:CV$4))*(CV$3:CV$4>$LK$3:$LK$4))+ISBLANK(CV$3:CV$4)) -> 0 | CW12: =SUMPRODUCT((NOT(ISBLANK(CW$3:CW$4))*(CW$3:CW$4>$LL$3:$LL$4))+ISBLANK(CW$3:CW$4)) -> 0 | CY12: =SUMPRODUCT((NOT(ISBLANK(CY$3:CY$4))*(CY$3:CY$4>$LM$3:$LM$4))+ISBLANK(CY$3:CY$4)) -> 0 | CZ12: =SUMPRODUCT((NOT(ISBLANK(CZ$3:CZ$4))*(CZ$3:CZ$4>$LN$3:$LN$4))+ISBLANK(CZ$3:CZ$4)) -> 0 | DA12: =SUMPRODUCT((NOT(ISBLANK(DA$3:DA$4))*(DA$3:DA$4>$LO$3:$LO$4))+ISBLANK(DA$3:DA$4)) -> 0 | DB12: =SUMPRODUCT((NOT(ISBLANK(DB$3:DB$4))*(DB$3:DB$4>$LP$3:$LP$4))+ISBLANK(DB$3:DB$4)) -> 0 | DC12: =SUMPRODUCT((NOT(ISBLANK(DC$3:DC$4))*(DC$3:DC$4>$LK$3:$LK$4))+ISBLANK(DC$3:DC$4)) -> 0 | DD12: =SUMPRODUCT((NOT(ISBLANK(DD$3:DD$4))*(DD$3:DD$4>$LL$3:$LL$4))+ISBLANK(DD$3:DD$4)) -> 0 | DF12: =SUMPRODUCT((NOT(ISBLANK(DF$3:DF$4))*(DF$3:DF$4>$LM$3:$LM$4))+ISBLANK(DF$3:DF$4)) -> 0 | DG12: =SUMPRODUCT((NOT(ISBLANK(DG$3:DG$4))*(DG$3:DG$4>$LN$3:$LN$4))+ISBLANK(DG$3:DG$4)) -> 0 | DH12: =SUMPRODUCT((NOT(ISBLANK(DH$3:DH$4))*(DH$3:DH$4>$LO$3:$LO$4))+ISBLANK(DH$3:DH$4)) -> 0 | DI12: =SUMPRODUCT((NOT(ISBLANK(DI$3:DI$4))*(DI$3:DI$4>$LP$3:$LP$4))+ISBLANK(DI$3:DI$4)) -> 0 | DJ12: =SUMPRODUCT((NOT(ISBLANK(DJ$3:DJ$4))*(DJ$3:DJ$4>$LK$3:$LK$4))+ISBLANK(DJ$3:DJ$4)) -> 0 | DK12: =SUMPRODUCT((NOT(ISBLANK(DK$3:DK$4))*(DK$3:DK$4>$LL$3:$LL$4))+ISBLANK(DK$3:DK$4)) -> 0 | DM12: =SUMPRODUCT((NOT(ISBLANK(DM$3:DM$4))*(DM$3:DM$4>$LM$3:$LM$4))+ISBLANK(DM$3:DM$4)) -> 0 | DN12: =SUMPRODUCT((NOT(ISBLANK(DN$3:DN$4))*(DN$3:DN$4>$LN$3:$LN$4))+ISBLANK(DN$3:DN$4)) -> 0 | DO12: =SUMPRODUCT((NOT(ISBLANK(DO$3:DO$4))*(DO$3:DO$4>$LO$3:$LO$4))+ISBLANK(DO$3:DO$4)) -> 0 | DP12: =SUMPRODUCT((NOT(ISBLANK(DP$3:DP$4))*(DP$3:DP$4>$LP$3:$LP$4))+ISBLANK(DP$3:DP$4)) -> 0 | DQ12: =SUMPRODUCT((NOT(ISBLANK(DQ$3:DQ$4))*(DQ$3:DQ$4>$LK$3:$LK$4))+ISBLANK(DQ$3:DQ$4)) -> 0 | DR12: =SUMPRODUCT((NOT(ISBLANK(DR$3:DR$4))*(DR$3:DR$4>$LL$3:$LL$4))+ISBLANK(DR$3:DR$4)) -> 0 | DT12: =SUMPRODUCT((NOT(ISBLANK(DT$3:DT$4))*(DT$3:DT$4>$LM$3:$LM$4))+ISBLANK(DT$3:DT$4)) -> 0 | DU12: =SUMPRODUCT((NOT(ISBLANK(DU$3:DU$4))*(DU$3:DU$4>$LN$3:$LN$4))+ISBLANK(DU$3:DU$4)) -> 0 | DV12: =SUMPRODUCT((NOT(ISBLANK(DV$3:DV$4))*(DV$3:DV$4>$LO$3:$LO$4))+ISBLANK(DV$3:DV$4)) -> 0 | DW12: =SUMPRODUCT((NOT(ISBLANK(DW$3:DW$4))*(DW$3:DW$4>$LP$3:$LP$4))+ISBLANK(DW$3:DW$4)) -> 0 | DX12: =SUMPRODUCT((NOT(ISBLANK(DX$3:DX$4))*(DX$3:DX$4>$LK$3:$LK$4))+ISBLANK(DX$3:DX$4)) -> 0 | DY12: =SUMPRODUCT((NOT(ISBLANK(DY$3:DY$4))*(DY$3:DY$4>$LL$3:$LL$4))+ISBLANK(DY$3:DY$4)) -> 0 | EA12: =SUMPRODUCT((NOT(ISBLANK(EA$3:EA$4))*(EA$3:EA$4>$LM$3:$LM$4))+ISBLANK(EA$3:EA$4)) -> 0 | EB12: =SUMPRODUCT((NOT(ISBLANK(EB$3:EB$4))*(EB$3:EB$4>$LN$3:$LN$4))+ISBLANK(EB$3:EB$4)) -> 0 | EC12: =SUMPRODUCT((NOT(ISBLANK(EC$3:EC$4))*(EC$3:EC$4>$LO$3:$LO$4))+ISBLANK(EC$3:EC$4)) -> 0 | ED12: =SUMPRODUCT((NOT(ISBLANK(ED$3:ED$4))*(ED$3:ED$4>$LP$3:$LP$4))+ISBLANK(ED$3:ED$4)) -> 0 | EE12: =SUMPRODUCT((NOT(ISBLANK(EE$3:EE$4))*(EE$3:EE$4>$LK$3:$LK$4))+ISBLANK(EE$3:EE$4)) -> 0 | EF12: =SUMPRODUCT((NOT(ISBLANK(EF$3:EF$4))*(EF$3:EF$4>$LL$3:$LL$4))+ISBLANK(EF$3:EF$4)) -> 0 | EH12: =SUMPRODUCT((NOT(ISBLANK(EH$3:EH$4))*(EH$3:EH$4>$LM$3:$LM$4))+ISBLANK(EH$3:EH$4)) -> 0 | EI12: =SUMPRODUCT((NOT(ISBLANK(EI$3:EI$4))*(EI$3:EI$4>$LN$3:$LN$4))+ISBLANK(EI$3:EI$4)) -> 0 | EJ12: =SUMPRODUCT((NOT(ISBLANK(EJ$3:EJ$4))*(EJ$3:EJ$4>$LO$3:$LO$4))+ISBLANK(EJ$3:EJ$4)) -> 0 | EK12: =SUMPRODUCT((NOT(ISBLANK(EK$3:EK$4))*(EK$3:EK$4>$LP$3:$LP$4))+ISBLANK(EK$3:EK$4)) -> 0 | EL12: =SUMPRODUCT((NOT(ISBLANK(EL$3:EL$4))*(EL$3:EL$4>$LK$3:$LK$4))+ISBLANK(EL$3:EL$4)) -> 0 | EM12: =SUMPRODUCT((NOT(ISBLANK(EM$3:EM$4))*(EM$3:EM$4>$LL$3:$LL$4))+ISBLANK(EM$3:EM$4)) -> 0 | EO12: =SUMPRODUCT((NOT(ISBLANK(EO$3:EO$4))*(EO$3:EO$4>$LM$3:$LM$4))+ISBLANK(EO$3:EO$4)) -> 0 | EP12: =SUMPRODUCT((NOT(ISBLANK(EP$3:EP$4))*(EP$3:EP$4>$LN$3:$LN$4))+ISBLANK(EP$3:EP$4)) -> 0 | EQ12: =SUMPRODUCT((NOT(ISBLANK(EQ$3:EQ$4))*(EQ$3:EQ$4>$LO$3:$LO$4))+ISBLANK(EQ$3:EQ$4)) -> 0 | ER12: =SUMPRODUCT((NOT(ISBLANK(ER$3:ER$4))*(ER$3:ER$4>$LP$3:$LP$4))+ISBLANK(ER$3:ER$4)) -> 0 | ES12: =SUMPRODUCT((NOT(ISBLANK(ES$3:ES$4))*(ES$3:ES$4>$LK$3:$LK$4))+ISBLANK(ES$3:ES$4)) -> 0 | ET12: =SUMPRODUCT((NOT(ISBLANK(ET$3:ET$4))*(ET$3:ET$4>$LL$3:$LL$4))+ISBLANK(ET$3:ET$4)) -> 0 | EV12: =SUMPRODUCT((NOT(ISBLANK(EV$3:EV$4))*(EV$3:EV$4>$LM$3:$LM$4))+ISBLANK(EV$3:EV$4)) -> 0 | EW12: =SUMPRODUCT((NOT(ISBLANK(EW$3:EW$4))*(EW$3:EW$4>$LN$3:$LN$4))+ISBLANK(EW$3:EW$4)) -> 0 | EX12: =SUMPRODUCT((NOT(ISBLANK(EX$3:EX$4))*(EX$3:EX$4>$LO$3:$LO$4))+ISBLANK(EX$3:EX$4)) -> 0 | EY12: =SUMPRODUCT((NOT(ISBLANK(EY$3:EY$4))*(EY$3:EY$4>$LP$3:$LP$4))+ISBLANK(EY$3:EY$4)) -> 0 | EZ12: =SUMPRODUCT((NOT(ISBLANK(EZ$3:EZ$4))*(EZ$3:EZ$4>$LK$3:$LK$4))+ISBLANK(EZ$3:EZ$4)) -> 0 | FA12: =SUMPRODUCT((NOT(ISBLANK(FA$3:FA$4))*(FA$3:FA$4>$LL$3:$LL$4))+ISBLANK(FA$3:FA$4)) -> 0 | FC12: =SUMPRODUCT((NOT(ISBLANK(FC$3:FC$4))*(FC$3:FC$4>$LM$3:$LM$4))+ISBLANK(FC$3:FC$4)) -> 0 | FD12: =SUMPRODUCT((NOT(ISBLANK(FD$3:FD$4))*(FD$3:FD$4>$LN$3:$LN$4))+ISBLANK(FD$3:FD$4)) -> 0 | FE12: =SUMPRODUCT((NOT(ISBLANK(FE$3:FE$4))*(FE$3:FE$4>$LO$3:$LO$4))+ISBLANK(FE$3:FE$4)) -> 0 | FF12: =SUMPRODUCT((NOT(ISBLANK(FF$3:FF$4))*(FF$3:FF$4>$LP$3:$LP$4))+ISBLANK(FF$3:FF$4)) -> 0 | FG12: =SUMPRODUCT((NOT(ISBLANK(FG$3:FG$4))*(FG$3:FG$4>$LK$3:$LK$4))+ISBLANK(FG$3:FG$4)) -> 0 | FH12: =SUMPRODUCT((NOT(ISBLANK(FH$3:FH$4))*(FH$3:FH$4>$LL$3:$LL$4))+ISBLANK(FH$3:FH$4)) -> 0 | FJ12: =SUMPRODUCT((NOT(ISBLANK(FJ$3:FJ$4))*(FJ$3:FJ$4>$LM$3:$LM$4))+ISBLANK(FJ$3:FJ$4)) -> 0 | FK12: =SUMPRODUCT((NOT(ISBLANK(FK$3:FK$4))*(FK$3:FK$4>$LN$3:$LN$4))+ISBLANK(FK$3:FK$4)) -> 0 | FL12: =SUMPRODUCT((NOT(ISBLANK(FL$3:FL$4))*(FL$3:FL$4>$LO$3:$LO$4))+ISBLANK(FL$3:FL$4)) -> 0 | FM12: =SUMPRODUCT((NOT(ISBLANK(FM$3:FM$4))*(FM$3:FM$4>$LP$3:$LP$4))+ISBLANK(FM$3:FM$4)) -> 0 | FN12: =SUMPRODUCT((NOT(ISBLANK(FN$3:FN$4))*(FN$3:FN$4>$LK$3:$LK$4))+ISBLANK(FN$3:FN$4)) -> 0 | FO12: =SUMPRODUCT((NOT(ISBLANK(FO$3:FO$4))*(FO$3:FO$4>$LL$3:$LL$4))+ISBLANK(FO$3:FO$4)) -> 0 | FQ12: =SUMPRODUCT((NOT(ISBLANK(FQ$3:FQ$4))*(FQ$3:FQ$4>$LM$3:$LM$4))+ISBLANK(FQ$3:FQ$4)) -> 0 | FR12: =SUMPRODUCT((NOT(ISBLANK(FR$3:FR$4))*(FR$3:FR$4>$LN$3:$LN$4))+ISBLANK(FR$3:FR$4)) -> 0 | FS12: =SUMPRODUCT((NOT(ISBLANK(FS$3:FS$4))*(FS$3:FS$4>$LO$3:$LO$4))+ISBLANK(FS$3:FS$4)) -> 0 | FT12: =SUMPRODUCT((NOT(ISBLANK(FT$3:FT$4))*(FT$3:FT$4>$LP$3:$LP$4))+ISBLANK(FT$3:FT$4)) -> 0 | FU12: =SUMPRODUCT((NOT(ISBLANK(FU$3:FU$4))*(FU$3:FU$4>$LK$3:$LK$4))+ISBLANK(FU$3:FU$4)) -> 0 | FV12: =SUMPRODUCT((NOT(ISBLANK(FV$3:FV$4))*(FV$3:FV$4>$LL$3:$LL$4))+ISBLANK(FV$3:FV$4)) -> 0 | FX12: =SUMPRODUCT((NOT(ISBLANK(FX$3:FX$4))*(FX$3:FX$4>$LM$3:$LM$4))+ISBLANK(FX$3:FX$4)) -> 0 | FY12: =SUMPRODUCT((NOT(ISBLANK(FY$3:FY$4))*(FY$3:FY$4>$LN$3:$LN$4))+ISBLANK(FY$3:FY$4)) -> 0 | FZ12: =SUMPRODUCT((NOT(ISBLANK(FZ$3:FZ$4))*(FZ$3:FZ$4>$LO$3:$LO$4))+ISBLANK(FZ$3:FZ$4)) -> 0 | GA12: =SUMPRODUCT((NOT(ISBLANK(GA$3:GA$4))*(GA$3:GA$4>$LP$3:$LP$4))+ISBLANK(GA$3:GA$4)) -> 0 | GB12: =SUMPRODUCT((NOT(ISBLANK(GB$3:GB$4))*(GB$3:GB$4>$LK$3:$LK$4))+ISBLANK(GB$3:GB$4)) -> 0 | GC12: =SUMPRODUCT((NOT(ISBLANK(GC$3:GC$4))*(GC$3:GC$4>$LL$3:$LL$4))+ISBLANK(GC$3:GC$4)) -> 0 | GE12: =SUMPRODUCT((NOT(ISBLANK(GE$3:GE$4))*(GE$3:GE$4>$LM$3:$LM$4))+ISBLANK(GE$3:GE$4)) -> 0 | GF12: =SUMPRODUCT((NOT(ISBLANK(GF$3:GF$4))*(GF$3:GF$4>$LN$3:$LN$4))+ISBLANK(GF$3:GF$4)) -> 0 | GG12: =SUMPRODUCT((NOT(ISBLANK(GG$3:GG$4))*(GG$3:GG$4>$LO$3:$LO$4))+ISBLANK(GG$3:GG$4)) -> 0 | GH12: =SUMPRODUCT((NOT(ISBLANK(GH$3:GH$4))*(GH$3:GH$4>$LP$3:$LP$4))+ISBLANK(GH$3:GH$4)) -> 0 | GI12: =SUMPRODUCT((NOT(ISBLANK(GI$3:GI$4))*(GI$3:GI$4>$LK$3:$LK$4))+ISBLANK(GI$3:GI$4)) -> 0 | GJ12: =SUMPRODUCT((NOT(ISBLANK(GJ$3:GJ$4))*(GJ$3:GJ$4>$LL$3:$LL$4))+ISBLANK(GJ$3:GJ$4)) -> 0 | GL12: =SUMPRODUCT((NOT(ISBLANK(GL$3:GL$4))*(GL$3:GL$4>$LM$3:$LM$4))+ISBLANK(GL$3:GL$4)) -> 0 | GM12: =SUMPRODUCT((NOT(ISBLANK(GM$3:GM$4))*(GM$3:GM$4>$LN$3:$LN$4))+ISBLANK(GM$3:GM$4)) -> 0 | GN12: =SUMPRODUCT((NOT(ISBLANK(GN$3:GN$4))*(GN$3:GN$4>$LO$3:$LO$4))+ISBLANK(GN$3:GN$4)) -> 0 | GO12: =SUMPRODUCT((NOT(ISBLANK(GO$3:GO$4))*(GO$3:GO$4>$LP$3:$LP$4))+ISBLANK(GO$3:GO$4)) -> 0 | GP12: =SUMPRODUCT((NOT(ISBLANK(GP$3:GP$4))*(GP$3:GP$4>$LK$3:$LK$4))+ISBLANK(GP$3:GP$4)) -> 0 | GQ12: =SUMPRODUCT((NOT(ISBLANK(GQ$3:GQ$4))*(GQ$3:GQ$4>$LL$3:$LL$4))+ISBLANK(GQ$3:GQ$4)) -> 0 | GS12: =SUMPRODUCT((NOT(ISBLANK(GS$3:GS$4))*(GS$3:GS$4>$LM$3:$LM$4))+ISBLANK(GS$3:GS$4)) -> 0 | GT12: =SUMPRODUCT((NOT(ISBLANK(GT$3:GT$4))*(GT$3:GT$4>$LN$3:$LN$4))+ISBLANK(GT$3:GT$4)) -> 0 | GU12: =SUMPRODUCT((NOT(ISBLANK(GU$3:GU$4))*(GU$3:GU$4>$LO$3:$LO$4))+ISBLANK(GU$3:GU$4)) -> 0 | GV12: =SUMPRODUCT((NOT(ISBLANK(GV$3:GV$4))*(GV$3:GV$4>$LP$3:$LP$4))+ISBLANK(GV$3:GV$4)) -> 0 | GW12: =SUMPRODUCT((NOT(ISBLANK(GW$3:GW$4))*(GW$3:GW$4>$LK$3:$LK$4))+ISBLANK(GW$3:GW$4)) -> 0 | GX12: =SUMPRODUCT((NOT(ISBLANK(GX$3:GX$4))*(GX$3:GX$4>$LL$3:$LL$4))+ISBLANK(GX$3:GX$4)) -> 0 | GZ12: =SUMPRODUCT((NOT(ISBLANK(GZ$3:GZ$4))*(GZ$3:GZ$4>$LM$3:$LM$4))+ISBLANK(GZ$3:GZ$4)) -> 0 | HA12: =SUMPRODUCT((NOT(ISBLANK(HA$3:HA$4))*(HA$3:HA$4>$LN$3:$LN$4))+ISBLANK(HA$3:HA$4)) -> 0 | HB12: =SUMPRODUCT((NOT(ISBLANK(HB$3:HB$4))*(HB$3:HB$4>$LO$3:$LO$4))+ISBLANK(HB$3:HB$4)) -> 0 | HC12: =SUMPRODUCT((NOT(ISBLANK(HC$3:HC$4))*(HC$3:HC$4>$LP$3:$LP$4))+ISBLANK(HC$3:HC$4)) -> 0 | HD12: =SUMPRODUCT((NOT(ISBLANK(HD$3:HD$4))*(HD$3:HD$4>$LK$3:$LK$4))+ISBLANK(HD$3:HD$4)) -> 0 | HE12: =SUMPRODUCT((NOT(ISBLANK(HE$3:HE$4))*(HE$3:HE$4>$LL$3:$LL$4))+ISBLANK(HE$3:HE$4)) -> 0 | HG12: =SUMPRODUCT((NOT(ISBLANK(HG$3:HG$4))*(HG$3:HG$4>$LM$3:$LM$4))+ISBLANK(HG$3:HG$4)) -> 0 | HH12: =SUMPRODUCT((NOT(ISBLANK(HH$3:HH$4))*(HH$3:HH$4>$LN$3:$LN$4))+ISBLANK(HH$3:HH$4)) -> 0 | HI12: =SUMPRODUCT((NOT(ISBLANK(HI$3:HI$4))*(HI$3:HI$4>$LO$3:$LO$4))+ISBLANK(HI$3:HI$4)) -> 0 | HJ12: =SUMPRODUCT((NOT(ISBLANK(HJ$3:HJ$4))*(HJ$3:HJ$4>$LP$3:$LP$4))+ISBLANK(HJ$3:HJ$4)) -> 0 | HK12: =SUMPRODUCT((NOT(ISBLANK(HK$3:HK$4))*(HK$3:HK$4>$LK$3:$LK$4))+ISBLANK(HK$3:HK$4)) -> 0 | HL12: =SUMPRODUCT((NOT(ISBLANK(HL$3:HL$4))*(HL$3:HL$4>$LL$3:$LL$4))+ISBLANK(HL$3:HL$4)) -> 0 | HN12: =SUMPRODUCT((NOT(ISBLANK(HN$3:HN$4))*(HN$3:HN$4>$LM$3:$LM$4))+ISBLANK(HN$3:HN$4)) -> 0 | HO12: =SUMPRODUCT((NOT(ISBLANK(HO$3:HO$4))*(HO$3:HO$4>$LN$3:$LN$4))+ISBLANK(HO$3:HO$4)) -> 0 | HP12: =SUMPRODUCT((NOT(ISBLANK(HP$3:HP$4))*(HP$3:HP$4>$LO$3:$LO$4))+ISBLANK(HP$3:HP$4)) -> 0 | HQ12: =SUMPRODUCT((NOT(ISBLANK(HQ$3:HQ$4))*(HQ$3:HQ$4>$LP$3:$LP$4))+ISBLANK(HQ$3:HQ$4)) -> 0 | HR12: =SUMPRODUCT((NOT(ISBLANK(HR$3:HR$4))*(HR$3:HR$4>$LK$3:$LK$4))+ISBLANK(HR$3:HR$4)) -> 0 | HS12: =SUMPRODUCT((NOT(ISBLANK(HS$3:HS$4))*(HS$3:HS$4>$LL$3:$LL$4))+ISBLANK(HS$3:HS$4)) -> 0 | HU12: =SUMPRODUCT((NOT(ISBLANK(HU$3:HU$4))*(HU$3:HU$4>$LM$3:$LM$4))+ISBLANK(HU$3:HU$4)) -> 0 | HV12: =SUMPRODUCT((NOT(ISBLANK(HV$3:HV$4))*(HV$3:HV$4>$LN$3:$LN$4))+ISBLANK(HV$3:HV$4)) -> 0 | HW12: =SUMPRODUCT((NOT(ISBLANK(HW$3:HW$4))*(HW$3:HW$4>$LO$3:$LO$4))+ISBLANK(HW$3:HW$4)) -> 0 | HX12: =SUMPRODUCT((NOT(ISBLANK(HX$3:HX$4))*(HX$3:HX$4>$LP$3:$LP$4))+ISBLANK(HX$3:HX$4)) -> 0 | HY12: =SUMPRODUCT((NOT(ISBLANK(HY$3:HY$4))*(HY$3:HY$4>$LK$3:$LK$4))+ISBLANK(HY$3:HY$4)) -> 0 | HZ12: =SUMPRODUCT((NOT(ISBLANK(HZ$3:HZ$4))*(HZ$3:HZ$4>$LL$3:$LL$4))+ISBLANK(HZ$3:HZ$4)) -> 0 | IB12: =SUMPRODUCT((NOT(ISBLANK(IB$3:IB$4))*(IB$3:IB$4>$LM$3:$LM$4))+ISBLANK(IB$3:IB$4)) -> 0 | IC12: =SUMPRODUCT((NOT(ISBLANK(IC$3:IC$4))*(IC$3:IC$4>$LN$3:$LN$4))+ISBLANK(IC$3:IC$4)) -> 0 | ID12: =SUMPRODUCT((NOT(ISBLANK(ID$3:ID$4))*(ID$3:ID$4>$LO$3:$LO$4))+ISBLANK(ID$3:ID$4)) -> 0 | IE12: =SUMPRODUCT((NOT(ISBLANK(IE$3:IE$4))*(IE$3:IE$4>$LP$3:$LP$4))+ISBLANK(IE$3:IE$4)) -> 0 | IF12: =SUMPRODUCT((NOT(ISBLANK(IF$3:IF$4))*(IF$3:IF$4>$LK$3:$LK$4))+ISBLANK(IF$3:IF$4)) -> 0 | IG12: =SUMPRODUCT((NOT(ISBLANK(IG$3:IG$4))*(IG$3:IG$4>$LL$3:$LL$4))+ISBLANK(IG$3:IG$4)) -> 0 | II12: =SUMPRODUCT((NOT(ISBLANK(II$3:II$4))*(II$3:II$4>$LM$3:$LM$4))+ISBLANK(II$3:II$4)) -> 0 | IJ12: =SUMPRODUCT((NOT(ISBLANK(IJ$3:IJ$4))*(IJ$3:IJ$4>$LN$3:$LN$4))+ISBLANK(IJ$3:IJ$4)) -> 0 | IK12: =SUMPRODUCT((NOT(ISBLANK(IK$3:IK$4))*(IK$3:IK$4>$LO$3:$LO$4))+ISBLANK(IK$3:IK$4)) -> 0 | IL12: =SUMPRODUCT((NOT(ISBLANK(IL$3:IL$4))*(IL$3:IL$4>$LP$3:$LP$4))+ISBLANK(IL$3:IL$4)) -> 0 | IM12: =SUMPRODUCT((NOT(ISBLANK(IM$3:IM$4))*(IM$3:IM$4>$LK$3:$LK$4))+ISBLANK(IM$3:IM$4)) -> 0 | IN12: =SUMPRODUCT((NOT(ISBLANK(IN$3:IN$4))*(IN$3:IN$4>$LL$3:$LL$4))+ISBLANK(IN$3:IN$4)) -> 0 | IP12: =SUMPRODUCT((NOT(ISBLANK(IP$3:IP$4))*(IP$3:IP$4>$LM$3:$LM$4))+ISBLANK(IP$3:IP$4)) -> 0 | IQ12: =SUMPRODUCT((NOT(ISBLANK(IQ$3:IQ$4))*(IQ$3:IQ$4>$LN$3:$LN$4))+ISBLANK(IQ$3:IQ$4)) -> 0 | IR12: =SUMPRODUCT((NOT(ISBLANK(IR$3:IR$4))*(IR$3:IR$4>$LO$3:$LO$4))+ISBLANK(IR$3:IR$4)) -> 0 | IS12: =SUMPRODUCT((NOT(ISBLANK(IS$3:IS$4))*(IS$3:IS$4>$LP$3:$LP$4))+ISBLANK(IS$3:IS$4)) -> 0 | IT12: =SUMPRODUCT((NOT(ISBLANK(IT$3:IT$4))*(IT$3:IT$4>$LK$3:$LK$4))+ISBLANK(IT$3:IT$4)) -> 0 | IU12: =SUMPRODUCT((NOT(ISBLANK(IU$3:IU$4))*(IU$3:IU$4>$LL$3:$LL$4))+ISBLANK(IU$3:IU$4)) -> 0 | IW12: =SUMPRODUCT((NOT(ISBLANK(IW$3:IW$4))*(IW$3:IW$4>$LM$3:$LM$4))+ISBLANK(IW$3:IW$4)) -> 0 | IX12: =SUMPRODUCT((NOT(ISBLANK(IX$3:IX$4))*(IX$3:IX$4>$LN$3:$LN$4))+ISBLANK(IX$3:IX$4)) -> 0 | IY12: =SUMPRODUCT((NOT(ISBLANK(IY$3:IY$4))*(IY$3:IY$4>$LO$3:$LO$4))+ISBLANK(IY$3:IY$4)) -> 0 | IZ12: =SUMPRODUCT((NOT(ISBLANK(IZ$3:IZ$4))*(IZ$3:IZ$4>$LP$3:$LP$4))+ISBLANK(IZ$3:IZ$4)) -> 0 | JA12: =SUMPRODUCT((NOT(ISBLANK(JA$3:JA$4))*(JA$3:JA$4>$LK$3:$LK$4))+ISBLANK(JA$3:JA$4)) -> 0 | JB12: =SUMPRODUCT((NOT(ISBLANK(JB$3:JB$4))*(JB$3:JB$4>$LL$3:$LL$4))+ISBLANK(JB$3:JB$4)) -> 0 | JD12: =SUMPRODUCT((NOT(ISBLANK(JD$3:JD$4))*(JD$3:JD$4>$LM$3:$LM$4))+ISBLANK(JD$3:JD$4)) -> 0 | JE12: =SUMPRODUCT((NOT(ISBLANK(JE$3:JE$4))*(JE$3:JE$4>$LN$3:$LN$4))+ISBLANK(JE$3:JE$4)) -> 0 | JF12: =SUMPRODUCT((NOT(ISBLANK(JF$3:JF$4))*(JF$3:JF$4>$LO$3:$LO$4))+ISBLANK(JF$3:JF$4)) -> 0 | JG12: =SUMPRODUCT((NOT(ISBLANK(JG$3:JG$4))*(JG$3:JG$4>$LP$3:$LP$4))+ISBLANK(JG$3:JG$4)) -> 0 | JH12: =SUMPRODUCT((NOT(ISBLANK(JH$3:JH$4))*(JH$3:JH$4>$LK$3:$LK$4))+ISBLANK(JH$3:JH$4)) -> 0 | JI12: =SUMPRODUCT((NOT(ISBLANK(JI$3:JI$4))*(JI$3:JI$4>$LL$3:$LL$4))+ISBLANK(JI$3:JI$4)) -> 0 | JK12: =SUMPRODUCT((NOT(ISBLANK(JK$3:JK$4))*(JK$3:JK$4>$LM$3:$LM$4))+ISBLANK(JK$3:JK$4)) -> 0 | JL12: =SUMPRODUCT((NOT(ISBLANK(JL$3:JL$4))*(JL$3:JL$4>$LN$3:$LN$4))+ISBLANK(JL$3:JL$4)) -> 0 | JM12: =SUMPRODUCT((NOT(ISBLANK(JM$3:JM$4))*(JM$3:JM$4>$LO$3:$LO$4))+ISBLANK(JM$3:JM$4)) -> 0 | JN12: =SUMPRODUCT((NOT(ISBLANK(JN$3:JN$4))*(JN$3:JN$4>$LP$3:$LP$4))+ISBLANK(JN$3:JN$4)) -> 0 | JO12: =SUMPRODUCT((NOT(ISBLANK(JO$3:JO$4))*(JO$3:JO$4>$LK$3:$LK$4))+ISBLANK(JO$3:JO$4)) -> 0 | JP12: =SUMPRODUCT((NOT(ISBLANK(JP$3:JP$4))*(JP$3:JP$4>$LL$3:$LL$4))+ISBLANK(JP$3:JP$4)) -> 0 | JR12: =SUMPRODUCT((NOT(ISBLANK(JR$3:JR$4))*(JR$3:JR$4>$LM$3:$LM$4))+ISBLANK(JR$3:JR$4)) -> 0 | JS12: =SUMPRODUCT((NOT(ISBLANK(JS$3:JS$4))*(JS$3:JS$4>$LN$3:$LN$4))+ISBLANK(JS$3:JS$4)) -> 0 | JT12: =SUMPRODUCT((NOT(ISBLANK(JT$3:JT$4))*(JT$3:JT$4>$LO$3:$LO$4))+ISBLANK(JT$3:JT$4)) -> 0 | JU12: =SUMPRODUCT((NOT(ISBLANK(JU$3:JU$4))*(JU$3:JU$4>$LP$3:$LP$4))+ISBLANK(JU$3:JU$4)) -> 0 | JV12: =SUMPRODUCT((NOT(ISBLANK(JV$3:JV$4))*(JV$3:JV$4>$LK$3:$LK$4))+ISBLANK(JV$3:JV$4)) -> 0 | JW12: =SUMPRODUCT((NOT(ISBLANK(JW$3:JW$4))*(JW$3:JW$4>$LL$3:$LL$4))+ISBLANK(JW$3:JW$4)) -> 0 | JY12: =SUMPRODUCT((NOT(ISBLANK(JY$3:JY$4))*(JY$3:JY$4>$LM$3:$LM$4))+ISBLANK(JY$3:JY$4)) -> 0 | JZ12: =SUMPRODUCT((NOT(ISBLANK(JZ$3:JZ$4))*(JZ$3:JZ$4>$LN$3:$LN$4))+ISBLANK(JZ$3:JZ$4)) -> 0 | KA12: =SUMPRODUCT((NOT(ISBLANK(KA$3:KA$4))*(KA$3:KA$4>$LO$3:$LO$4))+ISBLANK(KA$3:KA$4)) -> 0 | KB12: =SUMPRODUCT((NOT(ISBLANK(KB$3:KB$4))*(KB$3:KB$4>$LP$3:$LP$4))+ISBLANK(KB$3:KB$4)) -> 0 | KC12: =SUMPRODUCT((NOT(ISBLANK(KC$3:KC$4))*(KC$3:KC$4>$LK$3:$LK$4))+ISBLANK(KC$3:KC$4)) -> 0 | KD12: =SUMPRODUCT((NOT(ISBLANK(KD$3:KD$4))*(KD$3:KD$4>$LL$3:$LL$4))+ISBLANK(KD$3:KD$4)) -> 0 | KF12: =SUMPRODUCT((NOT(ISBLANK(KF$3:KF$4))*(KF$3:KF$4>$LM$3:$LM$4))+ISBLANK(KF$3:KF$4)) -> 0 | KG12: =SUMPRODUCT((NOT(ISBLANK(KG$3:KG$4))*(KG$3:KG$4>$LN$3:$LN$4))+ISBLANK(KG$3:KG$4)) -> 0 | KH12: =SUMPRODUCT((NOT(ISBLANK(KH$3:KH$4))*(KH$3:KH$4>$LO$3:$LO$4))+ISBLANK(KH$3:KH$4)) -> 0 | KI12: =SUMPRODUCT((NOT(ISBLANK(KI$3:KI$4))*(KI$3:KI$4>$LP$3:$LP$4))+ISBLANK(KI$3:KI$4)) -> 0 | KJ12: =SUMPRODUCT((NOT(ISBLANK(KJ$3:KJ$4))*(KJ$3:KJ$4>$LK$3:$LK$4))+ISBLANK(KJ$3:KJ$4)) -> 0 | KK12: =SUMPRODUCT((NOT(ISBLANK(KK$3:KK$4))*(KK$3:KK$4>$LL$3:$LL$4))+ISBLANK(KK$3:KK$4)) -> 0 | KM12: =SUMPRODUCT((NOT(ISBLANK(KM$3:KM$4))*(KM$3:KM$4>$LM$3:$LM$4))+ISBLANK(KM$3:KM$4)) -> 0 | KN12: =SUMPRODUCT((NOT(ISBLANK(KN$3:KN$4))*(KN$3:KN$4>$LN$3:$LN$4))+ISBLANK(KN$3:KN$4)) -> 0 | KO12: =SUMPRODUCT((NOT(ISBLANK(KO$3:KO$4))*(KO$3:KO$4>$LO$3:$LO$4))+ISBLANK(KO$3:KO$4)) -> 0 | KP12: =SUMPRODUCT((NOT(ISBLANK(KP$3:KP$4))*(KP$3:KP$4>$LP$3:$LP$4))+ISBLANK(KP$3:KP$4)) -> 0 | KQ12: =SUMPRODUCT((NOT(ISBLANK(KQ$3:KQ$4))*(KQ$3:KQ$4>$LK$3:$LK$4))+ISBLANK(KQ$3:KQ$4)) -> 0 | KR12: =SUMPRODUCT((NOT(ISBLANK(KR$3:KR$4))*(KR$3:KR$4>$LL$3:$LL$4))+ISBLANK(KR$3:KR$4)) -> 0 | KT12: =SUMPRODUCT((NOT(ISBLANK(KT$3:KT$4))*(KT$3:KT$4>$LM$3:$LM$4))+ISBLANK(KT$3:KT$4)) -> 0 | KU12: =SUMPRODUCT((NOT(ISBLANK(KU$3:KU$4))*(KU$3:KU$4>$LN$3:$LN$4))+ISBLANK(KU$3:KU$4)) -> 0 | KV12: =SUMPRODUCT((NOT(ISBLANK(KV$3:KV$4))*(KV$3:KV$4>$LO$3:$LO$4))+ISBLANK(KV$3:KV$4)) -> 0 | KW12: =SUMPRODUCT((NOT(ISBLANK(KW$3:KW$4))*(KW$3:KW$4>$LP$3:$LP$4))+ISBLANK(KW$3:KW$4)) -> 0 | KX12: =SUMPRODUCT((NOT(ISBLANK(KX$3:KX$4))*(KX$3:KX$4>$LK$3:$LK$4))+ISBLANK(KX$3:KX$4)) -> 0 | KY12: =SUMPRODUCT((NOT(ISBLANK(KY$3:KY$4))*(KY$3:KY$4>$LL$3:$LL$4))+ISBLANK(KY$3:KY$4)) -> 0 | LA12: =SUMPRODUCT((NOT(ISBLANK(LA$3:LA$4))*(LA$3:LA$4>$LM$3:$LM$4))+ISBLANK(LA$3:LA$4)) -> 0 | LB12: =SUMPRODUCT((NOT(ISBLANK(LB$3:LB$4))*(LB$3:LB$4>$LN$3:$LN$4))+ISBLANK(LB$3:LB$4)) -> 0 | LC12: =SUMPRODUCT((NOT(ISBLANK(LC$3:LC$4))*(LC$3:LC$4>$LO$3:$LO$4))+ISBLANK(LC$3:LC$4)) -> 0 | LD12: =SUMPRODUCT((NOT(ISBLANK(LD$3:LD$4))*(LD$3:LD$4>$LP$3:$LP$4))+ISBLANK(LD$3:LD$4)) -> 0
A13: WORST | B13: =SUMPRODUCT((NOT(ISBLANK(B$3:B$4))*(B$3:B$4=$LQ$3:$LQ$4))+ISBLANK(B$3:B$4)) -> 0 | H13: =SUMPRODUCT((NOT(ISBLANK(H$3:H$4))*(H$3:H$4=$LV$3:$LV$4))+ISBLANK(H$3:H$4)) -> 0 | I13: =SUMPRODUCT((NOT(ISBLANK(I$3:I$4))*(I$3:I$4=$LQ$3:$LQ$4))+ISBLANK(I$3:I$4)) -> 0 | O13: =SUMPRODUCT((NOT(ISBLANK(O$3:O$4))*(O$3:O$4=$LV$3:$LV$4))+ISBLANK(O$3:O$4)) -> 0 | P13: =SUMPRODUCT((NOT(ISBLANK(P$3:P$4))*(P$3:P$4=$LQ$3:$LQ$4))+ISBLANK(P$3:P$4)) -> 0 | V13: =SUMPRODUCT((NOT(ISBLANK(V$3:V$4))*(V$3:V$4=$LV$3:$LV$4))+ISBLANK(V$3:V$4)) -> 0 | W13: =SUMPRODUCT((NOT(ISBLANK(W$3:W$4))*(W$3:W$4=$LQ$3:$LQ$4))+ISBLANK(W$3:W$4)) -> 0 | AC13: =SUMPRODUCT((NOT(ISBLANK(AC$3:AC$4))*(AC$3:AC$4=$LV$3:$LV$4))+ISBLANK(AC$3:AC$4)) -> 0 | AD13: =SUMPRODUCT((NOT(ISBLANK(AD$3:AD$4))*(AD$3:AD$4=$LQ$3:$LQ$4))+ISBLANK(AD$3:AD$4)) -> 0 | AJ13: =SUMPRODUCT((NOT(ISBLANK(AJ$3:AJ$4))*(AJ$3:AJ$4=$LV$3:$LV$4))+ISBLANK(AJ$3:AJ$4)) -> 0 | AK13: =SUMPRODUCT((NOT(ISBLANK(AK$3:AK$4))*(AK$3:AK$4=$LQ$3:$LQ$4))+ISBLANK(AK$3:AK$4)) -> 0 | AQ13: =SUMPRODUCT((NOT(ISBLANK(AQ$3:AQ$4))*(AQ$3:AQ$4=$LV$3:$LV$4))+ISBLANK(AQ$3:AQ$4)) -> 0 | AR13: =SUMPRODUCT((NOT(ISBLANK(AR$3:AR$4))*(AR$3:AR$4=$LQ$3:$LQ$4))+ISBLANK(AR$3:AR$4)) -> 0 | AX13: =SUMPRODUCT((NOT(ISBLANK(AX$3:AX$4))*(AX$3:AX$4=$LV$3:$LV$4))+ISBLANK(AX$3:AX$4)) -> 0 | AY13: =SUMPRODUCT((NOT(ISBLANK(AY$3:AY$4))*(AY$3:AY$4=$LQ$3:$LQ$4))+ISBLANK(AY$3:AY$4)) -> 0 | BE13: =SUMPRODUCT((NOT(ISBLANK(BE$3:BE$4))*(BE$3:BE$4=$LV$3:$LV$4))+ISBLANK(BE$3:BE$4)) -> 0 | BF13: =SUMPRODUCT((NOT(ISBLANK(BF$3:BF$4))*(BF$3:BF$4=$LQ$3:$LQ$4))+ISBLANK(BF$3:BF$4)) -> 0 | BL13: =SUMPRODUCT((NOT(ISBLANK(BL$3:BL$4))*(BL$3:BL$4=$LV$3:$LV$4))+ISBLANK(BL$3:BL$4)) -> 0 | BM13: =SUMPRODUCT((NOT(ISBLANK(BM$3:BM$4))*(BM$3:BM$4=$LQ$3:$LQ$4))+ISBLANK(BM$3:BM$4)) -> 0 | BS13: =SUMPRODUCT((NOT(ISBLANK(BS$3:BS$4))*(BS$3:BS$4=$LV$3:$LV$4))+ISBLANK(BS$3:BS$4)) -> 0 | BT13: =SUMPRODUCT((NOT(ISBLANK(BT$3:BT$4))*(BT$3:BT$4=$LQ$3:$LQ$4))+ISBLANK(BT$3:BT$4)) -> 0 | BZ13: =SUMPRODUCT((NOT(ISBLANK(BZ$3:BZ$4))*(BZ$3:BZ$4=$LV$3:$LV$4))+ISBLANK(BZ$3:BZ$4)) -> 0 | CA13: =SUMPRODUCT((NOT(ISBLANK(CA$3:CA$4))*(CA$3:CA$4=$LQ$3:$LQ$4))+ISBLANK(CA$3:CA$4)) -> 0 | CG13: =SUMPRODUCT((NOT(ISBLANK(CG$3:CG$4))*(CG$3:CG$4=$LV$3:$LV$4))+ISBLANK(CG$3:CG$4)) -> 0 | CH13: =SUMPRODUCT((NOT(ISBLANK(CH$3:CH$4))*(CH$3:CH$4=$LQ$3:$LQ$4))+ISBLANK(CH$3:CH$4)) -> 0 | CI13: =SUMPRODUCT((NOT(ISBLANK(CI$3:CI$4))*(CI$3:CI$4=$LR$3:$LR$4))+ISBLANK(CI$3:CI$4)) -> 0 | CK13: =SUMPRODUCT((NOT(ISBLANK(CK$3:CK$4))*(CK$3:CK$4=$LS$3:$LS$4))+ISBLANK(CK$3:CK$4)) -> 0 | CL13: =SUMPRODUCT((NOT(ISBLANK(CL$3:CL$4))*(CL$3:CL$4=$LT$3:$LT$4))+ISBLANK(CL$3:CL$4)) -> 0 | CM13: =SUMPRODUCT((NOT(ISBLANK(CM$3:CM$4))*(CM$3:CM$4=$LU$3:$LU$4))+ISBLANK(CM$3:CM$4)) -> 0 | CN13: =SUMPRODUCT((NOT(ISBLANK(CN$3:CN$4))*(CN$3:CN$4=$LV$3:$LV$4))+ISBLANK(CN$3:CN$4)) -> 0 | CO13: =SUMPRODUCT((NOT(ISBLANK(CO$3:CO$4))*(CO$3:CO$4=$LQ$3:$LQ$4))+ISBLANK(CO$3:CO$4)) -> 0 | CP13: =SUMPRODUCT((NOT(ISBLANK(CP$3:CP$4))*(CP$3:CP$4=$LR$3:$LR$4))+ISBLANK(CP$3:CP$4)) -> 0 | CR13: =SUMPRODUCT((NOT(ISBLANK(CR$3:CR$4))*(CR$3:CR$4=$LS$3:$LS$4))+ISBLANK(CR$3:CR$4)) -> 0 | CS13: =SUMPRODUCT((NOT(ISBLANK(CS$3:CS$4))*(CS$3:CS$4=$LT$3:$LT$4))+ISBLANK(CS$3:CS$4)) -> 0 | CT13: =SUMPRODUCT((NOT(ISBLANK(CT$3:CT$4))*(CT$3:CT$4=$LU$3:$LU$4))+ISBLANK(CT$3:CT$4)) -> 0 | CU13: =SUMPRODUCT((NOT(ISBLANK(CU$3:CU$4))*(CU$3:CU$4=$LV$3:$LV$4))+ISBLANK(CU$3:CU$4)) -> 0 | CV13: =SUMPRODUCT((NOT(ISBLANK(CV$3:CV$4))*(CV$3:CV$4=$LQ$3:$LQ$4))+ISBLANK(CV$3:CV$4)) -> 0 | CW13: =SUMPRODUCT((NOT(ISBLANK(CW$3:CW$4))*(CW$3:CW$4=$LR$3:$LR$4))+ISBLANK(CW$3:CW$4)) -> 0 | CY13: =SUMPRODUCT((NOT(ISBLANK(CY$3:CY$4))*(CY$3:CY$4=$LS$3:$LS$4))+ISBLANK(CY$3:CY$4)) -> 0 | CZ13: =SUMPRODUCT((NOT(ISBLANK(CZ$3:CZ$4))*(CZ$3:CZ$4=$LT$3:$LT$4))+ISBLANK(CZ$3:CZ$4)) -> 0 | DA13: =SUMPRODUCT((NOT(ISBLANK(DA$3:DA$4))*(DA$3:DA$4=$LU$3:$LU$4))+ISBLANK(DA$3:DA$4)) -> 0 | DB13: =SUMPRODUCT((NOT(ISBLANK(DB$3:DB$4))*(DB$3:DB$4=$LV$3:$LV$4))+ISBLANK(DB$3:DB$4)) -> 0 | DC13: =SUMPRODUCT((NOT(ISBLANK(DC$3:DC$4))*(DC$3:DC$4=$LQ$3:$LQ$4))+ISBLANK(DC$3:DC$4)) -> 0 | DD13: =SUMPRODUCT((NOT(ISBLANK(DD$3:DD$4))*(DD$3:DD$4=$LR$3:$LR$4))+ISBLANK(DD$3:DD$4)) -> 0 | DF13: =SUMPRODUCT((NOT(ISBLANK(DF$3:DF$4))*(DF$3:DF$4=$LS$3:$LS$4))+ISBLANK(DF$3:DF$4)) -> 0 | DG13: =SUMPRODUCT((NOT(ISBLANK(DG$3:DG$4))*(DG$3:DG$4=$LT$3:$LT$4))+ISBLANK(DG$3:DG$4)) -> 0 | DH13: =SUMPRODUCT((NOT(ISBLANK(DH$3:DH$4))*(DH$3:DH$4=$LU$3:$LU$4))+ISBLANK(DH$3:DH$4)) -> 0 | DI13: =SUMPRODUCT((NOT(ISBLANK(DI$3:DI$4))*(DI$3:DI$4=$LV$3:$LV$4))+ISBLANK(DI$3:DI$4)) -> 0 | DJ13: =SUMPRODUCT((NOT(ISBLANK(DJ$3:DJ$4))*(DJ$3:DJ$4=$LQ$3:$LQ$4))+ISBLANK(DJ$3:DJ$4)) -> 0 | DK13: =SUMPRODUCT((NOT(ISBLANK(DK$3:DK$4))*(DK$3:DK$4=$LR$3:$LR$4))+ISBLANK(DK$3:DK$4)) -> 0 | DM13: =SUMPRODUCT((NOT(ISBLANK(DM$3:DM$4))*(DM$3:DM$4=$LS$3:$LS$4))+ISBLANK(DM$3:DM$4)) -> 0 | DN13: =SUMPRODUCT((NOT(ISBLANK(DN$3:DN$4))*(DN$3:DN$4=$LT$3:$LT$4))+ISBLANK(DN$3:DN$4)) -> 0 | DO13: =SUMPRODUCT((NOT(ISBLANK(DO$3:DO$4))*(DO$3:DO$4=$LU$3:$LU$4))+ISBLANK(DO$3:DO$4)) -> 0 | DP13: =SUMPRODUCT((NOT(ISBLANK(DP$3:DP$4))*(DP$3:DP$4=$LV$3:$LV$4))+ISBLANK(DP$3:DP$4)) -> 0 | DQ13: =SUMPRODUCT((NOT(ISBLANK(DQ$3:DQ$4))*(DQ$3:DQ$4=$LQ$3:$LQ$4))+ISBLANK(DQ$3:DQ$4)) -> 0 | DR13: =SUMPRODUCT((NOT(ISBLANK(DR$3:DR$4))*(DR$3:DR$4=$LR$3:$LR$4))+ISBLANK(DR$3:DR$4)) -> 0 | DT13: =SUMPRODUCT((NOT(ISBLANK(DT$3:DT$4))*(DT$3:DT$4=$LS$3:$LS$4))+ISBLANK(DT$3:DT$4)) -> 0 | DU13: =SUMPRODUCT((NOT(ISBLANK(DU$3:DU$4))*(DU$3:DU$4=$LT$3:$LT$4))+ISBLANK(DU$3:DU$4)) -> 0 | DV13: =SUMPRODUCT((NOT(ISBLANK(DV$3:DV$4))*(DV$3:DV$4=$LU$3:$LU$4))+ISBLANK(DV$3:DV$4)) -> 0 | DW13: =SUMPRODUCT((NOT(ISBLANK(DW$3:DW$4))*(DW$3:DW$4=$LV$3:$LV$4))+ISBLANK(DW$3:DW$4)) -> 0 | DX13: =SUMPRODUCT((NOT(ISBLANK(DX$3:DX$4))*(DX$3:DX$4=$LQ$3:$LQ$4))+ISBLANK(DX$3:DX$4)) -> 0 | DY13: =SUMPRODUCT((NOT(ISBLANK(DY$3:DY$4))*(DY$3:DY$4=$LR$3:$LR$4))+ISBLANK(DY$3:DY$4)) -> 0 | EA13: =SUMPRODUCT((NOT(ISBLANK(EA$3:EA$4))*(EA$3:EA$4=$LS$3:$LS$4))+ISBLANK(EA$3:EA$4)) -> 0 | EB13: =SUMPRODUCT((NOT(ISBLANK(EB$3:EB$4))*(EB$3:EB$4=$LT$3:$LT$4))+ISBLANK(EB$3:EB$4)) -> 0 | EC13: =SUMPRODUCT((NOT(ISBLANK(EC$3:EC$4))*(EC$3:EC$4=$LU$3:$LU$4))+ISBLANK(EC$3:EC$4)) -> 0 | ED13: =SUMPRODUCT((NOT(ISBLANK(ED$3:ED$4))*(ED$3:ED$4=$LV$3:$LV$4))+ISBLANK(ED$3:ED$4)) -> 0 | EE13: =SUMPRODUCT((NOT(ISBLANK(EE$3:EE$4))*(EE$3:EE$4=$LQ$3:$LQ$4))+ISBLANK(EE$3:EE$4)) -> 0 | EF13: =SUMPRODUCT((NOT(ISBLANK(EF$3:EF$4))*(EF$3:EF$4=$LR$3:$LR$4))+ISBLANK(EF$3:EF$4)) -> 0 | EH13: =SUMPRODUCT((NOT(ISBLANK(EH$3:EH$4))*(EH$3:EH$4=$LS$3:$LS$4))+ISBLANK(EH$3:EH$4)) -> 0 | EI13: =SUMPRODUCT((NOT(ISBLANK(EI$3:EI$4))*(EI$3:EI$4=$LT$3:$LT$4))+ISBLANK(EI$3:EI$4)) -> 0 | EJ13: =SUMPRODUCT((NOT(ISBLANK(EJ$3:EJ$4))*(EJ$3:EJ$4=$LU$3:$LU$4))+ISBLANK(EJ$3:EJ$4)) -> 0 | EK13: =SUMPRODUCT((NOT(ISBLANK(EK$3:EK$4))*(EK$3:EK$4=$LV$3:$LV$4))+ISBLANK(EK$3:EK$4)) -> 0 | EL13: =SUMPRODUCT((NOT(ISBLANK(EL$3:EL$4))*(EL$3:EL$4=$LQ$3:$LQ$4))+ISBLANK(EL$3:EL$4)) -> 0 | EM13: =SUMPRODUCT((NOT(ISBLANK(EM$3:EM$4))*(EM$3:EM$4=$LR$3:$LR$4))+ISBLANK(EM$3:EM$4)) -> 0 | EO13: =SUMPRODUCT((NOT(ISBLANK(EO$3:EO$4))*(EO$3:EO$4=$LS$3:$LS$4))+ISBLANK(EO$3:EO$4)) -> 0 | EP13: =SUMPRODUCT((NOT(ISBLANK(EP$3:EP$4))*(EP$3:EP$4=$LT$3:$LT$4))+ISBLANK(EP$3:EP$4)) -> 0 | EQ13: =SUMPRODUCT((NOT(ISBLANK(EQ$3:EQ$4))*(EQ$3:EQ$4=$LU$3:$LU$4))+ISBLANK(EQ$3:EQ$4)) -> 0 | ER13: =SUMPRODUCT((NOT(ISBLANK(ER$3:ER$4))*(ER$3:ER$4=$LV$3:$LV$4))+ISBLANK(ER$3:ER$4)) -> 0 | ES13: =SUMPRODUCT((NOT(ISBLANK(ES$3:ES$4))*(ES$3:ES$4=$LQ$3:$LQ$4))+ISBLANK(ES$3:ES$4)) -> 0 | ET13: =SUMPRODUCT((NOT(ISBLANK(ET$3:ET$4))*(ET$3:ET$4=$LR$3:$LR$4))+ISBLANK(ET$3:ET$4)) -> 0 | EV13: =SUMPRODUCT((NOT(ISBLANK(EV$3:EV$4))*(EV$3:EV$4=$LS$3:$LS$4))+ISBLANK(EV$3:EV$4)) -> 0 | EW13: =SUMPRODUCT((NOT(ISBLANK(EW$3:EW$4))*(EW$3:EW$4=$LT$3:$LT$4))+ISBLANK(EW$3:EW$4)) -> 0 | EX13: =SUMPRODUCT((NOT(ISBLANK(EX$3:EX$4))*(EX$3:EX$4=$LU$3:$LU$4))+ISBLANK(EX$3:EX$4)) -> 0 | EY13: =SUMPRODUCT((NOT(ISBLANK(EY$3:EY$4))*(EY$3:EY$4=$LV$3:$LV$4))+ISBLANK(EY$3:EY$4)) -> 0 | EZ13: =SUMPRODUCT((NOT(ISBLANK(EZ$3:EZ$4))*(EZ$3:EZ$4=$LQ$3:$LQ$4))+ISBLANK(EZ$3:EZ$4)) -> 0 | FA13: =SUMPRODUCT((NOT(ISBLANK(FA$3:FA$4))*(FA$3:FA$4=$LR$3:$LR$4))+ISBLANK(FA$3:FA$4)) -> 0 | FC13: =SUMPRODUCT((NOT(ISBLANK(FC$3:FC$4))*(FC$3:FC$4=$LS$3:$LS$4))+ISBLANK(FC$3:FC$4)) -> 0 | FD13: =SUMPRODUCT((NOT(ISBLANK(FD$3:FD$4))*(FD$3:FD$4=$LT$3:$LT$4))+ISBLANK(FD$3:FD$4)) -> 0 | FE13: =SUMPRODUCT((NOT(ISBLANK(FE$3:FE$4))*(FE$3:FE$4=$LU$3:$LU$4))+ISBLANK(FE$3:FE$4)) -> 0 | FF13: =SUMPRODUCT((NOT(ISBLANK(FF$3:FF$4))*(FF$3:FF$4=$LV$3:$LV$4))+ISBLANK(FF$3:FF$4)) -> 0 | FG13: =SUMPRODUCT((NOT(ISBLANK(FG$3:FG$4))*(FG$3:FG$4=$LQ$3:$LQ$4))+ISBLANK(FG$3:FG$4)) -> 0 | FH13: =SUMPRODUCT((NOT(ISBLANK(FH$3:FH$4))*(FH$3:FH$4=$LR$3:$LR$4))+ISBLANK(FH$3:FH$4)) -> 0 | FJ13: =SUMPRODUCT((NOT(ISBLANK(FJ$3:FJ$4))*(FJ$3:FJ$4=$LS$3:$LS$4))+ISBLANK(FJ$3:FJ$4)) -> 0 | FK13: =SUMPRODUCT((NOT(ISBLANK(FK$3:FK$4))*(FK$3:FK$4=$LT$3:$LT$4))+ISBLANK(FK$3:FK$4)) -> 0 | FL13: =SUMPRODUCT((NOT(ISBLANK(FL$3:FL$4))*(FL$3:FL$4=$LU$3:$LU$4))+ISBLANK(FL$3:FL$4)) -> 0 | FM13: =SUMPRODUCT((NOT(ISBLANK(FM$3:FM$4))*(FM$3:FM$4=$LV$3:$LV$4))+ISBLANK(FM$3:FM$4)) -> 0 | FN13: =SUMPRODUCT((NOT(ISBLANK(FN$3:FN$4))*(FN$3:FN$4=$LQ$3:$LQ$4))+ISBLANK(FN$3:FN$4)) -> 0 | FO13: =SUMPRODUCT((NOT(ISBLANK(FO$3:FO$4))*(FO$3:FO$4=$LR$3:$LR$4))+ISBLANK(FO$3:FO$4)) -> 0 | FQ13: =SUMPRODUCT((NOT(ISBLANK(FQ$3:FQ$4))*(FQ$3:FQ$4=$LS$3:$LS$4))+ISBLANK(FQ$3:FQ$4)) -> 0 | FR13: =SUMPRODUCT((NOT(ISBLANK(FR$3:FR$4))*(FR$3:FR$4=$LT$3:$LT$4))+ISBLANK(FR$3:FR$4)) -> 0 | FS13: =SUMPRODUCT((NOT(ISBLANK(FS$3:FS$4))*(FS$3:FS$4=$LU$3:$LU$4))+ISBLANK(FS$3:FS$4)) -> 0 | FT13: =SUMPRODUCT((NOT(ISBLANK(FT$3:FT$4))*(FT$3:FT$4=$LV$3:$LV$4))+ISBLANK(FT$3:FT$4)) -> 0 | FU13: =SUMPRODUCT((NOT(ISBLANK(FU$3:FU$4))*(FU$3:FU$4=$LQ$3:$LQ$4))+ISBLANK(FU$3:FU$4)) -> 0 | FV13: =SUMPRODUCT((NOT(ISBLANK(FV$3:FV$4))*(FV$3:FV$4=$LR$3:$LR$4))+ISBLANK(FV$3:FV$4)) -> 0 | FX13: =SUMPRODUCT((NOT(ISBLANK(FX$3:FX$4))*(FX$3:FX$4=$LS$3:$LS$4))+ISBLANK(FX$3:FX$4)) -> 0 | FY13: =SUMPRODUCT((NOT(ISBLANK(FY$3:FY$4))*(FY$3:FY$4=$LT$3:$LT$4))+ISBLANK(FY$3:FY$4)) -> 0 | FZ13: =SUMPRODUCT((NOT(ISBLANK(FZ$3:FZ$4))*(FZ$3:FZ$4=$LU$3:$LU$4))+ISBLANK(FZ$3:FZ$4)) -> 0 | GA13: =SUMPRODUCT((NOT(ISBLANK(GA$3:GA$4))*(GA$3:GA$4=$LV$3:$LV$4))+ISBLANK(GA$3:GA$4)) -> 0 | GB13: =SUMPRODUCT((NOT(ISBLANK(GB$3:GB$4))*(GB$3:GB$4=$LQ$3:$LQ$4))+ISBLANK(GB$3:GB$4)) -> 0 | GC13: =SUMPRODUCT((NOT(ISBLANK(GC$3:GC$4))*(GC$3:GC$4=$LR$3:$LR$4))+ISBLANK(GC$3:GC$4)) -> 0 | GE13: =SUMPRODUCT((NOT(ISBLANK(GE$3:GE$4))*(GE$3:GE$4=$LS$3:$LS$4))+ISBLANK(GE$3:GE$4)) -> 0 | GF13: =SUMPRODUCT((NOT(ISBLANK(GF$3:GF$4))*(GF$3:GF$4=$LT$3:$LT$4))+ISBLANK(GF$3:GF$4)) -> 0 | GG13: =SUMPRODUCT((NOT(ISBLANK(GG$3:GG$4))*(GG$3:GG$4=$LU$3:$LU$4))+ISBLANK(GG$3:GG$4)) -> 0 | GH13: =SUMPRODUCT((NOT(ISBLANK(GH$3:GH$4))*(GH$3:GH$4=$LV$3:$LV$4))+ISBLANK(GH$3:GH$4)) -> 0 | GI13: =SUMPRODUCT((NOT(ISBLANK(GI$3:GI$4))*(GI$3:GI$4=$LQ$3:$LQ$4))+ISBLANK(GI$3:GI$4)) -> 0 | GJ13: =SUMPRODUCT((NOT(ISBLANK(GJ$3:GJ$4))*(GJ$3:GJ$4=$LR$3:$LR$4))+ISBLANK(GJ$3:GJ$4)) -> 0 | GL13: =SUMPRODUCT((NOT(ISBLANK(GL$3:GL$4))*(GL$3:GL$4=$LS$3:$LS$4))+ISBLANK(GL$3:GL$4)) -> 0 | GM13: =SUMPRODUCT((NOT(ISBLANK(GM$3:GM$4))*(GM$3:GM$4=$LT$3:$LT$4))+ISBLANK(GM$3:GM$4)) -> 0 | GN13: =SUMPRODUCT((NOT(ISBLANK(GN$3:GN$4))*(GN$3:GN$4=$LU$3:$LU$4))+ISBLANK(GN$3:GN$4)) -> 0 | GO13: =SUMPRODUCT((NOT(ISBLANK(GO$3:GO$4))*(GO$3:GO$4=$LV$3:$LV$4))+ISBLANK(GO$3:GO$4)) -> 0 | GP13: =SUMPRODUCT((NOT(ISBLANK(GP$3:GP$4))*(GP$3:GP$4=$LQ$3:$LQ$4))+ISBLANK(GP$3:GP$4)) -> 0 | GQ13: =SUMPRODUCT((NOT(ISBLANK(GQ$3:GQ$4))*(GQ$3:GQ$4=$LR$3:$LR$4))+ISBLANK(GQ$3:GQ$4)) -> 0 | GS13: =SUMPRODUCT((NOT(ISBLANK(GS$3:GS$4))*(GS$3:GS$4=$LS$3:$LS$4))+ISBLANK(GS$3:GS$4)) -> 0 | GT13: =SUMPRODUCT((NOT(ISBLANK(GT$3:GT$4))*(GT$3:GT$4=$LT$3:$LT$4))+ISBLANK(GT$3:GT$4)) -> 0 | GU13: =SUMPRODUCT((NOT(ISBLANK(GU$3:GU$4))*(GU$3:GU$4=$LU$3:$LU$4))+ISBLANK(GU$3:GU$4)) -> 0 | GV13: =SUMPRODUCT((NOT(ISBLANK(GV$3:GV$4))*(GV$3:GV$4=$LV$3:$LV$4))+ISBLANK(GV$3:GV$4)) -> 0 | GW13: =SUMPRODUCT((NOT(ISBLANK(GW$3:GW$4))*(GW$3:GW$4=$LQ$3:$LQ$4))+ISBLANK(GW$3:GW$4)) -> 0 | GX13: =SUMPRODUCT((NOT(ISBLANK(GX$3:GX$4))*(GX$3:GX$4=$LR$3:$LR$4))+ISBLANK(GX$3:GX$4)) -> 0 | GZ13: =SUMPRODUCT((NOT(ISBLANK(GZ$3:GZ$4))*(GZ$3:GZ$4=$LS$3:$LS$4))+ISBLANK(GZ$3:GZ$4)) -> 0 | HA13: =SUMPRODUCT((NOT(ISBLANK(HA$3:HA$4))*(HA$3:HA$4=$LT$3:$LT$4))+ISBLANK(HA$3:HA$4)) -> 0 | HB13: =SUMPRODUCT((NOT(ISBLANK(HB$3:HB$4))*(HB$3:HB$4=$LU$3:$LU$4))+ISBLANK(HB$3:HB$4)) -> 0 | HC13: =SUMPRODUCT((NOT(ISBLANK(HC$3:HC$4))*(HC$3:HC$4=$LV$3:$LV$4))+ISBLANK(HC$3:HC$4)) -> 0 | HD13: =SUMPRODUCT((NOT(ISBLANK(HD$3:HD$4))*(HD$3:HD$4=$LQ$3:$LQ$4))+ISBLANK(HD$3:HD$4)) -> 0 | HE13: =SUMPRODUCT((NOT(ISBLANK(HE$3:HE$4))*(HE$3:HE$4=$LR$3:$LR$4))+ISBLANK(HE$3:HE$4)) -> 0 | HG13: =SUMPRODUCT((NOT(ISBLANK(HG$3:HG$4))*(HG$3:HG$4=$LS$3:$LS$4))+ISBLANK(HG$3:HG$4)) -> 0 | HH13: =SUMPRODUCT((NOT(ISBLANK(HH$3:HH$4))*(HH$3:HH$4=$LT$3:$LT$4))+ISBLANK(HH$3:HH$4)) -> 0 | HI13: =SUMPRODUCT((NOT(ISBLANK(HI$3:HI$4))*(HI$3:HI$4=$LU$3:$LU$4))+ISBLANK(HI$3:HI$4)) -> 0 | HJ13: =SUMPRODUCT((NOT(ISBLANK(HJ$3:HJ$4))*(HJ$3:HJ$4=$LV$3:$LV$4))+ISBLANK(HJ$3:HJ$4)) -> 0 | HK13: =SUMPRODUCT((NOT(ISBLANK(HK$3:HK$4))*(HK$3:HK$4=$LQ$3:$LQ$4))+ISBLANK(HK$3:HK$4)) -> 0 | HL13: =SUMPRODUCT((NOT(ISBLANK(HL$3:HL$4))*(HL$3:HL$4=$LR$3:$LR$4))+ISBLANK(HL$3:HL$4)) -> 0 | HN13: =SUMPRODUCT((NOT(ISBLANK(HN$3:HN$4))*(HN$3:HN$4=$LS$3:$LS$4))+ISBLANK(HN$3:HN$4)) -> 0 | HO13: =SUMPRODUCT((NOT(ISBLANK(HO$3:HO$4))*(HO$3:HO$4=$LT$3:$LT$4))+ISBLANK(HO$3:HO$4)) -> 0 | HP13: =SUMPRODUCT((NOT(ISBLANK(HP$3:HP$4))*(HP$3:HP$4=$LU$3:$LU$4))+ISBLANK(HP$3:HP$4)) -> 0 | HQ13: =SUMPRODUCT((NOT(ISBLANK(HQ$3:HQ$4))*(HQ$3:HQ$4=$LV$3:$LV$4))+ISBLANK(HQ$3:HQ$4)) -> 0 | HR13: =SUMPRODUCT((NOT(ISBLANK(HR$3:HR$4))*(HR$3:HR$4=$LQ$3:$LQ$4))+ISBLANK(HR$3:HR$4)) -> 0 | HS13: =SUMPRODUCT((NOT(ISBLANK(HS$3:HS$4))*(HS$3:HS$4=$LR$3:$LR$4))+ISBLANK(HS$3:HS$4)) -> 0 | HU13: =SUMPRODUCT((NOT(ISBLANK(HU$3:HU$4))*(HU$3:HU$4=$LS$3:$LS$4))+ISBLANK(HU$3:HU$4)) -> 0 | HV13: =SUMPRODUCT((NOT(ISBLANK(HV$3:HV$4))*(HV$3:HV$4=$LT$3:$LT$4))+ISBLANK(HV$3:HV$4)) -> 0 | HW13: =SUMPRODUCT((NOT(ISBLANK(HW$3:HW$4))*(HW$3:HW$4=$LU$3:$LU$4))+ISBLANK(HW$3:HW$4)) -> 0 | HX13: =SUMPRODUCT((NOT(ISBLANK(HX$3:HX$4))*(HX$3:HX$4=$LV$3:$LV$4))+ISBLANK(HX$3:HX$4)) -> 0 | HY13: =SUMPRODUCT((NOT(ISBLANK(HY$3:HY$4))*(HY$3:HY$4=$LQ$3:$LQ$4))+ISBLANK(HY$3:HY$4)) -> 0 | HZ13: =SUMPRODUCT((NOT(ISBLANK(HZ$3:HZ$4))*(HZ$3:HZ$4=$LR$3:$LR$4))+ISBLANK(HZ$3:HZ$4)) -> 0 | IB13: =SUMPRODUCT((NOT(ISBLANK(IB$3:IB$4))*(IB$3:IB$4=$LS$3:$LS$4))+ISBLANK(IB$3:IB$4)) -> 0 | IC13: =SUMPRODUCT((NOT(ISBLANK(IC$3:IC$4))*(IC$3:IC$4=$LT$3:$LT$4))+ISBLANK(IC$3:IC$4)) -> 0 | ID13: =SUMPRODUCT((NOT(ISBLANK(ID$3:ID$4))*(ID$3:ID$4=$LU$3:$LU$4))+ISBLANK(ID$3:ID$4)) -> 0 | IE13: =SUMPRODUCT((NOT(ISBLANK(IE$3:IE$4))*(IE$3:IE$4=$LV$3:$LV$4))+ISBLANK(IE$3:IE$4)) -> 0 | IF13: =SUMPRODUCT((NOT(ISBLANK(IF$3:IF$4))*(IF$3:IF$4=$LQ$3:$LQ$4))+ISBLANK(IF$3:IF$4)) -> 0 | IG13: =SUMPRODUCT((NOT(ISBLANK(IG$3:IG$4))*(IG$3:IG$4=$LR$3:$LR$4))+ISBLANK(IG$3:IG$4)) -> 0 | II13: =SUMPRODUCT((NOT(ISBLANK(II$3:II$4))*(II$3:II$4=$LS$3:$LS$4))+ISBLANK(II$3:II$4)) -> 0 | IJ13: =SUMPRODUCT((NOT(ISBLANK(IJ$3:IJ$4))*(IJ$3:IJ$4=$LT$3:$LT$4))+ISBLANK(IJ$3:IJ$4)) -> 0 | IK13: =SUMPRODUCT((NOT(ISBLANK(IK$3:IK$4))*(IK$3:IK$4=$LU$3:$LU$4))+ISBLANK(IK$3:IK$4)) -> 0 | IL13: =SUMPRODUCT((NOT(ISBLANK(IL$3:IL$4))*(IL$3:IL$4=$LV$3:$LV$4))+ISBLANK(IL$3:IL$4)) -> 0 | IM13: =SUMPRODUCT((NOT(ISBLANK(IM$3:IM$4))*(IM$3:IM$4=$LQ$3:$LQ$4))+ISBLANK(IM$3:IM$4)) -> 0 | IN13: =SUMPRODUCT((NOT(ISBLANK(IN$3:IN$4))*(IN$3:IN$4=$LR$3:$LR$4))+ISBLANK(IN$3:IN$4)) -> 0 | IP13: =SUMPRODUCT((NOT(ISBLANK(IP$3:IP$4))*(IP$3:IP$4=$LS$3:$LS$4))+ISBLANK(IP$3:IP$4)) -> 0 | IQ13: =SUMPRODUCT((NOT(ISBLANK(IQ$3:IQ$4))*(IQ$3:IQ$4=$LT$3:$LT$4))+ISBLANK(IQ$3:IQ$4)) -> 0 | IR13: =SUMPRODUCT((NOT(ISBLANK(IR$3:IR$4))*(IR$3:IR$4=$LU$3:$LU$4))+ISBLANK(IR$3:IR$4)) -> 0 | IS13: =SUMPRODUCT((NOT(ISBLANK(IS$3:IS$4))*(IS$3:IS$4=$LV$3:$LV$4))+ISBLANK(IS$3:IS$4)) -> 0 | IT13: =SUMPRODUCT((NOT(ISBLANK(IT$3:IT$4))*(IT$3:IT$4=$LQ$3:$LQ$4))+ISBLANK(IT$3:IT$4)) -> 0 | IU13: =SUMPRODUCT((NOT(ISBLANK(IU$3:IU$4))*(IU$3:IU$4=$LR$3:$LR$4))+ISBLANK(IU$3:IU$4)) -> 0 | IW13: =SUMPRODUCT((NOT(ISBLANK(IW$3:IW$4))*(IW$3:IW$4=$LS$3:$LS$4))+ISBLANK(IW$3:IW$4)) -> 0 | IX13: =SUMPRODUCT((NOT(ISBLANK(IX$3:IX$4))*(IX$3:IX$4=$LT$3:$LT$4))+ISBLANK(IX$3:IX$4)) -> 0 | IY13: =SUMPRODUCT((NOT(ISBLANK(IY$3:IY$4))*(IY$3:IY$4=$LU$3:$LU$4))+ISBLANK(IY$3:IY$4)) -> 0 | IZ13: =SUMPRODUCT((NOT(ISBLANK(IZ$3:IZ$4))*(IZ$3:IZ$4=$LV$3:$LV$4))+ISBLANK(IZ$3:IZ$4)) -> 0 | JA13: =SUMPRODUCT((NOT(ISBLANK(JA$3:JA$4))*(JA$3:JA$4=$LQ$3:$LQ$4))+ISBLANK(JA$3:JA$4)) -> 0 | JB13: =SUMPRODUCT((NOT(ISBLANK(JB$3:JB$4))*(JB$3:JB$4=$LR$3:$LR$4))+ISBLANK(JB$3:JB$4)) -> 0 | JD13: =SUMPRODUCT((NOT(ISBLANK(JD$3:JD$4))*(JD$3:JD$4=$LS$3:$LS$4))+ISBLANK(JD$3:JD$4)) -> 0 | JE13: =SUMPRODUCT((NOT(ISBLANK(JE$3:JE$4))*(JE$3:JE$4=$LT$3:$LT$4))+ISBLANK(JE$3:JE$4)) -> 0 | JF13: =SUMPRODUCT((NOT(ISBLANK(JF$3:JF$4))*(JF$3:JF$4=$LU$3:$LU$4))+ISBLANK(JF$3:JF$4)) -> 0 | JG13: =SUMPRODUCT((NOT(ISBLANK(JG$3:JG$4))*(JG$3:JG$4=$LV$3:$LV$4))+ISBLANK(JG$3:JG$4)) -> 0 | JH13: =SUMPRODUCT((NOT(ISBLANK(JH$3:JH$4))*(JH$3:JH$4=$LQ$3:$LQ$4))+ISBLANK(JH$3:JH$4)) -> 0 | JI13: =SUMPRODUCT((NOT(ISBLANK(JI$3:JI$4))*(JI$3:JI$4=$LR$3:$LR$4))+ISBLANK(JI$3:JI$4)) -> 0 | JK13: =SUMPRODUCT((NOT(ISBLANK(JK$3:JK$4))*(JK$3:JK$4=$LS$3:$LS$4))+ISBLANK(JK$3:JK$4)) -> 0 | JL13: =SUMPRODUCT((NOT(ISBLANK(JL$3:JL$4))*(JL$3:JL$4=$LT$3:$LT$4))+ISBLANK(JL$3:JL$4)) -> 0 | JM13: =SUMPRODUCT((NOT(ISBLANK(JM$3:JM$4))*(JM$3:JM$4=$LU$3:$LU$4))+ISBLANK(JM$3:JM$4)) -> 0 | JN13: =SUMPRODUCT((NOT(ISBLANK(JN$3:JN$4))*(JN$3:JN$4=$LV$3:$LV$4))+ISBLANK(JN$3:JN$4)) -> 0 | JO13: =SUMPRODUCT((NOT(ISBLANK(JO$3:JO$4))*(JO$3:JO$4=$LQ$3:$LQ$4))+ISBLANK(JO$3:JO$4)) -> 0 | JP13: =SUMPRODUCT((NOT(ISBLANK(JP$3:JP$4))*(JP$3:JP$4=$LR$3:$LR$4))+ISBLANK(JP$3:JP$4)) -> 0 | JR13: =SUMPRODUCT((NOT(ISBLANK(JR$3:JR$4))*(JR$3:JR$4=$LS$3:$LS$4))+ISBLANK(JR$3:JR$4)) -> 0 | JS13: =SUMPRODUCT((NOT(ISBLANK(JS$3:JS$4))*(JS$3:JS$4=$LT$3:$LT$4))+ISBLANK(JS$3:JS$4)) -> 0 | JT13: =SUMPRODUCT((NOT(ISBLANK(JT$3:JT$4))*(JT$3:JT$4=$LU$3:$LU$4))+ISBLANK(JT$3:JT$4)) -> 0 | JU13: =SUMPRODUCT((NOT(ISBLANK(JU$3:JU$4))*(JU$3:JU$4=$LV$3:$LV$4))+ISBLANK(JU$3:JU$4)) -> 0 | JV13: =SUMPRODUCT((NOT(ISBLANK(JV$3:JV$4))*(JV$3:JV$4=$LQ$3:$LQ$4))+ISBLANK(JV$3:JV$4)) -> 0 | JW13: =SUMPRODUCT((NOT(ISBLANK(JW$3:JW$4))*(JW$3:JW$4=$LR$3:$LR$4))+ISBLANK(JW$3:JW$4)) -> 0 | JY13: =SUMPRODUCT((NOT(ISBLANK(JY$3:JY$4))*(JY$3:JY$4=$LS$3:$LS$4))+ISBLANK(JY$3:JY$4)) -> 0 | JZ13: =SUMPRODUCT((NOT(ISBLANK(JZ$3:JZ$4))*(JZ$3:JZ$4=$LT$3:$LT$4))+ISBLANK(JZ$3:JZ$4)) -> 0 | KA13: =SUMPRODUCT((NOT(ISBLANK(KA$3:KA$4))*(KA$3:KA$4=$LU$3:$LU$4))+ISBLANK(KA$3:KA$4)) -> 0 | KB13: =SUMPRODUCT((NOT(ISBLANK(KB$3:KB$4))*(KB$3:KB$4=$LV$3:$LV$4))+ISBLANK(KB$3:KB$4)) -> 0 | KC13: =SUMPRODUCT((NOT(ISBLANK(KC$3:KC$4))*(KC$3:KC$4=$LQ$3:$LQ$4))+ISBLANK(KC$3:KC$4)) -> 0 | KD13: =SUMPRODUCT((NOT(ISBLANK(KD$3:KD$4))*(KD$3:KD$4=$LR$3:$LR$4))+ISBLANK(KD$3:KD$4)) -> 0 | KF13: =SUMPRODUCT((NOT(ISBLANK(KF$3:KF$4))*(KF$3:KF$4=$LS$3:$LS$4))+ISBLANK(KF$3:KF$4)) -> 0 | KG13: =SUMPRODUCT((NOT(ISBLANK(KG$3:KG$4))*(KG$3:KG$4=$LT$3:$LT$4))+ISBLANK(KG$3:KG$4)) -> 0 | KH13: =SUMPRODUCT((NOT(ISBLANK(KH$3:KH$4))*(KH$3:KH$4=$LU$3:$LU$4))+ISBLANK(KH$3:KH$4)) -> 0 | KI13: =SUMPRODUCT((NOT(ISBLANK(KI$3:KI$4))*(KI$3:KI$4=$LV$3:$LV$4))+ISBLANK(KI$3:KI$4)) -> 0 | KJ13: =SUMPRODUCT((NOT(ISBLANK(KJ$3:KJ$4))*(KJ$3:KJ$4=$LQ$3:$LQ$4))+ISBLANK(KJ$3:KJ$4)) -> 0 | KK13: =SUMPRODUCT((NOT(ISBLANK(KK$3:KK$4))*(KK$3:KK$4=$LR$3:$LR$4))+ISBLANK(KK$3:KK$4)) -> 0 | KM13: =SUMPRODUCT((NOT(ISBLANK(KM$3:KM$4))*(KM$3:KM$4=$LS$3:$LS$4))+ISBLANK(KM$3:KM$4)) -> 0 | KN13: =SUMPRODUCT((NOT(ISBLANK(KN$3:KN$4))*(KN$3:KN$4=$LT$3:$LT$4))+ISBLANK(KN$3:KN$4)) -> 0 | KO13: =SUMPRODUCT((NOT(ISBLANK(KO$3:KO$4))*(KO$3:KO$4=$LU$3:$LU$4))+ISBLANK(KO$3:KO$4)) -> 0 | KP13: =SUMPRODUCT((NOT(ISBLANK(KP$3:KP$4))*(KP$3:KP$4=$LV$3:$LV$4))+ISBLANK(KP$3:KP$4)) -> 0 | KQ13: =SUMPRODUCT((NOT(ISBLANK(KQ$3:KQ$4))*(KQ$3:KQ$4=$LQ$3:$LQ$4))+ISBLANK(KQ$3:KQ$4)) -> 0 | KR13: =SUMPRODUCT((NOT(ISBLANK(KR$3:KR$4))*(KR$3:KR$4=$LR$3:$LR$4))+ISBLANK(KR$3:KR$4)) -> 0 | KT13: =SUMPRODUCT((NOT(ISBLANK(KT$3:KT$4))*(KT$3:KT$4=$LS$3:$LS$4))+ISBLANK(KT$3:KT$4)) -> 0 | KU13: =SUMPRODUCT((NOT(ISBLANK(KU$3:KU$4))*(KU$3:KU$4=$LT$3:$LT$4))+ISBLANK(KU$3:KU$4)) -> 0 | KV13: =SUMPRODUCT((NOT(ISBLANK(KV$3:KV$4))*(KV$3:KV$4=$LU$3:$LU$4))+ISBLANK(KV$3:KV$4)) -> 0 | KW13: =SUMPRODUCT((NOT(ISBLANK(KW$3:KW$4))*(KW$3:KW$4=$LV$3:$LV$4))+ISBLANK(KW$3:KW$4)) -> 0 | KX13: =SUMPRODUCT((NOT(ISBLANK(KX$3:KX$4))*(KX$3:KX$4=$LQ$3:$LQ$4))+ISBLANK(KX$3:KX$4)) -> 0 | KY13: =SUMPRODUCT((NOT(ISBLANK(KY$3:KY$4))*(KY$3:KY$4=$LR$3:$LR$4))+ISBLANK(KY$3:KY$4)) -> 0 | LA13: =SUMPRODUCT((NOT(ISBLANK(LA$3:LA$4))*(LA$3:LA$4=$LS$3:$LS$4))+ISBLANK(LA$3:LA$4)) -> 0 | LB13: =SUMPRODUCT((NOT(ISBLANK(LB$3:LB$4))*(LB$3:LB$4=$LT$3:$LT$4))+ISBLANK(LB$3:LB$4)) -> 0 | LC13: =SUMPRODUCT((NOT(ISBLANK(LC$3:LC$4))*(LC$3:LC$4=$LU$3:$LU$4))+ISBLANK(LC$3:LC$4)) -> 0 | LD13: =SUMPRODUCT((NOT(ISBLANK(LD$3:LD$4))*(LD$3:LD$4=$LV$3:$LV$4))+ISBLANK(LD$3:LD$4)) -> 0

Sheet Merged Runs
A1: Merge criteria: | B1: memelingo-1/lambda-large_100_mlp-tplp-htc | I1: memelingo-1/lambda-large_100_mlp-tplp-htcdl | P1: memelingo-1/lambda-large_50_mlp-tplp-htc | W1: memelingo-1/lambda-large_50_mlp-tplp-htcdl | AD1: memelingo-1/lambda-large_60_mlp-tplp-htc | AK1: memelingo-1/lambda-large_60_mlp-tplp-htcdl | AR1: memelingo-1/lambda-large_70_mlp-tplp-htc | AY1: memelingo-1/lambda-large_70_mlp-tplp-htcdl | BF1: memelingo-1/lambda-large_80_mlp-tplp-htc | BM1: memelingo-1/lambda-large_80_mlp-tplp-htcdl | BT1: memelingo-1/lambda-large_90_mlp-tplp-htc | CA1: memelingo-1/lambda-large_90_mlp-tplp-htcdl | CH1: memelingo-1/lambda-small_10_mlp-tplp-ht | CO1: memelingo-1/lambda-small_10_mlp-tplp-htc | CV1: memelingo-1/lambda-small_10_mlp-tplp-htcdl | DC1: memelingo-1/lambda-small_12_mlp-tplp-ht | DJ1: memelingo-1/lambda-small_12_mlp-tplp-htc | DQ1: memelingo-1/lambda-small_12_mlp-tplp-htcdl | DX1: memelingo-1/lambda-small_14_mlp-tplp-ht | EE1: memelingo-1/lambda-small_14_mlp-tplp-htc | EL1: memelingo-1/lambda-small_14_mlp-tplp-htcdl | ES1: memelingo-1/lambda-small_16_mlp-tplp-ht | EZ1: memelingo-1/lambda-small_16_mlp-tplp-htc | FG1: memelingo-1/lambda-small_16_mlp-tplp-htcdl | FN1: memelingo-1/lambda-small_18_mlp-tplp-ht | FU1: memelingo-1/lambda-small_18_mlp-tplp-htc | GB1: memelingo-1/lambda-small_18_mlp-tplp-htcdl | GI1: memelingo-1/lambda-small_20_mlp-tplp-ht | GP1: memelingo-1/lambda-small_20_mlp-tplp-htc | GW1: memelingo-1/lambda-small_20_mlp-tplp-htcdl | HD1: memelingo-1/lambda-small_22_mlp-tplp-ht | HK1: memelingo-1/lambda-small_22_mlp-tplp-htc | HR1: memelingo-1/lambda-small_22_mlp-tplp-htcdl | HY1: memelingo-1/lambda-small_24_mlp-tplp-ht | IF1: memelingo-1/lambda-small_24_mlp-tplp-htc | IM1: memelingo-1/lambda-small_24_mlp-tplp-htcdl | IT1: memelingo-1/lambda-small_26_mlp-tplp-ht | JA1: memelingo-1/lambda-small_26_mlp-tplp-htc | JH1: memelingo-1/lambda-small_26_mlp-tplp-htcdl | JO1: memelingo-1/lambda-small_28_mlp-tplp-ht | JV1: memelingo-1/lambda-small_28_mlp-tplp-htc | KC1: memelingo-1/lambda-small_28_mlp-tplp-htcdl | KJ1: memelingo-1/lambda-small_30_mlp-tplp-ht | KQ1: memelingo-1/lambda-small_30_mlp-tplp-htc | KX1: memelingo-1/lambda-small_30_mlp-tplp-htcdl | LE1: min | LK1: median | LQ1: max
A2: median | B2: time | C2: stime | D2: status | E2: rules | F2: ctime | G2: fmtime | H2: memout | I2: time | J2: stime | K2: status | L2: rules | M2: ctime | N2: fmtime | O2: memout | P2: time | Q2: stime | R2: status | S2: rules | T2: ctime | U2: fmtime | V2: memout | W2: time | X2: stime | Y2: status | Z2: rules | AA2: ctime | AB2: fmtime | AC2: memout | AD2: time | AE2: stime | AF2: status | AG2: rules | AH2: ctime | AI2: fmtime | AJ2: memout | AK2: time | AL2: stime | AM2: status | AN2: rules | AO2: ctime | AP2: fmtime | AQ2: memout | AR2: time | AS2: stime | AT2: status | AU2: rules | AV2: ctime | AW2: fmtime | AX2: memout | AY2: time | AZ2: stime | BA2: status | BB2: rules | BC2: ctime | BD2: fmtime | BE2: memout | BF2: time | BG2: stime | BH2: status | BI2: rules | BJ2: ctime | BK2: fmtime | BL2: memout | BM2: time | BN2: stime | BO2: status | BP2: rules | BQ2: ctime | BR2: fmtime | BS2: memout | BT2: time | BU2: stime | BV2: status | BW2: rules | BX2: ctime | BY2: fmtime | BZ2: memout | CA2: time | CB2: stime | CC2: status | CD2: rules | CE2: ctime | CF2: fmtime | CG2: memout | CH2: time | CI2: stime | CJ2: status | CK2: rules | CL2: ctime | CM2: fmtime | CN2: memout | CO2: time | CP2: stime | CQ2: status | CR2: rules | CS2: ctime | CT2: fmtime | CU2: memout | CV2: time | CW2: stime | CX2: status | CY2: rules | CZ2: ctime | DA2: fmtime | DB2: memout | DC2: time | DD2: stime | DE2: status | DF2: rules | DG2: ctime | DH2: fmtime | DI2: memout | DJ2: time | DK2: stime | DL2: status | DM2: rules | DN2: ctime | DO2: fmtime | DP2: memout | DQ2: time | DR2: stime | DS2: status | DT2: rules | DU2: ctime | DV2: fmtime | DW2: memout | DX2: time | DY2: stime | DZ2: status | EA2: rules | EB2: ctime | EC2: fmtime | ED2: memout | EE2: time | EF2: stime | EG2: status | EH2: rules | EI2: ctime | EJ2: fmtime | EK2: memout | EL2: time | EM2: stime | EN2: status | EO2: rules | EP2: ctime | EQ2: fmtime | ER2: memout | ES2: time | ET2: stime | EU2: status | EV2: rules | EW2: ctime | EX2: fmtime | EY2: memout | EZ2: time | FA2: stime | FB2: status | FC2: rules | FD2: ctime | FE2: fmtime | FF2: memout | FG2: time | FH2: stime | FI2: status | FJ2: rules | FK2: ctime | FL2: fmtime | FM2: memout | FN2: time | FO2: stime | FP2: status | FQ2: rules | FR2: ctime | FS2: fmtime | FT2: memout | FU2: time | FV2: stime | FW2: status | FX2: rules | FY2: ctime | FZ2: fmtime | GA2: memout | GB2: time | GC2: stime | GD2: status | GE2: rules | GF2: ctime | GG2: fmtime | GH2: memout | GI2: time | GJ2: stime | GK2: status | GL2: rules | GM2: ctime | GN2: fmtime | GO2: memout | GP2: time | GQ2: stime | GR2: status | GS2: rules | GT2: ctime | GU2: fmtime | GV2: memout | GW2: time | GX2: stime | GY2: status | GZ2: rules | HA2: ctime | HB2: fmtime | HC2: memout | HD2: time | HE2: stime | HF2: status | HG2: rules | HH2: ctime | HI2: fmtime | HJ2: memout | HK2: time | HL2: stime | HM2: status | HN2: rules | HO2: ctime | HP2: fmtime | HQ2: memout | HR2: time | HS2: stime | HT2: status | HU2: rules | HV2: ctime | HW2: fmtime | HX2: memout | HY2: time | HZ2: stime | IA2: status | IB2: rules | IC2: ctime | ID2: fmtime | IE2: memout | IF2: time | IG2: stime | IH2: status | II2: rules | IJ2: ctime | IK2: fmtime | IL2: memout | IM2: time | IN2: stime | IO2: status | IP2: rules | IQ2: ctime | IR2: fmtime | IS2: memout | IT2: time | IU2: stime | IV2: status | IW2: rules | IX2: ctime | IY2: fmtime | IZ2: memout | JA2: time | JB2: stime | JC2: status | JD2: rules | JE2: ctime | JF2: fmtime | JG2: memout | JH2: time | JI2: stime | JJ2: status | JK2: rules | JL2: ctime | JM2: fmtime | JN2: memout | JO2: time | JP2: stime | JQ2: status | JR2: rules | JS2: ctime | JT2: fmtime | JU2: memout | JV2: time | JW2: stime | JX2: status | JY2: rules | JZ2: ctime | KA2: fmtime | KB2: memout | KC2: time | KD2: stime | KE2: status | KF2: rules | KG2: ctime | KH2: fmtime | KI2: memout | KJ2: time | KK2: stime | KL2: status | KM2: rules | KN2: ctime | KO2: fmtime | KP2: memout | KQ2: time | KR2: stime | KS2: status | KT2: rules | KU2: ctime | KV2: fmtime | KW2: memout | KX2: time | KY2: stime | KZ2: status | LA2: rules | LB2: ctime | LC2: fmtime | LD2: memout | LE2: time | LF2: stime | LG2: rules | LH2: ctime | LI2: fmtime | LJ2: memout | LK2: time | LL2: stime | LM2: rules | LN2: ctime | LO2: fmtime | LP2: memout | LQ2: time | LR2: stime | LS2: rules | LT2: ctime | LU2: fmtime | LV2: memout
A3: instances/ft06 | CH3: {=_xlfn.SWITCH($A$2,"average", AVERAGE(Instances!CH3:Instances!CH3),"median", MEDIAN(Instances!CH3:Instances!CH3),"min", MIN(Instances!CH3:Instances!CH3),"max", MAX(Instances!CH3:Instances!CH3),"diff", MAX(Instances!CH3:Instances!CH3)-MIN(Instances!CH3:Instances!CH3))} -> 0 | CI3: {=_xlfn.SWITCH($A$2,"average", AVERAGE(Instances!CI3:Instances!CI3),"median", MEDIAN(Instances!CI3:Instances!CI3),"min", MIN(Instances!CI3:Instances!CI3),"max", MAX(Instances!CI3:Instances!CI3),"diff", MAX(Instances!CI3:Instances!CI3)-MIN(Instances!CI3:Instances!CI3))} -> 0 | CK3: {=_xlfn.SWITCH($A$2,"average", AVERAGE(Instances!CK3:Instances!CK3),"median", MEDIAN(Instances!CK3:Instances!CK3),"min", MIN(Instances!CK3:Instances!CK3),"max", MAX(Instances!CK3:Instances!CK3),"diff", MAX(Instances!CK3:Instances!CK3)-MIN(Instances!CK3:Instances!CK3))} -> 0 | CL3: {=_xlfn.SWITCH($A$2,"average", AVERAGE(Instances!CL3:Instances!CL3),"median", MEDIAN(Instances!CL3:Instances!CL3),"min", MIN(Instances!CL3:Instances!CL3),"max", MAX(Instances!CL3:Instances!CL3),"diff", MAX(Instances!CL3:Instances!CL3)-MIN(Instances!CL3:Instances!CL3))} -> 0 | CM3: {=_xlfn.SWITCH($A$2,"average", AVERAGE(Instances!CM3:Instances!CM3),"median", MEDIAN(Instances!CM3:Instances!CM3),"min", MIN(Instances!CM3:Instances!CM3),"max", MAX(Instances!CM3:Instances!CM3),"diff", MAX(Instances!CM3:Instances!CM3)-MIN(Instances!CM3:Instances!CM3))} -> 0 | CN3: {=_xlfn.SWITCH($A$2,"average", AVERAGE(Instances!CN3:Instances!CN3),"median", MEDIAN(Instances!CN3:Instances!CN3),"min", MIN(Instances!CN3:Instances!CN3),"max", MAX(Instances!CN3:Instances!CN3),"diff", MAX(Instances!CN3:Instances!CN3)-MIN(Instances!CN3:Instances!CN3))} -> 0 | CO3: {=_xlfn.SWITCH($A$2,"average", AVERAGE(Instances!CO3:Instances!CO3),"median", MEDIAN(Instances!CO3:Instances!CO3),"min", MIN(Instances!CO3:Instances!CO3),"max", MAX(Instances!CO3:Instances!CO3),"diff", MAX(Instances!CO3:Instances!CO3)-MIN(Instances!CO3:Instances!CO3))} -> 0 | CP3: {=_xlfn.SWITCH($A$2,"average", AVERAGE(Instances!CP3:Instances!CP3),"median", MEDIAN(Instances!CP3:Instances!CP3),"min", MIN(Instances!CP3:Instances!CP3),"max", MAX(Instances!CP3:Instances!CP3),"diff", MAX(Instances!CP3:Instances!CP3)-MIN(Instances!CP3:Instances!CP3))} -> 0 | CR3: {=_xlfn.SWITCH($A$2,"average", AVERAGE(Instances!CR3:Instances!CR3),"median", MEDIAN(Instances!CR3:Instances!CR3),"min", MIN(Instances!CR3:Instances!CR3),"max", MAX(Instances!CR3:Instances!CR3),"diff", MAX(Instances!CR3:Instances!CR3)-MIN(Instances!CR3:Instances!CR3))} -> 0 | CS3: {=_xlfn.SWITCH($A$2,"average", AVERAGE(Instances!CS3:Instances!CS3),"median", MEDIAN(Instances!CS3:Instances!CS3),"min", MIN(Instances!CS3:Instances!CS3),"max", MAX(Instances!CS3:Instances!CS3),"diff", MAX(Instances!CS3:Instances!CS3)-MIN(Instances!CS3:Instances!CS3))} -> 0 | CT3: {=_xlfn.SWITCH($A$2,"average", AVERAGE(Instances!CT3:Instances!CT3),"median", MEDIAN(Instances!CT3:Instances!CT3),"min", MIN(Instances!CT3:Instances!CT3),"max", MAX(Instances!CT3:Instances!CT3),"diff", MAX(Instances!CT3:Instances!CT3)-MIN(Instances!CT3:Instances!CT3))} -> 0 | CU3: {=_xlfn.SWITCH($A$2,"average", AVERAGE(Instances!CU3:Instances!CU3),"median", MEDIAN(Instances!CU3:Instances!CU3),"min", MIN(Instances!CU3:Instances!CU3),"max", MAX(Instances!CU3:Instances!CU3),"diff", MAX(Instances!CU3:Instances!CU3)-MIN(Instances!CU3:Instances!CU3))} -> 0 | CV3: {=_xlfn.SWITCH($A$2,"average", AVERAGE(Instances!CV3:Instances!CV3),"median", MEDIAN(Instances!CV3:Instances!CV3),"min", MIN(Instances!CV3:Instances!CV3),"max", MAX(Instances!CV3:Instances!CV3),"diff", MAX(Instances!CV3:Instances!CV3)-MIN(Instances!CV3:Instances!CV3))} -> 0 | CW3: {=_xlfn.SWITCH($A$2,"average", AVERAGE(Instances!CW3:Instances!CW3),"median", MEDIAN(Instances!CW3:Instances!CW3),"min", MIN(Instances!CW3:Instances!CW3),"max", MAX(Instances!CW3:Instances!CW3),"diff", MAX(Instances!CW3:Instances!CW3)-MIN(Instances!CW3:Instances!CW3))} -> 0 | CY3: {=_xlfn.SWITCH($A$2,"average", AVERAGE(Instances!CY3:Instances!CY3),"median", MEDIAN(Instances!CY3:Instances!CY3),"min", MIN(Instances!CY3:Instances!CY3),"max", MAX(Instances!CY3:Instances!CY3),"diff", MAX(Instances!CY3:Instances!CY3)-MIN(Instances!CY3:Instances!CY3))} -> 0 | CZ3: {=_xlfn.SWITCH($A$2,"average", AVERAGE(Instances!CZ3:Instances!CZ3),"median", MEDIAN(Instances!CZ3:Instances!CZ3),"min", MIN(Instances!CZ3:Instances!CZ3),"max", MAX(Instances!CZ3:Instances!CZ3),"diff", MAX(Instances!CZ3:Instances!CZ3)-MIN(Instances!CZ3:Instances!CZ3))} -> 0 | DA3: {=_xlfn.SWITCH($A$2,"average", AVERAGE(Instances!DA3:Instances!DA3),"median", MEDIAN(Instances!DA3:Instances!DA3),"min", MIN(Instances!DA3:Instances!DA3),"max", MAX(Instances!DA3:Instances!DA3),"diff", MAX(Instances!DA3:Instances!DA3)-MIN(Instances!DA3:Instances!DA3))} -> 0 | DB3: {=_xlfn.SWITCH($A$2,"average", AVERAGE(Instances!DB3:Instances!DB3),"median", MEDIAN(Instances!DB3:Instances!DB3),"min", MIN(Instances!DB3:Instances!DB3),"max", MAX(Instances!DB3:Instances!DB3),"diff", MAX(Instances!DB3:Instances!DB3)-MIN(Instances!DB3:Instances!DB3))} -> 0 | DC3: {=_xlfn.SWITCH($A$2,"average", AVERAGE(Instances!DC3:Instances!DC3),"median", MEDIAN(Instances!DC3:Instances!DC3),"min", MIN(Instances!DC3:Instances!DC3),"max", MAX(Instances!DC3:Instances!DC3),"diff", MAX(Instances!DC3:Instances!DC3)-MIN(Instances!DC3:Instances!DC3))} -> 0 | DD3: {=_xlfn.SWITCH($A$2,"average", AVERAGE(Instances!DD3:Instances!DD3),"median", MEDIAN(Instances!DD3:Instances!DD3),"min", MIN(Instances!DD3:Instances!DD3),"max", MAX(Instances!DD3:Instances!DD3),"diff", MAX(Instances!DD3:Instances!DD3)-MIN(Instances!DD3:Instances!DD3))} -> 0 | DF3: {=_xlfn.SWITCH($A$2,"average", AVERAGE(Instances!DF3:Instances!DF3),"median", MEDIAN(Instances!DF3:Instances!DF3),"min", MIN(Instances!DF3:Instances!DF3),"max", MAX(Instances!DF3:Instances!DF3),"diff", MAX(Instances!DF3:Instances!DF3)-MIN(Instances!DF3:Instances!DF3))} -> 0 | DG3: {=_xlfn.SWITCH($A$2,"average", AVERAGE(Instances!DG3:Instances!DG3),"median", MEDIAN(Instances!DG3:Instances!DG3),"min", MIN(Instances!DG3:Instances!DG3),"max", MAX(Instances!DG3:Instances!DG3),"diff", MAX(Instances!DG3:Instances!DG3)-MIN(Instances!DG3:Instances!DG3))} -> 0 | DH3: {=_xlfn.SWITCH($A$2,"average", AVERAGE(Instances!DH3:Instances!DH3),"median", MEDIAN(Instances!DH3:Instances!DH3),"min", MIN(Instances!DH3:Instances!DH3),"max", MAX(Instances!DH3:Instances!DH3),"diff", MAX(Instances!DH3:Instances!DH3)-MIN(Instances!DH3:Instances!DH3))} -> 0 | DI3: {=_xlfn.SWITCH($A$2,"average", AVERAGE(Instances!DI3:Instances!DI3),"median", MEDIAN(Instances!DI3:Instances!DI3),"min", MIN(Instances!DI3:Instances!DI3),"max", MAX(Instances!DI3:Instances!DI3),"diff", MAX(Instances!DI3:Instances!DI3)-MIN(Instances!DI3:Instances!DI3))} -> 0 | DJ3: {=_xlfn.SWITCH($A$2,"average", AVERAGE(Instances!DJ3:Instances!DJ3),"median", MEDIAN(Instances!DJ3:Instances!DJ3),"min", MIN(Instances!DJ3:Instances!DJ3),"max", MAX(Instances!DJ3:Instances!DJ3),"diff", MAX(Instances!DJ3:Instances!DJ3)-MIN(Instances!DJ3:Instances!DJ3))} -> 0 | DK3: {=_xlfn.SWITCH($A$2,"average", AVERAGE(Instances!DK3:Instances!DK3),"median", MEDIAN(Instances!DK3:Instances!DK3),"min", MIN(Instances!DK3:Instances!DK3),"max", MAX(Instances!DK3:Instances!DK3),"diff", MAX(Instances!DK3:Instances!DK3)-MIN(Instances!DK3:Instances!DK3))} -> 0 | DM3: {=_xlfn.SWITCH($A$2,"average", AVERAGE(Instances!DM3:Instances!DM3),"median", MEDIAN(Instances!DM3:Instances!DM3),"min", MIN(Instances!DM3:Instances!DM3),"max", MAX(Instances!DM3:Instances!DM3),"diff", MAX(Instances!DM3:Instances!DM3)-MIN(Instances!DM3:Instances!DM3))} -> 0 | DN3: {=_xlfn.SWITCH($A$2,"average", AVERAGE(Instances!DN3:Instances!DN3),"median", MEDIAN(Instances!DN3:Instances!DN3),"min", MIN(Instances!DN3:Instances!DN3),"max", MAX(Instances!DN3:Instances!DN3),"diff", MAX(Instances!DN3:Instances!DN3)-MIN(Instances!DN3:Instances!DN3))} -> 0 | DO3: {=_xlfn.SWITCH($A$2,"average", AVERAGE(Instances!DO3:Instances!DO3),"median", MEDIAN(Instances!DO3:Instances!DO3),"min", MIN(Instances!DO3:Instances!DO3),"max", MAX(Instances!DO3:Instances!DO3),"diff", MAX(Instances!DO3:Instances!DO3)-MIN(Instances!DO3:Instances!DO3))} -> 0 | DP3: {=_xlfn.SWITCH($A$2,"average", AVERAGE(Instances!DP3:Instances!DP3),"median", MEDIAN(Instances!DP3:Instances!DP3),"min", MIN(Instances!DP3:Instances!DP3),"max", MAX(Instances!DP3:Instances!DP3),"diff", MAX(Instances!DP3:Instances!DP3)-MIN(Instances!DP3:Instances!DP3))} -> 0 | DQ3: {=_xlfn.SWITCH($A$2,"average", AVERAGE(Instances!DQ3:Instances!DQ3),"median", MEDIAN(Instances!DQ3:Instances!DQ3),"min", MIN(Instances!DQ3:Instances!DQ3),"max", MAX(Instances!DQ3:Instances!DQ3),"diff", MAX(Instances!DQ3:Instances!DQ3)-MIN(Instances!DQ3:Instances!DQ3))} -> 0 | DR3: {=_xlfn.SWITCH($A$2,"average", AVERAGE(Instances!DR3:Instances!DR3),"median", MEDIAN(Instances!DR3:Instances!DR3),"min", MIN(Instances!DR3:Instances!DR3),"max", MAX(Instances!DR3:Instances!DR3),"diff", MAX(Instances!DR3:Instances!DR3)-MIN(Instances!DR3:Instances!DR3))} -> 0 | DT3: {=_xlfn.SWITCH($A$2,"average", AVERAGE(Instances!DT3:Instances!DT3),"median", MEDIAN(Instances!DT3:Instances!DT3),"min", MIN(Instances!DT3:Instances!DT3),"max", MAX(Instances!DT3:Instances!DT3),"diff", MAX(Instances!DT3:Instances!DT3)-MIN(Instances!DT3:Instances!DT3))} -> 0 | DU3: {=_xlfn.SWITCH($A$2,"average", AVERAGE(Instances!DU3:Instances!DU3),"median", MEDIAN(Instances!DU3:Instances!DU3),"min", MIN(Instances!DU3:Instances!DU3),"max", MAX(Instances!DU3:Instances!DU3),"diff", MAX(Instances!DU3:Instances!DU3)-MIN(Instances!DU3:Instances!DU3))} -> 0 | DV3: {=_xlfn.SWITCH($A$2,"average", AVERAGE(Instances!DV3:Instances!DV3),"median", MEDIAN(Instances!DV3:Instances!DV3),"min", MIN(Instances!DV3:Instances!DV3),"max", MAX(Instances!DV3:Instances!DV3),"diff", MAX(Instances!DV3:Instances!DV3)-MIN(Instances!DV3:Instances!DV3))} -> 0 | DW3: {=_xlfn.SWITCH($A$2,"average", AVERAGE(Instances!DW3:Instances!DW3),"median", MEDIAN(Instances!DW3:Instances!DW3),"min", MIN(Instances!DW3:Instances!DW3),"max", MAX(Instances!DW3:Instances!DW3),"diff", MAX(Instances!DW3:Instances!DW3)-MIN(Instances!DW3:Instances!DW3))} -> 0 | DX3: {=_xlfn.SWITCH($A$2,"average", AVERAGE(Instances!DX3:Instances!DX3),"median", MEDIAN(Instances!DX3:Instances!DX3),"min", MIN(Instances!DX3:Instances!DX3),"max", MAX(Instances!DX3:Instances!DX3),"diff", MAX(Instances!DX3:Instances!DX3)-MIN(Instances!DX3:Instances!DX3))} -> 0 | DY3: {=_xlfn.SWITCH($A$2,"average", AVERAGE(Instances!DY3:Instances!DY3),"median", MEDIAN(Instances!DY3:Instances!DY3),"min", MIN(Instances!DY3:Instances!DY3),"max", MAX(Instances!DY3:Instances!DY3),"diff", MAX(Instances!DY3:Instances!DY3)-MIN(Instances!DY3:Instances!DY3))} -> 0 | EA3: {=_xlfn.SWITCH($A$2,"average", AVERAGE(Instances!EA3:Instances!EA3),"median", MEDIAN(Instances!EA3:Instances!EA3),"min", MIN(Instances!EA3:Instances!EA3),"max", MAX(Instances!EA3:Instances!EA3),"diff", MAX(Instances!EA3:Instances!EA3)-MIN(Instances!EA3:Instances!EA3))} -> 0 | EB3: {=_xlfn.SWITCH($A$2,"average", AVERAGE(Instances!EB3:Instances!EB3),"median", MEDIAN(Instances!EB3:Instances!EB3),"min", MIN(Instances!EB3:Instances!EB3),"max", MAX(Instances!EB3:Instances!EB3),"diff", MAX(Instances!EB3:Instances!EB3)-MIN(Instances!EB3:Instances!EB3))} -> 0 | EC3: {=_xlfn.SWITCH($A$2,"average", AVERAGE(Instances!EC3:Instances!EC3),"median", MEDIAN(Instances!EC3:Instances!EC3),"min", MIN(Instances!EC3:Instances!EC3),"max", MAX(Instances!EC3:Instances!EC3),"diff", MAX(Instances!EC3:Instances!EC3)-MIN(Instances!EC3:Instances!EC3))} -> 0 | ED3: {=_xlfn.SWITCH($A$2,"average", AVERAGE(Instances!ED3:Instances!ED3),"median", MEDIAN(Instances!ED3:Instances!ED3),"min", MIN(Instances!ED3:Instances!ED3),"max", MAX(Instances!ED3:Instances!ED3),"diff", MAX(Instances!ED3:Instances!ED3)-MIN(Instances!ED3:Instances!ED3))} -> 0 | EE3: {=_xlfn.SWITCH($A$2,"average", AVERAGE(Instances!EE3:Instances!EE3),"median", MEDIAN(Instances!EE3:Instances!EE3),"min", MIN(Instances!EE3:Instances!EE3),"max", MAX(Instances!EE3:Instances!EE3),"diff", MAX(Instances!EE3:Instances!EE3)-MIN(Instances!EE3:Instances!EE3))} -> 0 | EF3: {=_xlfn.SWITCH($A$2,"average", AVERAGE(Instances!EF3:Instances!EF3),"median", MEDIAN(Instances!EF3:Instances!EF3),"min", MIN(Instances!EF3:Instances!EF3),"max", MAX(Instances!EF3:Instances!EF3),"diff", MAX(Instances!EF3:Instances!EF3)-MIN(Instances!EF3:Instances!EF3))} -> 0 | EH3: {=_xlfn.SWITCH($A$2,"average", AVERAGE(Instances!EH3:Instances!EH3),"median", MEDIAN(Instances!EH3:Instances!EH3),"min", MIN(Instances!EH3:Instances!EH3),"max", MAX(Instances!EH3:Instances!EH3),"diff", MAX(Instances!EH3:Instances!EH3)-MIN(Instances!EH3:Instances!EH3))} -> 0 | EI3: {=_xlfn.SWITCH($A$2,"average", AVERAGE(Instances!EI3:Instances!EI3),"median", MEDIAN(Instances!EI3:Instances!EI3),"min", MIN(Instances!EI3:Instances!EI3),"max", MAX(Instances!EI3:Instances!EI3),"diff", MAX(Instances!EI3:Instances!EI3)-MIN(Instances!EI3:Instances!EI3))} -> 0 | EJ3: {=_xlfn.SWITCH($A$2,"average", AVERAGE(Instances!EJ3:Instances!EJ3),"median", MEDIAN(Instances!EJ3:Instances!EJ3),"min", MIN(Instances!EJ3:Instances!EJ3),"max", MAX(Instances!EJ3:Instances!EJ3),"diff", MAX(Instances!EJ3:Instances!EJ3)-MIN(Instances!EJ3:Instances!EJ3))} -> 0 | EK3: {=_xlfn.SWITCH($A$2,"average", AVERAGE(Instances!EK3:Instances!EK3),"median", MEDIAN(Instances!EK3:Instances!EK3),"min", MIN(Instances!EK3:Instances!EK3),"max", MAX(Instances!EK3:Instances!EK3),"diff", MAX(Instances!EK3:Instances!EK3)-MIN(Instances!EK3:Instances!EK3))} -> 0 | EL3: {=_xlfn.SWITCH($A$2,"average", AVERAGE(Instances!EL3:Instances!EL3),"median", MEDIAN(Instances!EL3:Instances!EL3),"min", MIN(Instances!EL3:Instances!EL3),"max", MAX(Instances!EL3:Instances!EL3),"diff", MAX(Instances!EL3:Instances!EL3)-MIN(Instances!EL3:Instances!EL3))} -> 0 | EM3: {=_xlfn.SWITCH($A$2,"average", AVERAGE(Instances!EM3:Instances!EM3),"median", MEDIAN(Instances!EM3:Instances!EM3),"min", MIN(Instances!EM3:Instances!EM3),"max", MAX(Instances!EM3:Instances!EM3),"diff", MAX(Instances!EM3:Instances!EM3)-MIN(Instances!EM3:Instances!EM3))} -> 0 | EO3: {=_xlfn.SWITCH($A$2,"average", AVERAGE(Instances!EO3:Instances!EO3),"median", MEDIAN(Instances!EO3:Instances!EO3),"min", MIN(Instances!EO3:Instances!EO3),"max", MAX(Instances!EO3:Instances!EO3),"diff", MAX(Instances!EO3:Instances!EO3)-MIN(Instances!EO3:Instances!EO3))} -> 0 | EP3: {=_xlfn.SWITCH($A$2,"average", AVERAGE(Instances!EP3:Instances!EP3),"median", MEDIAN(Instances!EP3:Instances!EP3),"min", MIN(Instances!EP3:Instances!EP3),"max", MAX(Instances!EP3:Instances!EP3),"diff", MAX(Instances!EP3:Instances!EP3)-MIN(Instances!EP3:Instances!EP3))} -> 0 | EQ3: {=_xlfn.SWITCH($A$2,"average", AVERAGE(Instances!EQ3:Instances!EQ3),"median", MEDIAN(Instances!EQ3:Instances!EQ3),"min", MIN(Instances!EQ3:Instances!EQ3),"max", MAX(Instances!EQ3:Instances!EQ3),"diff", MAX(Instances!EQ3:Instances!EQ3)-MIN(Instances!EQ3:Instances!EQ3))} -> 0 | ER3: {=_xlfn.SWITCH($A$2,"average", AVERAGE(Instances!ER3:Instances!ER3),"median", MEDIAN(Instances!ER3:Instances!ER3),"min", MIN(Instances!ER3:Instances!ER3),"max", MAX(Instances!ER3:Instances!ER3),"diff", MAX(Instances!ER3:Instances!ER3)-MIN(Instances!ER3:Instances!ER3))} -> 0 | ES3: {=_xlfn.SWITCH($A$2,"average", AVERAGE(Instances!ES3:Instances!ES3),"median", MEDIAN(Instances!ES3:Instances!ES3),"min", MIN(Instances!ES3:Instances!ES3),"max", MAX(Instances!ES3:Instances!ES3),"diff", MAX(Instances!ES3:Instances!ES3)-MIN(Instances!ES3:Instances!ES3))} -> 0 | ET3: {=_xlfn.SWITCH($A$2,"average", AVERAGE(Instances!ET3:Instances!ET3),"median", MEDIAN(Instances!ET3:Instances!ET3),"min", MIN(Instances!ET3:Instances!ET3),"max", MAX(Instances!ET3:Instances!ET3),"diff", MAX(Instances!ET3:Instances!ET3)-MIN(Instances!ET3:Instances!ET3))} -> 0 | EV3: {=_xlfn.SWITCH($A$2,"average", AVERAGE(Instances!EV3:Instances!EV3),"median", MEDIAN(Instances!EV3:Instances!EV3),"min", MIN(Instances!EV3:Instances!EV3),"max", MAX(Instances!EV3:Instances!EV3),"diff", MAX(Instances!EV3:Instances!EV3)-MIN(Instances!EV3:Instances!EV3))} -> 0 | EW3: {=_xlfn.SWITCH($A$2,"average", AVERAGE(Instances!EW3:Instances!EW3),"median", MEDIAN(Instances!EW3:Instances!EW3),"min", MIN(Instances!EW3:Instances!EW3),"max", MAX(Instances!EW3:Instances!EW3),"diff", MAX(Instances!EW3:Instances!EW3)-MIN(Instances!EW3:Instances!EW3))} -> 0 | EX3: {=_xlfn.SWITCH($A$2,"average", AVERAGE(Instances!EX3:Instances!EX3),"median", MEDIAN(Instances!EX3:Instances!EX3),"min", MIN(Instances!EX3:Instances!EX3),"max", MAX(Instances!EX3:Instances!EX3),"diff", MAX(Instances!EX3:Instances!EX3)-MIN(Instances!EX3:Instances!EX3))} -> 0 | EY3: {=_xlfn.SWITCH($A$2,"average", AVERAGE(Instances!EY3:Instances!EY3),"median", MEDIAN(Instances!EY3:Instances!EY3),"min", MIN(Instances!EY3:Instances!EY3),"max", MAX(Instances!EY3:Instances!EY3),"diff", MAX(Instances!EY3:Instances!EY3)-MIN(Instances!EY3:Instances!EY3))} -> 0 | EZ3: {=_xlfn.SWITCH($A$2,"average", AVERAGE(Instances!EZ3:Instances!EZ3),"median", MEDIAN(Instances!EZ3:Instances!EZ3),"min", MIN(Instances!EZ3:Instances!EZ3),"max", MAX(Instances!EZ3:Instances!EZ3),"diff", MAX(Instances!EZ3:Instances!EZ3)-MIN(Instances!EZ3:Instances!EZ3))} -> 0 | FA3: {=_xlfn.SWITCH($A$2,"average", AVERAGE(Instances!FA3:Instances!FA3),"median", MEDIAN(Instances!FA3:Instances!FA3),"min", MIN(Instances!FA3:Instances!FA3),"max", MAX(Instances!FA3:Instances!FA3),"diff", MAX(Instances!FA3:Instances!FA3)-MIN(Instances!FA3:Instances!FA3))} -> 0 | FC3: {=_xlfn.SWITCH($A$2,"average", AVERAGE(Instances!FC3:Instances!FC3),"median", MEDIAN(Instances!FC3:Instances!FC3),"min", MIN(Instances!FC3:Instances!FC3),"max", MAX(Instances!FC3:Instances!FC3),"diff", MAX(Instances!FC3:Instances!FC3)-MIN(Instances!FC3:Instances!FC3))} -> 0 | FD3: {=_xlfn.SWITCH($A$2,"average", AVERAGE(Instances!FD3:Instances!FD3),"median", MEDIAN(Instances!FD3:Instances!FD3),"min", MIN(Instances!FD3:Instances!FD3),"max", MAX(Instances!FD3:Instances!FD3),"diff", MAX(Instances!FD3:Instances!FD3)-MIN(Instances!FD3:Instances!FD3))} -> 0 | FE3: {=_xlfn.SWITCH($A$2,"average", AVERAGE(Instances!FE3:Instances!FE3),"median", MEDIAN(Instances!FE3:Instances!FE3),"min", MIN(Instances!FE3:Instances!FE3),"max", MAX(Instances!FE3:Instances!FE3),"diff", MAX(Instances!FE3:Instances!FE3)-MIN(Instances!FE3:Instances!FE3))} -> 0 | FF3: {=_xlfn.SWITCH($A$2,"average", AVERAGE(Instances!FF3:Instances!FF3),"median", MEDIAN(Instances!FF3:Instances!FF3),"min", MIN(Instances!FF3:Instances!FF3),"max", MAX(Instances!FF3:Instances!FF3),"diff", MAX(Instances!FF3:Instances!FF3)-MIN(Instances!FF3:Instances!FF3))} -> 0 | FG3: {=_xlfn.SWITCH($A$2,"average", AVERAGE(Instances!FG3:Instances!FG3),"median", MEDIAN(Instances!FG3:Instances!FG3),"min", MIN(Instances!FG3:Instances!FG3),"max", MAX(Instances!FG3:Instances!FG3),"diff", MAX(Instances!FG3:Instances!FG3)-MIN(Instances!FG3:Instances!FG3))} -> 0 | FH3: {=_xlfn.SWITCH($A$2,"average", AVERAGE(Instances!FH3:Instances!FH3),"median", MEDIAN(Instances!FH3:Instances!FH3),"min", MIN(Instances!FH3:Instances!FH3),"max", MAX(Instances!FH3:Instances!FH3),"diff", MAX(Instances!FH3:Instances!FH3)-MIN(Instances!FH3:Instances!FH3))} -> 0 | FJ3: {=_xlfn.SWITCH($A$2,"average", AVERAGE(Instances!FJ3:Instances!FJ3),"median", MEDIAN(Instances!FJ3:Instances!FJ3),"min", MIN(Instances!FJ3:Instances!FJ3),"max", MAX(Instances!FJ3:Instances!FJ3),"diff", MAX(Instances!FJ3:Instances!FJ3)-MIN(Instances!FJ3:Instances!FJ3))} -> 0 | FK3: {=_xlfn.SWITCH($A$2,"average", AVERAGE(Instances!FK3:Instances!FK3),"median", MEDIAN(Instances!FK3:Instances!FK3),"min", MIN(Instances!FK3:Instances!FK3),"max", MAX(Instances!FK3:Instances!FK3),"diff", MAX(Instances!FK3:Instances!FK3)-MIN(Instances!FK3:Instances!FK3))} -> 0 | FL3: {=_xlfn.SWITCH($A$2,"average", AVERAGE(Instances!FL3:Instances!FL3),"median", MEDIAN(Instances!FL3:Instances!FL3),"min", MIN(Instances!FL3:Instances!FL3),"max", MAX(Instances!FL3:Instances!FL3),"diff", MAX(Instances!FL3:Instances!FL3)-MIN(Instances!FL3:Instances!FL3))} -> 0 | FM3: {=_xlfn.SWITCH($A$2,"average", AVERAGE(Instances!FM3:Instances!FM3),"median", MEDIAN(Instances!FM3:Instances!FM3),"min", MIN(Instances!FM3:Instances!FM3),"max", MAX(Instances!FM3:Instances!FM3),"diff", MAX(Instances!FM3:Instances!FM3)-MIN(Instances!FM3:Instances!FM3))} -> 0 | FN3: {=_xlfn.SWITCH($A$2,"average", AVERAGE(Instances!FN3:Instances!FN3),"median", MEDIAN(Instances!FN3:Instances!FN3),"min", MIN(Instances!FN3:Instances!FN3),"max", MAX(Instances!FN3:Instances!FN3),"diff", MAX(Instances!FN3:Instances!FN3)-MIN(Instances!FN3:Instances!FN3))} -> 0 | FO3: {=_xlfn.SWITCH($A$2,"average", AVERAGE(Instances!FO3:Instances!FO3),"median", MEDIAN(Instances!FO3:Instances!FO3),"min", MIN(Instances!FO3:Instances!FO3),"max", MAX(Instances!FO3:Instances!FO3),"diff", MAX(Instances!FO3:Instances!FO3)-MIN(Instances!FO3:Instances!FO3))} -> 0 | FQ3: {=_xlfn.SWITCH($A$2,"average", AVERAGE(Instances!FQ3:Instances!FQ3),"median", MEDIAN(Instances!FQ3:Instances!FQ3),"min", MIN(Instances!FQ3:Instances!FQ3),"max", MAX(Instances!FQ3:Instances!FQ3),"diff", MAX(Instances!FQ3:Instances!FQ3)-MIN(Instances!FQ3:Instances!FQ3))} -> 0 | FR3: {=_xlfn.SWITCH($A$2,"average", AVERAGE(Instances!FR3:Instances!FR3),"median", MEDIAN(Instances!FR3:Instances!FR3),"min", MIN(Instances!FR3:Instances!FR3),"max", MAX(Instances!FR3:Instances!FR3),"diff", MAX(Instances!FR3:Instances!FR3)-MIN(Instances!FR3:Instances!FR3))} -> 0 | FS3: {=_xlfn.SWITCH($A$2,"average", AVERAGE(Instances!FS3:Instances!FS3),"median", MEDIAN(Instances!FS3:Instances!FS3),"min", MIN(Instances!FS3:Instances!FS3),"max", MAX(Instances!FS3:Instances!FS3),"diff", MAX(Instances!FS3:Instances!FS3)-MIN(Instances!FS3:Instances!FS3))} -> 0 | FT3: {=_xlfn.SWITCH($A$2,"average", AVERAGE(Instances!FT3:Instances!FT3),"median", MEDIAN(Instances!FT3:Instances!FT3),"min", MIN(Instances!FT3:Instances!FT3),"max", MAX(Instances!FT3:Instances!FT3),"diff", MAX(Instances!FT3:Instances!FT3)-MIN(Instances!FT3:Instances!FT3))} -> 0 | FU3: {=_xlfn.SWITCH($A$2,"average", AVERAGE(Instances!FU3:Instances!FU3),"median", MEDIAN(Instances!FU3:Instances!FU3),"min", MIN(Instances!FU3:Instances!FU3),"max", MAX(Instances!FU3:Instances!FU3),"diff", MAX(Instances!FU3:Instances!FU3)-MIN(Instances!FU3:Instances!FU3))} -> 0 | FV3: {=_xlfn.SWITCH($A$2,"average", AVERAGE(Instances!FV3:Instances!FV3),"median", MEDIAN(Instances!FV3:Instances!FV3),"min", MIN(Instances!FV3:Instances!FV3),"max", MAX(Instances!FV3:Instances!FV3),"diff", MAX(Instances!FV3:Instances!FV3)-MIN(Instances!FV3:Instances!FV3))} -> 0 | FX3: {=_xlfn.SWITCH($A$2,"average", AVERAGE(Instances!FX3:Instances!FX3),"median", MEDIAN(Instances!FX3:Instances!FX3),"min", MIN(Instances!FX3:Instances!FX3),"max", MAX(Instances!FX3:Instances!FX3),"diff", MAX(Instances!FX3:Instances!FX3)-MIN(Instances!FX3:Instances!FX3))} -> 0 | FY3: {=_xlfn.SWITCH($A$2,"average", AVERAGE(Instances!FY3:Instances!FY3),"median", MEDIAN(Instances!FY3:Instances!FY3),"min", MIN(Instances!FY3:Instances!FY3),"max", MAX(Instances!FY3:Instances!FY3),"diff", MAX(Instances!FY3:Instances!FY3)-MIN(Instances!FY3:Instances!FY3))} -> 0 | FZ3: {=_xlfn.SWITCH($A$2,"average", AVERAGE(Instances!FZ3:Instances!FZ3),"median", MEDIAN(Instances!FZ3:Instances!FZ3),"min", MIN(Instances!FZ3:Instances!FZ3),"max", MAX(Instances!FZ3:Instances!FZ3),"diff", MAX(Instances!FZ3:Instances!FZ3)-MIN(Instances!FZ3:Instances!FZ3))} -> 0 | GA3: {=_xlfn.SWITCH($A$2,"average", AVERAGE(Instances!GA3:Instances!GA3),"median", MEDIAN(Instances!GA3:Instances!GA3),"min", MIN(Instances!GA3:Instances!GA3),"max", MAX(Instances!GA3:Instances!GA3),"diff", MAX(Instances!GA3:Instances!GA3)-MIN(Instances!GA3:Instances!GA3))} -> 0 | GB3: {=_xlfn.SWITCH($A$2,"average", AVERAGE(Instances!GB3:Instances!GB3),"median", MEDIAN(Instances!GB3:Instances!GB3),"min", MIN(Instances!GB3:Instances!GB3),"max", MAX(Instances!GB3:Instances!GB3),"diff", MAX(Instances!GB3:Instances!GB3)-MIN(Instances!GB3:Instances!GB3))} -> 0 | GC3: {=_xlfn.SWITCH($A$2,"average", AVERAGE(Instances!GC3:Instances!GC3),"median", MEDIAN(Instances!GC3:Instances!GC3),"min", MIN(Instances!GC3:Instances!GC3),"max", MAX(Instances!GC3:Instances!GC3),"diff", MAX(Instances!GC3:Instances!GC3)-MIN(Instances!GC3:Instances!GC3))} -> 0 | GE3: {=_xlfn.SWITCH($A$2,"average", AVERAGE(Instances!GE3:Instances!GE3),"median", MEDIAN(Instances!GE3:Instances!GE3),"min", MIN(Instances!GE3:Instances!GE3),"max", MAX(Instances!GE3:Instances!GE3),"diff", MAX(Instances!GE3:Instances!GE3)-MIN(Instances!GE3:Instances!GE3))} -> 0 | GF3: {=_xlfn.SWITCH($A$2,"average", AVERAGE(Instances!GF3:Instances!GF3),"median", MEDIAN(Instances!GF3:Instances!GF3),"min", MIN(Instances!GF3:Instances!GF3),"max", MAX(Instances!GF3:Instances!GF3),"diff", MAX(Instances!GF3:Instances!GF3)-MIN(Instances!GF3:Instances!GF3))} -> 0 | GG3: {=_xlfn.SWITCH($A$2,"average", AVERAGE(Instances!GG3:Instances!GG3),"median", MEDIAN(Instances!GG3:Instances!GG3),"min", MIN(Instances!GG3:Instances!GG3),"max", MAX(Instances!GG3:Instances!GG3),"diff", MAX(Instances!GG3:Instances!GG3)-MIN(Instances!GG3:Instances!GG3))} -> 0 | GH3: {=_xlfn.SWITCH($A$2,"average", AVERAGE(Instances!GH3:Instances!GH3),"median", MEDIAN(Instances!GH3:Instances!GH3),"min", MIN(Instances!GH3:Instances!GH3),"max", MAX(Instances!GH3:Instances!GH3),"diff", MAX(Instances!GH3:Instances!GH3)-MIN(Instances!GH3:Instances!GH3))} -> 0 | GI3: {=_xlfn.SWITCH($A$2,"average", AVERAGE(Instances!GI3:Instances!GI3),"median", MEDIAN(Instances!GI3:Instances!GI3),"min", MIN(Instances!GI3:Instances!GI3),"max", MAX(Instances!GI3:Instances!GI3),"diff", MAX(Instances!GI3:Instances!GI3)-MIN(Instances!GI3:Instances!GI3))} -> 0 | GJ3: {=_xlfn.SWITCH($A$2,"average", AVERAGE(Instances!GJ3:Instances!GJ3),"median", MEDIAN(Instances!GJ3:Instances!GJ3),"min", MIN(Instances!GJ3:Instances!GJ3),"max", MAX(Instances!GJ3:Instances!GJ3),"diff", MAX(Instances!GJ3:Instances!GJ3)-MIN(Instances!GJ3:Instances!GJ3))} -> 0 | GL3: {=_xlfn.SWITCH($A$2,"average", AVERAGE(Instances!GL3:Instances!GL3),"median", MEDIAN(Instances!GL3:Instances!GL3),"min", MIN(Instances!GL3:Instances!GL3),"max", MAX(Instances!GL3:Instances!GL3),"diff", MAX(Instances!GL3:Instances!GL3)-MIN(Instances!GL3:Instances!GL3))} -> 0 | GM3: {=_xlfn.SWITCH($A$2,"average", AVERAGE(Instances!GM3:Instances!GM3),"median", MEDIAN(Instances!GM3:Instances!GM3),"min", MIN(Instances!GM3:Instances!GM3),"max", MAX(Instances!GM3:Instances!GM3),"diff", MAX(Instances!GM3:Instances!GM3)-MIN(Instances!GM3:Instances!GM3))} -> 0 | GN3: {=_xlfn.SWITCH($A$2,"average", AVERAGE(Instances!GN3:Instances!GN3),"median", MEDIAN(Instances!GN3:Instances!GN3),"min", MIN(Instances!GN3:Instances!GN3),"max", MAX(Instances!GN3:Instances!GN3),"diff", MAX(Instances!GN3:Instances!GN3)-MIN(Instances!GN3:Instances!GN3))} -> 0 | GO3: {=_xlfn.SWITCH($A$2,"average", AVERAGE(Instances!GO3:Instances!GO3),"median", MEDIAN(Instances!GO3:Instances!GO3),"min", MIN(Instances!GO3:Instances!GO3),"max", MAX(Instances!GO3:Instances!GO3),"diff", MAX(Instances!GO3:Instances!GO3)-MIN(Instances!GO3:Instances!GO3))} -> 0 | GP3: {=_xlfn.SWITCH($A$2,"average", AVERAGE(Instances!GP3:Instances!GP3),"median", MEDIAN(Instances!GP3:Instances!GP3),"min", MIN(Instances!GP3:Instances!GP3),"max", MAX(Instances!GP3:Instances!GP3),"diff", MAX(Instances!GP3:Instances!GP3)-MIN(Instances!GP3:Instances!GP3))} -> 0 | GQ3: {=_xlfn.SWITCH($A$2,"average", AVERAGE(Instances!GQ3:Instances!GQ3),"median", MEDIAN(Instances!GQ3:Instances!GQ3),"min", MIN(Instances!GQ3:Instances!GQ3),"max", MAX(Instances!GQ3:Instances!GQ3),"diff", MAX(Instances!GQ3:Instances!GQ3)-MIN(Instances!GQ3:Instances!GQ3))} -> 0 | GS3: {=_xlfn.SWITCH($A$2,"average", AVERAGE(Instances!GS3:Instances!GS3),"median", MEDIAN(Instances!GS3:Instances!GS3),"min", MIN(Instances!GS3:Instances!GS3),"max", MAX(Instances!GS3:Instances!GS3),"diff", MAX(Instances!GS3:Instances!GS3)-MIN(Instances!GS3:Instances!GS3))} -> 0 | GT3: {=_xlfn.SWITCH($A$2,"average", AVERAGE(Instances!GT3:Instances!GT3),"median", MEDIAN(Instances!GT3:Instances!GT3),"min", MIN(Instances!GT3:Instances!GT3),"max", MAX(Instances!GT3:Instances!GT3),"diff", MAX(Instances!GT3:Instances!GT3)-MIN(Instances!GT3:Instances!GT3))} -> 0 | GU3: {=_xlfn.SWITCH($A$2,"average", AVERAGE(Instances!GU3:Instances!GU3),"median", MEDIAN(Instances!GU3:Instances!GU3),"min", MIN(Instances!GU3:Instances!GU3),"max", MAX(Instances!GU3:Instances!GU3),"diff", MAX(Instances!GU3:Instances!GU3)-MIN(Instances!GU3:Instances!GU3))} -> 0 | GV3: {=_xlfn.SWITCH($A$2,"average", AVERAGE(Instances!GV3:Instances!GV3),"median", MEDIAN(Instances!GV3:Instances!GV3),"min", MIN(Instances!GV3:Instances!GV3),"max", MAX(Instances!GV3:Instances!GV3),"diff", MAX(Instances!GV3:Instances!GV3)-MIN(Instances!GV3:Instances!GV3))} -> 0 | GW3: {=_xlfn.SWITCH($A$2,"average", AVERAGE(Instances!GW3:Instances!GW3),"median", MEDIAN(Instances!GW3:Instances!GW3),"min", MIN(Instances!GW3:Instances!GW3),"max", MAX(Instances!GW3:Instances!GW3),"diff", MAX(Instances!GW3:Instances!GW3)-MIN(Instances!GW3:Instances!GW3))} -> 0 | GX3: {=_xlfn.SWITCH($A$2,"average", AVERAGE(Instances!GX3:Instances!GX3),"median", MEDIAN(Instances!GX3:Instances!GX3),"min", MIN(Instances!GX3:Instances!GX3),"max", MAX(Instances!GX3:Instances!GX3),"diff", MAX(Instances!GX3:Instances!GX3)-MIN(Instances!GX3:Instances!GX3))} -> 0 | GZ3: {=_xlfn.SWITCH($A$2,"average", AVERAGE(Instances!GZ3:Instances!GZ3),"median", MEDIAN(Instances!GZ3:Instances!GZ3),"min", MIN(Instances!GZ3:Instances!GZ3),"max", MAX(Instances!GZ3:Instances!GZ3),"diff", MAX(Instances!GZ3:Instances!GZ3)-MIN(Instances!GZ3:Instances!GZ3))} -> 0 | HA3: {=_xlfn.SWITCH($A$2,"average", AVERAGE(Instances!HA3:Instances!HA3),"median", MEDIAN(Instances!HA3:Instances!HA3),"min", MIN(Instances!HA3:Instances!HA3),"max", MAX(Instances!HA3:Instances!HA3),"diff", MAX(Instances!HA3:Instances!HA3)-MIN(Instances!HA3:Instances!HA3))} -> 0 | HB3: {=_xlfn.SWITCH($A$2,"average", AVERAGE(Instances!HB3:Instances!HB3),"median", MEDIAN(Instances!HB3:Instances!HB3),"min", MIN(Instances!HB3:Instances!HB3),"max", MAX(Instances!HB3:Instances!HB3),"diff", MAX(Instances!HB3:Instances!HB3)-MIN(Instances!HB3:Instances!HB3))} -> 0 | HC3: {=_xlfn.SWITCH($A$2,"average", AVERAGE(Instances!HC3:Instances!HC3),"median", MEDIAN(Instances!HC3:Instances!HC3),"min", MIN(Instances!HC3:Instances!HC3),"max", MAX(Instances!HC3:Instances!HC3),"diff", MAX(Instances!HC3:Instances!HC3)-MIN(Instances!HC3:Instances!HC3))} -> 0 | HD3: {=_xlfn.SWITCH($A$2,"average", AVERAGE(Instances!HD3:Instances!HD3),"median", MEDIAN(Instances!HD3:Instances!HD3),"min", MIN(Instances!HD3:Instances!HD3),"max", MAX(Instances!HD3:Instances!HD3),"diff", MAX(Instances!HD3:Instances!HD3)-MIN(Instances!HD3:Instances!HD3))} -> 0 | HE3: {=_xlfn.SWITCH($A$2,"average", AVERAGE(Instances!HE3:Instances!HE3),"median", MEDIAN(Instances!HE3:Instances!HE3),"min", MIN(Instances!HE3:Instances!HE3),"max", MAX(Instances!HE3:Instances!HE3),"diff", MAX(Instances!HE3:Instances!HE3)-MIN(Instances!HE3:Instances!HE3))} -> 0 | HG3: {=_xlfn.SWITCH($A$2,"average", AVERAGE(Instances!HG3:Instances!HG3),"median", MEDIAN(Instances!HG3:Instances!HG3),"min", MIN(Instances!HG3:Instances!HG3),"max", MAX(Instances!HG3:Instances!HG3),"diff", MAX(Instances!HG3:Instances!HG3)-MIN(Instances!HG3:Instances!HG3))} -> 0 | HH3: {=_xlfn.SWITCH($A$2,"average", AVERAGE(Instances!HH3:Instances!HH3),"median", MEDIAN(Instances!HH3:Instances!HH3),"min", MIN(Instances!HH3:Instances!HH3),"max", MAX(Instances!HH3:Instances!HH3),"diff", MAX(Instances!HH3:Instances!HH3)-MIN(Instances!HH3:Instances!HH3))} -> 0 | HI3: {=_xlfn.SWITCH($A$2,"average", AVERAGE(Instances!HI3:Instances!HI3),"median", MEDIAN(Instances!HI3:Instances!HI3),"min", MIN(Instances!HI3:Instances!HI3),"max", MAX(Instances!HI3:Instances!HI3),"diff", MAX(Instances!HI3:Instances!HI3)-MIN(Instances!HI3:Instances!HI3))} -> 0 | HJ3: {=_xlfn.SWITCH($A$2,"average", AVERAGE(Instances!HJ3:Instances!HJ3),"median", MEDIAN(Instances!HJ3:Instances!HJ3),"min", MIN(Instances!HJ3:Instances!HJ3),"max", MAX(Instances!HJ3:Instances!HJ3),"diff", MAX(Instances!HJ3:Instances!HJ3)-MIN(Instances!HJ3:Instances!HJ3))} -> 0 | HK3: {=_xlfn.SWITCH($A$2,"average", AVERAGE(Instances!HK3:Instances!HK3),"median", MEDIAN(Instances!HK3:Instances!HK3),"min", MIN(Instances!HK3:Instances!HK3),"max", MAX(Instances!HK3:Instances!HK3),"diff", MAX(Instances!HK3:Instances!HK3)-MIN(Instances!HK3:Instances!HK3))} -> 0 | HL3: {=_xlfn.SWITCH($A$2,"average", AVERAGE(Instances!HL3:Instances!HL3),"median", MEDIAN(Instances!HL3:Instances!HL3),"min", MIN(Instances!HL3:Instances!HL3),"max", MAX(Instances!HL3:Instances!HL3),"diff", MAX(Instances!HL3:Instances!HL3)-MIN(Instances!HL3:Instances!HL3))} -> 0 | HN3: {=_xlfn.SWITCH($A$2,"average", AVERAGE(Instances!HN3:Instances!HN3),"median", MEDIAN(Instances!HN3:Instances!HN3),"min", MIN(Instances!HN3:Instances!HN3),"max", MAX(Instances!HN3:Instances!HN3),"diff", MAX(Instances!HN3:Instances!HN3)-MIN(Instances!HN3:Instances!HN3))} -> 0 | HO3: {=_xlfn.SWITCH($A$2,"average", AVERAGE(Instances!HO3:Instances!HO3),"median", MEDIAN(Instances!HO3:Instances!HO3),"min", MIN(Instances!HO3:Instances!HO3),"max", MAX(Instances!HO3:Instances!HO3),"diff", MAX(Instances!HO3:Instances!HO3)-MIN(Instances!HO3:Instances!HO3))} -> 0 | HP3: {=_xlfn.SWITCH($A$2,"average", AVERAGE(Instances!HP3:Instances!HP3),"median", MEDIAN(Instances!HP3:Instances!HP3),"min", MIN(Instances!HP3:Instances!HP3),"max", MAX(Instances!HP3:Instances!HP3),"diff", MAX(Instances!HP3:Instances!HP3)-MIN(Instances!HP3:Instances!HP3))} -> 0 | HQ3: {=_xlfn.SWITCH($A$2,"average", AVERAGE(Instances!HQ3:Instances!HQ3),"median", MEDIAN(Instances!HQ3:Instances!HQ3),"min", MIN(Instances!HQ3:Instances!HQ3),"max", MAX(Instances!HQ3:Instances!HQ3),"diff", MAX(Instances!HQ3:Instances!HQ3)-MIN(Instances!HQ3:Instances!HQ3))} -> 0 | HR3: {=_xlfn.SWITCH($A$2,"average", AVERAGE(Instances!HR3:Instances!HR3),"median", MEDIAN(Instances!HR3:Instances!HR3),"min", MIN(Instances!HR3:Instances!HR3),"max", MAX(Instances!HR3:Instances!HR3),"diff", MAX(Instances!HR3:Instances!HR3)-MIN(Instances!HR3:Instances!HR3))} -> 0 | HS3: {=_xlfn.SWITCH($A$2,"average", AVERAGE(Instances!HS3:Instances!HS3),"median", MEDIAN(Instances!HS3:Instances!HS3),"min", MIN(Instances!HS3:Instances!HS3),"max", MAX(Instances!HS3:Instances!HS3),"diff", MAX(Instances!HS3:Instances!HS3)-MIN(Instances!HS3:Instances!HS3))} -> 0 | HU3: {=_xlfn.SWITCH($A$2,"average", AVERAGE(Instances!HU3:Instances!HU3),"median", MEDIAN(Instances!HU3:Instances!HU3),"min", MIN(Instances!HU3:Instances!HU3),"max", MAX(Instances!HU3:Instances!HU3),"diff", MAX(Instances!HU3:Instances!HU3)-MIN(Instances!HU3:Instances!HU3))} -> 0 | HV3: {=_xlfn.SWITCH($A$2,"average", AVERAGE(Instances!HV3:Instances!HV3),"median", MEDIAN(Instances!HV3:Instances!HV3),"min", MIN(Instances!HV3:Instances!HV3),"max", MAX(Instances!HV3:Instances!HV3),"diff", MAX(Instances!HV3:Instances!HV3)-MIN(Instances!HV3:Instances!HV3))} -> 0 | HW3: {=_xlfn.SWITCH($A$2,"average", AVERAGE(Instances!HW3:Instances!HW3),"median", MEDIAN(Instances!HW3:Instances!HW3),"min", MIN(Instances!HW3:Instances!HW3),"max", MAX(Instances!HW3:Instances!HW3),"diff", MAX(Instances!HW3:Instances!HW3)-MIN(Instances!HW3:Instances!HW3))} -> 0 | HX3: {=_xlfn.SWITCH($A$2,"average", AVERAGE(Instances!HX3:Instances!HX3),"median", MEDIAN(Instances!HX3:Instances!HX3),"min", MIN(Instances!HX3:Instances!HX3),"max", MAX(Instances!HX3:Instances!HX3),"diff", MAX(Instances!HX3:Instances!HX3)-MIN(Instances!HX3:Instances!HX3))} -> 0 | HY3: {=_xlfn.SWITCH($A$2,"average", AVERAGE(Instances!HY3:Instances!HY3),"median", MEDIAN(Instances!HY3:Instances!HY3),"min", MIN(Instances!HY3:Instances!HY3),"max", MAX(Instances!HY3:Instances!HY3),"diff", MAX(Instances!HY3:Instances!HY3)-MIN(Instances!HY3:Instances!HY3))} -> 0 | HZ3: {=_xlfn.SWITCH($A$2,"average", AVERAGE(Instances!HZ3:Instances!HZ3),"median", MEDIAN(Instances!HZ3:Instances!HZ3),"min", MIN(Instances!HZ3:Instances!HZ3),"max", MAX(Instances!HZ3:Instances!HZ3),"diff", MAX(Instances!HZ3:Instances!HZ3)-MIN(Instances!HZ3:Instances!HZ3))} -> 0 | IB3: {=_xlfn.SWITCH($A$2,"average", AVERAGE(Instances!IB3:Instances!IB3),"median", MEDIAN(Instances!IB3:Instances!IB3),"min", MIN(Instances!IB3:Instances!IB3),"max", MAX(Instances!IB3:Instances!IB3),"diff", MAX(Instances!IB3:Instances!IB3)-MIN(Instances!IB3:Instances!IB3))} -> 0 | IC3: {=_xlfn.SWITCH($A$2,"average", AVERAGE(Instances!IC3:Instances!IC3),"median", MEDIAN(Instances!IC3:Instances!IC3),"min", MIN(Instances!IC3:Instances!IC3),"max", MAX(Instances!IC3:Instances!IC3),"diff", MAX(Instances!IC3:Instances!IC3)-MIN(Instances!IC3:Instances!IC3))} -> 0 | ID3: {=_xlfn.SWITCH($A$2,"average", AVERAGE(Instances!ID3:Instances!ID3),"median", MEDIAN(Instances!ID3:Instances!ID3),"min", MIN(Instances!ID3:Instances!ID3),"max", MAX(Instances!ID3:Instances!ID3),"diff", MAX(Instances!ID3:Instances!ID3)-MIN(Instances!ID3:Instances!ID3))} -> 0 | IE3: {=_xlfn.SWITCH($A$2,"average", AVERAGE(Instances!IE3:Instances!IE3),"median", MEDIAN(Instances!IE3:Instances!IE3),"min", MIN(Instances!IE3:Instances!IE3),"max", MAX(Instances!IE3:Instances!IE3),"diff", MAX(Instances!IE3:Instances!IE3)-MIN(Instances!IE3:Instances!IE3))} -> 0 | IF3: {=_xlfn.SWITCH($A$2,"average", AVERAGE(Instances!IF3:Instances!IF3),"median", MEDIAN(Instances!IF3:Instances!IF3),"min", MIN(Instances!IF3:Instances!IF3),"max", MAX(Instances!IF3:Instances!IF3),"diff", MAX(Instances!IF3:Instances!IF3)-MIN(Instances!IF3:Instances!IF3))} -> 0 | IG3: {=_xlfn.SWITCH($A$2,"average", AVERAGE(Instances!IG3:Instances!IG3),"median", MEDIAN(Instances!IG3:Instances!IG3),"min", MIN(Instances!IG3:Instances!IG3),"max", MAX(Instances!IG3:Instances!IG3),"diff", MAX(Instances!IG3:Instances!IG3)-MIN(Instances!IG3:Instances!IG3))} -> 0 | II3: {=_xlfn.SWITCH($A$2,"average", AVERAGE(Instances!II3:Instances!II3),"median", MEDIAN(Instances!II3:Instances!II3),"min", MIN(Instances!II3:Instances!II3),"max", MAX(Instances!II3:Instances!II3),"diff", MAX(Instances!II3:Instances!II3)-MIN(Instances!II3:Instances!II3))} -> 0 | IJ3: {=_xlfn.SWITCH($A$2,"average", AVERAGE(Instances!IJ3:Instances!IJ3),"median", MEDIAN(Instances!IJ3:Instances!IJ3),"min", MIN(Instances!IJ3:Instances!IJ3),"max", MAX(Instances!IJ3:Instances!IJ3),"diff", MAX(Instances!IJ3:Instances!IJ3)-MIN(Instances!IJ3:Instances!IJ3))} -> 0 | IK3: {=_xlfn.SWITCH($A$2,"average", AVERAGE(Instances!IK3:Instances!IK3),"median", MEDIAN(Instances!IK3:Instances!IK3),"min", MIN(Instances!IK3:Instances!IK3),"max", MAX(Instances!IK3:Instances!IK3),"diff", MAX(Instances!IK3:Instances!IK3)-MIN(Instances!IK3:Instances!IK3))} -> 0 | IL3: {=_xlfn.SWITCH($A$2,"average", AVERAGE(Instances!IL3:Instances!IL3),"median", MEDIAN(Instances!IL3:Instances!IL3),"min", MIN(Instances!IL3:Instances!IL3),"max", MAX(Instances!IL3:Instances!IL3),"diff", MAX(Instances!IL3:Instances!IL3)-MIN(Instances!IL3:Instances!IL3))} -> 0 | IM3: {=_xlfn.SWITCH($A$2,"average", AVERAGE(Instances!IM3:Instances!IM3),"median", MEDIAN(Instances!IM3:Instances!IM3),"min", MIN(Instances!IM3:Instances!IM3),"max", MAX(Instances!IM3:Instances!IM3),"diff", MAX(Instances!IM3:Instances!IM3)-MIN(Instances!IM3:Instances!IM3))} -> 0 | IN3: {=_xlfn.SWITCH($A$2,"average", AVERAGE(Instances!IN3:Instances!IN3),"median", MEDIAN(Instances!IN3:Instances!IN3),"min", MIN(Instances!IN3:Instances!IN3),"max", MAX(Instances!IN3:Instances!IN3),"diff", MAX(Instances!IN3:Instances!IN3)-MIN(Instances!IN3:Instances!IN3))} -> 0 | IP3: {=_xlfn.SWITCH($A$2,"average", AVERAGE(Instances!IP3:Instances!IP3),"median", MEDIAN(Instances!IP3:Instances!IP3),"min", MIN(Instances!IP3:Instances!IP3),"max", MAX(Instances!IP3:Instances!IP3),"diff", MAX(Instances!IP3:Instances!IP3)-MIN(Instances!IP3:Instances!IP3))} -> 0 | IQ3: {=_xlfn.SWITCH($A$2,"average", AVERAGE(Instances!IQ3:Instances!IQ3),"median", MEDIAN(Instances!IQ3:Instances!IQ3),"min", MIN(Instances!IQ3:Instances!IQ3),"max", MAX(Instances!IQ3:Instances!IQ3),"diff", MAX(Instances!IQ3:Instances!IQ3)-MIN(Instances!IQ3:Instances!IQ3))} -> 0 | IR3: {=_xlfn.SWITCH($A$2,"average", AVERAGE(Instances!IR3:Instances!IR3),"median", MEDIAN(Instances!IR3:Instances!IR3),"min", MIN(Instances!IR3:Instances!IR3),"max", MAX(Instances!IR3:Instances!IR3),"diff", MAX(Instances!IR3:Instances!IR3)-MIN(Instances!IR3:Instances!IR3))} -> 0 | IS3: {=_xlfn.SWITCH($A$2,"average", AVERAGE(Instances!IS3:Instances!IS3),"median", MEDIAN(Instances!IS3:Instances!IS3),"min", MIN(Instances!IS3:Instances!IS3),"max", MAX(Instances!IS3:Instances!IS3),"diff", MAX(Instances!IS3:Instances!IS3)-MIN(Instances!IS3:Instances!IS3))} -> 0 | IT3: {=_xlfn.SWITCH($A$2,"average", AVERAGE(Instances!IT3:Instances!IT3),"median", MEDIAN(Instances!IT3:Instances!IT3),"min", MIN(Instances!IT3:Instances!IT3),"max", MAX(Instances!IT3:Instances!IT3),"diff", MAX(Instances!IT3:Instances!IT3)-MIN(Instances!IT3:Instances!IT3))} -> 0 | IU3: {=_xlfn.SWITCH($A$2,"average", AVERAGE(Instances!IU3:Instances!IU3),"median", MEDIAN(Instances!IU3:Instances!IU3),"min", MIN(Instances!IU3:Instances!IU3),"max", MAX(Instances!IU3:Instances!IU3),"diff", MAX(Instances!IU3:Instances!IU3)-MIN(Instances!IU3:Instances!IU3))} -> 0 | IW3: {=_xlfn.SWITCH($A$2,"average", AVERAGE(Instances!IW3:Instances!IW3),"median", MEDIAN(Instances!IW3:Instances!IW3),"min", MIN(Instances!IW3:Instances!IW3),"max", MAX(Instances!IW3:Instances!IW3),"diff", MAX(Instances!IW3:Instances!IW3)-MIN(Instances!IW3:Instances!IW3))} -> 0 | IX3: {=_xlfn.SWITCH($A$2,"average", AVERAGE(Instances!IX3:Instances!IX3),"median", MEDIAN(Instances!IX3:Instances!IX3),"min", MIN(Instances!IX3:Instances!IX3),"max", MAX(Instances!IX3:Instances!IX3),"diff", MAX(Instances!IX3:Instances!IX3)-MIN(Instances!IX3:Instances!IX3))} -> 0 | IY3: {=_xlfn.SWITCH($A$2,"average", AVERAGE(Instances!IY3:Instances!IY3),"median", MEDIAN(Instances!IY3:Instances!IY3),"min", MIN(Instances!IY3:Instances!IY3),"max", MAX(Instances!IY3:Instances!IY3),"diff", MAX(Instances!IY3:Instances!IY3)-MIN(Instances!IY3:Instances!IY3))} -> 0 | IZ3: {=_xlfn.SWITCH($A$2,"average", AVERAGE(Instances!IZ3:Instances!IZ3),"median", MEDIAN(Instances!IZ3:Instances!IZ3),"min", MIN(Instances!IZ3:Instances!IZ3),"max", MAX(Instances!IZ3:Instances!IZ3),"diff", MAX(Instances!IZ3:Instances!IZ3)-MIN(Instances!IZ3:Instances!IZ3))} -> 0 | JA3: {=_xlfn.SWITCH($A$2,"average", AVERAGE(Instances!JA3:Instances!JA3),"median", MEDIAN(Instances!JA3:Instances!JA3),"min", MIN(Instances!JA3:Instances!JA3),"max", MAX(Instances!JA3:Instances!JA3),"diff", MAX(Instances!JA3:Instances!JA3)-MIN(Instances!JA3:Instances!JA3))} -> 0 | JB3: {=_xlfn.SWITCH($A$2,"average", AVERAGE(Instances!JB3:Instances!JB3),"median", MEDIAN(Instances!JB3:Instances!JB3),"min", MIN(Instances!JB3:Instances!JB3),"max", MAX(Instances!JB3:Instances!JB3),"diff", MAX(Instances!JB3:Instances!JB3)-MIN(Instances!JB3:Instances!JB3))} -> 0 | JD3: {=_xlfn.SWITCH($A$2,"average", AVERAGE(Instances!JD3:Instances!JD3),"median", MEDIAN(Instances!JD3:Instances!JD3),"min", MIN(Instances!JD3:Instances!JD3),"max", MAX(Instances!JD3:Instances!JD3),"diff", MAX(Instances!JD3:Instances!JD3)-MIN(Instances!JD3:Instances!JD3))} -> 0 | JE3: {=_xlfn.SWITCH($A$2,"average", AVERAGE(Instances!JE3:Instances!JE3),"median", MEDIAN(Instances!JE3:Instances!JE3),"min", MIN(Instances!JE3:Instances!JE3),"max", MAX(Instances!JE3:Instances!JE3),"diff", MAX(Instances!JE3:Instances!JE3)-MIN(Instances!JE3:Instances!JE3))} -> 0 | JF3: {=_xlfn.SWITCH($A$2,"average", AVERAGE(Instances!JF3:Instances!JF3),"median", MEDIAN(Instances!JF3:Instances!JF3),"min", MIN(Instances!JF3:Instances!JF3),"max", MAX(Instances!JF3:Instances!JF3),"diff", MAX(Instances!JF3:Instances!JF3)-MIN(Instances!JF3:Instances!JF3))} -> 0 | JG3: {=_xlfn.SWITCH($A$2,"average", AVERAGE(Instances!JG3:Instances!JG3),"median", MEDIAN(Instances!JG3:Instances!JG3),"min", MIN(Instances!JG3:Instances!JG3),"max", MAX(Instances!JG3:Instances!JG3),"diff", MAX(Instances!JG3:Instances!JG3)-MIN(Instances!JG3:Instances!JG3))} -> 0 | JH3: {=_xlfn.SWITCH($A$2,"average", AVERAGE(Instances!JH3:Instances!JH3),"median", MEDIAN(Instances!JH3:Instances!JH3),"min", MIN(Instances!JH3:Instances!JH3),"max", MAX(Instances!JH3:Instances!JH3),"diff", MAX(Instances!JH3:Instances!JH3)-MIN(Instances!JH3:Instances!JH3))} -> 0 | JI3: {=_xlfn.SWITCH($A$2,"average", AVERAGE(Instances!JI3:Instances!JI3),"median", MEDIAN(Instances!JI3:Instances!JI3),"min", MIN(Instances!JI3:Instances!JI3),"max", MAX(Instances!JI3:Instances!JI3),"diff", MAX(Instances!JI3:Instances!JI3)-MIN(Instances!JI3:Instances!JI3))} -> 0 | JK3: {=_xlfn.SWITCH($A$2,"average", AVERAGE(Instances!JK3:Instances!JK3),"median", MEDIAN(Instances!JK3:Instances!JK3),"min", MIN(Instances!JK3:Instances!JK3),"max", MAX(Instances!JK3:Instances!JK3),"diff", MAX(Instances!JK3:Instances!JK3)-MIN(Instances!JK3:Instances!JK3))} -> 0 | JL3: {=_xlfn.SWITCH($A$2,"average", AVERAGE(Instances!JL3:Instances!JL3),"median", MEDIAN(Instances!JL3:Instances!JL3),"min", MIN(Instances!JL3:Instances!JL3),"max", MAX(Instances!JL3:Instances!JL3),"diff", MAX(Instances!JL3:Instances!JL3)-MIN(Instances!JL3:Instances!JL3))} -> 0 | JM3: {=_xlfn.SWITCH($A$2,"average", AVERAGE(Instances!JM3:Instances!JM3),"median", MEDIAN(Instances!JM3:Instances!JM3),"min", MIN(Instances!JM3:Instances!JM3),"max", MAX(Instances!JM3:Instances!JM3),"diff", MAX(Instances!JM3:Instances!JM3)-MIN(Instances!JM3:Instances!JM3))} -> 0 | JN3: {=_xlfn.SWITCH($A$2,"average", AVERAGE(Instances!JN3:Instances!JN3),"median", MEDIAN(Instances!JN3:Instances!JN3),"min", MIN(Instances!JN3:Instances!JN3),"max", MAX(Instances!JN3:Instances!JN3),"diff", MAX(Instances!JN3:Instances!JN3)-MIN(Instances!JN3:Instances!JN3))} -> 0 | JO3: {=_xlfn.SWITCH($A$2,"average", AVERAGE(Instances!JO3:Instances!JO3),"median", MEDIAN(Instances!JO3:Instances!JO3),"min", MIN(Instances!JO3:Instances!JO3),"max", MAX(Instances!JO3:Instances!JO3),"diff", MAX(Instances!JO3:Instances!JO3)-MIN(Instances!JO3:Instances!JO3))} -> 0 | JP3: {=_xlfn.SWITCH($A$2,"average", AVERAGE(Instances!JP3:Instances!JP3),"median", MEDIAN(Instances!JP3:Instances!JP3),"min", MIN(Instances!JP3:Instances!JP3),"max", MAX(Instances!JP3:Instances!JP3),"diff", MAX(Instances!JP3:Instances!JP3)-MIN(Instances!JP3:Instances!JP3))} -> 0 | JR3: {=_xlfn.SWITCH($A$2,"average", AVERAGE(Instances!JR3:Instances!JR3),"median", MEDIAN(Instances!JR3:Instances!JR3),"min", MIN(Instances!JR3:Instances!JR3),"max", MAX(Instances!JR3:Instances!JR3),"diff", MAX(Instances!JR3:Instances!JR3)-MIN(Instances!JR3:Instances!JR3))} -> 0 | JS3: {=_xlfn.SWITCH($A$2,"average", AVERAGE(Instances!JS3:Instances!JS3),"median", MEDIAN(Instances!JS3:Instances!JS3),"min", MIN(Instances!JS3:Instances!JS3),"max", MAX(Instances!JS3:Instances!JS3),"diff", MAX(Instances!JS3:Instances!JS3)-MIN(Instances!JS3:Instances!JS3))} -> 0 | JT3: {=_xlfn.SWITCH($A$2,"average", AVERAGE(Instances!JT3:Instances!JT3),"median", MEDIAN(Instances!JT3:Instances!JT3),"min", MIN(Instances!JT3:Instances!JT3),"max", MAX(Instances!JT3:Instances!JT3),"diff", MAX(Instances!JT3:Instances!JT3)-MIN(Instances!JT3:Instances!JT3))} -> 0 | JU3: {=_xlfn.SWITCH($A$2,"average", AVERAGE(Instances!JU3:Instances!JU3),"median", MEDIAN(Instances!JU3:Instances!JU3),"min", MIN(Instances!JU3:Instances!JU3),"max", MAX(Instances!JU3:Instances!JU3),"diff", MAX(Instances!JU3:Instances!JU3)-MIN(Instances!JU3:Instances!JU3))} -> 0 | JV3: {=_xlfn.SWITCH($A$2,"average", AVERAGE(Instances!JV3:Instances!JV3),"median", MEDIAN(Instances!JV3:Instances!JV3),"min", MIN(Instances!JV3:Instances!JV3),"max", MAX(Instances!JV3:Instances!JV3),"diff", MAX(Instances!JV3:Instances!JV3)-MIN(Instances!JV3:Instances!JV3))} -> 0 | JW3: {=_xlfn.SWITCH($A$2,"average", AVERAGE(Instances!JW3:Instances!JW3),"median", MEDIAN(Instances!JW3:Instances!JW3),"min", MIN(Instances!JW3:Instances!JW3),"max", MAX(Instances!JW3:Instances!JW3),"diff", MAX(Instances!JW3:Instances!JW3)-MIN(Instances!JW3:Instances!JW3))} -> 0 | JY3: {=_xlfn.SWITCH($A$2,"average", AVERAGE(Instances!JY3:Instances!JY3),"median", MEDIAN(Instances!JY3:Instances!JY3),"min", MIN(Instances!JY3:Instances!JY3),"max", MAX(Instances!JY3:Instances!JY3),"diff", MAX(Instances!JY3:Instances!JY3)-MIN(Instances!JY3:Instances!JY3))} -> 0 | JZ3: {=_xlfn.SWITCH($A$2,"average", AVERAGE(Instances!JZ3:Instances!JZ3),"median", MEDIAN(Instances!JZ3:Instances!JZ3),"min", MIN(Instances!JZ3:Instances!JZ3),"max", MAX(Instances!JZ3:Instances!JZ3),"diff", MAX(Instances!JZ3:Instances!JZ3)-MIN(Instances!JZ3:Instances!JZ3))} -> 0 | KA3: {=_xlfn.SWITCH($A$2,"average", AVERAGE(Instances!KA3:Instances!KA3),"median", MEDIAN(Instances!KA3:Instances!KA3),"min", MIN(Instances!KA3:Instances!KA3),"max", MAX(Instances!KA3:Instances!KA3),"diff", MAX(Instances!KA3:Instances!KA3)-MIN(Instances!KA3:Instances!KA3))} -> 0 | KB3: {=_xlfn.SWITCH($A$2,"average", AVERAGE(Instances!KB3:Instances!KB3),"median", MEDIAN(Instances!KB3:Instances!KB3),"min", MIN(Instances!KB3:Instances!KB3),"max", MAX(Instances!KB3:Instances!KB3),"diff", MAX(Instances!KB3:Instances!KB3)-MIN(Instances!KB3:Instances!KB3))} -> 0 | KC3: {=_xlfn.SWITCH($A$2,"average", AVERAGE(Instances!KC3:Instances!KC3),"median", MEDIAN(Instances!KC3:Instances!KC3),"min", MIN(Instances!KC3:Instances!KC3),"max", MAX(Instances!KC3:Instances!KC3),"diff", MAX(Instances!KC3:Instances!KC3)-MIN(Instances!KC3:Instances!KC3))} -> 0 | KD3: {=_xlfn.SWITCH($A$2,"average", AVERAGE(Instances!KD3:Instances!KD3),"median", MEDIAN(Instances!KD3:Instances!KD3),"min", MIN(Instances!KD3:Instances!KD3),"max", MAX(Instances!KD3:Instances!KD3),"diff", MAX(Instances!KD3:Instances!KD3)-MIN(Instances!KD3:Instances!KD3))} -> 0 | KF3: {=_xlfn.SWITCH($A$2,"average", AVERAGE(Instances!KF3:Instances!KF3),"median", MEDIAN(Instances!KF3:Instances!KF3),"min", MIN(Instances!KF3:Instances!KF3),"max", MAX(Instances!KF3:Instances!KF3),"diff", MAX(Instances!KF3:Instances!KF3)-MIN(Instances!KF3:Instances!KF3))} -> 0 | KG3: {=_xlfn.SWITCH($A$2,"average", AVERAGE(Instances!KG3:Instances!KG3),"median", MEDIAN(Instances!KG3:Instances!KG3),"min", MIN(Instances!KG3:Instances!KG3),"max", MAX(Instances!KG3:Instances!KG3),"diff", MAX(Instances!KG3:Instances!KG3)-MIN(Instances!KG3:Instances!KG3))} -> 0 | KH3: {=_xlfn.SWITCH($A$2,"average", AVERAGE(Instances!KH3:Instances!KH3),"median", MEDIAN(Instances!KH3:Instances!KH3),"min", MIN(Instances!KH3:Instances!KH3),"max", MAX(Instances!KH3:Instances!KH3),"diff", MAX(Instances!KH3:Instances!KH3)-MIN(Instances!KH3:Instances!KH3))} -> 0 | KI3: {=_xlfn.SWITCH($A$2,"average", AVERAGE(Instances!KI3:Instances!KI3),"median", MEDIAN(Instances!KI3:Instances!KI3),"min", MIN(Instances!KI3:Instances!KI3),"max", MAX(Instances!KI3:Instances!KI3),"diff", MAX(Instances!KI3:Instances!KI3)-MIN(Instances!KI3:Instances!KI3))} -> 0 | KJ3: {=_xlfn.SWITCH($A$2,"average", AVERAGE(Instances!KJ3:Instances!KJ3),"median", MEDIAN(Instances!KJ3:Instances!KJ3),"min", MIN(Instances!KJ3:Instances!KJ3),"max", MAX(Instances!KJ3:Instances!KJ3),"diff", MAX(Instances!KJ3:Instances!KJ3)-MIN(Instances!KJ3:Instances!KJ3))} -> 0 | KK3: {=_xlfn.SWITCH($A$2,"average", AVERAGE(Instances!KK3:Instances!KK3),"median", MEDIAN(Instances!KK3:Instances!KK3),"min", MIN(Instances!KK3:Instances!KK3),"max", MAX(Instances!KK3:Instances!KK3),"diff", MAX(Instances!KK3:Instances!KK3)-MIN(Instances!KK3:Instances!KK3))} -> 0 | KM3: {=_xlfn.SWITCH($A$2,"average", AVERAGE(Instances!KM3:Instances!KM3),"median", MEDIAN(Instances!KM3:Instances!KM3),"min", MIN(Instances!KM3:Instances!KM3),"max", MAX(Instances!KM3:Instances!KM3),"diff", MAX(Instances!KM3:Instances!KM3)-MIN(Instances!KM3:Instances!KM3))} -> 0 | KN3: {=_xlfn.SWITCH($A$2,"average", AVERAGE(Instances!KN3:Instances!KN3),"median", MEDIAN(Instances!KN3:Instances!KN3),"min", MIN(Instances!KN3:Instances!KN3),"max", MAX(Instances!KN3:Instances!KN3),"diff", MAX(Instances!KN3:Instances!KN3)-MIN(Instances!KN3:Instances!KN3))} -> 0 | KO3: {=_xlfn.SWITCH($A$2,"average", AVERAGE(Instances!KO3:Instances!KO3),"median", MEDIAN(Instances!KO3:Instances!KO3),"min", MIN(Instances!KO3:Instances!KO3),"max", MAX(Instances!KO3:Instances!KO3),"diff", MAX(Instances!KO3:Instances!KO3)-MIN(Instances!KO3:Instances!KO3))} -> 0 | KP3: {=_xlfn.SWITCH($A$2,"average", AVERAGE(Instances!KP3:Instances!KP3),"median", MEDIAN(Instances!KP3:Instances!KP3),"min", MIN(Instances!KP3:Instances!KP3),"max", MAX(Instances!KP3:Instances!KP3),"diff", MAX(Instances!KP3:Instances!KP3)-MIN(Instances!KP3:Instances!KP3))} -> 0 | KQ3: {=_xlfn.SWITCH($A$2,"average", AVERAGE(Instances!KQ3:Instances!KQ3),"median", MEDIAN(Instances!KQ3:Instances!KQ3),"min", MIN(Instances!KQ3:Instances!KQ3),"max", MAX(Instances!KQ3:Instances!KQ3),"diff", MAX(Instances!KQ3:Instances!KQ3)-MIN(Instances!KQ3:Instances!KQ3))} -> 0 | KR3: {=_xlfn.SWITCH($A$2,"average", AVERAGE(Instances!KR3:Instances!KR3),"median", MEDIAN(Instances!KR3:Instances!KR3),"min", MIN(Instances!KR3:Instances!KR3),"max", MAX(Instances!KR3:Instances!KR3),"diff", MAX(Instances!KR3:Instances!KR3)-MIN(Instances!KR3:Instances!KR3))} -> 0 | KT3: {=_xlfn.SWITCH($A$2,"average", AVERAGE(Instances!KT3:Instances!KT3),"median", MEDIAN(Instances!KT3:Instances!KT3),"min", MIN(Instances!KT3:Instances!KT3),"max", MAX(Instances!KT3:Instances!KT3),"diff", MAX(Instances!KT3:Instances!KT3)-MIN(Instances!KT3:Instances!KT3))} -> 0 | KU3: {=_xlfn.SWITCH($A$2,"average", AVERAGE(Instances!KU3:Instances!KU3),"median", MEDIAN(Instances!KU3:Instances!KU3),"min", MIN(Instances!KU3:Instances!KU3),"max", MAX(Instances!KU3:Instances!KU3),"diff", MAX(Instances!KU3:Instances!KU3)-MIN(Instances!KU3:Instances!KU3))} -> 0 | KV3: {=_xlfn.SWITCH($A$2,"average", AVERAGE(Instances!KV3:Instances!KV3),"median", MEDIAN(Instances!KV3:Instances!KV3),"min", MIN(Instances!KV3:Instances!KV3),"max", MAX(Instances!KV3:Instances!KV3),"diff", MAX(Instances!KV3:Instances!KV3)-MIN(Instances!KV3:Instances!KV3))} -> 0 | KW3: {=_xlfn.SWITCH($A$2,"average", AVERAGE(Instances!KW3:Instances!KW3),"median", MEDIAN(Instances!KW3:Instances!KW3),"min", MIN(Instances!KW3:Instances!KW3),"max", MAX(Instances!KW3:Instances!KW3),"diff", MAX(Instances!KW3:Instances!KW3)-MIN(Instances!KW3:Instances!KW3))} -> 0 | KX3: {=_xlfn.SWITCH($A$2,"average", AVERAGE(Instances!KX3:Instances!KX3),"median", MEDIAN(Instances!KX3:Instances!KX3),"min", MIN(Instances!KX3:Instances!KX3),"max", MAX(Instances!KX3:Instances!KX3),"diff", MAX(Instances!KX3:Instances!KX3)-MIN(Instances!KX3:Instances!KX3))} -> 0 | KY3: {=_xlfn.SWITCH($A$2,"average", AVERAGE(Instances!KY3:Instances!KY3),"median", MEDIAN(Instances!KY3:Instances!KY3),"min", MIN(Instances!KY3:Instances!KY3),"max", MAX(Instances!KY3:Instances!KY3),"diff", MAX(Instances!KY3:Instances!KY3)-MIN(Instances!KY3:Instances!KY3))} -> 0 | LA3: {=_xlfn.SWITCH($A$2,"average", AVERAGE(Instances!LA3:Instances!LA3),"median", MEDIAN(Instances!LA3:Instances!LA3),"min", MIN(Instances!LA3:Instances!LA3),"max", MAX(Instances!LA3:Instances!LA3),"diff", MAX(Instances!LA3:Instances!LA3)-MIN(Instances!LA3:Instances!LA3))} -> 0 | LB3: {=_xlfn.SWITCH($A$2,"average", AVERAGE(Instances!LB3:Instances!LB3),"median", MEDIAN(Instances!LB3:Instances!LB3),"min", MIN(Instances!LB3:Instances!LB3),"max", MAX(Instances!LB3:Instances!LB3),"diff", MAX(Instances!LB3:Instances!LB3)-MIN(Instances!LB3:Instances!LB3))} -> 0 | LC3: {=_xlfn.SWITCH($A$2,"average", AVERAGE(Instances!LC3:Instances!LC3),"median", MEDIAN(Instances!LC3:Instances!LC3),"min", MIN(Instances!LC3:Instances!LC3),"max", MAX(Instances!LC3:Instances!LC3),"diff", MAX(Instances!LC3:Instances!LC3)-MIN(Instances!LC3:Instances!LC3))} -> 0 | LD3: {=_xlfn.SWITCH($A$2,"average", AVERAGE(Instances!LD3:Instances!LD3),"median", MEDIAN(Instances!LD3:Instances!LD3),"min", MIN(Instances!LD3:Instances!LD3),"max", MAX(Instances!LD3:Instances!LD3),"diff", MAX(Instances!LD3:Instances!LD3)-MIN(Instances!LD3:Instances!LD3))} -> 0 | LE3: =MIN($B3,$I3,$P3,$W3,$AD3,$AK3,$AR3,$AY3,$BF3,$BM3,$BT3,$CA3,$CH3,$CO3,$CV3,$DC3,$DJ3,$DQ3,$DX3,$EE3,$EL3,$ES3,$EZ3,$FG3,$FN3,$FU3,$GB3,$GI3,$GP3,$GW3,$HD3,$HK3,$HR3,$HY3,$IF3,$IM3,$IT3,$JA3,$JH3,$JO3,$JV3,$KC3,$KJ3,$KQ3,$KX3) -> 0 | LF3: =MIN($C3,$J3,$Q3,$X3,$AE3,$AL3,$AS3,$AZ3,$BG3,$BN3,$BU3,$CB3,$CI3,$CP3,$CW3,$DD3,$DK3,$DR3,$DY3,$EF3,$EM3,$ET3,$FA3,$FH3,$FO3,$FV3,$GC3,$GJ3,$GQ3,$GX3,$HE3,$HL3,$HS3,$HZ3,$IG3,$IN3,$IU3,$JB3,$JI3,$JP3,$JW3,$KD3,$KK3,$KR3,$KY3) -> 0 | LG3: =MIN($E3,$L3,$S3,$Z3,$AG3,$AN3,$AU3,$BB3,$BI3,$BP3,$BW3,$CD3,$CK3,$CR3,$CY3,$DF3,$DM3,$DT3,$EA3,$EH3,$EO3,$EV3,$FC3,$FJ3,$FQ3,$FX3,$GE3,$GL3,$GS3,$GZ3,$HG3,$HN3,$HU3,$IB3,$II3,$IP3,$IW3,$JD3,$JK3,$JR3,$JY3,$KF3,$KM3,$KT3,$LA3) -> 0 | LH3: =MIN($F3,$M3,$T3,$AA3,$AH3,$AO3,$AV3,$BC3,$BJ3,$BQ3,$BX3,$CE3,$CL3,$CS3,$CZ3,$DG3,$DN3,$DU3,$EB3,$EI3,$EP3,$EW3,$FD3,$FK3,$FR3,$FY3,$GF3,$GM3,$GT3,$HA3,$HH3,$HO3,$HV3,$IC3,$IJ3,$IQ3,$IX3,$JE3,$JL3,$JS3,$JZ3,$KG3,$KN3,$KU3,$LB3) -> 0 | LI3: =MIN($G3,$N3,$U3,$AB3,$AI3,$AP3,$AW3,$BD3,$BK3,$BR3,$BY3,$CF3,$CM3,$CT3,$DA3,$DH3,$DO3,$DV3,$EC3,$EJ3,$EQ3,$EX3,$FE3,$FL3,$FS3,$FZ3,$GG3,$GN3,$GU3,$HB3,$HI3,$HP3,$HW3,$ID3,$IK3,$IR3,$IY3,$JF3,$JM3,$JT3,$KA3,$KH3,$KO3,$KV3,$LC3) -> 0 | LJ3: =MIN($H3,$O3,$V3,$AC3,$AJ3,$AQ3,$AX3,$BE3,$BL3,$BS3,$BZ3,$CG3,$CN3,$CU3,$DB3,$DI3,$DP3,$DW3,$ED3,$EK3,$ER3,$EY3,$FF3,$FM3,$FT3,$GA3,$GH3,$GO3,$GV3,$HC3,$HJ3,$HQ3,$HX3,$IE3,$IL3,$IS3,$IZ3,$JG3,$JN3,$JU3,$KB3,$KI3,$KP3,$KW3,$LD3) -> 0 | LK3: =MEDIAN($B3,$I3,$P3,$W3,$AD3,$AK3,$AR3,$AY3,$BF3,$BM3,$BT3,$CA3,$CH3,$CO3,$CV3,$DC3,$DJ3,$DQ3,$DX3,$EE3,$EL3,$ES3,$EZ3,$FG3,$FN3,$FU3,$GB3,$GI3,$GP3,$GW3,$HD3,$HK3,$HR3,$HY3,$IF3,$IM3,$IT3,$JA3,$JH3,$JO3,$JV3,$KC3,$KJ3,$KQ3,$KX3) -> 0 | LL3: =MEDIAN($C3,$J3,$Q3,$X3,$AE3,$AL3,$AS3,$AZ3,$BG3,$BN3,$BU3,$CB3,$CI3,$CP3,$CW3,$DD3,$DK3,$DR3,$DY3,$EF3,$EM3,$ET3,$FA3,$FH3,$FO3,$FV3,$GC3,$GJ3,$GQ3,$GX3,$HE3,$HL3,$HS3,$HZ3,$IG3,$IN3,$IU3,$JB3,$JI3,$JP3,$JW3,$KD3,$KK3,$KR3,$KY3) -> 0 | LM3: =MEDIAN($E3,$L3,$S3,$Z3,$AG3,$AN3,$AU3,$BB3,$BI3,$BP3,$BW3,$CD3,$CK3,$CR3,$CY3,$DF3,$DM3,$DT3,$EA3,$EH3,$EO3,$EV3,$FC3,$FJ3,$FQ3,$FX3,$GE3,$GL3,$GS3,$GZ3,$HG3,$HN3,$HU3,$IB3,$II3,$IP3,$IW3,$JD3,$JK3,$JR3,$JY3,$KF3,$KM3,$KT3,$LA3) -> 0 | LN3: =MEDIAN($F3,$M3,$T3,$AA3,$AH3,$AO3,$AV3,$BC3,$BJ3,$BQ3,$BX3,$CE3,$CL3,$CS3,$CZ3,$DG3,$DN3,$DU3,$EB3,$EI3,$EP3,$EW3,$FD3,$FK3,$FR3,$FY3,$GF3,$GM3,$GT3,$HA3,$HH3,$HO3,$HV3,$IC3,$IJ3,$IQ3,$IX3,$JE3,$JL3,$JS3,$JZ3,$KG3,$KN3,$KU3,$LB3) -> 0 | LO3: =MEDIAN($G3,$N3,$U3,$AB3,$AI3,$AP3,$AW3,$BD3,$BK3,$BR3,$BY3,$CF3,$CM3,$CT3,$DA3,$DH3,$DO3,$DV3,$EC3,$EJ3,$EQ3,$EX3,$FE3,$FL3,$FS3,$FZ3,$GG3,$GN3,$GU3,$HB3,$HI3,$HP3,$HW3,$ID3,$IK3,$IR3,$IY3,$JF3,$JM3,$JT3,$KA3,$KH3,$KO3,$KV3,$LC3) -> 0 | LP3: =MEDIAN($H3,$O3,$V3,$AC3,$AJ3,$AQ3,$AX3,$BE3,$BL3,$BS3,$BZ3,$CG3,$CN3,$CU3,$DB3,$DI3,$DP3,$DW3,$ED3,$EK3,$ER3,$EY3,$FF3,$FM3,$FT3,$GA3,$GH3,$GO3,$GV3,$HC3,$HJ3,$HQ3,$HX3,$IE3,$IL3,$IS3,$IZ3,$JG3,$JN3,$JU3,$KB3,$KI3,$KP3,$KW3,$LD3) -> 0 | LQ3: =MAX($B3,$I3,$P3,$W3,$AD3,$AK3,$AR3,$AY3,$BF3,$BM3,$BT3,$CA3,$CH3,$CO3,$CV3,$DC3,$DJ3,$DQ3,$DX3,$EE3,$EL3,$ES3,$EZ3,$FG3,$FN3,$FU3,$GB3,$GI3,$GP3,$GW3,$HD3,$HK3,$HR3,$HY3,$IF3,$IM3,$IT3,$JA3,$JH3,$JO3,$JV3,$KC3,$KJ3,$KQ3,$KX3) -> 0 | LR3: =MAX($C3,$J3,$Q3,$X3,$AE3,$AL3,$AS3,$AZ3,$BG3,$BN3,$BU3,$CB3,$CI3,$CP3,$CW3,$DD3,$DK3,$DR3,$DY3,$EF3,$EM3,$ET3,$FA3,$FH3,$FO3,$FV3,$GC3,$GJ3,$GQ3,$GX3,$HE3,$HL3,$HS3,$HZ3,$IG3,$IN3,$IU3,$JB3,$JI3,$JP3,$JW3,$KD3,$KK3,$KR3,$KY3) -> 0 | LS3: =MAX($E3,$L3,$S3,$Z3,$AG3,$AN3,$AU3,$BB3,$BI3,$BP3,$BW3,$CD3,$CK3,$CR3,$CY3,$DF3,$DM3,$DT3,$EA3,$EH3,$EO3,$EV3,$FC3,$FJ3,$FQ3,$FX3,$GE3,$GL3,$GS3,$GZ3,$HG3,$HN3,$HU3,$IB3,$II3,$IP3,$IW3,$JD3,$JK3,$JR3,$JY3,$KF3,$KM3,$KT3,$LA3) -> 0 | LT3: =MAX($F3,$M3,$T3,$AA3,$AH3,$AO3,$AV3,$BC3,$BJ3,$BQ3,$BX3,$CE3,$CL3,$CS3,$CZ3,$DG3,$DN3,$DU3,$EB3,$EI3,$EP3,$EW3,$FD3,$FK3,$FR3,$FY3,$GF3,$GM3,$GT3,$HA3,$HH3,$HO3,$HV3,$IC3,$IJ3,$IQ3,$IX3,$JE3,$JL3,$JS3,$JZ3,$KG3,$KN3,$KU3,$LB3) -> 0 | LU3: =MAX($G3,$N3,$U3,$AB3,$AI3,$AP3,$AW3,$BD3,$BK3,$BR3,$BY3,$CF3,$CM3,$CT3,$DA3,$DH3,$DO3,$DV3,$EC3,$EJ3,$EQ3,$EX3,$FE3,$FL3,$FS3,$FZ3,$GG3,$GN3,$GU3,$HB3,$HI3,$HP3,$HW3,$ID3,$IK3,$IR3,$IY3,$JF3,$JM3,$JT3,$KA3,$KH3,$KO3,$KV3,$LC3) -> 0 | LV3: =MAX($H3,$O3,$V3,$AC3,$AJ3,$AQ3,$AX3,$BE3,$BL3,$BS3,$BZ3,$CG3,$CN3,$CU3,$DB3,$DI3,$DP3,$DW3,$ED3,$EK3,$ER3,$EY3,$FF3,$FM3,$FT3,$GA3,$GH3,$GO3,$GV3,$HC3,$HJ3,$HQ3,$HX3,$IE3,$IL3,$IS3,$IZ3,$JG3,$JN3,$JU3,$KB3,$KI3,$KP3,$KW3,$LD3) -> 0
A4: instances/ft10 | B4: {=_xlfn.SWITCH($A$2,"average", AVERAGE(Instances!B4:Instances!B4),"median", MEDIAN(Instances!B4:Instances!B4),"min", MIN(Instances!B4:Instances!B4),"max", MAX(Instances!B4:Instances!B4),"diff", MAX(Instances!B4:Instances!B4)-MIN(Instances!B4:Instances!B4))} -> 0 | H4: {=_xlfn.SWITCH($A$2,"average", AVERAGE(Instances!H4:Instances!H4),"median", MEDIAN(Instances!H4:Instances!H4),"min", MIN(Instances!H4:Instances!H4),"max", MAX(Instances!H4:Instances!H4),"diff", MAX(Instances!H4:Instances!H4)-MIN(Instances!H4:Instances!H4))} -> 0 | I4: {=_xlfn.SWITCH($A$2,"average", AVERAGE(Instances!I4:Instances!I4),"median", MEDIAN(Instances!I4:Instances!I4),"min", MIN(Instances!I4:Instances!I4),"max", MAX(Instances!I4:Instances!I4),"diff", MAX(Instances!I4:Instances!I4)-MIN(Instances!I4:Instances!I4))} -> 0 | O4: {=_xlfn.SWITCH($A$2,"average", AVERAGE(Instances!O4:Instances!O4),"median", MEDIAN(Instances!O4:Instances!O4),"min", MIN(Instances!O4:Instances!O4),"max", MAX(Instances!O4:Instances!O4),"diff", MAX(Instances!O4:Instances!O4)-MIN(Instances!O4:Instances!O4))} -> 0 | P4: {=_xlfn.SWITCH($A$2,"average", AVERAGE(Instances!P4:Instances!P4),"median", MEDIAN(Instances!P4:Instances!P4),"min", MIN(Instances!P4:Instances!P4),"max", MAX(Instances!P4:Instances!P4),"diff", MAX(Instances!P4:Instances!P4)-MIN(Instances!P4:Instances!P4))} -> 0 | V4: {=_xlfn.SWITCH($A$2,"average", AVERAGE(Instances!V4:Instances!V4),"median", MEDIAN(Instances!V4:Instances!V4),"min", MIN(Instances!V4:Instances!V4),"max", MAX(Instances!V4:Instances!V4),"diff", MAX(Instances!V4:Instances!V4)-MIN(Instances!V4:Instances!V4))} -> 0 | W4: {=_xlfn.SWITCH($A$2,"average", AVERAGE(Instances!W4:Instances!W4),"median", MEDIAN(Instances!W4:Instances!W4),"min", MIN(Instances!W4:Instances!W4),"max", MAX(Instances!W4:Instances!W4),"diff", MAX(Instances!W4:Instances!W4)-MIN(Instances!W4:Instances!W4))} -> 0 | AC4: {=_xlfn.SWITCH($A$2,"average", AVERAGE(Instances!AC4:Instances!AC4),"median", MEDIAN(Instances!AC4:Instances!AC4),"min", MIN(Instances!AC4:Instances!AC4),"max", MAX(Instances!AC4:Instances!AC4),"diff", MAX(Instances!AC4:Instances!AC4)-MIN(Instances!AC4:Instances!AC4))} -> 0 | AD4: {=_xlfn.SWITCH($A$2,"average", AVERAGE(Instances!AD4:Instances!AD4),"median", MEDIAN(Instances!AD4:Instances!AD4),"min", MIN(Instances!AD4:Instances!AD4),"max", MAX(Instances!AD4:Instances!AD4),"diff", MAX(Instances!AD4:Instances!AD4)-MIN(Instances!AD4:Instances!AD4))} -> 0 | AJ4: {=_xlfn.SWITCH($A$2,"average", AVERAGE(Instances!AJ4:Instances!AJ4),"median", MEDIAN(Instances!AJ4:Instances!AJ4),"min", MIN(Instances!AJ4:Instances!AJ4),"max", MAX(Instances!AJ4:Instances!AJ4),"diff", MAX(Instances!AJ4:Instances!AJ4)-MIN(Instances!AJ4:Instances!AJ4))} -> 0 | AK4: {=_xlfn.SWITCH($A$2,"average", AVERAGE(Instances!AK4:Instances!AK4),"median", MEDIAN(Instances!AK4:Instances!AK4),"min", MIN(Instances!AK4:Instances!AK4),"max", MAX(Instances!AK4:Instances!AK4),"diff", MAX(Instances!AK4:Instances!AK4)-MIN(Instances!AK4:Instances!AK4))} -> 0 | AQ4: {=_xlfn.SWITCH($A$2,"average", AVERAGE(Instances!AQ4:Instances!AQ4),"median", MEDIAN(Instances!AQ4:Instances!AQ4),"min", MIN(Instances!AQ4:Instances!AQ4),"max", MAX(Instances!AQ4:Instances!AQ4),"diff", MAX(Instances!AQ4:Instances!AQ4)-MIN(Instances!AQ4:Instances!AQ4))} -> 0 | AR4: {=_xlfn.SWITCH($A$2,"average", AVERAGE(Instances!AR4:Instances!AR4),"median", MEDIAN(Instances!AR4:Instances!AR4),"min", MIN(Instances!AR4:Instances!AR4),"max", MAX(Instances!AR4:Instances!AR4),"diff", MAX(Instances!AR4:Instances!AR4)-MIN(Instances!AR4:Instances!AR4))} -> 0 | AX4: {=_xlfn.SWITCH($A$2,"average", AVERAGE(Instances!AX4:Instances!AX4),"median", MEDIAN(Instances!AX4:Instances!AX4),"min", MIN(Instances!AX4:Instances!AX4),"max", MAX(Instances!AX4:Instances!AX4),"diff", MAX(Instances!AX4:Instances!AX4)-MIN(Instances!AX4:Instances!AX4))} -> 0 | AY4: {=_xlfn.SWITCH($A$2,"average", AVERAGE(Instances!AY4:Instances!AY4),"median", MEDIAN(Instances!AY4:Instances!AY4),"min", MIN(Instances!AY4:Instances!AY4),"max", MAX(Instances!AY4:Instances!AY4),"diff", MAX(Instances!AY4:Instances!AY4)-MIN(Instances!AY4:Instances!AY4))} -> 0 | BE4: {=_xlfn.SWITCH($A$2,"average", AVERAGE(Instances!BE4:Instances!BE4),"median", MEDIAN(Instances!BE4:Instances!BE4),"min", MIN(Instances!BE4:Instances!BE4),"max", MAX(Instances!BE4:Instances!BE4),"diff", MAX(Instances!BE4:Instances!BE4)-MIN(Instances!BE4:Instances!BE4))} -> 0 | BF4: {=_xlfn.SWITCH($A$2,"average", AVERAGE(Instances!BF4:Instances!BF4),"median", MEDIAN(Instances!BF4:Instances!BF4),"min", MIN(Instances!BF4:Instances!BF4),"max", MAX(Instances!BF4:Instances!BF4),"diff", MAX(Instances!BF4:Instances!BF4)-MIN(Instances!BF4:Instances!BF4))} -> 0 | BL4: {=_xlfn.SWITCH($A$2,"average", AVERAGE(Instances!BL4:Instances!BL4),"median", MEDIAN(Instances!BL4:Instances!BL4),"min", MIN(Instances!BL4:Instances!BL4),"max", MAX(Instances!BL4:Instances!BL4),"diff", MAX(Instances!BL4:Instances!BL4)-MIN(Instances!BL4:Instances!BL4))} -> 0 | BM4: {=_xlfn.SWITCH($A$2,"average", AVERAGE(Instances!BM4:Instances!BM4),"median", MEDIAN(Instances!BM4:Instances!BM4),"min", MIN(Instances!BM4:Instances!BM4),"max", MAX(Instances!BM4:Instances!BM4),"diff", MAX(Instances!BM4:Instances!BM4)-MIN(Instances!BM4:Instances!BM4))} -> 0 | BS4: {=_xlfn.SWITCH($A$2,"average", AVERAGE(Instances!BS4:Instances!BS4),"median", MEDIAN(Instances!BS4:Instances!BS4),"min", MIN(Instances!BS4:Instances!BS4),"max", MAX(Instances!BS4:Instances!BS4),"diff", MAX(Instances!BS4:Instances!BS4)-MIN(Instances!BS4:Instances!BS4))} -> 0 | BT4: {=_xlfn.SWITCH($A$2,"average", AVERAGE(Instances!BT4:Instances!BT4),"median", MEDIAN(Instances!BT4:Instances!BT4),"min", MIN(Instances!BT4:Instances!BT4),"max", MAX(Instances!BT4:Instances!BT4),"diff", MAX(Instances!BT4:Instances!BT4)-MIN(Instances!BT4:Instances!BT4))} -> 0 | BZ4: {=_xlfn.SWITCH($A$2,"average", AVERAGE(Instances!BZ4:Instances!BZ4),"median", MEDIAN(Instances!BZ4:Instances!BZ4),"min", MIN(Instances!BZ4:Instances!BZ4),"max", MAX(Instances!BZ4:Instances!BZ4),"diff", MAX(Instances!BZ4:Instances!BZ4)-MIN(Instances!BZ4:Instances!BZ4))} -> 0 | CA4: {=_xlfn.SWITCH($A$2,"average", AVERAGE(Instances!CA4:Instances!CA4),"median", MEDIAN(Instances!CA4:Instances!CA4),"min", MIN(Instances!CA4:Instances!CA4),"max", MAX(Instances!CA4:Instances!CA4),"diff", MAX(Instances!CA4:Instances!CA4)-MIN(Instances!CA4:Instances!CA4))} -> 0 | CG4: {=_xlfn.SWITCH($A$2,"average", AVERAGE(Instances!CG4:Instances!CG4),"median", MEDIAN(Instances!CG4:Instances!CG4),"min", MIN(Instances!CG4:Instances!CG4),"max", MAX(Instances!CG4:Instances!CG4),"diff", MAX(Instances!CG4:Instances!CG4)-MIN(Instances!CG4:Instances!CG4))} -> 0 | LE4: =MIN($B4,$I4,$P4,$W4,$AD4,$AK4,$AR4,$AY4,$BF4,$BM4,$BT4,$CA4,$CH4,$CO4,$CV4,$DC4,$DJ4,$DQ4,$DX4,$EE4,$EL4,$ES4,$EZ4,$FG4,$FN4,$FU4,$GB4,$GI4,$GP4,$GW4,$HD4,$HK4,$HR4,$HY4,$IF4,$IM4,$IT4,$JA4,$JH4,$JO4,$JV4,$KC4,$KJ4,$KQ4,$KX4) -> 0 | LJ4: =MIN($H4,$O4,$V4,$AC4,$AJ4,$AQ4,$AX4,$BE4,$BL4,$BS4,$BZ4,$CG4,$CN4,$CU4,$DB4,$DI4,$DP4,$DW4,$ED4,$EK4,$ER4,$EY4,$FF4,$FM4,$FT4,$GA4,$GH4,$GO4,$GV4,$HC4,$HJ4,$HQ4,$HX4,$IE4,$IL4,$IS4,$IZ4,$JG4,$JN4,$JU4,$KB4,$KI4,$KP4,$KW4,$LD4) -> 0 | LK4: =MEDIAN($B4,$I4,$P4,$W4,$AD4,$AK4,$AR4,$AY4,$BF4,$BM4,$BT4,$CA4,$CH4,$CO4,$CV4,$DC4,$DJ4,$DQ4,$DX4,$EE4,$EL4,$ES4,$EZ4,$FG4,$FN4,$FU4,$GB4,$GI4,$GP4,$GW4,$HD4,$HK4,$HR4,$HY4,$IF4,$IM4,$IT4,$JA4,$JH4,$JO4,$JV4,$KC4,$KJ4,$KQ4,$KX4) -> 0 | LP4: =MEDIAN($H4,$O4,$V4,$AC4,$AJ4,$AQ4,$AX4,$BE4,$BL4,$BS4,$BZ4,$CG4,$CN4,$CU4,$DB4,$DI4,$DP4,$DW4,$ED4,$EK4,$ER4,$EY4,$FF4,$FM4,$FT4,$GA4,$GH4,$GO4,$GV4,$HC4,$HJ4,$HQ4,$HX4,$IE4,$IL4,$IS4,$IZ4,$JG4,$JN4,$JU4,$KB4,$KI4,$KP4,$KW4,$LD4) -> 0 | LQ4: =MAX($B4,$I4,$P4,$W4,$AD4,$AK4,$AR4,$AY4,$BF4,$BM4,$BT4,$CA4,$CH4,$CO4,$CV4,$DC4,$DJ4,$DQ4,$DX4,$EE4,$EL4,$ES4,$EZ4,$FG4,$FN4,$FU4,$GB4,$GI4,$GP4,$GW4,$HD4,$HK4,$HR4,$HY4,$IF4,$IM4,$IT4,$JA4,$JH4,$JO4,$JV4,$KC4,$KJ4,$KQ4,$KX4) -> 0 | LV4: =MAX($H4,$O4,$V4,$AC4,$AJ4,$AQ4,$AX4,$BE4,$BL4,$BS4,$BZ4,$CG4,$CN4,$CU4,$DB4,$DI4,$DP4,$DW4,$ED4,$EK4,$ER4,$EY4,$FF4,$FM4,$FT4,$GA4,$GH4,$GO4,$GV4,$HC4,$HJ4,$HQ4,$HX4,$IE4,$IL4,$IS4,$IZ4,$JG4,$JN4,$JU4,$KB4,$KI4,$KP4,$KW4,$LD4) -> 0
