Workbook

Sheet Instances
B1: memelingo-1/lambda-small_mlp-tplp-ht_10 | I1: memelingo-1/lambda-small_mlp-tplp-ht_15 | P1: memelingo-1/lambda-small_mlp-tplp-ht_20 | W1: memelingo-1/lambda-small_mlp-tplp-ht_25 | AD1: memelingo-1/lambda-small_mlp-tplp-ht_30 | AK1: memelingo-1/lambda-small_mlp-tplp-ht_35 | AR1: memelingo-1/lambda-small_mlp-tplp-ht_40 | AY1: memelingo-1/lambda-small_mlp-tplp-ht_45 | BF1: memelingo-1/lambda-small_mlp-tplp-ht_50 | BM1: memelingo-1/lambda-small_mlp-tplp-htc_10 | BT1: memelingo-1/lambda-small_mlp-tplp-htc_15 | CA1: memelingo-1/lambda-small_mlp-tplp-htc_20 | CH1: memelingo-1/lambda-small_mlp-tplp-htc_25 | CO1: memelingo-1/lambda-small_mlp-tplp-htc_30 | CV1: memelingo-1/lambda-small_mlp-tplp-htc_35 | DC1: memelingo-1/lambda-small_mlp-tplp-htc_40 | DJ1: memelingo-1/lambda-small_mlp-tplp-htc_45 | DQ1: memelingo-1/lambda-small_mlp-tplp-htc_50 | DX1: memelingo-1/lambda-small_mlp-tplp-htcdl_10 | EE1: memelingo-1/lambda-small_mlp-tplp-htcdl_15 | EL1: memelingo-1/lambda-small_mlp-tplp-htcdl_20 | ES1: memelingo-1/lambda-small_mlp-tplp-htcdl_25 | EZ1: memelingo-1/lambda-small_mlp-tplp-htcdl_30 | FG1: memelingo-1/lambda-small_mlp-tplp-htcdl_35 | FN1: memelingo-1/lambda-small_mlp-tplp-htcdl_40 | FU1: memelingo-1/lambda-small_mlp-tplp-htcdl_45 | GB1: memelingo-1/lambda-small_mlp-tplp-htcdl_50 | GI1: min | GO1: median | GU1: max
B2: time | C2: stime | D2: status | E2: rules | F2: ctime | G2: fmtime | H2: memout | I2: time | J2: stime | K2: status | L2: rules | M2: ctime | N2: fmtime | O2: memout | P2: time | Q2: stime | R2: status | S2: rules | T2: ctime | U2: fmtime | V2: memout | W2: time | X2: stime | Y2: status | Z2: rules | AA2: ctime | AB2: fmtime | AC2: memout | AD2: time | AE2: stime | AF2: status | AG2: rules | AH2: ctime | AI2: fmtime | AJ2: memout | AK2: time | AL2: stime | AM2: status | AN2: rules | AO2: ctime | AP2: fmtime | AQ2: memout | AR2: time | AS2: stime | AT2: status | AU2: rules | AV2: ctime | AW2: fmtime | AX2: memout | AY2: time | AZ2: stime | BA2: status | BB2: rules | BC2: ctime | BD2: fmtime | BE2: memout | BF2: time | BG2: stime | BH2: status | BI2: rules | BJ2: ctime | BK2: fmtime | BL2: memout | BM2: time | BN2: stime | BO2: status | BP2: rules | BQ2: ctime | BR2: fmtime | BS2: memout | BT2: time | BU2: stime | BV2: status | BW2: rules | BX2: ctime | BY2: fmtime | BZ2: memout | CA2: time | CB2: stime | CC2: status | CD2: rules | CE2: ctime | CF2: fmtime | CG2: memout | CH2: time | CI2: stime | CJ2: status | CK2: rules | CL2: ctime | CM2: fmtime | CN2: memout | CO2: time | CP2: stime | CQ2: status | CR2: rules | CS2: ctime | CT2: fmtime | CU2: memout | CV2: time | CW2: stime | CX2: status | CY2: rules | CZ2: ctime | DA2: fmtime | DB2: memout | DC2: time | DD2: stime | DE2: status | DF2: rules | DG2: ctime | DH2: fmtime | DI2: memout | DJ2: time | DK2: stime | DL2: status | DM2: rules | DN2: ctime | DO2: fmtime | DP2: memout | DQ2: time | DR2: stime | DS2: status | DT2: rules | DU2: ctime | DV2: fmtime | DW2: memout | DX2: time | DY2: stime | DZ2: status | EA2: rules | EB2: ctime | EC2: fmtime | ED2: memout | EE2: time | EF2: stime | EG2: status | EH2: rules | EI2: ctime | EJ2: fmtime | EK2: memout | EL2: time | EM2: stime | EN2: status | EO2: rules | EP2: ctime | EQ2: fmtime | ER2: memout | ES2: time | ET2: stime | EU2: status | EV2: rules | EW2: ctime | EX2: fmtime | EY2: memout | EZ2: time | FA2: stime | FB2: status | FC2: rules | FD2: ctime | FE2: fmtime | FF2: memout | FG2: time | FH2: stime | FI2: status | FJ2: rules | FK2: ctime | FL2: fmtime | FM2: memout | FN2: time | FO2: stime | FP2: status | FQ2: rules | FR2: ctime | FS2: fmtime | FT2: memout | FU2: time | FV2: stime | FW2: status | FX2: rules | FY2: ctime | FZ2: fmtime | GA2: memout | GB2: time | GC2: stime | GD2: status | GE2: rules | GF2: ctime | GG2: fmtime | GH2: memout | GI2: time | GJ2: stime | GK2: rules | GL2: ctime | GM2: fmtime | GN2: memout | GO2: time | GP2: stime | GQ2: rules | GR2: ctime | GS2: fmtime | GT2: memout | GU2: time | GV2: stime | GW2: rules | GX2: ctime | GY2: fmtime | GZ2: memout
A3: instances/ft06 | B3: 147.02 | C3: 135.79 | D3: UNSATISFIABLE | E3: 1680929 | F3: 137.942 | G3: 0 | H3: 0 | I3: 1200 | J3: 1185.83 | K3: UNKNOWN | L3: 3477919 | M3: 1190.466 | N3: 0 | O3: 0 | P3: 1200 | Q3: 1183.08 | R3: UNKNOWN | S3: 5585084 | T3: 1190.661 | U3: 0 | V3: 0 | W3: 1200 | X3: 1179.61 | Y3: UNKNOWN | Z3: 7799174 | AA3: 1190.178 | AB3: 0 | AC3: 0 | AD3: 1200 | AE3: 1176.55 | AF3: UNKNOWN | AG3: 9950689 | AH3: 1190.181 | AI3: 0 | AJ3: 0 | AK3: 1200 | AL3: 1175.11 | AM3: UNKNOWN | AN3: 11903879 | AO3: 1191.026 | AP3: 0 | AQ3: 0 | AR3: 652.67 | AS3: 623.81 | AT3: SATISFIABLE | AU3: 13556744 | AV3: 641.971 | AW3: 623.8 | AX3: 0 | AY3: 205.35 | AZ3: 175.98 | BA3: SATISFIABLE | BB3: 14841034 | BC3: 195.319 | BD3: 175.98 | BE3: 0 | BF3: 45.43 | BG3: 15.41 | BH3: SATISFIABLE | BI3: 15722249 | BJ3: 36.038 | BK3: 15.4 | BL3: 0 | BM3: 12.66 | BN3: 1.89 | BO3: UNSATISFIABLE | BP3: 62428 | BQ3: 2.412 | BR3: 0 | BS3: 0 | BT3: 223.74 | BU3: 213.58 | BV3: UNSATISFIABLE | BW3: 103743 | BX3: 214.306 | BY3: 0 | BZ3: 0 | CA3: 20.69 | CB3: 8.93 | CC3: SATISFIABLE | CD3: 152933 | CE3: 9.846 | CF3: 8.92 | CG3: 0 | CH3: 979.26 | CI3: 967.76 | CJ3: SATISFIABLE | CK3: 209998 | CL3: 968.955 | CM3: 967.76 | CN3: 0 | CO3: 86.39 | CP3: 74.6 | CQ3: SATISFIABLE | CR3: 274938 | CS3: 76.111 | CT3: 74.6 | CU3: 0 | CV3: 209.23 | CW3: 197.58 | CX3: SATISFIABLE | CY3: 347753 | CZ3: 199.473 | DA3: 197.58 | DB3: 0 | DC3: 41.71 | DD3: 28.53 | DE3: SATISFIABLE | DF3: 428443 | DG3: 30.886 | DH3: 28.53 | DI3: 0 | DJ3: 31.93 | DK3: 19.47 | DL3: SATISFIABLE | DM3: 517008 | DN3: 22.271 | DO3: 19.46 | DP3: 0 | DQ3: 56.52 | DR3: 42.63 | DS3: SATISFIABLE | DT3: 613448 | DU3: 45.604 | DV3: 42.62 | DW3: 0 | DX3: 11.02 | DY3: 0.42 | DZ3: UNSATISFIABLE | EA3: 62428 | EB3: 0.906 | EC3: 0 | ED3: 0 | EE3: 415.17 | EF3: 404.82 | EG3: UNSATISFIABLE | EH3: 103743 | EI3: 405.423 | EJ3: 0 | EK3: 0 | EL3: 818.71 | EM3: 807.07 | EN3: SATISFIABLE | EO3: 152933 | EP3: 807.93 | EQ3: 807.07 | ER3: 0 | ES3: 1200 | ET3: 1188.5 | EU3: UNKNOWN | EV3: 209998 | EW3: 1189.592 | EX3: 0 | EY3: 0 | EZ3: 212.65 | FA3: 200.69 | FB3: SATISFIABLE | FC3: 274938 | FD3: 201.991 | FE3: 200.69 | FF3: 0 | FG3: 315.74 | FH3: 304.87 | FI3: SATISFIABLE | FJ3: 347753 | FK3: 306.476 | FL3: 304.86 | FM3: 0 | FN3: 88.85 | FO3: 76.27 | FP3: SATISFIABLE | FQ3: 428443 | FR3: 78.294 | FS3: 76.27 | FT3: 0 | FU3: 87.23 | FV3: 74.44 | FW3: SATISFIABLE | FX3: 517008 | FY3: 76.745 | FZ3: 74.44 | GA3: 0 | GB3: 35.09 | GC3: 22.16 | GD3: SATISFIABLE | GE3: 613448 | GF3: 24.82 | GG3: 22.15 | GH3: 0 | GI3: =MIN($B3,$I3,$P3,$W3,$AD3,$AK3,$AR3,$AY3,$BF3,$BM3,$BT3,$CA3,$CH3,$CO3,$CV3,$DC3,$DJ3,$DQ3,$DX3,$EE3,$EL3,$ES3,$EZ3,$FG3,$FN3,$FU3,$GB3) -> 0 | GJ3: =MIN($C3,$J3,$Q3,$X3,$AE3,$AL3,$AS3,$AZ3,$BG3,$BN3,$BU3,$CB3,$CI3,$CP3,$CW3,$DD3,$DK3,$DR3,$DY3,$EF3,$EM3,$ET3,$FA3,$FH3,$FO3,$FV3,$GC3) -> 0 | GK3: =MIN($E3,$L3,$S3,$Z3,$AG3,$AN3,$AU3,$BB3,$BI3,$BP3,$BW3,$CD3,$CK3,$CR3,$CY3,$DF3,$DM3,$DT3,$EA3,$EH3,$EO3,$EV3,$FC3,$FJ3,$FQ3,$FX3,$GE3) -> 0 | GL3: =MIN($F3,$M3,$T3,$AA3,$AH3,$AO3,$AV3,$BC3,$BJ3,$BQ3,$BX3,$CE3,$CL3,$CS3,$CZ3,$DG3,$DN3,$DU3,$EB3,$EI3,$EP3,$EW3,$FD3,$FK3,$FR3,$FY3,$GF3) -> 0 | GM3: =MIN($G3,$N3,$U3,$AB3,$AI3,$AP3,$AW3,$BD3,$BK3,$BR3,$BY3,$CF3,$CM3,$CT3,$DA3,$DH3,$DO3,$DV3,$EC3,$EJ3,$EQ3,$EX3,$FE3,$FL3,$FS3,$FZ3,$GG3) -> 0 | GN3: =MIN($H3,$O3,$V3,$AC3,$AJ3,$AQ3,$AX3,$BE3,$BL3,$BS3,$BZ3,$CG3,$CN3,$CU3,$DB3,$DI3,$DP3,$DW3,$ED3,$EK3,$ER3,$EY3,$FF3,$FM3,$FT3,$GA3,$GH3) -> 0 | GO3: =MEDIAN($B3,$I3,$P3,$W3,$AD3,$AK3,$AR3,$AY3,$BF3,$BM3,$BT3,$CA3,$CH3,$CO3,$CV3,$DC3,$DJ3,$DQ3,$DX3,$EE3,$EL3,$ES3,$EZ3,$FG3,$FN3,$FU3,$GB3) -> 0 | GP3: =MEDIAN($C3,$J3,$Q3,$X3,$AE3,$AL3,$AS3,$AZ3,$BG3,$BN3,$BU3,$CB3,$CI3,$CP3,$CW3,$DD3,$DK3,$DR3,$DY3,$EF3,$EM3,$ET3,$FA3,$FH3,$FO3,$FV3,$GC3) -> 0 | GQ3: =MEDIAN($E3,$L3,$S3,$Z3,$AG3,$AN3,$AU3,$BB3,$BI3,$BP3,$BW3,$CD3,$CK3,$CR3,$CY3,$DF3,$DM3,$DT3,$EA3,$EH3,$EO3,$EV3,$FC3,$FJ3,$FQ3,$FX3,$GE3) -> 0 | GR3: =MEDIAN($F3,$M3,$T3,$AA3,$AH3,$AO3,$AV3,$BC3,$BJ3,$BQ3,$BX3,$CE3,$CL3,$CS3,$CZ3,$DG3,$DN3,$DU3,$EB3,$EI3,$EP3,$EW3,$FD3,$FK3,$FR3,$FY3,$GF3) -> 0 | GS3: =MEDIAN($G3,$N3,$U3,$AB3,$AI3,$AP3,$AW3,$BD3,$BK3,$BR3,$BY3,$CF3,$CM3,$CT3,$DA3,$DH3,$DO3,$DV3,$EC3,$EJ3,$EQ3,$EX3,$FE3,$FL3,$FS3,$FZ3,$GG3) -> 0 | GT3: =MEDIAN($H3,$O3,$V3,$AC3,$AJ3,$AQ3,$AX3,$BE3,$BL3,$BS3,$BZ3,$CG3,$CN3,$CU3,$DB3,$DI3,$DP3,$DW3,$ED3,$EK3,$ER3,$EY3,$FF3,$FM3,$FT3,$GA3,$GH3) -> 0 | GU3: =MAX($B3,$I3,$P3,$W3,$AD3,$AK3,$AR3,$AY3,$BF3,$BM3,$BT3,$CA3,$CH3,$CO3,$CV3,$DC3,$DJ3,$DQ3,$DX3,$EE3,$EL3,$ES3,$EZ3,$FG3,$FN3,$FU3,$GB3) -> 0 | GV3: =MAX($C3,$J3,$Q3,$X3,$AE3,$AL3,$AS3,$AZ3,$BG3,$BN3,$BU3,$CB3,$CI3,$CP3,$CW3,$DD3,$DK3,$DR3,$DY3,$EF3,$EM3,$ET3,$FA3,$FH3,$FO3,$FV3,$GC3) -> 0 | GW3: =MAX($E3,$L3,$S3,$Z3,$AG3,$AN3,$AU3,$BB3,$BI3,$BP3,$BW3,$CD3,$CK3,$CR3,$CY3,$DF3,$DM3,$DT3,$EA3,$EH3,$EO3,$EV3,$FC3,$FJ3,$FQ3,$FX3,$GE3) -> 0 | GX3: =MAX($F3,$M3,$T3,$AA3,$AH3,$AO3,$AV3,$BC3,$BJ3,$BQ3,$BX3,$CE3,$CL3,$CS3,$CZ3,$DG3,$DN3,$DU3,$EB3,$EI3,$EP3,$EW3,$FD3,$FK3,$FR3,$FY3,$GF3) -> 0 | GY3: =MAX($G3,$N3,$U3,$AB3,$AI3,$AP3,$AW3,$BD3,$BK3,$BR3,$BY3,$CF3,$CM3,$CT3,$DA3,$DH3,$DO3,$DV3,$EC3,$EJ3,$EQ3,$EX3,$FE3,$FL3,$FS3,$FZ3,$GG3) -> 0 | GZ3: =MAX($H3,$O3,$V3,$AC3,$AJ3,$AQ3,$AX3,$BE3,$BL3,$BS3,$BZ3,$CG3,$CN3,$CU3,$DB3,$DI3,$DP3,$DW3,$ED3,$EK3,$ER3,$EY3,$FF3,$FM3,$FT3,$GA3,$GH3) -> 0
A5: SUM | B5: =SUM(B$3:B$3) -> 0 | C5: =SUM(C$3:C$3) -> 0 | E5: =SUM(E$3:E$3) -> 0 | F5: =SUM(F$3:F$3) -> 0 | G5: =SUM(G$3:G$3) -> 0 | H5: =SUM(H$3:H$3) -> 0 | I5: =SUM(I$3:I$3) -> 0 | J5: =SUM(J$3:J$3) -> 0 | L5: =SUM(L$3:L$3) -> 0 | M5: =SUM(M$3:M$3) -> 0 | N5: =SUM(N$3:N$3) -> 0 | O5: =SUM(O$3:O$3) -> 0 | P5: =SUM(P$3:P$3) -> 0 | Q5: =SUM(Q$3:Q$3) -> 0 | S5: =SUM(S$3:S$3) -> 0 | T5: =SUM(T$3:T$3) -> 0 | U5: =SUM(U$3:U$3) -> 0 | V5: =SUM(V$3:V$3) -> 0 | W5: =SUM(W$3:W$3) -> 0 | X5: =SUM(X$3:X$3) -> 0 | Z5: =SUM(Z$3:Z$3) -> 0 | AA5: =SUM(AA$3:AA$3) -> 0 | AB5: =SUM(AB$3:AB$3) -> 0 | AC5: =SUM(AC$3:AC$3) -> 0 | AD5: =SUM(AD$3:AD$3) -> 0 | AE5: =SUM(AE$3:AE$3) -> 0 | AG5: =SUM(AG$3:AG$3) -> 0 | AH5: =SUM(AH$3:AH$3) -> 0 | AI5: =SUM(AI$3:AI$3) -> 0 | AJ5: =SUM(AJ$3:AJ$3) -> 0 | AK5: =SUM(AK$3:AK$3) -> 0 | AL5: =SUM(AL$3:AL$3) -> 0 | AN5: =SUM(AN$3:AN$3) -> 0 | AO5: =SUM(AO$3:AO$3) -> 0 | AP5: =SUM(AP$3:AP$3) -> 0 | AQ5: =SUM(AQ$3:AQ$3) -> 0 | AR5: =SUM(AR$3:AR$3) -> 0 | AS5: =SUM(AS$3:AS$3) -> 0 | AU5: =SUM(AU$3:AU$3) -> 0 | AV5: =SUM(AV$3:AV$3) -> 0 | AW5: =SUM(AW$3:AW$3) -> 0 | AX5: =SUM(AX$3:AX$3) -> 0 | AY5: =SUM(AY$3:AY$3) -> 0 | AZ5: =SUM(AZ$3:AZ$3) -> 0 | BB5: =SUM(BB$3:BB$3) -> 0 | BC5: =SUM(BC$3:BC$3) -> 0 | BD5: =SUM(BD$3:BD$3) -> 0 | BE5: =SUM(BE$3:BE$3) -> 0 | BF5: =SUM(BF$3:BF$3) -> 0 | BG5: =SUM(BG$3:BG$3) -> 0 | BI5: =SUM(BI$3:BI$3) -> 0 | BJ5: =SUM(BJ$3:BJ$3) -> 0 | BK5: =SUM(BK$3:BK$3) -> 0 | BL5: =SUM(BL$3:BL$3) -> 0 | BM5: =SUM(BM$3:BM$3) -> 0 | BN5: =SUM(BN$3:BN$3) -> 0 | BP5: =SUM(BP$3:BP$3) -> 0 | BQ5: =SUM(BQ$3:BQ$3) -> 0 | BR5: =SUM(BR$3:BR$3) -> 0 | BS5: =SUM(BS$3:BS$3) -> 0 | BT5: =SUM(BT$3:BT$3) -> 0 | BU5: =SUM(BU$3:BU$3) -> 0 | BW5: =SUM(BW$3:BW$3) -> 0 | BX5: =SUM(BX$3:BX$3) -> 0 | BY5: =SUM(BY$3:BY$3) -> 0 | BZ5: =SUM(BZ$3:BZ$3) -> 0 | CA5: =SUM(CA$3:CA$3) -> 0 | CB5: =SUM(CB$3:CB$3) -> 0 | CD5: =SUM(CD$3:CD$3) -> 0 | CE5: =SUM(CE$3:CE$3) -> 0 | CF5: =SUM(CF$3:CF$3) -> 0 | CG5: =SUM(CG$3:CG$3) -> 0 | CH5: =SUM(CH$3:CH$3) -> 0 | CI5: =SUM(CI$3:CI$3) -> 0 | CK5: =SUM(CK$3:CK$3) -> 0 | CL5: =SUM(CL$3:CL$3) -> 0 | CM5: =SUM(CM$3:CM$3) -> 0 | CN5: =SUM(CN$3:CN$3) -> 0 | CO5: =SUM(CO$3:CO$3) -> 0 | CP5: =SUM(CP$3:CP$3) -> 0 | CR5: =SUM(CR$3:CR$3) -> 0 | CS5: =SUM(CS$3:CS$3) -> 0 | CT5: =SUM(CT$3:CT$3) -> 0 | CU5: =SUM(CU$3:CU$3) -> 0 | CV5: =SUM(CV$3:CV$3) -> 0 | CW5: =SUM(CW$3:CW$3) -> 0 | CY5: =SUM(CY$3:CY$3) -> 0 | CZ5: =SUM(CZ$3:CZ$3) -> 0 | DA5: =SUM(DA$3:DA$3) -> 0 | DB5: =SUM(DB$3:DB$3) -> 0 | DC5: =SUM(DC$3:DC$3) -> 0 | DD5: =SUM(DD$3:DD$3) -> 0 | DF5: =SUM(DF$3:DF$3) -> 0 | DG5: =SUM(DG$3:DG$3) -> 0 | DH5: =SUM(DH$3:DH$3) -> 0 | DI5: =SUM(DI$3:DI$3) -> 0 | DJ5: =SUM(DJ$3:DJ$3) -> 0 | DK5: =SUM(DK$3:DK$3) -> 0 | DM5: =SUM(DM$3:DM$3) -> 0 | DN5: =SUM(DN$3:DN$3) -> 0 | DO5: =SUM(DO$3:DO$3) -> 0 | DP5: =SUM(DP$3:DP$3) -> 0 | DQ5: =SUM(DQ$3:DQ$3) -> 0 | DR5: =SUM(DR$3:DR$3) -> 0 | DT5: =SUM(DT$3:DT$3) -> 0 | DU5: =SUM(DU$3:DU$3) -> 0 | DV5: =SUM(DV$3:DV$3) -> 0 | DW5: =SUM(DW$3:DW$3) -> 0 | DX5: =SUM(DX$3:DX$3) -> 0 | DY5: =SUM(DY$3:DY$3) -> 0 | EA5: =SUM(EA$3:EA$3) -> 0 | EB5: =SUM(EB$3:EB$3) -> 0 | EC5: =SUM(EC$3:EC$3) -> 0 | ED5: =SUM(ED$3:ED$3) -> 0 | EE5: =SUM(EE$3:EE$3) -> 0 | EF5: =SUM(EF$3:EF$3) -> 0 | EH5: =SUM(EH$3:EH$3) -> 0 | EI5: =SUM(EI$3:EI$3) -> 0 | EJ5: =SUM(EJ$3:EJ$3) -> 0 | EK5: =SUM(EK$3:EK$3) -> 0 | EL5: =SUM(EL$3:EL$3) -> 0 | EM5: =SUM(EM$3:EM$3) -> 0 | EO5: =SUM(EO$3:EO$3) -> 0 | EP5: =SUM(EP$3:EP$3) -> 0 | EQ5: =SUM(EQ$3:EQ$3) -> 0 | ER5: =SUM(ER$3:ER$3) -> 0 | ES5: =SUM(ES$3:ES$3) -> 0 | ET5: =SUM(ET$3:ET$3) -> 0 | EV5: =SUM(EV$3:EV$3) -> 0 | EW5: =SUM(EW$3:EW$3) -> 0 | EX5: =SUM(EX$3:EX$3) -> 0 | EY5: =SUM(EY$3:EY$3) -> 0 | EZ5: =SUM(EZ$3:EZ$3) -> 0 | FA5: =SUM(FA$3:FA$3) -> 0 | FC5: =SUM(FC$3:FC$3) -> 0 | FD5: =SUM(FD$3:FD$3) -> 0 | FE5: =SUM(FE$3:FE$3) -> 0 | FF5: =SUM(FF$3:FF$3) -> 0 | FG5: =SUM(FG$3:FG$3) -> 0 | FH5: =SUM(FH$3:FH$3) -> 0 | FJ5: =SUM(FJ$3:FJ$3) -> 0 | FK5: =SUM(FK$3:FK$3) -> 0 | FL5: =SUM(FL$3:FL$3) -> 0 | FM5: =SUM(FM$3:FM$3) -> 0 | FN5: =SUM(FN$3:FN$3) -> 0 | FO5: =SUM(FO$3:FO$3) -> 0 | FQ5: =SUM(FQ$3:FQ$3) -> 0 | FR5: =SUM(FR$3:FR$3) -> 0 | FS5: =SUM(FS$3:FS$3) -> 0 | FT5: =SUM(FT$3:FT$3) -> 0 | FU5: =SUM(FU$3:FU$3) -> 0 | FV5: =SUM(FV$3:FV$3) -> 0 | FX5: =SUM(FX$3:FX$3) -> 0 | FY5: =SUM(FY$3:FY$3) -> 0 | FZ5: =SUM(FZ$3:FZ$3) -> 0 | GA5: =SUM(GA$3:GA$3) -> 0 | GB5: =SUM(GB$3:GB$3) -> 0 | GC5: =SUM(GC$3:GC$3) -> 0 | GE5: =SUM(GE$3:GE$3) -> 0 | GF5: =SUM(GF$3:GF$3) -> 0 | GG5: =SUM(GG$3:GG$3) -> 0 | GH5: =SUM(GH$3:GH$3) -> 0 | GI5: =SUM(GI$3:GI$3) -> 0 | GJ5: =SUM(GJ$3:GJ$3) -> 0 | GK5: =SUM(GK$3:GK$3) -> 0 | GL5: =SUM(GL$3:GL$3) -> 0 | ... GZ5: =SUM(GZ$3:GZ$3) -> 0
A6: AVG | B6: =AVERAGE(B$3:B$3) -> 0 | C6: =AVERAGE(C$3:C$3) -> 0 | E6: =AVERAGE(E$3:E$3) -> 0 | F6: =AVERAGE(F$3:F$3) -> 0 | G6: =AVERAGE(G$3:G$3) -> 0 | H6: =AVERAGE(H$3:H$3) -> 0 | I6: =AVERAGE(I$3:I$3) -> 0 | J6: =AVERAGE(J$3:J$3) -> 0 | L6: =AVERAGE(L$3:L$3) -> 0 | M6: =AVERAGE(M$3:M$3) -> 0 | N6: =AVERAGE(N$3:N$3) -> 0 | O6: =AVERAGE(O$3:O$3) -> 0 | P6: =AVERAGE(P$3:P$3) -> 0 | Q6: =AVERAGE(Q$3:Q$3) -> 0 | S6: =AVERAGE(S$3:S$3) -> 0 | T6: =AVERAGE(T$3:T$3) -> 0 | U6: =AVERAGE(U$3:U$3) -> 0 | V6: =AVERAGE(V$3:V$3) -> 0 | W6: =AVERAGE(W$3:W$3) -> 0 | X6: =AVERAGE(X$3:X$3) -> 0 | Z6: =AVERAGE(Z$3:Z$3) -> 0 | AA6: =AVERAGE(AA$3:AA$3) -> 0 | AB6: =AVERAGE(AB$3:AB$3) -> 0 | AC6: =AVERAGE(AC$3:AC$3) -> 0 | AD6: =AVERAGE(AD$3:AD$3) -> 0 | AE6: =AVERAGE(AE$3:AE$3) -> 0 | AG6: =AVERAGE(AG$3:AG$3) -> 0 | AH6: =AVERAGE(AH$3:AH$3) -> 0 | AI6: =AVERAGE(AI$3:AI$3) -> 0 | AJ6: =AVERAGE(AJ$3:AJ$3) -> 0 | AK6: =AVERAGE(AK$3:AK$3) -> 0 | AL6: =AVERAGE(AL$3:AL$3) -> 0 | AN6: =AVERAGE(AN$3:AN$3) -> 0 | AO6: =AVERAGE(AO$3:AO$3) -> 0 | AP6: =AVERAGE(AP$3:AP$3) -> 0 | AQ6: =AVERAGE(AQ$3:AQ$3) -> 0 | AR6: =AVERAGE(AR$3:AR$3) -> 0 | AS6: =AVERAGE(AS$3:AS$3) -> 0 | AU6: =AVERAGE(AU$3:AU$3) -> 0 | AV6: =AVERAGE(AV$3:AV$3) -> 0 | AW6: =AVERAGE(AW$3:AW$3) -> 0 | AX6: =AVERAGE(AX$3:AX$3) -> 0 | AY6: =AVERAGE(AY$3:AY$3) -> 0 | AZ6: =AVERAGE(AZ$3:AZ$3) -> 0 | BB6: =AVERAGE(BB$3:BB$3) -> 0 | BC6: =AVERAGE(BC$3:BC$3) -> 0 | BD6: =AVERAGE(BD$3:BD$3) -> 0 | BE6: =AVERAGE(BE$3:BE$3) -> 0 | BF6: =AVERAGE(BF$3:BF$3) -> 0 | BG6: =AVERAGE(BG$3:BG$3) -> 0 | BI6: =AVERAGE(BI$3:BI$3) -> 0 | BJ6: =AVERAGE(BJ$3:BJ$3) -> 0 | BK6: =AVERAGE(BK$3:BK$3) -> 0 | BL6: =AVERAGE(BL$3:BL$3) -> 0 | BM6: =AVERAGE(BM$3:BM$3) -> 0 | BN6: =AVERAGE(BN$3:BN$3) -> 0 | BP6: =AVERAGE(BP$3:BP$3) -> 0 | BQ6: =AVERAGE(BQ$3:BQ$3) -> 0 | BR6: =AVERAGE(BR$3:BR$3) -> 0 | BS6: =AVERAGE(BS$3:BS$3) -> 0 | BT6: =AVERAGE(BT$3:BT$3) -> 0 | BU6: =AVERAGE(BU$3:BU$3) -> 0 | BW6: =AVERAGE(BW$3:BW$3) -> 0 | BX6: =AVERAGE(BX$3:BX$3) -> 0 | BY6: =AVERAGE(BY$3:BY$3) -> 0 | BZ6: =AVERAGE(BZ$3:BZ$3) -> 0 | CA6: =AVERAGE(CA$3:CA$3) -> 0 | CB6: =AVERAGE(CB$3:CB$3) -> 0 | CD6: =AVERAGE(CD$3:CD$3) -> 0 | CE6: =AVERAGE(CE$3:CE$3) -> 0 | CF6: =AVERAGE(CF$3:CF$3) -> 0 | CG6: =AVERAGE(CG$3:CG$3) -> 0 | CH6: =AVERAGE(CH$3:CH$3) -> 0 | CI6: =AVERAGE(CI$3:CI$3) -> 0 | CK6: =AVERAGE(CK$3:CK$3) -> 0 | CL6: =AVERAGE(CL$3:CL$3) -> 0 | CM6: =AVERAGE(CM$3:CM$3) -> 0 | CN6: =AVERAGE(CN$3:CN$3) -> 0 | CO6: =AVERAGE(CO$3:CO$3) -> 0 | CP6: =AVERAGE(CP$3:CP$3) -> 0 | CR6: =AVERAGE(CR$3:CR$3) -> 0 | CS6: =AVERAGE(CS$3:CS$3) -> 0 | CT6: =AVERAGE(CT$3:CT$3) -> 0 | CU6: =AVERAGE(CU$3:CU$3) -> 0 | CV6: =AVERAGE(CV$3:CV$3) -> 0 | CW6: =AVERAGE(CW$3:CW$3) -> 0 | CY6: =AVERAGE(CY$3:CY$3) -> 0 | CZ6: =AVERAGE(CZ$3:CZ$3) -> 0 | DA6: =AVERAGE(DA$3:DA$3) -> 0 | DB6: =AVERAGE(DB$3:DB$3) -> 0 | DC6: =AVERAGE(DC$3:DC$3) -> 0 | DD6: =AVERAGE(DD$3:DD$3) -> 0 | DF6: =AVERAGE(DF$3:DF$3) -> 0 | DG6: =AVERAGE(DG$3:DG$3) -> 0 | DH6: =AVERAGE(DH$3:DH$3) -> 0 | DI6: =AVERAGE(DI$3:DI$3) -> 0 | DJ6: =AVERAGE(DJ$3:DJ$3) -> 0 | DK6: =AVERAGE(DK$3:DK$3) -> 0 | DM6: =AVERAGE(DM$3:DM$3) -> 0 | DN6: =AVERAGE(DN$3:DN$3) -> 0 | DO6: =AVERAGE(DO$3:DO$3) -> 0 | DP6: =AVERAGE(DP$3:DP$3) -> 0 | DQ6: =AVERAGE(DQ$3:DQ$3) -> 0 | DR6: =AVERAGE(DR$3:DR$3) -> 0 | DT6: =AVERAGE(DT$3:DT$3) -> 0 | DU6: =AVERAGE(DU$3:DU$3) -> 0 | DV6: =AVERAGE(DV$3:DV$3) -> 0 | DW6: =AVERAGE(DW$3:DW$3) -> 0 | DX6: =AVERAGE(DX$3:DX$3) -> 0 | DY6: =AVERAGE(DY$3:DY$3) -> 0 | EA6: =AVERAGE(EA$3:EA$3) -> 0 | EB6: =AVERAGE(EB$3:EB$3) -> 0 | EC6: =AVERAGE(EC$3:EC$3) -> 0 | ED6: =AVERAGE(ED$3:ED$3) -> 0 | EE6: =AVERAGE(EE$3:EE$3) -> 0 | EF6: =AVERAGE(EF$3:EF$3) -> 0 | EH6: =AVERAGE(EH$3:EH$3) -> 0 | EI6: =AVERAGE(EI$3:EI$3) -> 0 | EJ6: =AVERAGE(EJ$3:EJ$3) -> 0 | EK6: =AVERAGE(EK$3:EK$3) -> 0 | EL6: =AVERAGE(EL$3:EL$3) -> 0 | EM6: =AVERAGE(EM$3:EM$3) -> 0 | EO6: =AVERAGE(EO$3:EO$3) -> 0 | EP6: =AVERAGE(EP$3:EP$3) -> 0 | EQ6: =AVERAGE(EQ$3:EQ$3) -> 0 | ER6: =AVERAGE(ER$3:ER$3) -> 0 | ES6: =AVERAGE(ES$3:ES$3) -> 0 | ET6: =AVERAGE(ET$3:ET$3) -> 0 | EV6: =AVERAGE(EV$3:EV$3) -> 0 | EW6: =AVERAGE(EW$3:EW$3) -> 0 | EX6: =AVERAGE(EX$3:EX$3) -> 0 | EY6: =AVERAGE(EY$3:EY$3) -> 0 | EZ6: =AVERAGE(EZ$3:EZ$3) -> 0 | FA6: =AVERAGE(FA$3:FA$3) -> 0 | FC6: =AVERAGE(FC$3:FC$3) -> 0 | FD6: =AVERAGE(FD$3:FD$3) -> 0 | FE6: =AVERAGE(FE$3:FE$3) -> 0 | FF6: =AVERAGE(FF$3:FF$3) -> 0 | FG6: =AVERAGE(FG$3:FG$3) -> 0 | FH6: =AVERAGE(FH$3:FH$3) -> 0 | FJ6: =AVERAGE(FJ$3:FJ$3) -> 0 | FK6: =AVERAGE(FK$3:FK$3) -> 0 | FL6: =AVERAGE(FL$3:FL$3) -> 0 | FM6: =AVERAGE(FM$3:FM$3) -> 0 | FN6: =AVERAGE(FN$3:FN$3) -> 0 | FO6: =AVERAGE(FO$3:FO$3) -> 0 | FQ6: =AVERAGE(FQ$3:FQ$3) -> 0 | FR6: =AVERAGE(FR$3:FR$3) -> 0 | FS6: =AVERAGE(FS$3:FS$3) -> 0 | FT6: =AVERAGE(FT$3:FT$3) -> 0 | FU6: =AVERAGE(FU$3:FU$3) -> 0 | FV6: =AVERAGE(FV$3:FV$3) -> 0 | FX6: =AVERAGE(FX$3:FX$3) -> 0 | FY6: =AVERAGE(FY$3:FY$3) -> 0 | FZ6: =AVERAGE(FZ$3:FZ$3) -> 0 | GA6: =AVERAGE(GA$3:GA$3) -> 0 | GB6: =AVERAGE(GB$3:GB$3) -> 0 | GC6: =AVERAGE(GC$3:GC$3) -> 0 | GE6: =AVERAGE(GE$3:GE$3) -> 0 | GF6: =AVERAGE(GF$3:GF$3) -> 0 | GG6: =AVERAGE(GG$3:GG$3) -> 0 | GH6: =AVERAGE(GH$3:GH$3) -> 0 | GI6: =AVERAGE(GI$3:GI$3) -> 0 | GJ6: =AVERAGE(GJ$3:GJ$3) -> 0 | GK6: =AVERAGE(GK$3:GK$3) -> 0 | GL6: =AVERAGE(GL$3:GL$3) -> 0 | ... GZ6: =AVERAGE(GZ$3:GZ$3) -> 0
A7: DEV | B7: =STDEV(B$3:B$3) -> 0 | C7: =STDEV(C$3:C$3) -> 0 | E7: =STDEV(E$3:E$3) -> 0 | F7: =STDEV(F$3:F$3) -> 0 | G7: =STDEV(G$3:G$3) -> 0 | H7: =STDEV(H$3:H$3) -> 0 | I7: =STDEV(I$3:I$3) -> 0 | J7: =STDEV(J$3:J$3) -> 0 | L7: =STDEV(L$3:L$3) -> 0 | M7: =STDEV(M$3:M$3) -> 0 | N7: =STDEV(N$3:N$3) -> 0 | O7: =STDEV(O$3:O$3) -> 0 | P7: =STDEV(P$3:P$3) -> 0 | Q7: =STDEV(Q$3:Q$3) -> 0 | S7: =STDEV(S$3:S$3) -> 0 | T7: =STDEV(T$3:T$3) -> 0 | U7: =STDEV(U$3:U$3) -> 0 | V7: =STDEV(V$3:V$3) -> 0 | W7: =STDEV(W$3:W$3) -> 0 | X7: =STDEV(X$3:X$3) -> 0 | Z7: =STDEV(Z$3:Z$3) -> 0 | AA7: =STDEV(AA$3:AA$3) -> 0 | AB7: =STDEV(AB$3:AB$3) -> 0 | AC7: =STDEV(AC$3:AC$3) -> 0 | AD7: =STDEV(AD$3:AD$3) -> 0 | AE7: =STDEV(AE$3:AE$3) -> 0 | AG7: =STDEV(AG$3:AG$3) -> 0 | AH7: =STDEV(AH$3:AH$3) -> 0 | AI7: =STDEV(AI$3:AI$3) -> 0 | AJ7: =STDEV(AJ$3:AJ$3) -> 0 | AK7: =STDEV(AK$3:AK$3) -> 0 | AL7: =STDEV(AL$3:AL$3) -> 0 | AN7: =STDEV(AN$3:AN$3) -> 0 | AO7: =STDEV(AO$3:AO$3) -> 0 | AP7: =STDEV(AP$3:AP$3) -> 0 | AQ7: =STDEV(AQ$3:AQ$3) -> 0 | AR7: =STDEV(AR$3:AR$3) -> 0 | AS7: =STDEV(AS$3:AS$3) -> 0 | AU7: =STDEV(AU$3:AU$3) -> 0 | AV7: =STDEV(AV$3:AV$3) -> 0 | AW7: =STDEV(AW$3:AW$3) -> 0 | AX7: =STDEV(AX$3:AX$3) -> 0 | AY7: =STDEV(AY$3:AY$3) -> 0 | AZ7: =STDEV(AZ$3:AZ$3) -> 0 | BB7: =STDEV(BB$3:BB$3) -> 0 | BC7: =STDEV(BC$3:BC$3) -> 0 | BD7: =STDEV(BD$3:BD$3) -> 0 | BE7: =STDEV(BE$3:BE$3) -> 0 | BF7: =STDEV(BF$3:BF$3) -> 0 | BG7: =STDEV(BG$3:BG$3) -> 0 | BI7: =STDEV(BI$3:BI$3) -> 0 | BJ7: =STDEV(BJ$3:BJ$3) -> 0 | BK7: =STDEV(BK$3:BK$3) -> 0 | BL7: =STDEV(BL$3:BL$3) -> 0 | BM7: =STDEV(BM$3:BM$3) -> 0 | BN7: =STDEV(BN$3:BN$3) -> 0 | BP7: =STDEV(BP$3:BP$3) -> 0 | BQ7: =STDEV(BQ$3:BQ$3) -> 0 | BR7: =STDEV(BR$3:BR$3) -> 0 | BS7: =STDEV(BS$3:BS$3) -> 0 | BT7: =STDEV(BT$3:BT$3) -> 0 | BU7: =STDEV(BU$3:BU$3) -> 0 | BW7: =STDEV(BW$3:BW$3) -> 0 | BX7: =STDEV(BX$3:BX$3) -> 0 | BY7: =STDEV(BY$3:BY$3) -> 0 | BZ7: =STDEV(BZ$3:BZ$3) -> 0 | CA7: =STDEV(CA$3:CA$3) -> 0 | CB7: =STDEV(CB$3:CB$3) -> 0 | CD7: =STDEV(CD$3:CD$3) -> 0 | CE7: =STDEV(CE$3:CE$3) -> 0 | CF7: =STDEV(CF$3:CF$3) -> 0 | CG7: =STDEV(CG$3:CG$3) -> 0 | CH7: =STDEV(CH$3:CH$3) -> 0 | CI7: =STDEV(CI$3:CI$3) -> 0 | CK7: =STDEV(CK$3:CK$3) -> 0 | CL7: =STDEV(CL$3:CL$3) -> 0 | CM7: =STDEV(CM$3:CM$3) -> 0 | CN7: =STDEV(CN$3:CN$3) -> 0 | CO7: =STDEV(CO$3:CO$3) -> 0 | CP7: =STDEV(CP$3:CP$3) -> 0 | CR7: =STDEV(CR$3:CR$3) -> 0 | CS7: =STDEV(CS$3:CS$3) -> 0 | CT7: =STDEV(CT$3:CT$3) -> 0 | CU7: =STDEV(CU$3:CU$3) -> 0 | CV7: =STDEV(CV$3:CV$3) -> 0 | CW7: =STDEV(CW$3:CW$3) -> 0 | CY7: =STDEV(CY$3:CY$3) -> 0 | CZ7: =STDEV(CZ$3:CZ$3) -> 0 | DA7: =STDEV(DA$3:DA$3) -> 0 | DB7: =STDEV(DB$3:DB$3) -> 0 | DC7: =STDEV(DC$3:DC$3) -> 0 | DD7: =STDEV(DD$3:DD$3) -> 0 | DF7: =STDEV(DF$3:DF$3) -> 0 | DG7: =STDEV(DG$3:DG$3) -> 0 | DH7: =STDEV(DH$3:DH$3) -> 0 | DI7: =STDEV(DI$3:DI$3) -> 0 | DJ7: =STDEV(DJ$3:DJ$3) -> 0 | DK7: =STDEV(DK$3:DK$3) -> 0 | DM7: =STDEV(DM$3:DM$3) -> 0 | DN7: =STDEV(DN$3:DN$3) -> 0 | DO7: =STDEV(DO$3:DO$3) -> 0 | DP7: =STDEV(DP$3:DP$3) -> 0 | DQ7: =STDEV(DQ$3:DQ$3) -> 0 | DR7: =STDEV(DR$3:DR$3) -> 0 | DT7: =STDEV(DT$3:DT$3) -> 0 | DU7: =STDEV(DU$3:DU$3) -> 0 | DV7: =STDEV(DV$3:DV$3) -> 0 | DW7: =STDEV(DW$3:DW$3) -> 0 | DX7: =STDEV(DX$3:DX$3) -> 0 | DY7: =STDEV(DY$3:DY$3) -> 0 | EA7: =STDEV(EA$3:EA$3) -> 0 | EB7: =STDEV(EB$3:EB$3) -> 0 | EC7: =STDEV(EC$3:EC$3) -> 0 | ED7: =STDEV(ED$3:ED$3) -> 0 | EE7: =STDEV(EE$3:EE$3) -> 0 | EF7: =STDEV(EF$3:EF$3) -> 0 | EH7: =STDEV(EH$3:EH$3) -> 0 | EI7: =STDEV(EI$3:EI$3) -> 0 | EJ7: =STDEV(EJ$3:EJ$3) -> 0 | EK7: =STDEV(EK$3:EK$3) -> 0 | EL7: =STDEV(EL$3:EL$3) -> 0 | EM7: =STDEV(EM$3:EM$3) -> 0 | EO7: =STDEV(EO$3:EO$3) -> 0 | EP7: =STDEV(EP$3:EP$3) -> 0 | EQ7: =STDEV(EQ$3:EQ$3) -> 0 | ER7: =STDEV(ER$3:ER$3) -> 0 | ES7: =STDEV(ES$3:ES$3) -> 0 | ET7: =STDEV(ET$3:ET$3) -> 0 | EV7: =STDEV(EV$3:EV$3) -> 0 | EW7: =STDEV(EW$3:EW$3) -> 0 | EX7: =STDEV(EX$3:EX$3) -> 0 | EY7: =STDEV(EY$3:EY$3) -> 0 | EZ7: =STDEV(EZ$3:EZ$3) -> 0 | FA7: =STDEV(FA$3:FA$3) -> 0 | FC7: =STDEV(FC$3:FC$3) -> 0 | FD7: =STDEV(FD$3:FD$3) -> 0 | FE7: =STDEV(FE$3:FE$3) -> 0 | FF7: =STDEV(FF$3:FF$3) -> 0 | FG7: =STDEV(FG$3:FG$3) -> 0 | FH7: =STDEV(FH$3:FH$3) -> 0 | FJ7: =STDEV(FJ$3:FJ$3) -> 0 | FK7: =STDEV(FK$3:FK$3) -> 0 | FL7: =STDEV(FL$3:FL$3) -> 0 | FM7: =STDEV(FM$3:FM$3) -> 0 | FN7: =STDEV(FN$3:FN$3) -> 0 | FO7: =STDEV(FO$3:FO$3) -> 0 | FQ7: =STDEV(FQ$3:FQ$3) -> 0 | FR7: =STDEV(FR$3:FR$3) -> 0 | FS7: =STDEV(FS$3:FS$3) -> 0 | FT7: =STDEV(FT$3:FT$3) -> 0 | FU7: =STDEV(FU$3:FU$3) -> 0 | FV7: =STDEV(FV$3:FV$3) -> 0 | FX7: =STDEV(FX$3:FX$3) -> 0 | FY7: =STDEV(FY$3:FY$3) -> 0 | FZ7: =STDEV(FZ$3:FZ$3) -> 0 | GA7: =STDEV(GA$3:GA$3) -> 0 | GB7: =STDEV(GB$3:GB$3) -> 0 | GC7: =STDEV(GC$3:GC$3) -> 0 | GE7: =STDEV(GE$3:GE$3) -> 0 | GF7: =STDEV(GF$3:GF$3) -> 0 | GG7: =STDEV(GG$3:GG$3) -> 0 | GH7: =STDEV(GH$3:GH$3) -> 0 | GI7: =STDEV(GI$3:GI$3) -> 0 | GJ7: =STDEV(GJ$3:GJ$3) -> 0 | GK7: =STDEV(GK$3:GK$3) -> 0 | GL7: =STDEV(GL$3:GL$3) -> 0 | ... GZ7: =STDEV(GZ$3:GZ$3) -> 0
A8: DST | B8: =SUMPRODUCT(--(B$3:B$3-$GI$3:$GI$3)^2)^0.5 -> 0 | C8: =SUMPRODUCT(--(C$3:C$3-$GJ$3:$GJ$3)^2)^0.5 -> 0 | E8: =SUMPRODUCT(--(E$3:E$3-$GK$3:$GK$3)^2)^0.5 -> 0 | F8: =SUMPRODUCT(--(F$3:F$3-$GL$3:$GL$3)^2)^0.5 -> 0 | G8: =SUMPRODUCT(--(G$3:G$3-$GM$3:$GM$3)^2)^0.5 -> 0 | H8: =SUMPRODUCT(--(H$3:H$3-$GN$3:$GN$3)^2)^0.5 -> 0 | I8: =SUMPRODUCT(--(I$3:I$3-$GI$3:$GI$3)^2)^0.5 -> 0 | J8: =SUMPRODUCT(--(J$3:J$3-$GJ$3:$GJ$3)^2)^0.5 -> 0 | L8: =SUMPRODUCT(--(L$3:L$3-$GK$3:$GK$3)^2)^0.5 -> 0 | M8: =SUMPRODUCT(--(M$3:M$3-$GL$3:$GL$3)^2)^0.5 -> 0 | N8: =SUMPRODUCT(--(N$3:N$3-$GM$3:$GM$3)^2)^0.5 -> 0 | O8: =SUMPRODUCT(--(O$3:O$3-$GN$3:$GN$3)^2)^0.5 -> 0 | P8: =SUMPRODUCT(--(P$3:P$3-$GI$3:$GI$3)^2)^0.5 -> 0 | Q8: =SUMPRODUCT(--(Q$3:Q$3-$GJ$3:$GJ$3)^2)^0.5 -> 0 | S8: =SUMPRODUCT(--(S$3:S$3-$GK$3:$GK$3)^2)^0.5 -> 0 | T8: =SUMPRODUCT(--(T$3:T$3-$GL$3:$GL$3)^2)^0.5 -> 0 | U8: =SUMPRODUCT(--(U$3:U$3-$GM$3:$GM$3)^2)^0.5 -> 0 | V8: =SUMPRODUCT(--(V$3:V$3-$GN$3:$GN$3)^2)^0.5 -> 0 | W8: =SUMPRODUCT(--(W$3:W$3-$GI$3:$GI$3)^2)^0.5 -> 0 | X8: =SUMPRODUCT(--(X$3:X$3-$GJ$3:$GJ$3)^2)^0.5 -> 0 | Z8: =SUMPRODUCT(--(Z$3:Z$3-$GK$3:$GK$3)^2)^0.5 -> 0 | AA8: =SUMPRODUCT(--(AA$3:AA$3-$GL$3:$GL$3)^2)^0.5 -> 0 | AB8: =SUMPRODUCT(--(AB$3:AB$3-$GM$3:$GM$3)^2)^0.5 -> 0 | AC8: =SUMPRODUCT(--(AC$3:AC$3-$GN$3:$GN$3)^2)^0.5 -> 0 | AD8: =SUMPRODUCT(--(AD$3:AD$3-$GI$3:$GI$3)^2)^0.5 -> 0 | AE8: =SUMPRODUCT(--(AE$3:AE$3-$GJ$3:$GJ$3)^2)^0.5 -> 0 | AG8: =SUMPRODUCT(--(AG$3:AG$3-$GK$3:$GK$3)^2)^0.5 -> 0 | AH8: =SUMPRODUCT(--(AH$3:AH$3-$GL$3:$GL$3)^2)^0.5 -> 0 | AI8: =SUMPRODUCT(--(AI$3:AI$3-$GM$3:$GM$3)^2)^0.5 -> 0 | AJ8: =SUMPRODUCT(--(AJ$3:AJ$3-$GN$3:$GN$3)^2)^0.5 -> 0 | AK8: =SUMPRODUCT(--(AK$3:AK$3-$GI$3:$GI$3)^2)^0.5 -> 0 | AL8: =SUMPRODUCT(--(AL$3:AL$3-$GJ$3:$GJ$3)^2)^0.5 -> 0 | AN8: =SUMPRODUCT(--(AN$3:AN$3-$GK$3:$GK$3)^2)^0.5 -> 0 | AO8: =SUMPRODUCT(--(AO$3:AO$3-$GL$3:$GL$3)^2)^0.5 -> 0 | AP8: =SUMPRODUCT(--(AP$3:AP$3-$GM$3:$GM$3)^2)^0.5 -> 0 | AQ8: =SUMPRODUCT(--(AQ$3:AQ$3-$GN$3:$GN$3)^2)^0.5 -> 0 | AR8: =SUMPRODUCT(--(AR$3:AR$3-$GI$3:$GI$3)^2)^0.5 -> 0 | AS8: =SUMPRODUCT(--(AS$3:AS$3-$GJ$3:$GJ$3)^2)^0.5 -> 0 | AU8: =SUMPRODUCT(--(AU$3:AU$3-$GK$3:$GK$3)^2)^0.5 -> 0 | AV8: =SUMPRODUCT(--(AV$3:AV$3-$GL$3:$GL$3)^2)^0.5 -> 0 | AW8: =SUMPRODUCT(--(AW$3:AW$3-$GM$3:$GM$3)^2)^0.5 -> 0 | AX8: =SUMPRODUCT(--(AX$3:AX$3-$GN$3:$GN$3)^2)^0.5 -> 0 | AY8: =SUMPRODUCT(--(AY$3:AY$3-$GI$3:$GI$3)^2)^0.5 -> 0 | AZ8: =SUMPRODUCT(--(AZ$3:AZ$3-$GJ$3:$GJ$3)^2)^0.5 -> 0 | BB8: =SUMPRODUCT(--(BB$3:BB$3-$GK$3:$GK$3)^2)^0.5 -> 0 | BC8: =SUMPRODUCT(--(BC$3:BC$3-$GL$3:$GL$3)^2)^0.5 -> 0 | BD8: =SUMPRODUCT(--(BD$3:BD$3-$GM$3:$GM$3)^2)^0.5 -> 0 | BE8: =SUMPRODUCT(--(BE$3:BE$3-$GN$3:$GN$3)^2)^0.5 -> 0 | BF8: =SUMPRODUCT(--(BF$3:BF$3-$GI$3:$GI$3)^2)^0.5 -> 0 | BG8: =SUMPRODUCT(--(BG$3:BG$3-$GJ$3:$GJ$3)^2)^0.5 -> 0 | BI8: =SUMPRODUCT(--(BI$3:BI$3-$GK$3:$GK$3)^2)^0.5 -> 0 | BJ8: =SUMPRODUCT(--(BJ$3:BJ$3-$GL$3:$GL$3)^2)^0.5 -> 0 | BK8: =SUMPRODUCT(--(BK$3:BK$3-$GM$3:$GM$3)^2)^0.5 -> 0 | BL8: =SUMPRODUCT(--(BL$3:BL$3-$GN$3:$GN$3)^2)^0.5 -> 0 | BM8: =SUMPRODUCT(--(BM$3:BM$3-$GI$3:$GI$3)^2)^0.5 -> 0 | BN8: =SUMPRODUCT(--(BN$3:BN$3-$GJ$3:$GJ$3)^2)^0.5 -> 0 | BP8: =SUMPRODUCT(--(BP$3:BP$3-$GK$3:$GK$3)^2)^0.5 -> 0 | BQ8: =SUMPRODUCT(--(BQ$3:BQ$3-$GL$3:$GL$3)^2)^0.5 -> 0 | BR8: =SUMPRODUCT(--(BR$3:BR$3-$GM$3:$GM$3)^2)^0.5 -> 0 | BS8: =SUMPRODUCT(--(BS$3:BS$3-$GN$3:$GN$3)^2)^0.5 -> 0 | BT8: =SUMPRODUCT(--(BT$3:BT$3-$GI$3:$GI$3)^2)^0.5 -> 0 | BU8: =SUMPRODUCT(--(BU$3:BU$3-$GJ$3:$GJ$3)^2)^0.5 -> 0 | BW8: =SUMPRODUCT(--(BW$3:BW$3-$GK$3:$GK$3)^2)^0.5 -> 0 | BX8: =SUMPRODUCT(--(BX$3:BX$3-$GL$3:$GL$3)^2)^0.5 -> 0 | BY8: =SUMPRODUCT(--(BY$3:BY$3-$GM$3:$GM$3)^2)^0.5 -> 0 | BZ8: =SUMPRODUCT(--(BZ$3:BZ$3-$GN$3:$GN$3)^2)^0.5 -> 0 | CA8: =SUMPRODUCT(--(CA$3:CA$3-$GI$3:$GI$3)^2)^0.5 -> 0 | CB8: =SUMPRODUCT(--(CB$3:CB$3-$GJ$3:$GJ$3)^2)^0.5 -> 0 | CD8: =SUMPRODUCT(--(CD$3:CD$3-$GK$3:$GK$3)^2)^0.5 -> 0 | CE8: =SUMPRODUCT(--(CE$3:CE$3-$GL$3:$GL$3)^2)^0.5 -> 0 | CF8: =SUMPRODUCT(--(CF$3:CF$3-$GM$3:$GM$3)^2)^0.5 -> 0 | CG8: =SUMPRODUCT(--(CG$3:CG$3-$GN$3:$GN$3)^2)^0.5 -> 0 | CH8: =SUMPRODUCT(--(CH$3:CH$3-$GI$3:$GI$3)^2)^0.5 -> 0 | CI8: =SUMPRODUCT(--(CI$3:CI$3-$GJ$3:$GJ$3)^2)^0.5 -> 0 | CK8: =SUMPRODUCT(--(CK$3:CK$3-$GK$3:$GK$3)^2)^0.5 -> 0 | CL8: =SUMPRODUCT(--(CL$3:CL$3-$GL$3:$GL$3)^2)^0.5 -> 0 | CM8: =SUMPRODUCT(--(CM$3:CM$3-$GM$3:$GM$3)^2)^0.5 -> 0 | CN8: =SUMPRODUCT(--(CN$3:CN$3-$GN$3:$GN$3)^2)^0.5 -> 0 | CO8: =SUMPRODUCT(--(CO$3:CO$3-$GI$3:$GI$3)^2)^0.5 -> 0 | CP8: =SUMPRODUCT(--(CP$3:CP$3-$GJ$3:$GJ$3)^2)^0.5 -> 0 | CR8: =SUMPRODUCT(--(CR$3:CR$3-$GK$3:$GK$3)^2)^0.5 -> 0 | CS8: =SUMPRODUCT(--(CS$3:CS$3-$GL$3:$GL$3)^2)^0.5 -> 0 | CT8: =SUMPRODUCT(--(CT$3:CT$3-$GM$3:$GM$3)^2)^0.5 -> 0 | CU8: =SUMPRODUCT(--(CU$3:CU$3-$GN$3:$GN$3)^2)^0.5 -> 0 | CV8: =SUMPRODUCT(--(CV$3:CV$3-$GI$3:$GI$3)^2)^0.5 -> 0 | CW8: =SUMPRODUCT(--(CW$3:CW$3-$GJ$3:$GJ$3)^2)^0.5 -> 0 | CY8: =SUMPRODUCT(--(CY$3:CY$3-$GK$3:$GK$3)^2)^0.5 -> 0 | CZ8: =SUMPRODUCT(--(CZ$3:CZ$3-$GL$3:$GL$3)^2)^0.5 -> 0 | DA8: =SUMPRODUCT(--(DA$3:DA$3-$GM$3:$GM$3)^2)^0.5 -> 0 | DB8: =SUMPRODUCT(--(DB$3:DB$3-$GN$3:$GN$3)^2)^0.5 -> 0 | DC8: =SUMPRODUCT(--(DC$3:DC$3-$GI$3:$GI$3)^2)^0.5 -> 0 | DD8: =SUMPRODUCT(--(DD$3:DD$3-$GJ$3:$GJ$3)^2)^0.5 -> 0 | DF8: =SUMPRODUCT(--(DF$3:DF$3-$GK$3:$GK$3)^2)^0.5 -> 0 | DG8: =SUMPRODUCT(--(DG$3:DG$3-$GL$3:$GL$3)^2)^0.5 -> 0 | DH8: =SUMPRODUCT(--(DH$3:DH$3-$GM$3:$GM$3)^2)^0.5 -> 0 | DI8: =SUMPRODUCT(--(DI$3:DI$3-$GN$3:$GN$3)^2)^0.5 -> 0 | DJ8: =SUMPRODUCT(--(DJ$3:DJ$3-$GI$3:$GI$3)^2)^0.5 -> 0 | DK8: =SUMPRODUCT(--(DK$3:DK$3-$GJ$3:$GJ$3)^2)^0.5 -> 0 | DM8: =SUMPRODUCT(--(DM$3:DM$3-$GK$3:$GK$3)^2)^0.5 -> 0 | DN8: =SUMPRODUCT(--(DN$3:DN$3-$GL$3:$GL$3)^2)^0.5 -> 0 | DO8: =SUMPRODUCT(--(DO$3:DO$3-$GM$3:$GM$3)^2)^0.5 -> 0 | DP8: =SUMPRODUCT(--(DP$3:DP$3-$GN$3:$GN$3)^2)^0.5 -> 0 | DQ8: =SUMPRODUCT(--(DQ$3:DQ$3-$GI$3:$GI$3)^2)^0.5 -> 0 | DR8: =SUMPRODUCT(--(DR$3:DR$3-$GJ$3:$GJ$3)^2)^0.5 -> 0 | DT8: =SUMPRODUCT(--(DT$3:DT$3-$GK$3:$GK$3)^2)^0.5 -> 0 | DU8: =SUMPRODUCT(--(DU$3:DU$3-$GL$3:$GL$3)^2)^0.5 -> 0 | DV8: =SUMPRODUCT(--(DV$3:DV$3-$GM$3:$GM$3)^2)^0.5 -> 0 | DW8: =SUMPRODUCT(--(DW$3:DW$3-$GN$3:$GN$3)^2)^0.5 -> 0 | DX8: =SUMPRODUCT(--(DX$3:DX$3-$GI$3:$GI$3)^2)^0.5 -> 0 | DY8: =SUMPRODUCT(--(DY$3:DY$3-$GJ$3:$GJ$3)^2)^0.5 -> 0 | EA8: =SUMPRODUCT(--(EA$3:EA$3-$GK$3:$GK$3)^2)^0.5 -> 0 | EB8: =SUMPRODUCT(--(EB$3:EB$3-$GL$3:$GL$3)^2)^0.5 -> 0 | EC8: =SUMPRODUCT(--(EC$3:EC$3-$GM$3:$GM$3)^2)^0.5 -> 0 | ED8: =SUMPRODUCT(--(ED$3:ED$3-$GN$3:$GN$3)^2)^0.5 -> 0 | EE8: =SUMPRODUCT(--(EE$3:EE$3-$GI$3:$GI$3)^2)^0.5 -> 0 | EF8: =SUMPRODUCT(--(EF$3:EF$3-$GJ$3:$GJ$3)^2)^0.5 -> 0 | EH8: =SUMPRODUCT(--(EH$3:EH$3-$GK$3:$GK$3)^2)^0.5 -> 0 | EI8: =SUMPRODUCT(--(EI$3:EI$3-$GL$3:$GL$3)^2)^0.5 -> 0 | EJ8: =SUMPRODUCT(--(EJ$3:EJ$3-$GM$3:$GM$3)^2)^0.5 -> 0 | EK8: =SUMPRODUCT(--(EK$3:EK$3-$GN$3:$GN$3)^2)^0.5 -> 0 | EL8: =SUMPRODUCT(--(EL$3:EL$3-$GI$3:$GI$3)^2)^0.5 -> 0 | EM8: =SUMPRODUCT(--(EM$3:EM$3-$GJ$3:$GJ$3)^2)^0.5 -> 0 | EO8: =SUMPRODUCT(--(EO$3:EO$3-$GK$3:$GK$3)^2)^0.5 -> 0 | EP8: =SUMPRODUCT(--(EP$3:EP$3-$GL$3:$GL$3)^2)^0.5 -> 0 | EQ8: =SUMPRODUCT(--(EQ$3:EQ$3-$GM$3:$GM$3)^2)^0.5 -> 0 | ER8: =SUMPRODUCT(--(ER$3:ER$3-$GN$3:$GN$3)^2)^0.5 -> 0 | ES8: =SUMPRODUCT(--(ES$3:ES$3-$GI$3:$GI$3)^2)^0.5 -> 0 | ET8: =SUMPRODUCT(--(ET$3:ET$3-$GJ$3:$GJ$3)^2)^0.5 -> 0 | EV8: =SUMPRODUCT(--(EV$3:EV$3-$GK$3:$GK$3)^2)^0.5 -> 0 | EW8: =SUMPRODUCT(--(EW$3:EW$3-$GL$3:$GL$3)^2)^0.5 -> 0 | EX8: =SUMPRODUCT(--(EX$3:EX$3-$GM$3:$GM$3)^2)^0.5 -> 0 | EY8: =SUMPRODUCT(--(EY$3:EY$3-$GN$3:$GN$3)^2)^0.5 -> 0 | EZ8: =SUMPRODUCT(--(EZ$3:EZ$3-$GI$3:$GI$3)^2)^0.5 -> 0 | FA8: =SUMPRODUCT(--(FA$3:FA$3-$GJ$3:$GJ$3)^2)^0.5 -> 0 | FC8: =SUMPRODUCT(--(FC$3:FC$3-$GK$3:$GK$3)^2)^0.5 -> 0 | FD8: =SUMPRODUCT(--(FD$3:FD$3-$GL$3:$GL$3)^2)^0.5 -> 0 | FE8: =SUMPRODUCT(--(FE$3:FE$3-$GM$3:$GM$3)^2)^0.5 -> 0 | FF8: =SUMPRODUCT(--(FF$3:FF$3-$GN$3:$GN$3)^2)^0.5 -> 0 | FG8: =SUMPRODUCT(--(FG$3:FG$3-$GI$3:$GI$3)^2)^0.5 -> 0 | FH8: =SUMPRODUCT(--(FH$3:FH$3-$GJ$3:$GJ$3)^2)^0.5 -> 0 | FJ8: =SUMPRODUCT(--(FJ$3:FJ$3-$GK$3:$GK$3)^2)^0.5 -> 0 | FK8: =SUMPRODUCT(--(FK$3:FK$3-$GL$3:$GL$3)^2)^0.5 -> 0 | FL8: =SUMPRODUCT(--(FL$3:FL$3-$GM$3:$GM$3)^2)^0.5 -> 0 | FM8: =SUMPRODUCT(--(FM$3:FM$3-$GN$3:$GN$3)^2)^0.5 -> 0 | FN8: =SUMPRODUCT(--(FN$3:FN$3-$GI$3:$GI$3)^2)^0.5 -> 0 | FO8: =SUMPRODUCT(--(FO$3:FO$3-$GJ$3:$GJ$3)^2)^0.5 -> 0 | FQ8: =SUMPRODUCT(--(FQ$3:FQ$3-$GK$3:$GK$3)^2)^0.5 -> 0 | FR8: =SUMPRODUCT(--(FR$3:FR$3-$GL$3:$GL$3)^2)^0.5 -> 0 | FS8: =SUMPRODUCT(--(FS$3:FS$3-$GM$3:$GM$3)^2)^0.5 -> 0 | FT8: =SUMPRODUCT(--(FT$3:FT$3-$GN$3:$GN$3)^2)^0.5 -> 0 | FU8: =SUMPRODUCT(--(FU$3:FU$3-$GI$3:$GI$3)^2)^0.5 -> 0 | FV8: =SUMPRODUCT(--(FV$3:FV$3-$GJ$3:$GJ$3)^2)^0.5 -> 0 | FX8: =SUMPRODUCT(--(FX$3:FX$3-$GK$3:$GK$3)^2)^0.5 -> 0 | FY8: =SUMPRODUCT(--(FY$3:FY$3-$GL$3:$GL$3)^2)^0.5 -> 0 | FZ8: =SUMPRODUCT(--(FZ$3:FZ$3-$GM$3:$GM$3)^2)^0.5 -> 0 | GA8: =SUMPRODUCT(--(GA$3:GA$3-$GN$3:$GN$3)^2)^0.5 -> 0 | GB8: =SUMPRODUCT(--(GB$3:GB$3-$GI$3:$GI$3)^2)^0.5 -> 0 | GC8: =SUMPRODUCT(--(GC$3:GC$3-$GJ$3:$GJ$3)^2)^0.5 -> 0 | GE8: =SUMPRODUCT(--(GE$3:GE$3-$GK$3:$GK$3)^2)^0.5 -> 0 | GF8: =SUMPRODUCT(--(GF$3:GF$3-$GL$3:$GL$3)^2)^0.5 -> 0 | GG8: =SUMPRODUCT(--(GG$3:GG$3-$GM$3:$GM$3)^2)^0.5 -> 0 | GH8: =SUMPRODUCT(--(GH$3:GH$3-$GN$3:$GN$3)^2)^0.5 -> 0
A9: BEST | B9: =SUMPRODUCT(NOT(ISBLANK(B$3:B$3))*(B$3:B$3=$GI$3:$GI$3)) -> 0 | C9: =SUMPRODUCT(NOT(ISBLANK(C$3:C$3))*(C$3:C$3=$GJ$3:$GJ$3)) -> 0 | E9: =SUMPRODUCT(NOT(ISBLANK(E$3:E$3))*(E$3:E$3=$GK$3:$GK$3)) -> 0 | F9: =SUMPRODUCT(NOT(ISBLANK(F$3:F$3))*(F$3:F$3=$GL$3:$GL$3)) -> 0 | G9: =SUMPRODUCT(NOT(ISBLANK(G$3:G$3))*(G$3:G$3=$GM$3:$GM$3)) -> 0 | H9: =SUMPRODUCT(NOT(ISBLANK(H$3:H$3))*(H$3:H$3=$GN$3:$GN$3)) -> 0 | I9: =SUMPRODUCT(NOT(ISBLANK(I$3:I$3))*(I$3:I$3=$GI$3:$GI$3)) -> 0 | J9: =SUMPRODUCT(NOT(ISBLANK(J$3:J$3))*(J$3:J$3=$GJ$3:$GJ$3)) -> 0 | L9: =SUMPRODUCT(NOT(ISBLANK(L$3:L$3))*(L$3:L$3=$GK$3:$GK$3)) -> 0 | M9: =SUMPRODUCT(NOT(ISBLANK(M$3:M$3))*(M$3:M$3=$GL$3:$GL$3)) -> 0 | N9: =SUMPRODUCT(NOT(ISBLANK(N$3:N$3))*(N$3:N$3=$GM$3:$GM$3)) -> 0 | O9: =SUMPRODUCT(NOT(ISBLANK(O$3:O$3))*(O$3:O$3=$GN$3:$GN$3)) -> 0 | P9: =SUMPRODUCT(NOT(ISBLANK(P$3:P$3))*(P$3:P$3=$GI$3:$GI$3)) -> 0 | Q9: =SUMPRODUCT(NOT(ISBLANK(Q$3:Q$3))*(Q$3:Q$3=$GJ$3:$GJ$3)) -> 0 | S9: =SUMPRODUCT(NOT(ISBLANK(S$3:S$3))*(S$3:S$3=$GK$3:$GK$3)) -> 0 | T9: =SUMPRODUCT(NOT(ISBLANK(T$3:T$3))*(T$3:T$3=$GL$3:$GL$3)) -> 0 | U9: =SUMPRODUCT(NOT(ISBLANK(U$3:U$3))*(U$3:U$3=$GM$3:$GM$3)) -> 0 | V9: =SUMPRODUCT(NOT(ISBLANK(V$3:V$3))*(V$3:V$3=$GN$3:$GN$3)) -> 0 | W9: =SUMPRODUCT(NOT(ISBLANK(W$3:W$3))*(W$3:W$3=$GI$3:$GI$3)) -> 0 | X9: =SUMPRODUCT(NOT(ISBLANK(X$3:X$3))*(X$3:X$3=$GJ$3:$GJ$3)) -> 0 | Z9: =SUMPRODUCT(NOT(ISBLANK(Z$3:Z$3))*(Z$3:Z$3=$GK$3:$GK$3)) -> 0 | AA9: =SUMPRODUCT(NOT(ISBLANK(AA$3:AA$3))*(AA$3:AA$3=$GL$3:$GL$3)) -> 0 | AB9: =SUMPRODUCT(NOT(ISBLANK(AB$3:AB$3))*(AB$3:AB$3=$GM$3:$GM$3)) -> 0 | AC9: =SUMPRODUCT(NOT(ISBLANK(AC$3:AC$3))*(AC$3:AC$3=$GN$3:$GN$3)) -> 0 | AD9: =SUMPRODUCT(NOT(ISBLANK(AD$3:AD$3))*(AD$3:AD$3=$GI$3:$GI$3)) -> 0 | AE9: =SUMPRODUCT(NOT(ISBLANK(AE$3:AE$3))*(AE$3:AE$3=$GJ$3:$GJ$3)) -> 0 | AG9: =SUMPRODUCT(NOT(ISBLANK(AG$3:AG$3))*(AG$3:AG$3=$GK$3:$GK$3)) -> 0 | AH9: =SUMPRODUCT(NOT(ISBLANK(AH$3:AH$3))*(AH$3:AH$3=$GL$3:$GL$3)) -> 0 | AI9: =SUMPRODUCT(NOT(ISBLANK(AI$3:AI$3))*(AI$3:AI$3=$GM$3:$GM$3)) -> 0 | AJ9: =SUMPRODUCT(NOT(ISBLANK(AJ$3:AJ$3))*(AJ$3:AJ$3=$GN$3:$GN$3)) -> 0 | AK9: =SUMPRODUCT(NOT(ISBLANK(AK$3:AK$3))*(AK$3:AK$3=$GI$3:$GI$3)) -> 0 | AL9: =SUMPRODUCT(NOT(ISBLANK(AL$3:AL$3))*(AL$3:AL$3=$GJ$3:$GJ$3)) -> 0 | AN9: =SUMPRODUCT(NOT(ISBLANK(AN$3:AN$3))*(AN$3:AN$3=$GK$3:$GK$3)) -> 0 | AO9: =SUMPRODUCT(NOT(ISBLANK(AO$3:AO$3))*(AO$3:AO$3=$GL$3:$GL$3)) -> 0 | AP9: =SUMPRODUCT(NOT(ISBLANK(AP$3:AP$3))*(AP$3:AP$3=$GM$3:$GM$3)) -> 0 | AQ9: =SUMPRODUCT(NOT(ISBLANK(AQ$3:AQ$3))*(AQ$3:AQ$3=$GN$3:$GN$3)) -> 0 | AR9: =SUMPRODUCT(NOT(ISBLANK(AR$3:AR$3))*(AR$3:AR$3=$GI$3:$GI$3)) -> 0 | AS9: =SUMPRODUCT(NOT(ISBLANK(AS$3:AS$3))*(AS$3:AS$3=$GJ$3:$GJ$3)) -> 0 | AU9: =SUMPRODUCT(NOT(ISBLANK(AU$3:AU$3))*(AU$3:AU$3=$GK$3:$GK$3)) -> 0 | AV9: =SUMPRODUCT(NOT(ISBLANK(AV$3:AV$3))*(AV$3:AV$3=$GL$3:$GL$3)) -> 0 | AW9: =SUMPRODUCT(NOT(ISBLANK(AW$3:AW$3))*(AW$3:AW$3=$GM$3:$GM$3)) -> 0 | AX9: =SUMPRODUCT(NOT(ISBLANK(AX$3:AX$3))*(AX$3:AX$3=$GN$3:$GN$3)) -> 0 | AY9: =SUMPRODUCT(NOT(ISBLANK(AY$3:AY$3))*(AY$3:AY$3=$GI$3:$GI$3)) -> 0 | AZ9: =SUMPRODUCT(NOT(ISBLANK(AZ$3:AZ$3))*(AZ$3:AZ$3=$GJ$3:$GJ$3)) -> 0 | BB9: =SUMPRODUCT(NOT(ISBLANK(BB$3:BB$3))*(BB$3:BB$3=$GK$3:$GK$3)) -> 0 | BC9: =SUMPRODUCT(NOT(ISBLANK(BC$3:BC$3))*(BC$3:BC$3=$GL$3:$GL$3)) -> 0 | BD9: =SUMPRODUCT(NOT(ISBLANK(BD$3:BD$3))*(BD$3:BD$3=$GM$3:$GM$3)) -> 0 | BE9: =SUMPRODUCT(NOT(ISBLANK(BE$3:BE$3))*(BE$3:BE$3=$GN$3:$GN$3)) -> 0 | BF9: =SUMPRODUCT(NOT(ISBLANK(BF$3:BF$3))*(BF$3:BF$3=$GI$3:$GI$3)) -> 0 | BG9: =SUMPRODUCT(NOT(ISBLANK(BG$3:BG$3))*(BG$3:BG$3=$GJ$3:$GJ$3)) -> 0 | BI9: =SUMPRODUCT(NOT(ISBLANK(BI$3:BI$3))*(BI$3:BI$3=$GK$3:$GK$3)) -> 0 | BJ9: =SUMPRODUCT(NOT(ISBLANK(BJ$3:BJ$3))*(BJ$3:BJ$3=$GL$3:$GL$3)) -> 0 | BK9: =SUMPRODUCT(NOT(ISBLANK(BK$3:BK$3))*(BK$3:BK$3=$GM$3:$GM$3)) -> 0 | BL9: =SUMPRODUCT(NOT(ISBLANK(BL$3:BL$3))*(BL$3:BL$3=$GN$3:$GN$3)) -> 0 | BM9: =SUMPRODUCT(NOT(ISBLANK(BM$3:BM$3))*(BM$3:BM$3=$GI$3:$GI$3)) -> 0 | BN9: =SUMPRODUCT(NOT(ISBLANK(BN$3:BN$3))*(BN$3:BN$3=$GJ$3:$GJ$3)) -> 0 | BP9: =SUMPRODUCT(NOT(ISBLANK(BP$3:BP$3))*(BP$3:BP$3=$GK$3:$GK$3)) -> 0 | BQ9: =SUMPRODUCT(NOT(ISBLANK(BQ$3:BQ$3))*(BQ$3:BQ$3=$GL$3:$GL$3)) -> 0 | BR9: =SUMPRODUCT(NOT(ISBLANK(BR$3:BR$3))*(BR$3:BR$3=$GM$3:$GM$3)) -> 0 | BS9: =SUMPRODUCT(NOT(ISBLANK(BS$3:BS$3))*(BS$3:BS$3=$GN$3:$GN$3)) -> 0 | BT9: =SUMPRODUCT(NOT(ISBLANK(BT$3:BT$3))*(BT$3:BT$3=$GI$3:$GI$3)) -> 0 | BU9: =SUMPRODUCT(NOT(ISBLANK(BU$3:BU$3))*(BU$3:BU$3=$GJ$3:$GJ$3)) -> 0 | BW9: =SUMPRODUCT(NOT(ISBLANK(BW$3:BW$3))*(BW$3:BW$3=$GK$3:$GK$3)) -> 0 | BX9: =SUMPRODUCT(NOT(ISBLANK(BX$3:BX$3))*(BX$3:BX$3=$GL$3:$GL$3)) -> 0 | BY9: =SUMPRODUCT(NOT(ISBLANK(BY$3:BY$3))*(BY$3:BY$3=$GM$3:$GM$3)) -> 0 | BZ9: =SUMPRODUCT(NOT(ISBLANK(BZ$3:BZ$3))*(BZ$3:BZ$3=$GN$3:$GN$3)) -> 0 | CA9: =SUMPRODUCT(NOT(ISBLANK(CA$3:CA$3))*(CA$3:CA$3=$GI$3:$GI$3)) -> 0 | CB9: =SUMPRODUCT(NOT(ISBLANK(CB$3:CB$3))*(CB$3:CB$3=$GJ$3:$GJ$3)) -> 0 | CD9: =SUMPRODUCT(NOT(ISBLANK(CD$3:CD$3))*(CD$3:CD$3=$GK$3:$GK$3)) -> 0 | CE9: =SUMPRODUCT(NOT(ISBLANK(CE$3:CE$3))*(CE$3:CE$3=$GL$3:$GL$3)) -> 0 | CF9: =SUMPRODUCT(NOT(ISBLANK(CF$3:CF$3))*(CF$3:CF$3=$GM$3:$GM$3)) -> 0 | CG9: =SUMPRODUCT(NOT(ISBLANK(CG$3:CG$3))*(CG$3:CG$3=$GN$3:$GN$3)) -> 0 | CH9: =SUMPRODUCT(NOT(ISBLANK(CH$3:CH$3))*(CH$3:CH$3=$GI$3:$GI$3)) -> 0 | CI9: =SUMPRODUCT(NOT(ISBLANK(CI$3:CI$3))*(CI$3:CI$3=$GJ$3:$GJ$3)) -> 0 | CK9: =SUMPRODUCT(NOT(ISBLANK(CK$3:CK$3))*(CK$3:CK$3=$GK$3:$GK$3)) -> 0 | CL9: =SUMPRODUCT(NOT(ISBLANK(CL$3:CL$3))*(CL$3:CL$3=$GL$3:$GL$3)) -> 0 | CM9: =SUMPRODUCT(NOT(ISBLANK(CM$3:CM$3))*(CM$3:CM$3=$GM$3:$GM$3)) -> 0 | CN9: =SUMPRODUCT(NOT(ISBLANK(CN$3:CN$3))*(CN$3:CN$3=$GN$3:$GN$3)) -> 0 | CO9: =SUMPRODUCT(NOT(ISBLANK(CO$3:CO$3))*(CO$3:CO$3=$GI$3:$GI$3)) -> 0 | CP9: =SUMPRODUCT(NOT(ISBLANK(CP$3:CP$3))*(CP$3:CP$3=$GJ$3:$GJ$3)) -> 0 | CR9: =SUMPRODUCT(NOT(ISBLANK(CR$3:CR$3))*(CR$3:CR$3=$GK$3:$GK$3)) -> 0 | CS9: =SUMPRODUCT(NOT(ISBLANK(CS$3:CS$3))*(CS$3:CS$3=$GL$3:$GL$3)) -> 0 | CT9: =SUMPRODUCT(NOT(ISBLANK(CT$3:CT$3))*(CT$3:CT$3=$GM$3:$GM$3)) -> 0 | CU9: =SUMPRODUCT(NOT(ISBLANK(CU$3:CU$3))*(CU$3:CU$3=$GN$3:$GN$3)) -> 0 | CV9: =SUMPRODUCT(NOT(ISBLANK(CV$3:CV$3))*(CV$3:CV$3=$GI$3:$GI$3)) -> 0 | CW9: =SUMPRODUCT(NOT(ISBLANK(CW$3:CW$3))*(CW$3:CW$3=$GJ$3:$GJ$3)) -> 0 | CY9: =SUMPRODUCT(NOT(ISBLANK(CY$3:CY$3))*(CY$3:CY$3=$GK$3:$GK$3)) -> 0 | CZ9: =SUMPRODUCT(NOT(ISBLANK(CZ$3:CZ$3))*(CZ$3:CZ$3=$GL$3:$GL$3)) -> 0 | DA9: =SUMPRODUCT(NOT(ISBLANK(DA$3:DA$3))*(DA$3:DA$3=$GM$3:$GM$3)) -> 0 | DB9: =SUMPRODUCT(NOT(ISBLANK(DB$3:DB$3))*(DB$3:DB$3=$GN$3:$GN$3)) -> 0 | DC9: =SUMPRODUCT(NOT(ISBLANK(DC$3:DC$3))*(DC$3:DC$3=$GI$3:$GI$3)) -> 0 | DD9: =SUMPRODUCT(NOT(ISBLANK(DD$3:DD$3))*(DD$3:DD$3=$GJ$3:$GJ$3)) -> 0 | DF9: =SUMPRODUCT(NOT(ISBLANK(DF$3:DF$3))*(DF$3:DF$3=$GK$3:$GK$3)) -> 0 | DG9: =SUMPRODUCT(NOT(ISBLANK(DG$3:DG$3))*(DG$3:DG$3=$GL$3:$GL$3)) -> 0 | DH9: =SUMPRODUCT(NOT(ISBLANK(DH$3:DH$3))*(DH$3:DH$3=$GM$3:$GM$3)) -> 0 | DI9: =SUMPRODUCT(NOT(ISBLANK(DI$3:DI$3))*(DI$3:DI$3=$GN$3:$GN$3)) -> 0 | DJ9: =SUMPRODUCT(NOT(ISBLANK(DJ$3:DJ$3))*(DJ$3:DJ$3=$GI$3:$GI$3)) -> 0 | DK9: =SUMPRODUCT(NOT(ISBLANK(DK$3:DK$3))*(DK$3:DK$3=$GJ$3:$GJ$3)) -> 0 | DM9: =SUMPRODUCT(NOT(ISBLANK(DM$3:DM$3))*(DM$3:DM$3=$GK$3:$GK$3)) -> 0 | DN9: =SUMPRODUCT(NOT(ISBLANK(DN$3:DN$3))*(DN$3:DN$3=$GL$3:$GL$3)) -> 0 | DO9: =SUMPRODUCT(NOT(ISBLANK(DO$3:DO$3))*(DO$3:DO$3=$GM$3:$GM$3)) -> 0 | DP9: =SUMPRODUCT(NOT(ISBLANK(DP$3:DP$3))*(DP$3:DP$3=$GN$3:$GN$3)) -> 0 | DQ9: =SUMPRODUCT(NOT(ISBLANK(DQ$3:DQ$3))*(DQ$3:DQ$3=$GI$3:$GI$3)) -> 0 | DR9: =SUMPRODUCT(NOT(ISBLANK(DR$3:DR$3))*(DR$3:DR$3=$GJ$3:$GJ$3)) -> 0 | DT9: =SUMPRODUCT(NOT(ISBLANK(DT$3:DT$3))*(DT$3:DT$3=$GK$3:$GK$3)) -> 0 | DU9: =SUMPRODUCT(NOT(ISBLANK(DU$3:DU$3))*(DU$3:DU$3=$GL$3:$GL$3)) -> 0 | DV9: =SUMPRODUCT(NOT(ISBLANK(DV$3:DV$3))*(DV$3:DV$3=$GM$3:$GM$3)) -> 0 | DW9: =SUMPRODUCT(NOT(ISBLANK(DW$3:DW$3))*(DW$3:DW$3=$GN$3:$GN$3)) -> 0 | DX9: =SUMPRODUCT(NOT(ISBLANK(DX$3:DX$3))*(DX$3:DX$3=$GI$3:$GI$3)) -> 0 | DY9: =SUMPRODUCT(NOT(ISBLANK(DY$3:DY$3))*(DY$3:DY$3=$GJ$3:$GJ$3)) -> 0 | EA9: =SUMPRODUCT(NOT(ISBLANK(EA$3:EA$3))*(EA$3:EA$3=$GK$3:$GK$3)) -> 0 | EB9: =SUMPRODUCT(NOT(ISBLANK(EB$3:EB$3))*(EB$3:EB$3=$GL$3:$GL$3)) -> 0 | EC9: =SUMPRODUCT(NOT(ISBLANK(EC$3:EC$3))*(EC$3:EC$3=$GM$3:$GM$3)) -> 0 | ED9: =SUMPRODUCT(NOT(ISBLANK(ED$3:ED$3))*(ED$3:ED$3=$GN$3:$GN$3)) -> 0 | EE9: =SUMPRODUCT(NOT(ISBLANK(EE$3:EE$3))*(EE$3:EE$3=$GI$3:$GI$3)) -> 0 | EF9: =SUMPRODUCT(NOT(ISBLANK(EF$3:EF$3))*(EF$3:EF$3=$GJ$3:$GJ$3)) -> 0 | EH9: =SUMPRODUCT(NOT(ISBLANK(EH$3:EH$3))*(EH$3:EH$3=$GK$3:$GK$3)) -> 0 | EI9: =SUMPRODUCT(NOT(ISBLANK(EI$3:EI$3))*(EI$3:EI$3=$GL$3:$GL$3)) -> 0 | EJ9: =SUMPRODUCT(NOT(ISBLANK(EJ$3:EJ$3))*(EJ$3:EJ$3=$GM$3:$GM$3)) -> 0 | EK9: =SUMPRODUCT(NOT(ISBLANK(EK$3:EK$3))*(EK$3:EK$3=$GN$3:$GN$3)) -> 0 | EL9: =SUMPRODUCT(NOT(ISBLANK(EL$3:EL$3))*(EL$3:EL$3=$GI$3:$GI$3)) -> 0 | EM9: =SUMPRODUCT(NOT(ISBLANK(EM$3:EM$3))*(EM$3:EM$3=$GJ$3:$GJ$3)) -> 0 | EO9: =SUMPRODUCT(NOT(ISBLANK(EO$3:EO$3))*(EO$3:EO$3=$GK$3:$GK$3)) -> 0 | EP9: =SUMPRODUCT(NOT(ISBLANK(EP$3:EP$3))*(EP$3:EP$3=$GL$3:$GL$3)) -> 0 | EQ9: =SUMPRODUCT(NOT(ISBLANK(EQ$3:EQ$3))*(EQ$3:EQ$3=$GM$3:$GM$3)) -> 0 | ER9: =SUMPRODUCT(NOT(ISBLANK(ER$3:ER$3))*(ER$3:ER$3=$GN$3:$GN$3)) -> 0 | ES9: =SUMPRODUCT(NOT(ISBLANK(ES$3:ES$3))*(ES$3:ES$3=$GI$3:$GI$3)) -> 0 | ET9: =SUMPRODUCT(NOT(ISBLANK(ET$3:ET$3))*(ET$3:ET$3=$GJ$3:$GJ$3)) -> 0 | EV9: =SUMPRODUCT(NOT(ISBLANK(EV$3:EV$3))*(EV$3:EV$3=$GK$3:$GK$3)) -> 0 | EW9: =SUMPRODUCT(NOT(ISBLANK(EW$3:EW$3))*(EW$3:EW$3=$GL$3:$GL$3)) -> 0 | EX9: =SUMPRODUCT(NOT(ISBLANK(EX$3:EX$3))*(EX$3:EX$3=$GM$3:$GM$3)) -> 0 | EY9: =SUMPRODUCT(NOT(ISBLANK(EY$3:EY$3))*(EY$3:EY$3=$GN$3:$GN$3)) -> 0 | EZ9: =SUMPRODUCT(NOT(ISBLANK(EZ$3:EZ$3))*(EZ$3:EZ$3=$GI$3:$GI$3)) -> 0 | FA9: =SUMPRODUCT(NOT(ISBLANK(FA$3:FA$3))*(FA$3:FA$3=$GJ$3:$GJ$3)) -> 0 | FC9: =SUMPRODUCT(NOT(ISBLANK(FC$3:FC$3))*(FC$3:FC$3=$GK$3:$GK$3)) -> 0 | FD9: =SUMPRODUCT(NOT(ISBLANK(FD$3:FD$3))*(FD$3:FD$3=$GL$3:$GL$3)) -> 0 | FE9: =SUMPRODUCT(NOT(ISBLANK(FE$3:FE$3))*(FE$3:FE$3=$GM$3:$GM$3)) -> 0 | FF9: =SUMPRODUCT(NOT(ISBLANK(FF$3:FF$3))*(FF$3:FF$3=$GN$3:$GN$3)) -> 0 | FG9: =SUMPRODUCT(NOT(ISBLANK(FG$3:FG$3))*(FG$3:FG$3=$GI$3:$GI$3)) -> 0 | FH9: =SUMPRODUCT(NOT(ISBLANK(FH$3:FH$3))*(FH$3:FH$3=$GJ$3:$GJ$3)) -> 0 | FJ9: =SUMPRODUCT(NOT(ISBLANK(FJ$3:FJ$3))*(FJ$3:FJ$3=$GK$3:$GK$3)) -> 0 | FK9: =SUMPRODUCT(NOT(ISBLANK(FK$3:FK$3))*(FK$3:FK$3=$GL$3:$GL$3)) -> 0 | FL9: =SUMPRODUCT(NOT(ISBLANK(FL$3:FL$3))*(FL$3:FL$3=$GM$3:$GM$3)) -> 0 | FM9: =SUMPRODUCT(NOT(ISBLANK(FM$3:FM$3))*(FM$3:FM$3=$GN$3:$GN$3)) -> 0 | FN9: =SUMPRODUCT(NOT(ISBLANK(FN$3:FN$3))*(FN$3:FN$3=$GI$3:$GI$3)) -> 0 | FO9: =SUMPRODUCT(NOT(ISBLANK(FO$3:FO$3))*(FO$3:FO$3=$GJ$3:$GJ$3)) -> 0 | FQ9: =SUMPRODUCT(NOT(ISBLANK(FQ$3:FQ$3))*(FQ$3:FQ$3=$GK$3:$GK$3)) -> 0 | FR9: =SUMPRODUCT(NOT(ISBLANK(FR$3:FR$3))*(FR$3:FR$3=$GL$3:$GL$3)) -> 0 | FS9: =SUMPRODUCT(NOT(ISBLANK(FS$3:FS$3))*(FS$3:FS$3=$GM$3:$GM$3)) -> 0 | FT9: =SUMPRODUCT(NOT(ISBLANK(FT$3:FT$3))*(FT$3:FT$3=$GN$3:$GN$3)) -> 0 | FU9: =SUMPRODUCT(NOT(ISBLANK(FU$3:FU$3))*(FU$3:FU$3=$GI$3:$GI$3)) -> 0 | FV9: =SUMPRODUCT(NOT(ISBLANK(FV$3:FV$3))*(FV$3:FV$3=$GJ$3:$GJ$3)) -> 0 | FX9: =SUMPRODUCT(NOT(ISBLANK(FX$3:FX$3))*(FX$3:FX$3=$GK$3:$GK$3)) -> 0 | FY9: =SUMPRODUCT(NOT(ISBLANK(FY$3:FY$3))*(FY$3:FY$3=$GL$3:$GL$3)) -> 0 | FZ9: =SUMPRODUCT(NOT(ISBLANK(FZ$3:FZ$3))*(FZ$3:FZ$3=$GM$3:$GM$3)) -> 0 | GA9: =SUMPRODUCT(NOT(ISBLANK(GA$3:GA$3))*(GA$3:GA$3=$GN$3:$GN$3)) -> 0 | GB9: =SUMPRODUCT(NOT(ISBLANK(GB$3:GB$3))*(GB$3:GB$3=$GI$3:$GI$3)) -> 0 | GC9: =SUMPRODUCT(NOT(ISBLANK(GC$3:GC$3))*(GC$3:GC$3=$GJ$3:$GJ$3)) -> 0 | GE9: =SUMPRODUCT(NOT(ISBLANK(GE$3:GE$3))*(GE$3:GE$3=$GK$3:$GK$3)) -> 0 | GF9: =SUMPRODUCT(NOT(ISBLANK(GF$3:GF$3))*(GF$3:GF$3=$GL$3:$GL$3)) -> 0 | GG9: =SUMPRODUCT(NOT(ISBLANK(GG$3:GG$3))*(GG$3:GG$3=$GM$3:$GM$3)) -> 0 | GH9: =SUMPRODUCT(NOT(ISBLANK(GH$3:GH$3))*(GH$3:GH$3=$GN$3:$GN$3)) -> 0
A10: BETTER | B10: =SUMPRODUCT(NOT(ISBLANK(B$3:B$3))*(B$3:B$3<$GO$3:$GO$3)) -> 0 | C10: =SUMPRODUCT(NOT(ISBLANK(C$3:C$3))*(C$3:C$3<$GP$3:$GP$3)) -> 0 | E10: =SUMPRODUCT(NOT(ISBLANK(E$3:E$3))*(E$3:E$3<$GQ$3:$GQ$3)) -> 0 | F10: =SUMPRODUCT(NOT(ISBLANK(F$3:F$3))*(F$3:F$3<$GR$3:$GR$3)) -> 0 | G10: =SUMPRODUCT(NOT(ISBLANK(G$3:G$3))*(G$3:G$3<$GS$3:$GS$3)) -> 0 | H10: =SUMPRODUCT(NOT(ISBLANK(H$3:H$3))*(H$3:H$3<$GT$3:$GT$3)) -> 0 | I10: =SUMPRODUCT(NOT(ISBLANK(I$3:I$3))*(I$3:I$3<$GO$3:$GO$3)) -> 0 | J10: =SUMPRODUCT(NOT(ISBLANK(J$3:J$3))*(J$3:J$3<$GP$3:$GP$3)) -> 0 | L10: =SUMPRODUCT(NOT(ISBLANK(L$3:L$3))*(L$3:L$3<$GQ$3:$GQ$3)) -> 0 | M10: =SUMPRODUCT(NOT(ISBLANK(M$3:M$3))*(M$3:M$3<$GR$3:$GR$3)) -> 0 | N10: =SUMPRODUCT(NOT(ISBLANK(N$3:N$3))*(N$3:N$3<$GS$3:$GS$3)) -> 0 | O10: =SUMPRODUCT(NOT(ISBLANK(O$3:O$3))*(O$3:O$3<$GT$3:$GT$3)) -> 0 | P10: =SUMPRODUCT(NOT(ISBLANK(P$3:P$3))*(P$3:P$3<$GO$3:$GO$3)) -> 0 | Q10: =SUMPRODUCT(NOT(ISBLANK(Q$3:Q$3))*(Q$3:Q$3<$GP$3:$GP$3)) -> 0 | S10: =SUMPRODUCT(NOT(ISBLANK(S$3:S$3))*(S$3:S$3<$GQ$3:$GQ$3)) -> 0 | T10: =SUMPRODUCT(NOT(ISBLANK(T$3:T$3))*(T$3:T$3<$GR$3:$GR$3)) -> 0 | U10: =SUMPRODUCT(NOT(ISBLANK(U$3:U$3))*(U$3:U$3<$GS$3:$GS$3)) -> 0 | V10: =SUMPRODUCT(NOT(ISBLANK(V$3:V$3))*(V$3:V$3<$GT$3:$GT$3)) -> 0 | W10: =SUMPRODUCT(NOT(ISBLANK(W$3:W$3))*(W$3:W$3<$GO$3:$GO$3)) -> 0 | X10: =SUMPRODUCT(NOT(ISBLANK(X$3:X$3))*(X$3:X$3<$GP$3:$GP$3)) -> 0 | Z10: =SUMPRODUCT(NOT(ISBLANK(Z$3:Z$3))*(Z$3:Z$3<$GQ$3:$GQ$3)) -> 0 | AA10: =SUMPRODUCT(NOT(ISBLANK(AA$3:AA$3))*(AA$3:AA$3<$GR$3:$GR$3)) -> 0 | AB10: =SUMPRODUCT(NOT(ISBLANK(AB$3:AB$3))*(AB$3:AB$3<$GS$3:$GS$3)) -> 0 | AC10: =SUMPRODUCT(NOT(ISBLANK(AC$3:AC$3))*(AC$3:AC$3<$GT$3:$GT$3)) -> 0 | AD10: =SUMPRODUCT(NOT(ISBLANK(AD$3:AD$3))*(AD$3:AD$3<$GO$3:$GO$3)) -> 0 | AE10: =SUMPRODUCT(NOT(ISBLANK(AE$3:AE$3))*(AE$3:AE$3<$GP$3:$GP$3)) -> 0 | AG10: =SUMPRODUCT(NOT(ISBLANK(AG$3:AG$3))*(AG$3:AG$3<$GQ$3:$GQ$3)) -> 0 | AH10: =SUMPRODUCT(NOT(ISBLANK(AH$3:AH$3))*(AH$3:AH$3<$GR$3:$GR$3)) -> 0 | AI10: =SUMPRODUCT(NOT(ISBLANK(AI$3:AI$3))*(AI$3:AI$3<$GS$3:$GS$3)) -> 0 | AJ10: =SUMPRODUCT(NOT(ISBLANK(AJ$3:AJ$3))*(AJ$3:AJ$3<$GT$3:$GT$3)) -> 0 | AK10: =SUMPRODUCT(NOT(ISBLANK(AK$3:AK$3))*(AK$3:AK$3<$GO$3:$GO$3)) -> 0 | AL10: =SUMPRODUCT(NOT(ISBLANK(AL$3:AL$3))*(AL$3:AL$3<$GP$3:$GP$3)) -> 0 | AN10: =SUMPRODUCT(NOT(ISBLANK(AN$3:AN$3))*(AN$3:AN$3<$GQ$3:$GQ$3)) -> 0 | AO10: =SUMPRODUCT(NOT(ISBLANK(AO$3:AO$3))*(AO$3:AO$3<$GR$3:$GR$3)) -> 0 | AP10: =SUMPRODUCT(NOT(ISBLANK(AP$3:AP$3))*(AP$3:AP$3<$GS$3:$GS$3)) -> 0 | AQ10: =SUMPRODUCT(NOT(ISBLANK(AQ$3:AQ$3))*(AQ$3:AQ$3<$GT$3:$GT$3)) -> 0 | AR10: =SUMPRODUCT(NOT(ISBLANK(AR$3:AR$3))*(AR$3:AR$3<$GO$3:$GO$3)) -> 0 | AS10: =SUMPRODUCT(NOT(ISBLANK(AS$3:AS$3))*(AS$3:AS$3<$GP$3:$GP$3)) -> 0 | AU10: =SUMPRODUCT(NOT(ISBLANK(AU$3:AU$3))*(AU$3:AU$3<$GQ$3:$GQ$3)) -> 0 | AV10: =SUMPRODUCT(NOT(ISBLANK(AV$3:AV$3))*(AV$3:AV$3<$GR$3:$GR$3)) -> 0 | AW10: =SUMPRODUCT(NOT(ISBLANK(AW$3:AW$3))*(AW$3:AW$3<$GS$3:$GS$3)) -> 0 | AX10: =SUMPRODUCT(NOT(ISBLANK(AX$3:AX$3))*(AX$3:AX$3<$GT$3:$GT$3)) -> 0 | AY10: =SUMPRODUCT(NOT(ISBLANK(AY$3:AY$3))*(AY$3:AY$3<$GO$3:$GO$3)) -> 0 | AZ10: =SUMPRODUCT(NOT(ISBLANK(AZ$3:AZ$3))*(AZ$3:AZ$3<$GP$3:$GP$3)) -> 0 | BB10: =SUMPRODUCT(NOT(ISBLANK(BB$3:BB$3))*(BB$3:BB$3<$GQ$3:$GQ$3)) -> 0 | BC10: =SUMPRODUCT(NOT(ISBLANK(BC$3:BC$3))*(BC$3:BC$3<$GR$3:$GR$3)) -> 0 | BD10: =SUMPRODUCT(NOT(ISBLANK(BD$3:BD$3))*(BD$3:BD$3<$GS$3:$GS$3)) -> 0 | BE10: =SUMPRODUCT(NOT(ISBLANK(BE$3:BE$3))*(BE$3:BE$3<$GT$3:$GT$3)) -> 0 | BF10: =SUMPRODUCT(NOT(ISBLANK(BF$3:BF$3))*(BF$3:BF$3<$GO$3:$GO$3)) -> 0 | BG10: =SUMPRODUCT(NOT(ISBLANK(BG$3:BG$3))*(BG$3:BG$3<$GP$3:$GP$3)) -> 0 | BI10: =SUMPRODUCT(NOT(ISBLANK(BI$3:BI$3))*(BI$3:BI$3<$GQ$3:$GQ$3)) -> 0 | BJ10: =SUMPRODUCT(NOT(ISBLANK(BJ$3:BJ$3))*(BJ$3:BJ$3<$GR$3:$GR$3)) -> 0 | BK10: =SUMPRODUCT(NOT(ISBLANK(BK$3:BK$3))*(BK$3:BK$3<$GS$3:$GS$3)) -> 0 | BL10: =SUMPRODUCT(NOT(ISBLANK(BL$3:BL$3))*(BL$3:BL$3<$GT$3:$GT$3)) -> 0 | BM10: =SUMPRODUCT(NOT(ISBLANK(BM$3:BM$3))*(BM$3:BM$3<$GO$3:$GO$3)) -> 0 | BN10: =SUMPRODUCT(NOT(ISBLANK(BN$3:BN$3))*(BN$3:BN$3<$GP$3:$GP$3)) -> 0 | BP10: =SUMPRODUCT(NOT(ISBLANK(BP$3:BP$3))*(BP$3:BP$3<$GQ$3:$GQ$3)) -> 0 | BQ10: =SUMPRODUCT(NOT(ISBLANK(BQ$3:BQ$3))*(BQ$3:BQ$3<$GR$3:$GR$3)) -> 0 | BR10: =SUMPRODUCT(NOT(ISBLANK(BR$3:BR$3))*(BR$3:BR$3<$GS$3:$GS$3)) -> 0 | BS10: =SUMPRODUCT(NOT(ISBLANK(BS$3:BS$3))*(BS$3:BS$3<$GT$3:$GT$3)) -> 0 | BT10: =SUMPRODUCT(NOT(ISBLANK(BT$3:BT$3))*(BT$3:BT$3<$GO$3:$GO$3)) -> 0 | BU10: =SUMPRODUCT(NOT(ISBLANK(BU$3:BU$3))*(BU$3:BU$3<$GP$3:$GP$3)) -> 0 | BW10: =SUMPRODUCT(NOT(ISBLANK(BW$3:BW$3))*(BW$3:BW$3<$GQ$3:$GQ$3)) -> 0 | BX10: =SUMPRODUCT(NOT(ISBLANK(BX$3:BX$3))*(BX$3:BX$3<$GR$3:$GR$3)) -> 0 | BY10: =SUMPRODUCT(NOT(ISBLANK(BY$3:BY$3))*(BY$3:BY$3<$GS$3:$GS$3)) -> 0 | BZ10: =SUMPRODUCT(NOT(ISBLANK(BZ$3:BZ$3))*(BZ$3:BZ$3<$GT$3:$GT$3)) -> 0 | CA10: =SUMPRODUCT(NOT(ISBLANK(CA$3:CA$3))*(CA$3:CA$3<$GO$3:$GO$3)) -> 0 | CB10: =SUMPRODUCT(NOT(ISBLANK(CB$3:CB$3))*(CB$3:CB$3<$GP$3:$GP$3)) -> 0 | CD10: =SUMPRODUCT(NOT(ISBLANK(CD$3:CD$3))*(CD$3:CD$3<$GQ$3:$GQ$3)) -> 0 | CE10: =SUMPRODUCT(NOT(ISBLANK(CE$3:CE$3))*(CE$3:CE$3<$GR$3:$GR$3)) -> 0 | CF10: =SUMPRODUCT(NOT(ISBLANK(CF$3:CF$3))*(CF$3:CF$3<$GS$3:$GS$3)) -> 0 | CG10: =SUMPRODUCT(NOT(ISBLANK(CG$3:CG$3))*(CG$3:CG$3<$GT$3:$GT$3)) -> 0 | CH10: =SUMPRODUCT(NOT(ISBLANK(CH$3:CH$3))*(CH$3:CH$3<$GO$3:$GO$3)) -> 0 | CI10: =SUMPRODUCT(NOT(ISBLANK(CI$3:CI$3))*(CI$3:CI$3<$GP$3:$GP$3)) -> 0 | CK10: =SUMPRODUCT(NOT(ISBLANK(CK$3:CK$3))*(CK$3:CK$3<$GQ$3:$GQ$3)) -> 0 | CL10: =SUMPRODUCT(NOT(ISBLANK(CL$3:CL$3))*(CL$3:CL$3<$GR$3:$GR$3)) -> 0 | CM10: =SUMPRODUCT(NOT(ISBLANK(CM$3:CM$3))*(CM$3:CM$3<$GS$3:$GS$3)) -> 0 | CN10: =SUMPRODUCT(NOT(ISBLANK(CN$3:CN$3))*(CN$3:CN$3<$GT$3:$GT$3)) -> 0 | CO10: =SUMPRODUCT(NOT(ISBLANK(CO$3:CO$3))*(CO$3:CO$3<$GO$3:$GO$3)) -> 0 | CP10: =SUMPRODUCT(NOT(ISBLANK(CP$3:CP$3))*(CP$3:CP$3<$GP$3:$GP$3)) -> 0 | CR10: =SUMPRODUCT(NOT(ISBLANK(CR$3:CR$3))*(CR$3:CR$3<$GQ$3:$GQ$3)) -> 0 | CS10: =SUMPRODUCT(NOT(ISBLANK(CS$3:CS$3))*(CS$3:CS$3<$GR$3:$GR$3)) -> 0 | CT10: =SUMPRODUCT(NOT(ISBLANK(CT$3:CT$3))*(CT$3:CT$3<$GS$3:$GS$3)) -> 0 | CU10: =SUMPRODUCT(NOT(ISBLANK(CU$3:CU$3))*(CU$3:CU$3<$GT$3:$GT$3)) -> 0 | CV10: =SUMPRODUCT(NOT(ISBLANK(CV$3:CV$3))*(CV$3:CV$3<$GO$3:$GO$3)) -> 0 | CW10: =SUMPRODUCT(NOT(ISBLANK(CW$3:CW$3))*(CW$3:CW$3<$GP$3:$GP$3)) -> 0 | CY10: =SUMPRODUCT(NOT(ISBLANK(CY$3:CY$3))*(CY$3:CY$3<$GQ$3:$GQ$3)) -> 0 | CZ10: =SUMPRODUCT(NOT(ISBLANK(CZ$3:CZ$3))*(CZ$3:CZ$3<$GR$3:$GR$3)) -> 0 | DA10: =SUMPRODUCT(NOT(ISBLANK(DA$3:DA$3))*(DA$3:DA$3<$GS$3:$GS$3)) -> 0 | DB10: =SUMPRODUCT(NOT(ISBLANK(DB$3:DB$3))*(DB$3:DB$3<$GT$3:$GT$3)) -> 0 | DC10: =SUMPRODUCT(NOT(ISBLANK(DC$3:DC$3))*(DC$3:DC$3<$GO$3:$GO$3)) -> 0 | DD10: =SUMPRODUCT(NOT(ISBLANK(DD$3:DD$3))*(DD$3:DD$3<$GP$3:$GP$3)) -> 0 | DF10: =SUMPRODUCT(NOT(ISBLANK(DF$3:DF$3))*(DF$3:DF$3<$GQ$3:$GQ$3)) -> 0 | DG10: =SUMPRODUCT(NOT(ISBLANK(DG$3:DG$3))*(DG$3:DG$3<$GR$3:$GR$3)) -> 0 | DH10: =SUMPRODUCT(NOT(ISBLANK(DH$3:DH$3))*(DH$3:DH$3<$GS$3:$GS$3)) -> 0 | DI10: =SUMPRODUCT(NOT(ISBLANK(DI$3:DI$3))*(DI$3:DI$3<$GT$3:$GT$3)) -> 0 | DJ10: =SUMPRODUCT(NOT(ISBLANK(DJ$3:DJ$3))*(DJ$3:DJ$3<$GO$3:$GO$3)) -> 0 | DK10: =SUMPRODUCT(NOT(ISBLANK(DK$3:DK$3))*(DK$3:DK$3<$GP$3:$GP$3)) -> 0 | DM10: =SUMPRODUCT(NOT(ISBLANK(DM$3:DM$3))*(DM$3:DM$3<$GQ$3:$GQ$3)) -> 0 | DN10: =SUMPRODUCT(NOT(ISBLANK(DN$3:DN$3))*(DN$3:DN$3<$GR$3:$GR$3)) -> 0 | DO10: =SUMPRODUCT(NOT(ISBLANK(DO$3:DO$3))*(DO$3:DO$3<$GS$3:$GS$3)) -> 0 | DP10: =SUMPRODUCT(NOT(ISBLANK(DP$3:DP$3))*(DP$3:DP$3<$GT$3:$GT$3)) -> 0 | DQ10: =SUMPRODUCT(NOT(ISBLANK(DQ$3:DQ$3))*(DQ$3:DQ$3<$GO$3:$GO$3)) -> 0 | DR10: =SUMPRODUCT(NOT(ISBLANK(DR$3:DR$3))*(DR$3:DR$3<$GP$3:$GP$3)) -> 0 | DT10: =SUMPRODUCT(NOT(ISBLANK(DT$3:DT$3))*(DT$3:DT$3<$GQ$3:$GQ$3)) -> 0 | DU10: =SUMPRODUCT(NOT(ISBLANK(DU$3:DU$3))*(DU$3:DU$3<$GR$3:$GR$3)) -> 0 | DV10: =SUMPRODUCT(NOT(ISBLANK(DV$3:DV$3))*(DV$3:DV$3<$GS$3:$GS$3)) -> 0 | DW10: =SUMPRODUCT(NOT(ISBLANK(DW$3:DW$3))*(DW$3:DW$3<$GT$3:$GT$3)) -> 0 | DX10: =SUMPRODUCT(NOT(ISBLANK(DX$3:DX$3))*(DX$3:DX$3<$GO$3:$GO$3)) -> 0 | DY10: =SUMPRODUCT(NOT(ISBLANK(DY$3:DY$3))*(DY$3:DY$3<$GP$3:$GP$3)) -> 0 | EA10: =SUMPRODUCT(NOT(ISBLANK(EA$3:EA$3))*(EA$3:EA$3<$GQ$3:$GQ$3)) -> 0 | EB10: =SUMPRODUCT(NOT(ISBLANK(EB$3:EB$3))*(EB$3:EB$3<$GR$3:$GR$3)) -> 0 | EC10: =SUMPRODUCT(NOT(ISBLANK(EC$3:EC$3))*(EC$3:EC$3<$GS$3:$GS$3)) -> 0 | ED10: =SUMPRODUCT(NOT(ISBLANK(ED$3:ED$3))*(ED$3:ED$3<$GT$3:$GT$3)) -> 0 | EE10: =SUMPRODUCT(NOT(ISBLANK(EE$3:EE$3))*(EE$3:EE$3<$GO$3:$GO$3)) -> 0 | EF10: =SUMPRODUCT(NOT(ISBLANK(EF$3:EF$3))*(EF$3:EF$3<$GP$3:$GP$3)) -> 0 | EH10: =SUMPRODUCT(NOT(ISBLANK(EH$3:EH$3))*(EH$3:EH$3<$GQ$3:$GQ$3)) -> 0 | EI10: =SUMPRODUCT(NOT(ISBLANK(EI$3:EI$3))*(EI$3:EI$3<$GR$3:$GR$3)) -> 0 | EJ10: =SUMPRODUCT(NOT(ISBLANK(EJ$3:EJ$3))*(EJ$3:EJ$3<$GS$3:$GS$3)) -> 0 | EK10: =SUMPRODUCT(NOT(ISBLANK(EK$3:EK$3))*(EK$3:EK$3<$GT$3:$GT$3)) -> 0 | EL10: =SUMPRODUCT(NOT(ISBLANK(EL$3:EL$3))*(EL$3:EL$3<$GO$3:$GO$3)) -> 0 | EM10: =SUMPRODUCT(NOT(ISBLANK(EM$3:EM$3))*(EM$3:EM$3<$GP$3:$GP$3)) -> 0 | EO10: =SUMPRODUCT(NOT(ISBLANK(EO$3:EO$3))*(EO$3:EO$3<$GQ$3:$GQ$3)) -> 0 | EP10: =SUMPRODUCT(NOT(ISBLANK(EP$3:EP$3))*(EP$3:EP$3<$GR$3:$GR$3)) -> 0 | EQ10: =SUMPRODUCT(NOT(ISBLANK(EQ$3:EQ$3))*(EQ$3:EQ$3<$GS$3:$GS$3)) -> 0 | ER10: =SUMPRODUCT(NOT(ISBLANK(ER$3:ER$3))*(ER$3:ER$3<$GT$3:$GT$3)) -> 0 | ES10: =SUMPRODUCT(NOT(ISBLANK(ES$3:ES$3))*(ES$3:ES$3<$GO$3:$GO$3)) -> 0 | ET10: =SUMPRODUCT(NOT(ISBLANK(ET$3:ET$3))*(ET$3:ET$3<$GP$3:$GP$3)) -> 0 | EV10: =SUMPRODUCT(NOT(ISBLANK(EV$3:EV$3))*(EV$3:EV$3<$GQ$3:$GQ$3)) -> 0 | EW10: =SUMPRODUCT(NOT(ISBLANK(EW$3:EW$3))*(EW$3:EW$3<$GR$3:$GR$3)) -> 0 | EX10: =SUMPRODUCT(NOT(ISBLANK(EX$3:EX$3))*(EX$3:EX$3<$GS$3:$GS$3)) -> 0 | EY10: =SUMPRODUCT(NOT(ISBLANK(EY$3:EY$3))*(EY$3:EY$3<$GT$3:$GT$3)) -> 0 | EZ10: =SUMPRODUCT(NOT(ISBLANK(EZ$3:EZ$3))*(EZ$3:EZ$3<$GO$3:$GO$3)) -> 0 | FA10: =SUMPRODUCT(NOT(ISBLANK(FA$3:FA$3))*(FA$3:FA$3<$GP$3:$GP$3)) -> 0 | FC10: =SUMPRODUCT(NOT(ISBLANK(FC$3:FC$3))*(FC$3:FC$3<$GQ$3:$GQ$3)) -> 0 | FD10: =SUMPRODUCT(NOT(ISBLANK(FD$3:FD$3))*(FD$3:FD$3<$GR$3:$GR$3)) -> 0 | FE10: =SUMPRODUCT(NOT(ISBLANK(FE$3:FE$3))*(FE$3:FE$3<$GS$3:$GS$3)) -> 0 | FF10: =SUMPRODUCT(NOT(ISBLANK(FF$3:FF$3))*(FF$3:FF$3<$GT$3:$GT$3)) -> 0 | FG10: =SUMPRODUCT(NOT(ISBLANK(FG$3:FG$3))*(FG$3:FG$3<$GO$3:$GO$3)) -> 0 | FH10: =SUMPRODUCT(NOT(ISBLANK(FH$3:FH$3))*(FH$3:FH$3<$GP$3:$GP$3)) -> 0 | FJ10: =SUMPRODUCT(NOT(ISBLANK(FJ$3:FJ$3))*(FJ$3:FJ$3<$GQ$3:$GQ$3)) -> 0 | FK10: =SUMPRODUCT(NOT(ISBLANK(FK$3:FK$3))*(FK$3:FK$3<$GR$3:$GR$3)) -> 0 | FL10: =SUMPRODUCT(NOT(ISBLANK(FL$3:FL$3))*(FL$3:FL$3<$GS$3:$GS$3)) -> 0 | FM10: =SUMPRODUCT(NOT(ISBLANK(FM$3:FM$3))*(FM$3:FM$3<$GT$3:$GT$3)) -> 0 | FN10: =SUMPRODUCT(NOT(ISBLANK(FN$3:FN$3))*(FN$3:FN$3<$GO$3:$GO$3)) -> 0 | FO10: =SUMPRODUCT(NOT(ISBLANK(FO$3:FO$3))*(FO$3:FO$3<$GP$3:$GP$3)) -> 0 | FQ10: =SUMPRODUCT(NOT(ISBLANK(FQ$3:FQ$3))*(FQ$3:FQ$3<$GQ$3:$GQ$3)) -> 0 | FR10: =SUMPRODUCT(NOT(ISBLANK(FR$3:FR$3))*(FR$3:FR$3<$GR$3:$GR$3)) -> 0 | FS10: =SUMPRODUCT(NOT(ISBLANK(FS$3:FS$3))*(FS$3:FS$3<$GS$3:$GS$3)) -> 0 | FT10: =SUMPRODUCT(NOT(ISBLANK(FT$3:FT$3))*(FT$3:FT$3<$GT$3:$GT$3)) -> 0 | FU10: =SUMPRODUCT(NOT(ISBLANK(FU$3:FU$3))*(FU$3:FU$3<$GO$3:$GO$3)) -> 0 | FV10: =SUMPRODUCT(NOT(ISBLANK(FV$3:FV$3))*(FV$3:FV$3<$GP$3:$GP$3)) -> 0 | FX10: =SUMPRODUCT(NOT(ISBLANK(FX$3:FX$3))*(FX$3:FX$3<$GQ$3:$GQ$3)) -> 0 | FY10: =SUMPRODUCT(NOT(ISBLANK(FY$3:FY$3))*(FY$3:FY$3<$GR$3:$GR$3)) -> 0 | FZ10: =SUMPRODUCT(NOT(ISBLANK(FZ$3:FZ$3))*(FZ$3:FZ$3<$GS$3:$GS$3)) -> 0 | GA10: =SUMPRODUCT(NOT(ISBLANK(GA$3:GA$3))*(GA$3:GA$3<$GT$3:$GT$3)) -> 0 | GB10: =SUMPRODUCT(NOT(ISBLANK(GB$3:GB$3))*(GB$3:GB$3<$GO$3:$GO$3)) -> 0 | GC10: =SUMPRODUCT(NOT(ISBLANK(GC$3:GC$3))*(GC$3:GC$3<$GP$3:$GP$3)) -> 0 | GE10: =SUMPRODUCT(NOT(ISBLANK(GE$3:GE$3))*(GE$3:GE$3<$GQ$3:$GQ$3)) -> 0 | GF10: =SUMPRODUCT(NOT(ISBLANK(GF$3:GF$3))*(GF$3:GF$3<$GR$3:$GR$3)) -> 0 | GG10: =SUMPRODUCT(NOT(ISBLANK(GG$3:GG$3))*(GG$3:GG$3<$GS$3:$GS$3)) -> 0 | GH10: =SUMPRODUCT(NOT(ISBLANK(GH$3:GH$3))*(GH$3:GH$3<$GT$3:$GT$3)) -> 0
A11: WORSE | B11: =SUMPRODUCT((NOT(ISBLANK(B$3:B$3))*(B$3:B$3>$GO$3:$GO$3))+ISBLANK(B$3:B$3)) -> 0 | C11: =SUMPRODUCT((NOT(ISBLANK(C$3:C$3))*(C$3:C$3>$GP$3:$GP$3))+ISBLANK(C$3:C$3)) -> 0 | E11: =SUMPRODUCT((NOT(ISBLANK(E$3:E$3))*(E$3:E$3>$GQ$3:$GQ$3))+ISBLANK(E$3:E$3)) -> 0 | F11: =SUMPRODUCT((NOT(ISBLANK(F$3:F$3))*(F$3:F$3>$GR$3:$GR$3))+ISBLANK(F$3:F$3)) -> 0 | G11: =SUMPRODUCT((NOT(ISBLANK(G$3:G$3))*(G$3:G$3>$GS$3:$GS$3))+ISBLANK(G$3:G$3)) -> 0 | H11: =SUMPRODUCT((NOT(ISBLANK(H$3:H$3))*(H$3:H$3>$GT$3:$GT$3))+ISBLANK(H$3:H$3)) -> 0 | I11: =SUMPRODUCT((NOT(ISBLANK(I$3:I$3))*(I$3:I$3>$GO$3:$GO$3))+ISBLANK(I$3:I$3)) -> 0 | J11: =SUMPRODUCT((NOT(ISBLANK(J$3:J$3))*(J$3:J$3>$GP$3:$GP$3))+ISBLANK(J$3:J$3)) -> 0 | L11: =SUMPRODUCT((NOT(ISBLANK(L$3:L$3))*(L$3:L$3>$GQ$3:$GQ$3))+ISBLANK(L$3:L$3)) -> 0 | M11: =SUMPRODUCT((NOT(ISBLANK(M$3:M$3))*(M$3:M$3>$GR$3:$GR$3))+ISBLANK(M$3:M$3)) -> 0 | N11: =SUMPRODUCT((NOT(ISBLANK(N$3:N$3))*(N$3:N$3>$GS$3:$GS$3))+ISBLANK(N$3:N$3)) -> 0 | O11: =SUMPRODUCT((NOT(ISBLANK(O$3:O$3))*(O$3:O$3>$GT$3:$GT$3))+ISBLANK(O$3:O$3)) -> 0 | P11: =SUMPRODUCT((NOT(ISBLANK(P$3:P$3))*(P$3:P$3>$GO$3:$GO$3))+ISBLANK(P$3:P$3)) -> 0 | Q11: =SUMPRODUCT((NOT(ISBLANK(Q$3:Q$3))*(Q$3:Q$3>$GP$3:$GP$3))+ISBLANK(Q$3:Q$3)) -> 0 | S11: =SUMPRODUCT((NOT(ISBLANK(S$3:S$3))*(S$3:S$3>$GQ$3:$GQ$3))+ISBLANK(S$3:S$3)) -> 0 | T11: =SUMPRODUCT((NOT(ISBLANK(T$3:T$3))*(T$3:T$3>$GR$3:$GR$3))+ISBLANK(T$3:T$3)) -> 0 | U11: =SUMPRODUCT((NOT(ISBLANK(U$3:U$3))*(U$3:U$3>$GS$3:$GS$3))+ISBLANK(U$3:U$3)) -> 0 | V11: =SUMPRODUCT((NOT(ISBLANK(V$3:V$3))*(V$3:V$3>$GT$3:$GT$3))+ISBLANK(V$3:V$3)) -> 0 | W11: =SUMPRODUCT((NOT(ISBLANK(W$3:W$3))*(W$3:W$3>$GO$3:$GO$3))+ISBLANK(W$3:W$3)) -> 0 | X11: =SUMPRODUCT((NOT(ISBLANK(X$3:X$3))*(X$3:X$3>$GP$3:$GP$3))+ISBLANK(X$3:X$3)) -> 0 | Z11: =SUMPRODUCT((NOT(ISBLANK(Z$3:Z$3))*(Z$3:Z$3>$GQ$3:$GQ$3))+ISBLANK(Z$3:Z$3)) -> 0 | AA11: =SUMPRODUCT((NOT(ISBLANK(AA$3:AA$3))*(AA$3:AA$3>$GR$3:$GR$3))+ISBLANK(AA$3:AA$3)) -> 0 | AB11: =SUMPRODUCT((NOT(ISBLANK(AB$3:AB$3))*(AB$3:AB$3>$GS$3:$GS$3))+ISBLANK(AB$3:AB$3)) -> 0 | AC11: =SUMPRODUCT((NOT(ISBLANK(AC$3:AC$3))*(AC$3:AC$3>$GT$3:$GT$3))+ISBLANK(AC$3:AC$3)) -> 0 | AD11: =SUMPRODUCT((NOT(ISBLANK(AD$3:AD$3))*(AD$3:AD$3>$GO$3:$GO$3))+ISBLANK(AD$3:AD$3)) -> 0 | AE11: =SUMPRODUCT((NOT(ISBLANK(AE$3:AE$3))*(AE$3:AE$3>$GP$3:$GP$3))+ISBLANK(AE$3:AE$3)) -> 0 | AG11: =SUMPRODUCT((NOT(ISBLANK(AG$3:AG$3))*(AG$3:AG$3>$GQ$3:$GQ$3))+ISBLANK(AG$3:AG$3)) -> 0 | AH11: =SUMPRODUCT((NOT(ISBLANK(AH$3:AH$3))*(AH$3:AH$3>$GR$3:$GR$3))+ISBLANK(AH$3:AH$3)) -> 0 | AI11: =SUMPRODUCT((NOT(ISBLANK(AI$3:AI$3))*(AI$3:AI$3>$GS$3:$GS$3))+ISBLANK(AI$3:AI$3)) -> 0 | AJ11: =SUMPRODUCT((NOT(ISBLANK(AJ$3:AJ$3))*(AJ$3:AJ$3>$GT$3:$GT$3))+ISBLANK(AJ$3:AJ$3)) -> 0 | AK11: =SUMPRODUCT((NOT(ISBLANK(AK$3:AK$3))*(AK$3:AK$3>$GO$3:$GO$3))+ISBLANK(AK$3:AK$3)) -> 0 | AL11: =SUMPRODUCT((NOT(ISBLANK(AL$3:AL$3))*(AL$3:AL$3>$GP$3:$GP$3))+ISBLANK(AL$3:AL$3)) -> 0 | AN11: =SUMPRODUCT((NOT(ISBLANK(AN$3:AN$3))*(AN$3:AN$3>$GQ$3:$GQ$3))+ISBLANK(AN$3:AN$3)) -> 0 | AO11: =SUMPRODUCT((NOT(ISBLANK(AO$3:AO$3))*(AO$3:AO$3>$GR$3:$GR$3))+ISBLANK(AO$3:AO$3)) -> 0 | AP11: =SUMPRODUCT((NOT(ISBLANK(AP$3:AP$3))*(AP$3:AP$3>$GS$3:$GS$3))+ISBLANK(AP$3:AP$3)) -> 0 | AQ11: =SUMPRODUCT((NOT(ISBLANK(AQ$3:AQ$3))*(AQ$3:AQ$3>$GT$3:$GT$3))+ISBLANK(AQ$3:AQ$3)) -> 0 | AR11: =SUMPRODUCT((NOT(ISBLANK(AR$3:AR$3))*(AR$3:AR$3>$GO$3:$GO$3))+ISBLANK(AR$3:AR$3)) -> 0 | AS11: =SUMPRODUCT((NOT(ISBLANK(AS$3:AS$3))*(AS$3:AS$3>$GP$3:$GP$3))+ISBLANK(AS$3:AS$3)) -> 0 | AU11: =SUMPRODUCT((NOT(ISBLANK(AU$3:AU$3))*(AU$3:AU$3>$GQ$3:$GQ$3))+ISBLANK(AU$3:AU$3)) -> 0 | AV11: =SUMPRODUCT((NOT(ISBLANK(AV$3:AV$3))*(AV$3:AV$3>$GR$3:$GR$3))+ISBLANK(AV$3:AV$3)) -> 0 | AW11: =SUMPRODUCT((NOT(ISBLANK(AW$3:AW$3))*(AW$3:AW$3>$GS$3:$GS$3))+ISBLANK(AW$3:AW$3)) -> 0 | AX11: =SUMPRODUCT((NOT(ISBLANK(AX$3:AX$3))*(AX$3:AX$3>$GT$3:$GT$3))+ISBLANK(AX$3:AX$3)) -> 0 | AY11: =SUMPRODUCT((NOT(ISBLANK(AY$3:AY$3))*(AY$3:AY$3>$GO$3:$GO$3))+ISBLANK(AY$3:AY$3)) -> 0 | AZ11: =SUMPRODUCT((NOT(ISBLANK(AZ$3:AZ$3))*(AZ$3:AZ$3>$GP$3:$GP$3))+ISBLANK(AZ$3:AZ$3)) -> 0 | BB11: =SUMPRODUCT((NOT(ISBLANK(BB$3:BB$3))*(BB$3:BB$3>$GQ$3:$GQ$3))+ISBLANK(BB$3:BB$3)) -> 0 | BC11: =SUMPRODUCT((NOT(ISBLANK(BC$3:BC$3))*(BC$3:BC$3>$GR$3:$GR$3))+ISBLANK(BC$3:BC$3)) -> 0 | BD11: =SUMPRODUCT((NOT(ISBLANK(BD$3:BD$3))*(BD$3:BD$3>$GS$3:$GS$3))+ISBLANK(BD$3:BD$3)) -> 0 | BE11: =SUMPRODUCT((NOT(ISBLANK(BE$3:BE$3))*(BE$3:BE$3>$GT$3:$GT$3))+ISBLANK(BE$3:BE$3)) -> 0 | BF11: =SUMPRODUCT((NOT(ISBLANK(BF$3:BF$3))*(BF$3:BF$3>$GO$3:$GO$3))+ISBLANK(BF$3:BF$3)) -> 0 | BG11: =SUMPRODUCT((NOT(ISBLANK(BG$3:BG$3))*(BG$3:BG$3>$GP$3:$GP$3))+ISBLANK(BG$3:BG$3)) -> 0 | BI11: =SUMPRODUCT((NOT(ISBLANK(BI$3:BI$3))*(BI$3:BI$3>$GQ$3:$GQ$3))+ISBLANK(BI$3:BI$3)) -> 0 | BJ11: =SUMPRODUCT((NOT(ISBLANK(BJ$3:BJ$3))*(BJ$3:BJ$3>$GR$3:$GR$3))+ISBLANK(BJ$3:BJ$3)) -> 0 | BK11: =SUMPRODUCT((NOT(ISBLANK(BK$3:BK$3))*(BK$3:BK$3>$GS$3:$GS$3))+ISBLANK(BK$3:BK$3)) -> 0 | BL11: =SUMPRODUCT((NOT(ISBLANK(BL$3:BL$3))*(BL$3:BL$3>$GT$3:$GT$3))+ISBLANK(BL$3:BL$3)) -> 0 | BM11: =SUMPRODUCT((NOT(ISBLANK(BM$3:BM$3))*(BM$3:BM$3>$GO$3:$GO$3))+ISBLANK(BM$3:BM$3)) -> 0 | BN11: =SUMPRODUCT((NOT(ISBLANK(BN$3:BN$3))*(BN$3:BN$3>$GP$3:$GP$3))+ISBLANK(BN$3:BN$3)) -> 0 | BP11: =SUMPRODUCT((NOT(ISBLANK(BP$3:BP$3))*(BP$3:BP$3>$GQ$3:$GQ$3))+ISBLANK(BP$3:BP$3)) -> 0 | BQ11: =SUMPRODUCT((NOT(ISBLANK(BQ$3:BQ$3))*(BQ$3:BQ$3>$GR$3:$GR$3))+ISBLANK(BQ$3:BQ$3)) -> 0 | BR11: =SUMPRODUCT((NOT(ISBLANK(BR$3:BR$3))*(BR$3:BR$3>$GS$3:$GS$3))+ISBLANK(BR$3:BR$3)) -> 0 | BS11: =SUMPRODUCT((NOT(ISBLANK(BS$3:BS$3))*(BS$3:BS$3>$GT$3:$GT$3))+ISBLANK(BS$3:BS$3)) -> 0 | BT11: =SUMPRODUCT((NOT(ISBLANK(BT$3:BT$3))*(BT$3:BT$3>$GO$3:$GO$3))+ISBLANK(BT$3:BT$3)) -> 0 | BU11: =SUMPRODUCT((NOT(ISBLANK(BU$3:BU$3))*(BU$3:BU$3>$GP$3:$GP$3))+ISBLANK(BU$3:BU$3)) -> 0 | BW11: =SUMPRODUCT((NOT(ISBLANK(BW$3:BW$3))*(BW$3:BW$3>$GQ$3:$GQ$3))+ISBLANK(BW$3:BW$3)) -> 0 | BX11: =SUMPRODUCT((NOT(ISBLANK(BX$3:BX$3))*(BX$3:BX$3>$GR$3:$GR$3))+ISBLANK(BX$3:BX$3)) -> 0 | BY11: =SUMPRODUCT((NOT(ISBLANK(BY$3:BY$3))*(BY$3:BY$3>$GS$3:$GS$3))+ISBLANK(BY$3:BY$3)) -> 0 | BZ11: =SUMPRODUCT((NOT(ISBLANK(BZ$3:BZ$3))*(BZ$3:BZ$3>$GT$3:$GT$3))+ISBLANK(BZ$3:BZ$3)) -> 0 | CA11: =SUMPRODUCT((NOT(ISBLANK(CA$3:CA$3))*(CA$3:CA$3>$GO$3:$GO$3))+ISBLANK(CA$3:CA$3)) -> 0 | CB11: =SUMPRODUCT((NOT(ISBLANK(CB$3:CB$3))*(CB$3:CB$3>$GP$3:$GP$3))+ISBLANK(CB$3:CB$3)) -> 0 | CD11: =SUMPRODUCT((NOT(ISBLANK(CD$3:CD$3))*(CD$3:CD$3>$GQ$3:$GQ$3))+ISBLANK(CD$3:CD$3)) -> 0 | CE11: =SUMPRODUCT((NOT(ISBLANK(CE$3:CE$3))*(CE$3:CE$3>$GR$3:$GR$3))+ISBLANK(CE$3:CE$3)) -> 0 | CF11: =SUMPRODUCT((NOT(ISBLANK(CF$3:CF$3))*(CF$3:CF$3>$GS$3:$GS$3))+ISBLANK(CF$3:CF$3)) -> 0 | CG11: =SUMPRODUCT((NOT(ISBLANK(CG$3:CG$3))*(CG$3:CG$3>$GT$3:$GT$3))+ISBLANK(CG$3:CG$3)) -> 0 | CH11: =SUMPRODUCT((NOT(ISBLANK(CH$3:CH$3))*(CH$3:CH$3>$GO$3:$GO$3))+ISBLANK(CH$3:CH$3)) -> 0 | CI11: =SUMPRODUCT((NOT(ISBLANK(CI$3:CI$3))*(CI$3:CI$3>$GP$3:$GP$3))+ISBLANK(CI$3:CI$3)) -> 0 | CK11: =SUMPRODUCT((NOT(ISBLANK(CK$3:CK$3))*(CK$3:CK$3>$GQ$3:$GQ$3))+ISBLANK(CK$3:CK$3)) -> 0 | CL11: =SUMPRODUCT((NOT(ISBLANK(CL$3:CL$3))*(CL$3:CL$3>$GR$3:$GR$3))+ISBLANK(CL$3:CL$3)) -> 0 | CM11: =SUMPRODUCT((NOT(ISBLANK(CM$3:CM$3))*(CM$3:CM$3>$GS$3:$GS$3))+ISBLANK(CM$3:CM$3)) -> 0 | CN11: =SUMPRODUCT((NOT(ISBLANK(CN$3:CN$3))*(CN$3:CN$3>$GT$3:$GT$3))+ISBLANK(CN$3:CN$3)) -> 0 | CO11: =SUMPRODUCT((NOT(ISBLANK(CO$3:CO$3))*(CO$3:CO$3>$GO$3:$GO$3))+ISBLANK(CO$3:CO$3)) -> 0 | CP11: =SUMPRODUCT((NOT(ISBLANK(CP$3:CP$3))*(CP$3:CP$3>$GP$3:$GP$3))+ISBLANK(CP$3:CP$3)) -> 0 | CR11: =SUMPRODUCT((NOT(ISBLANK(CR$3:CR$3))*(CR$3:CR$3>$GQ$3:$GQ$3))+ISBLANK(CR$3:CR$3)) -> 0 | CS11: =SUMPRODUCT((NOT(ISBLANK(CS$3:CS$3))*(CS$3:CS$3>$GR$3:$GR$3))+ISBLANK(CS$3:CS$3)) -> 0 | CT11: =SUMPRODUCT((NOT(ISBLANK(CT$3:CT$3))*(CT$3:CT$3>$GS$3:$GS$3))+ISBLANK(CT$3:CT$3)) -> 0 | CU11: =SUMPRODUCT((NOT(ISBLANK(CU$3:CU$3))*(CU$3:CU$3>$GT$3:$GT$3))+ISBLANK(CU$3:CU$3)) -> 0 | CV11: =SUMPRODUCT((NOT(ISBLANK(CV$3:CV$3))*(CV$3:CV$3>$GO$3:$GO$3))+ISBLANK(CV$3:CV$3)) -> 0 | CW11: =SUMPRODUCT((NOT(ISBLANK(CW$3:CW$3))*(CW$3:CW$3>$GP$3:$GP$3))+ISBLANK(CW$3:CW$3)) -> 0 | CY11: =SUMPRODUCT((NOT(ISBLANK(CY$3:CY$3))*(CY$3:CY$3>$GQ$3:$GQ$3))+ISBLANK(CY$3:CY$3)) -> 0 | CZ11: =SUMPRODUCT((NOT(ISBLANK(CZ$3:CZ$3))*(CZ$3:CZ$3>$GR$3:$GR$3))+ISBLANK(CZ$3:CZ$3)) -> 0 | DA11: =SUMPRODUCT((NOT(ISBLANK(DA$3:DA$3))*(DA$3:DA$3>$GS$3:$GS$3))+ISBLANK(DA$3:DA$3)) -> 0 | DB11: =SUMPRODUCT((NOT(ISBLANK(DB$3:DB$3))*(DB$3:DB$3>$GT$3:$GT$3))+ISBLANK(DB$3:DB$3)) -> 0 | DC11: =SUMPRODUCT((NOT(ISBLANK(DC$3:DC$3))*(DC$3:DC$3>$GO$3:$GO$3))+ISBLANK(DC$3:DC$3)) -> 0 | DD11: =SUMPRODUCT((NOT(ISBLANK(DD$3:DD$3))*(DD$3:DD$3>$GP$3:$GP$3))+ISBLANK(DD$3:DD$3)) -> 0 | DF11: =SUMPRODUCT((NOT(ISBLANK(DF$3:DF$3))*(DF$3:DF$3>$GQ$3:$GQ$3))+ISBLANK(DF$3:DF$3)) -> 0 | DG11: =SUMPRODUCT((NOT(ISBLANK(DG$3:DG$3))*(DG$3:DG$3>$GR$3:$GR$3))+ISBLANK(DG$3:DG$3)) -> 0 | DH11: =SUMPRODUCT((NOT(ISBLANK(DH$3:DH$3))*(DH$3:DH$3>$GS$3:$GS$3))+ISBLANK(DH$3:DH$3)) -> 0 | DI11: =SUMPRODUCT((NOT(ISBLANK(DI$3:DI$3))*(DI$3:DI$3>$GT$3:$GT$3))+ISBLANK(DI$3:DI$3)) -> 0 | DJ11: =SUMPRODUCT((NOT(ISBLANK(DJ$3:DJ$3))*(DJ$3:DJ$3>$GO$3:$GO$3))+ISBLANK(DJ$3:DJ$3)) -> 0 | DK11: =SUMPRODUCT((NOT(ISBLANK(DK$3:DK$3))*(DK$3:DK$3>$GP$3:$GP$3))+ISBLANK(DK$3:DK$3)) -> 0 | DM11: =SUMPRODUCT((NOT(ISBLANK(DM$3:DM$3))*(DM$3:DM$3>$GQ$3:$GQ$3))+ISBLANK(DM$3:DM$3)) -> 0 | DN11: =SUMPRODUCT((NOT(ISBLANK(DN$3:DN$3))*(DN$3:DN$3>$GR$3:$GR$3))+ISBLANK(DN$3:DN$3)) -> 0 | DO11: =SUMPRODUCT((NOT(ISBLANK(DO$3:DO$3))*(DO$3:DO$3>$GS$3:$GS$3))+ISBLANK(DO$3:DO$3)) -> 0 | DP11: =SUMPRODUCT((NOT(ISBLANK(DP$3:DP$3))*(DP$3:DP$3>$GT$3:$GT$3))+ISBLANK(DP$3:DP$3)) -> 0 | DQ11: =SUMPRODUCT((NOT(ISBLANK(DQ$3:DQ$3))*(DQ$3:DQ$3>$GO$3:$GO$3))+ISBLANK(DQ$3:DQ$3)) -> 0 | DR11: =SUMPRODUCT((NOT(ISBLANK(DR$3:DR$3))*(DR$3:DR$3>$GP$3:$GP$3))+ISBLANK(DR$3:DR$3)) -> 0 | DT11: =SUMPRODUCT((NOT(ISBLANK(DT$3:DT$3))*(DT$3:DT$3>$GQ$3:$GQ$3))+ISBLANK(DT$3:DT$3)) -> 0 | DU11: =SUMPRODUCT((NOT(ISBLANK(DU$3:DU$3))*(DU$3:DU$3>$GR$3:$GR$3))+ISBLANK(DU$3:DU$3)) -> 0 | DV11: =SUMPRODUCT((NOT(ISBLANK(DV$3:DV$3))*(DV$3:DV$3>$GS$3:$GS$3))+ISBLANK(DV$3:DV$3)) -> 0 | DW11: =SUMPRODUCT((NOT(ISBLANK(DW$3:DW$3))*(DW$3:DW$3>$GT$3:$GT$3))+ISBLANK(DW$3:DW$3)) -> 0 | DX11: =SUMPRODUCT((NOT(ISBLANK(DX$3:DX$3))*(DX$3:DX$3>$GO$3:$GO$3))+ISBLANK(DX$3:DX$3)) -> 0 | DY11: =SUMPRODUCT((NOT(ISBLANK(DY$3:DY$3))*(DY$3:DY$3>$GP$3:$GP$3))+ISBLANK(DY$3:DY$3)) -> 0 | EA11: =SUMPRODUCT((NOT(ISBLANK(EA$3:EA$3))*(EA$3:EA$3>$GQ$3:$GQ$3))+ISBLANK(EA$3:EA$3)) -> 0 | EB11: =SUMPRODUCT((NOT(ISBLANK(EB$3:EB$3))*(EB$3:EB$3>$GR$3:$GR$3))+ISBLANK(EB$3:EB$3)) -> 0 | EC11: =SUMPRODUCT((NOT(ISBLANK(EC$3:EC$3))*(EC$3:EC$3>$GS$3:$GS$3))+ISBLANK(EC$3:EC$3)) -> 0 | ED11: =SUMPRODUCT((NOT(ISBLANK(ED$3:ED$3))*(ED$3:ED$3>$GT$3:$GT$3))+ISBLANK(ED$3:ED$3)) -> 0 | EE11: =SUMPRODUCT((NOT(ISBLANK(EE$3:EE$3))*(EE$3:EE$3>$GO$3:$GO$3))+ISBLANK(EE$3:EE$3)) -> 0 | EF11: =SUMPRODUCT((NOT(ISBLANK(EF$3:EF$3))*(EF$3:EF$3>$GP$3:$GP$3))+ISBLANK(EF$3:EF$3)) -> 0 | EH11: =SUMPRODUCT((NOT(ISBLANK(EH$3:EH$3))*(EH$3:EH$3>$GQ$3:$GQ$3))+ISBLANK(EH$3:EH$3)) -> 0 | EI11: =SUMPRODUCT((NOT(ISBLANK(EI$3:EI$3))*(EI$3:EI$3>$GR$3:$GR$3))+ISBLANK(EI$3:EI$3)) -> 0 | EJ11: =SUMPRODUCT((NOT(ISBLANK(EJ$3:EJ$3))*(EJ$3:EJ$3>$GS$3:$GS$3))+ISBLANK(EJ$3:EJ$3)) -> 0 | EK11: =SUMPRODUCT((NOT(ISBLANK(EK$3:EK$3))*(EK$3:EK$3>$GT$3:$GT$3))+ISBLANK(EK$3:EK$3)) -> 0 | EL11: =SUMPRODUCT((NOT(ISBLANK(EL$3:EL$3))*(EL$3:EL$3>$GO$3:$GO$3))+ISBLANK(EL$3:EL$3)) -> 0 | EM11: =SUMPRODUCT((NOT(ISBLANK(EM$3:EM$3))*(EM$3:EM$3>$GP$3:$GP$3))+ISBLANK(EM$3:EM$3)) -> 0 | EO11: =SUMPRODUCT((NOT(ISBLANK(EO$3:EO$3))*(EO$3:EO$3>$GQ$3:$GQ$3))+ISBLANK(EO$3:EO$3)) -> 0 | EP11: =SUMPRODUCT((NOT(ISBLANK(EP$3:EP$3))*(EP$3:EP$3>$GR$3:$GR$3))+ISBLANK(EP$3:EP$3)) -> 0 | EQ11: =SUMPRODUCT((NOT(ISBLANK(EQ$3:EQ$3))*(EQ$3:EQ$3>$GS$3:$GS$3))+ISBLANK(EQ$3:EQ$3)) -> 0 | ER11: =SUMPRODUCT((NOT(ISBLANK(ER$3:ER$3))*(ER$3:ER$3>$GT$3:$GT$3))+ISBLANK(ER$3:ER$3)) -> 0 | ES11: =SUMPRODUCT((NOT(ISBLANK(ES$3:ES$3))*(ES$3:ES$3>$GO$3:$GO$3))+ISBLANK(ES$3:ES$3)) -> 0 | ET11: =SUMPRODUCT((NOT(ISBLANK(ET$3:ET$3))*(ET$3:ET$3>$GP$3:$GP$3))+ISBLANK(ET$3:ET$3)) -> 0 | EV11: =SUMPRODUCT((NOT(ISBLANK(EV$3:EV$3))*(EV$3:EV$3>$GQ$3:$GQ$3))+ISBLANK(EV$3:EV$3)) -> 0 | EW11: =SUMPRODUCT((NOT(ISBLANK(EW$3:EW$3))*(EW$3:EW$3>$GR$3:$GR$3))+ISBLANK(EW$3:EW$3)) -> 0 | EX11: =SUMPRODUCT((NOT(ISBLANK(EX$3:EX$3))*(EX$3:EX$3>$GS$3:$GS$3))+ISBLANK(EX$3:EX$3)) -> 0 | EY11: =SUMPRODUCT((NOT(ISBLANK(EY$3:EY$3))*(EY$3:EY$3>$GT$3:$GT$3))+ISBLANK(EY$3:EY$3)) -> 0 | EZ11: =SUMPRODUCT((NOT(ISBLANK(EZ$3:EZ$3))*(EZ$3:EZ$3>$GO$3:$GO$3))+ISBLANK(EZ$3:EZ$3)) -> 0 | FA11: =SUMPRODUCT((NOT(ISBLANK(FA$3:FA$3))*(FA$3:FA$3>$GP$3:$GP$3))+ISBLANK(FA$3:FA$3)) -> 0 | FC11: =SUMPRODUCT((NOT(ISBLANK(FC$3:FC$3))*(FC$3:FC$3>$GQ$3:$GQ$3))+ISBLANK(FC$3:FC$3)) -> 0 | FD11: =SUMPRODUCT((NOT(ISBLANK(FD$3:FD$3))*(FD$3:FD$3>$GR$3:$GR$3))+ISBLANK(FD$3:FD$3)) -> 0 | FE11: =SUMPRODUCT((NOT(ISBLANK(FE$3:FE$3))*(FE$3:FE$3>$GS$3:$GS$3))+ISBLANK(FE$3:FE$3)) -> 0 | FF11: =SUMPRODUCT((NOT(ISBLANK(FF$3:FF$3))*(FF$3:FF$3>$GT$3:$GT$3))+ISBLANK(FF$3:FF$3)) -> 0 | FG11: =SUMPRODUCT((NOT(ISBLANK(FG$3:FG$3))*(FG$3:FG$3>$GO$3:$GO$3))+ISBLANK(FG$3:FG$3)) -> 0 | FH11: =SUMPRODUCT((NOT(ISBLANK(FH$3:FH$3))*(FH$3:FH$3>$GP$3:$GP$3))+ISBLANK(FH$3:FH$3)) -> 0 | FJ11: =SUMPRODUCT((NOT(ISBLANK(FJ$3:FJ$3))*(FJ$3:FJ$3>$GQ$3:$GQ$3))+ISBLANK(FJ$3:FJ$3)) -> 0 | FK11: =SUMPRODUCT((NOT(ISBLANK(FK$3:FK$3))*(FK$3:FK$3>$GR$3:$GR$3))+ISBLANK(FK$3:FK$3)) -> 0 | FL11: =SUMPRODUCT((NOT(ISBLANK(FL$3:FL$3))*(FL$3:FL$3>$GS$3:$GS$3))+ISBLANK(FL$3:FL$3)) -> 0 | FM11: =SUMPRODUCT((NOT(ISBLANK(FM$3:FM$3))*(FM$3:FM$3>$GT$3:$GT$3))+ISBLANK(FM$3:FM$3)) -> 0 | FN11: =SUMPRODUCT((NOT(ISBLANK(FN$3:FN$3))*(FN$3:FN$3>$GO$3:$GO$3))+ISBLANK(FN$3:FN$3)) -> 0 | FO11: =SUMPRODUCT((NOT(ISBLANK(FO$3:FO$3))*(FO$3:FO$3>$GP$3:$GP$3))+ISBLANK(FO$3:FO$3)) -> 0 | FQ11: =SUMPRODUCT((NOT(ISBLANK(FQ$3:FQ$3))*(FQ$3:FQ$3>$GQ$3:$GQ$3))+ISBLANK(FQ$3:FQ$3)) -> 0 | FR11: =SUMPRODUCT((NOT(ISBLANK(FR$3:FR$3))*(FR$3:FR$3>$GR$3:$GR$3))+ISBLANK(FR$3:FR$3)) -> 0 | FS11: =SUMPRODUCT((NOT(ISBLANK(FS$3:FS$3))*(FS$3:FS$3>$GS$3:$GS$3))+ISBLANK(FS$3:FS$3)) -> 0 | FT11: =SUMPRODUCT((NOT(ISBLANK(FT$3:FT$3))*(FT$3:FT$3>$GT$3:$GT$3))+ISBLANK(FT$3:FT$3)) -> 0 | FU11: =SUMPRODUCT((NOT(ISBLANK(FU$3:FU$3))*(FU$3:FU$3>$GO$3:$GO$3))+ISBLANK(FU$3:FU$3)) -> 0 | FV11: =SUMPRODUCT((NOT(ISBLANK(FV$3:FV$3))*(FV$3:FV$3>$GP$3:$GP$3))+ISBLANK(FV$3:FV$3)) -> 0 | FX11: =SUMPRODUCT((NOT(ISBLANK(FX$3:FX$3))*(FX$3:FX$3>$GQ$3:$GQ$3))+ISBLANK(FX$3:FX$3)) -> 0 | FY11: =SUMPRODUCT((NOT(ISBLANK(FY$3:FY$3))*(FY$3:FY$3>$GR$3:$GR$3))+ISBLANK(FY$3:FY$3)) -> 0 | FZ11: =SUMPRODUCT((NOT(ISBLANK(FZ$3:FZ$3))*(FZ$3:FZ$3>$GS$3:$GS$3))+ISBLANK(FZ$3:FZ$3)) -> 0 | GA11: =SUMPRODUCT((NOT(ISBLANK(GA$3:GA$3))*(GA$3:GA$3>$GT$3:$GT$3))+ISBLANK(GA$3:GA$3)) -> 0 | GB11: =SUMPRODUCT((NOT(ISBLANK(GB$3:GB$3))*(GB$3:GB$3>$GO$3:$GO$3))+ISBLANK(GB$3:GB$3)) -> 0 | GC11: =SUMPRODUCT((NOT(ISBLANK(GC$3:GC$3))*(GC$3:GC$3>$GP$3:$GP$3))+ISBLANK(GC$3:GC$3)) -> 0 | GE11: =SUMPRODUCT((NOT(ISBLANK(GE$3:GE$3))*(GE$3:GE$3>$GQ$3:$GQ$3))+ISBLANK(GE$3:GE$3)) -> 0 | GF11: =SUMPRODUCT((NOT(ISBLANK(GF$3:GF$3))*(GF$3:GF$3>$GR$3:$GR$3))+ISBLANK(GF$3:GF$3)) -> 0 | GG11: =SUMPRODUCT((NOT(ISBLANK(GG$3:GG$3))*(GG$3:GG$3>$GS$3:$GS$3))+ISBLANK(GG$3:GG$3)) -> 0 | GH11: =SUMPRODUCT((NOT(ISBLANK(GH$3:GH$3))*(GH$3:GH$3>$GT$3:$GT$3))+ISBLANK(GH$3:GH$3)) -> 0
A12: WORST | B12: =SUMPRODUCT((NOT(ISBLANK(B$3:B$3))*(B$3:B$3=$GU$3:$GU$3))+ISBLANK(B$3:B$3)) -> 0 | C12: =SUMPRODUCT((NOT(ISBLANK(C$3:C$3))*(C$3:C$3=$GV$3:$GV$3))+ISBLANK(C$3:C$3)) -> 0 | E12: =SUMPRODUCT((NOT(ISBLANK(E$3:E$3))*(E$3:E$3=$GW$3:$GW$3))+ISBLANK(E$3:E$3)) -> 0 | F12: =SUMPRODUCT((NOT(ISBLANK(F$3:F$3))*(F$3:F$3=$GX$3:$GX$3))+ISBLANK(F$3:F$3)) -> 0 | G12: =SUMPRODUCT((NOT(ISBLANK(G$3:G$3))*(G$3:G$3=$GY$3:$GY$3))+ISBLANK(G$3:G$3)) -> 0 | H12: =SUMPRODUCT((NOT(ISBLANK(H$3:H$3))*(H$3:H$3=$GZ$3:$GZ$3))+ISBLANK(H$3:H$3)) -> 0 | I12: =SUMPRODUCT((NOT(ISBLANK(I$3:I$3))*(I$3:I$3=$GU$3:$GU$3))+ISBLANK(I$3:I$3)) -> 0 | J12: =SUMPRODUCT((NOT(ISBLANK(J$3:J$3))*(J$3:J$3=$GV$3:$GV$3))+ISBLANK(J$3:J$3)) -> 0 | L12: =SUMPRODUCT((NOT(ISBLANK(L$3:L$3))*(L$3:L$3=$GW$3:$GW$3))+ISBLANK(L$3:L$3)) -> 0 | M12: =SUMPRODUCT((NOT(ISBLANK(M$3:M$3))*(M$3:M$3=$GX$3:$GX$3))+ISBLANK(M$3:M$3)) -> 0 | N12: =SUMPRODUCT((NOT(ISBLANK(N$3:N$3))*(N$3:N$3=$GY$3:$GY$3))+ISBLANK(N$3:N$3)) -> 0 | O12: =SUMPRODUCT((NOT(ISBLANK(O$3:O$3))*(O$3:O$3=$GZ$3:$GZ$3))+ISBLANK(O$3:O$3)) -> 0 | P12: =SUMPRODUCT((NOT(ISBLANK(P$3:P$3))*(P$3:P$3=$GU$3:$GU$3))+ISBLANK(P$3:P$3)) -> 0 | Q12: =SUMPRODUCT((NOT(ISBLANK(Q$3:Q$3))*(Q$3:Q$3=$GV$3:$GV$3))+ISBLANK(Q$3:Q$3)) -> 0 | S12: =SUMPRODUCT((NOT(ISBLANK(S$3:S$3))*(S$3:S$3=$GW$3:$GW$3))+ISBLANK(S$3:S$3)) -> 0 | T12: =SUMPRODUCT((NOT(ISBLANK(T$3:T$3))*(T$3:T$3=$GX$3:$GX$3))+ISBLANK(T$3:T$3)) -> 0 | U12: =SUMPRODUCT((NOT(ISBLANK(U$3:U$3))*(U$3:U$3=$GY$3:$GY$3))+ISBLANK(U$3:U$3)) -> 0 | V12: =SUMPRODUCT((NOT(ISBLANK(V$3:V$3))*(V$3:V$3=$GZ$3:$GZ$3))+ISBLANK(V$3:V$3)) -> 0 | W12: =SUMPRODUCT((NOT(ISBLANK(W$3:W$3))*(W$3:W$3=$GU$3:$GU$3))+ISBLANK(W$3:W$3)) -> 0 | X12: =SUMPRODUCT((NOT(ISBLANK(X$3:X$3))*(X$3:X$3=$GV$3:$GV$3))+ISBLANK(X$3:X$3)) -> 0 | Z12: =SUMPRODUCT((NOT(ISBLANK(Z$3:Z$3))*(Z$3:Z$3=$GW$3:$GW$3))+ISBLANK(Z$3:Z$3)) -> 0 | AA12: =SUMPRODUCT((NOT(ISBLANK(AA$3:AA$3))*(AA$3:AA$3=$GX$3:$GX$3))+ISBLANK(AA$3:AA$3)) -> 0 | AB12: =SUMPRODUCT((NOT(ISBLANK(AB$3:AB$3))*(AB$3:AB$3=$GY$3:$GY$3))+ISBLANK(AB$3:AB$3)) -> 0 | AC12: =SUMPRODUCT((NOT(ISBLANK(AC$3:AC$3))*(AC$3:AC$3=$GZ$3:$GZ$3))+ISBLANK(AC$3:AC$3)) -> 0 | AD12: =SUMPRODUCT((NOT(ISBLANK(AD$3:AD$3))*(AD$3:AD$3=$GU$3:$GU$3))+ISBLANK(AD$3:AD$3)) -> 0 | AE12: =SUMPRODUCT((NOT(ISBLANK(AE$3:AE$3))*(AE$3:AE$3=$GV$3:$GV$3))+ISBLANK(AE$3:AE$3)) -> 0 | AG12: =SUMPRODUCT((NOT(ISBLANK(AG$3:AG$3))*(AG$3:AG$3=$GW$3:$GW$3))+ISBLANK(AG$3:AG$3)) -> 0 | AH12: =SUMPRODUCT((NOT(ISBLANK(AH$3:AH$3))*(AH$3:AH$3=$GX$3:$GX$3))+ISBLANK(AH$3:AH$3)) -> 0 | AI12: =SUMPRODUCT((NOT(ISBLANK(AI$3:AI$3))*(AI$3:AI$3=$GY$3:$GY$3))+ISBLANK(AI$3:AI$3)) -> 0 | AJ12: =SUMPRODUCT((NOT(ISBLANK(AJ$3:AJ$3))*(AJ$3:AJ$3=$GZ$3:$GZ$3))+ISBLANK(AJ$3:AJ$3)) -> 0 | AK12: =SUMPRODUCT((NOT(ISBLANK(AK$3:AK$3))*(AK$3:AK$3=$GU$3:$GU$3))+ISBLANK(AK$3:AK$3)) -> 0 | AL12: =SUMPRODUCT((NOT(ISBLANK(AL$3:AL$3))*(AL$3:AL$3=$GV$3:$GV$3))+ISBLANK(AL$3:AL$3)) -> 0 | AN12: =SUMPRODUCT((NOT(ISBLANK(AN$3:AN$3))*(AN$3:AN$3=$GW$3:$GW$3))+ISBLANK(AN$3:AN$3)) -> 0 | AO12: =SUMPRODUCT((NOT(ISBLANK(AO$3:AO$3))*(AO$3:AO$3=$GX$3:$GX$3))+ISBLANK(AO$3:AO$3)) -> 0 | AP12: =SUMPRODUCT((NOT(ISBLANK(AP$3:AP$3))*(AP$3:AP$3=$GY$3:$GY$3))+ISBLANK(AP$3:AP$3)) -> 0 | AQ12: =SUMPRODUCT((NOT(ISBLANK(AQ$3:AQ$3))*(AQ$3:AQ$3=$GZ$3:$GZ$3))+ISBLANK(AQ$3:AQ$3)) -> 0 | AR12: =SUMPRODUCT((NOT(ISBLANK(AR$3:AR$3))*(AR$3:AR$3=$GU$3:$GU$3))+ISBLANK(AR$3:AR$3)) -> 0 | AS12: =SUMPRODUCT((NOT(ISBLANK(AS$3:AS$3))*(AS$3:AS$3=$GV$3:$GV$3))+ISBLANK(AS$3:AS$3)) -> 0 | AU12: =SUMPRODUCT((NOT(ISBLANK(AU$3:AU$3))*(AU$3:AU$3=$GW$3:$GW$3))+ISBLANK(AU$3:AU$3)) -> 0 | AV12: =SUMPRODUCT((NOT(ISBLANK(AV$3:AV$3))*(AV$3:AV$3=$GX$3:$GX$3))+ISBLANK(AV$3:AV$3)) -> 0 | AW12: =SUMPRODUCT((NOT(ISBLANK(AW$3:AW$3))*(AW$3:AW$3=$GY$3:$GY$3))+ISBLANK(AW$3:AW$3)) -> 0 | AX12: =SUMPRODUCT((NOT(ISBLANK(AX$3:AX$3))*(AX$3:AX$3=$GZ$3:$GZ$3))+ISBLANK(AX$3:AX$3)) -> 0 | AY12: =SUMPRODUCT((NOT(ISBLANK(AY$3:AY$3))*(AY$3:AY$3=$GU$3:$GU$3))+ISBLANK(AY$3:AY$3)) -> 0 | AZ12: =SUMPRODUCT((NOT(ISBLANK(AZ$3:AZ$3))*(AZ$3:AZ$3=$GV$3:$GV$3))+ISBLANK(AZ$3:AZ$3)) -> 0 | BB12: =SUMPRODUCT((NOT(ISBLANK(BB$3:BB$3))*(BB$3:BB$3=$GW$3:$GW$3))+ISBLANK(BB$3:BB$3)) -> 0 | BC12: =SUMPRODUCT((NOT(ISBLANK(BC$3:BC$3))*(BC$3:BC$3=$GX$3:$GX$3))+ISBLANK(BC$3:BC$3)) -> 0 | BD12: =SUMPRODUCT((NOT(ISBLANK(BD$3:BD$3))*(BD$3:BD$3=$GY$3:$GY$3))+ISBLANK(BD$3:BD$3)) -> 0 | BE12: =SUMPRODUCT((NOT(ISBLANK(BE$3:BE$3))*(BE$3:BE$3=$GZ$3:$GZ$3))+ISBLANK(BE$3:BE$3)) -> 0 | BF12: =SUMPRODUCT((NOT(ISBLANK(BF$3:BF$3))*(BF$3:BF$3=$GU$3:$GU$3))+ISBLANK(BF$3:BF$3)) -> 0 | BG12: =SUMPRODUCT((NOT(ISBLANK(BG$3:BG$3))*(BG$3:BG$3=$GV$3:$GV$3))+ISBLANK(BG$3:BG$3)) -> 0 | BI12: =SUMPRODUCT((NOT(ISBLANK(BI$3:BI$3))*(BI$3:BI$3=$GW$3:$GW$3))+ISBLANK(BI$3:BI$3)) -> 0 | BJ12: =SUMPRODUCT((NOT(ISBLANK(BJ$3:BJ$3))*(BJ$3:BJ$3=$GX$3:$GX$3))+ISBLANK(BJ$3:BJ$3)) -> 0 | BK12: =SUMPRODUCT((NOT(ISBLANK(BK$3:BK$3))*(BK$3:BK$3=$GY$3:$GY$3))+ISBLANK(BK$3:BK$3)) -> 0 | BL12: =SUMPRODUCT((NOT(ISBLANK(BL$3:BL$3))*(BL$3:BL$3=$GZ$3:$GZ$3))+ISBLANK(BL$3:BL$3)) -> 0 | BM12: =SUMPRODUCT((NOT(ISBLANK(BM$3:BM$3))*(BM$3:BM$3=$GU$3:$GU$3))+ISBLANK(BM$3:BM$3)) -> 0 | BN12: =SUMPRODUCT((NOT(ISBLANK(BN$3:BN$3))*(BN$3:BN$3=$GV$3:$GV$3))+ISBLANK(BN$3:BN$3)) -> 0 | BP12: =SUMPRODUCT((NOT(ISBLANK(BP$3:BP$3))*(BP$3:BP$3=$GW$3:$GW$3))+ISBLANK(BP$3:BP$3)) -> 0 | BQ12: =SUMPRODUCT((NOT(ISBLANK(BQ$3:BQ$3))*(BQ$3:BQ$3=$GX$3:$GX$3))+ISBLANK(BQ$3:BQ$3)) -> 0 | BR12: =SUMPRODUCT((NOT(ISBLANK(BR$3:BR$3))*(BR$3:BR$3=$GY$3:$GY$3))+ISBLANK(BR$3:BR$3)) -> 0 | BS12: =SUMPRODUCT((NOT(ISBLANK(BS$3:BS$3))*(BS$3:BS$3=$GZ$3:$GZ$3))+ISBLANK(BS$3:BS$3)) -> 0 | BT12: =SUMPRODUCT((NOT(ISBLANK(BT$3:BT$3))*(BT$3:BT$3=$GU$3:$GU$3))+ISBLANK(BT$3:BT$3)) -> 0 | BU12: =SUMPRODUCT((NOT(ISBLANK(BU$3:BU$3))*(BU$3:BU$3=$GV$3:$GV$3))+ISBLANK(BU$3:BU$3)) -> 0 | BW12: =SUMPRODUCT((NOT(ISBLANK(BW$3:BW$3))*(BW$3:BW$3=$GW$3:$GW$3))+ISBLANK(BW$3:BW$3)) -> 0 | BX12: =SUMPRODUCT((NOT(ISBLANK(BX$3:BX$3))*(BX$3:BX$3=$GX$3:$GX$3))+ISBLANK(BX$3:BX$3)) -> 0 | BY12: =SUMPRODUCT((NOT(ISBLANK(BY$3:BY$3))*(BY$3:BY$3=$GY$3:$GY$3))+ISBLANK(BY$3:BY$3)) -> 0 | BZ12: =SUMPRODUCT((NOT(ISBLANK(BZ$3:BZ$3))*(BZ$3:BZ$3=$GZ$3:$GZ$3))+ISBLANK(BZ$3:BZ$3)) -> 0 | CA12: =SUMPRODUCT((NOT(ISBLANK(CA$3:CA$3))*(CA$3:CA$3=$GU$3:$GU$3))+ISBLANK(CA$3:CA$3)) -> 0 | CB12: =SUMPRODUCT((NOT(ISBLANK(CB$3:CB$3))*(CB$3:CB$3=$GV$3:$GV$3))+ISBLANK(CB$3:CB$3)) -> 0 | CD12: =SUMPRODUCT((NOT(ISBLANK(CD$3:CD$3))*(CD$3:CD$3=$GW$3:$GW$3))+ISBLANK(CD$3:CD$3)) -> 0 | CE12: =SUMPRODUCT((NOT(ISBLANK(CE$3:CE$3))*(CE$3:CE$3=$GX$3:$GX$3))+ISBLANK(CE$3:CE$3)) -> 0 | CF12: =SUMPRODUCT((NOT(ISBLANK(CF$3:CF$3))*(CF$3:CF$3=$GY$3:$GY$3))+ISBLANK(CF$3:CF$3)) -> 0 | CG12: =SUMPRODUCT((NOT(ISBLANK(CG$3:CG$3))*(CG$3:CG$3=$GZ$3:$GZ$3))+ISBLANK(CG$3:CG$3)) -> 0 | CH12: =SUMPRODUCT((NOT(ISBLANK(CH$3:CH$3))*(CH$3:CH$3=$GU$3:$GU$3))+ISBLANK(CH$3:CH$3)) -> 0 | CI12: =SUMPRODUCT((NOT(ISBLANK(CI$3:CI$3))*(CI$3:CI$3=$GV$3:$GV$3))+ISBLANK(CI$3:CI$3)) -> 0 | CK12: =SUMPRODUCT((NOT(ISBLANK(CK$3:CK$3))*(CK$3:CK$3=$GW$3:$GW$3))+ISBLANK(CK$3:CK$3)) -> 0 | CL12: =SUMPRODUCT((NOT(ISBLANK(CL$3:CL$3))*(CL$3:CL$3=$GX$3:$GX$3))+ISBLANK(CL$3:CL$3)) -> 0 | CM12: =SUMPRODUCT((NOT(ISBLANK(CM$3:CM$3))*(CM$3:CM$3=$GY$3:$GY$3))+ISBLANK(CM$3:CM$3)) -> 0 | CN12: =SUMPRODUCT((NOT(ISBLANK(CN$3:CN$3))*(CN$3:CN$3=$GZ$3:$GZ$3))+ISBLANK(CN$3:CN$3)) -> 0 | CO12: =SUMPRODUCT((NOT(ISBLANK(CO$3:CO$3))*(CO$3:CO$3=$GU$3:$GU$3))+ISBLANK(CO$3:CO$3)) -> 0 | CP12: =SUMPRODUCT((NOT(ISBLANK(CP$3:CP$3))*(CP$3:CP$3=$GV$3:$GV$3))+ISBLANK(CP$3:CP$3)) -> 0 | CR12: =SUMPRODUCT((NOT(ISBLANK(CR$3:CR$3))*(CR$3:CR$3=$GW$3:$GW$3))+ISBLANK(CR$3:CR$3)) -> 0 | CS12: =SUMPRODUCT((NOT(ISBLANK(CS$3:CS$3))*(CS$3:CS$3=$GX$3:$GX$3))+ISBLANK(CS$3:CS$3)) -> 0 | CT12: =SUMPRODUCT((NOT(ISBLANK(CT$3:CT$3))*(CT$3:CT$3=$GY$3:$GY$3))+ISBLANK(CT$3:CT$3)) -> 0 | CU12: =SUMPRODUCT((NOT(ISBLANK(CU$3:CU$3))*(CU$3:CU$3=$GZ$3:$GZ$3))+ISBLANK(CU$3:CU$3)) -> 0 | CV12: =SUMPRODUCT((NOT(ISBLANK(CV$3:CV$3))*(CV$3:CV$3=$GU$3:$GU$3))+ISBLANK(CV$3:CV$3)) -> 0 | CW12: =SUMPRODUCT((NOT(ISBLANK(CW$3:CW$3))*(CW$3:CW$3=$GV$3:$GV$3))+ISBLANK(CW$3:CW$3)) -> 0 | CY12: =SUMPRODUCT((NOT(ISBLANK(CY$3:CY$3))*(CY$3:CY$3=$GW$3:$GW$3))+ISBLANK(CY$3:CY$3)) -> 0 | CZ12: =SUMPRODUCT((NOT(ISBLANK(CZ$3:CZ$3))*(CZ$3:CZ$3=$GX$3:$GX$3))+ISBLANK(CZ$3:CZ$3)) -> 0 | DA12: =SUMPRODUCT((NOT(ISBLANK(DA$3:DA$3))*(DA$3:DA$3=$GY$3:$GY$3))+ISBLANK(DA$3:DA$3)) -> 0 | DB12: =SUMPRODUCT((NOT(ISBLANK(DB$3:DB$3))*(DB$3:DB$3=$GZ$3:$GZ$3))+ISBLANK(DB$3:DB$3)) -> 0 | DC12: =SUMPRODUCT((NOT(ISBLANK(DC$3:DC$3))*(DC$3:DC$3=$GU$3:$GU$3))+ISBLANK(DC$3:DC$3)) -> 0 | DD12: =SUMPRODUCT((NOT(ISBLANK(DD$3:DD$3))*(DD$3:DD$3=$GV$3:$GV$3))+ISBLANK(DD$3:DD$3)) -> 0 | DF12: =SUMPRODUCT((NOT(ISBLANK(DF$3:DF$3))*(DF$3:DF$3=$GW$3:$GW$3))+ISBLANK(DF$3:DF$3)) -> 0 | DG12: =SUMPRODUCT((NOT(ISBLANK(DG$3:DG$3))*(DG$3:DG$3=$GX$3:$GX$3))+ISBLANK(DG$3:DG$3)) -> 0 | DH12: =SUMPRODUCT((NOT(ISBLANK(DH$3:DH$3))*(DH$3:DH$3=$GY$3:$GY$3))+ISBLANK(DH$3:DH$3)) -> 0 | DI12: =SUMPRODUCT((NOT(ISBLANK(DI$3:DI$3))*(DI$3:DI$3=$GZ$3:$GZ$3))+ISBLANK(DI$3:DI$3)) -> 0 | DJ12: =SUMPRODUCT((NOT(ISBLANK(DJ$3:DJ$3))*(DJ$3:DJ$3=$GU$3:$GU$3))+ISBLANK(DJ$3:DJ$3)) -> 0 | DK12: =SUMPRODUCT((NOT(ISBLANK(DK$3:DK$3))*(DK$3:DK$3=$GV$3:$GV$3))+ISBLANK(DK$3:DK$3)) -> 0 | DM12: =SUMPRODUCT((NOT(ISBLANK(DM$3:DM$3))*(DM$3:DM$3=$GW$3:$GW$3))+ISBLANK(DM$3:DM$3)) -> 0 | DN12: =SUMPRODUCT((NOT(ISBLANK(DN$3:DN$3))*(DN$3:DN$3=$GX$3:$GX$3))+ISBLANK(DN$3:DN$3)) -> 0 | DO12: =SUMPRODUCT((NOT(ISBLANK(DO$3:DO$3))*(DO$3:DO$3=$GY$3:$GY$3))+ISBLANK(DO$3:DO$3)) -> 0 | DP12: =SUMPRODUCT((NOT(ISBLANK(DP$3:DP$3))*(DP$3:DP$3=$GZ$3:$GZ$3))+ISBLANK(DP$3:DP$3)) -> 0 | DQ12: =SUMPRODUCT((NOT(ISBLANK(DQ$3:DQ$3))*(DQ$3:DQ$3=$GU$3:$GU$3))+ISBLANK(DQ$3:DQ$3)) -> 0 | DR12: =SUMPRODUCT((NOT(ISBLANK(DR$3:DR$3))*(DR$3:DR$3=$GV$3:$GV$3))+ISBLANK(DR$3:DR$3)) -> 0 | DT12: =SUMPRODUCT((NOT(ISBLANK(DT$3:DT$3))*(DT$3:DT$3=$GW$3:$GW$3))+ISBLANK(DT$3:DT$3)) -> 0 | DU12: =SUMPRODUCT((NOT(ISBLANK(DU$3:DU$3))*(DU$3:DU$3=$GX$3:$GX$3))+ISBLANK(DU$3:DU$3)) -> 0 | DV12: =SUMPRODUCT((NOT(ISBLANK(DV$3:DV$3))*(DV$3:DV$3=$GY$3:$GY$3))+ISBLANK(DV$3:DV$3)) -> 0 | DW12: =SUMPRODUCT((NOT(ISBLANK(DW$3:DW$3))*(DW$3:DW$3=$GZ$3:$GZ$3))+ISBLANK(DW$3:DW$3)) -> 0 | DX12: =SUMPRODUCT((NOT(ISBLANK(DX$3:DX$3))*(DX$3:DX$3=$GU$3:$GU$3))+ISBLANK(DX$3:DX$3)) -> 0 | DY12: =SUMPRODUCT((NOT(ISBLANK(DY$3:DY$3))*(DY$3:DY$3=$GV$3:$GV$3))+ISBLANK(DY$3:DY$3)) -> 0 | EA12: =SUMPRODUCT((NOT(ISBLANK(EA$3:EA$3))*(EA$3:EA$3=$GW$3:$GW$3))+ISBLANK(EA$3:EA$3)) -> 0 | EB12: =SUMPRODUCT((NOT(ISBLANK(EB$3:EB$3))*(EB$3:EB$3=$GX$3:$GX$3))+ISBLANK(EB$3:EB$3)) -> 0 | EC12: =SUMPRODUCT((NOT(ISBLANK(EC$3:EC$3))*(EC$3:EC$3=$GY$3:$GY$3))+ISBLANK(EC$3:EC$3)) -> 0 | ED12: =SUMPRODUCT((NOT(ISBLANK(ED$3:ED$3))*(ED$3:ED$3=$GZ$3:$GZ$3))+ISBLANK(ED$3:ED$3)) -> 0 | EE12: =SUMPRODUCT((NOT(ISBLANK(EE$3:EE$3))*(EE$3:EE$3=$GU$3:$GU$3))+ISBLANK(EE$3:EE$3)) -> 0 | EF12: =SUMPRODUCT((NOT(ISBLANK(EF$3:EF$3))*(EF$3:EF$3=$GV$3:$GV$3))+ISBLANK(EF$3:EF$3)) -> 0 | EH12: =SUMPRODUCT((NOT(ISBLANK(EH$3:EH$3))*(EH$3:EH$3=$GW$3:$GW$3))+ISBLANK(EH$3:EH$3)) -> 0 | EI12: =SUMPRODUCT((NOT(ISBLANK(EI$3:EI$3))*(EI$3:EI$3=$GX$3:$GX$3))+ISBLANK(EI$3:EI$3)) -> 0 | EJ12: =SUMPRODUCT((NOT(ISBLANK(EJ$3:EJ$3))*(EJ$3:EJ$3=$GY$3:$GY$3))+ISBLANK(EJ$3:EJ$3)) -> 0 | EK12: =SUMPRODUCT((NOT(ISBLANK(EK$3:EK$3))*(EK$3:EK$3=$GZ$3:$GZ$3))+ISBLANK(EK$3:EK$3)) -> 0 | EL12: =SUMPRODUCT((NOT(ISBLANK(EL$3:EL$3))*(EL$3:EL$3=$GU$3:$GU$3))+ISBLANK(EL$3:EL$3)) -> 0 | EM12: =SUMPRODUCT((NOT(ISBLANK(EM$3:EM$3))*(EM$3:EM$3=$GV$3:$GV$3))+ISBLANK(EM$3:EM$3)) -> 0 | EO12: =SUMPRODUCT((NOT(ISBLANK(EO$3:EO$3))*(EO$3:EO$3=$GW$3:$GW$3))+ISBLANK(EO$3:EO$3)) -> 0 | EP12: =SUMPRODUCT((NOT(ISBLANK(EP$3:EP$3))*(EP$3:EP$3=$GX$3:$GX$3))+ISBLANK(EP$3:EP$3)) -> 0 | EQ12: =SUMPRODUCT((NOT(ISBLANK(EQ$3:EQ$3))*(EQ$3:EQ$3=$GY$3:$GY$3))+ISBLANK(EQ$3:EQ$3)) -> 0 | ER12: =SUMPRODUCT((NOT(ISBLANK(ER$3:ER$3))*(ER$3:ER$3=$GZ$3:$GZ$3))+ISBLANK(ER$3:ER$3)) -> 0 | ES12: =SUMPRODUCT((NOT(ISBLANK(ES$3:ES$3))*(ES$3:ES$3=$GU$3:$GU$3))+ISBLANK(ES$3:ES$3)) -> 0 | ET12: =SUMPRODUCT((NOT(ISBLANK(ET$3:ET$3))*(ET$3:ET$3=$GV$3:$GV$3))+ISBLANK(ET$3:ET$3)) -> 0 | EV12: =SUMPRODUCT((NOT(ISBLANK(EV$3:EV$3))*(EV$3:EV$3=$GW$3:$GW$3))+ISBLANK(EV$3:EV$3)) -> 0 | EW12: =SUMPRODUCT((NOT(ISBLANK(EW$3:EW$3))*(EW$3:EW$3=$GX$3:$GX$3))+ISBLANK(EW$3:EW$3)) -> 0 | EX12: =SUMPRODUCT((NOT(ISBLANK(EX$3:EX$3))*(EX$3:EX$3=$GY$3:$GY$3))+ISBLANK(EX$3:EX$3)) -> 0 | EY12: =SUMPRODUCT((NOT(ISBLANK(EY$3:EY$3))*(EY$3:EY$3=$GZ$3:$GZ$3))+ISBLANK(EY$3:EY$3)) -> 0 | EZ12: =SUMPRODUCT((NOT(ISBLANK(EZ$3:EZ$3))*(EZ$3:EZ$3=$GU$3:$GU$3))+ISBLANK(EZ$3:EZ$3)) -> 0 | FA12: =SUMPRODUCT((NOT(ISBLANK(FA$3:FA$3))*(FA$3:FA$3=$GV$3:$GV$3))+ISBLANK(FA$3:FA$3)) -> 0 | FC12: =SUMPRODUCT((NOT(ISBLANK(FC$3:FC$3))*(FC$3:FC$3=$GW$3:$GW$3))+ISBLANK(FC$3:FC$3)) -> 0 | FD12: =SUMPRODUCT((NOT(ISBLANK(FD$3:FD$3))*(FD$3:FD$3=$GX$3:$GX$3))+ISBLANK(FD$3:FD$3)) -> 0 | FE12: =SUMPRODUCT((NOT(ISBLANK(FE$3:FE$3))*(FE$3:FE$3=$GY$3:$GY$3))+ISBLANK(FE$3:FE$3)) -> 0 | FF12: =SUMPRODUCT((NOT(ISBLANK(FF$3:FF$3))*(FF$3:FF$3=$GZ$3:$GZ$3))+ISBLANK(FF$3:FF$3)) -> 0 | FG12: =SUMPRODUCT((NOT(ISBLANK(FG$3:FG$3))*(FG$3:FG$3=$GU$3:$GU$3))+ISBLANK(FG$3:FG$3)) -> 0 | FH12: =SUMPRODUCT((NOT(ISBLANK(FH$3:FH$3))*(FH$3:FH$3=$GV$3:$GV$3))+ISBLANK(FH$3:FH$3)) -> 0 | FJ12: =SUMPRODUCT((NOT(ISBLANK(FJ$3:FJ$3))*(FJ$3:FJ$3=$GW$3:$GW$3))+ISBLANK(FJ$3:FJ$3)) -> 0 | FK12: =SUMPRODUCT((NOT(ISBLANK(FK$3:FK$3))*(FK$3:FK$3=$GX$3:$GX$3))+ISBLANK(FK$3:FK$3)) -> 0 | FL12: =SUMPRODUCT((NOT(ISBLANK(FL$3:FL$3))*(FL$3:FL$3=$GY$3:$GY$3))+ISBLANK(FL$3:FL$3)) -> 0 | FM12: =SUMPRODUCT((NOT(ISBLANK(FM$3:FM$3))*(FM$3:FM$3=$GZ$3:$GZ$3))+ISBLANK(FM$3:FM$3)) -> 0 | FN12: =SUMPRODUCT((NOT(ISBLANK(FN$3:FN$3))*(FN$3:FN$3=$GU$3:$GU$3))+ISBLANK(FN$3:FN$3)) -> 0 | FO12: =SUMPRODUCT((NOT(ISBLANK(FO$3:FO$3))*(FO$3:FO$3=$GV$3:$GV$3))+ISBLANK(FO$3:FO$3)) -> 0 | FQ12: =SUMPRODUCT((NOT(ISBLANK(FQ$3:FQ$3))*(FQ$3:FQ$3=$GW$3:$GW$3))+ISBLANK(FQ$3:FQ$3)) -> 0 | FR12: =SUMPRODUCT((NOT(ISBLANK(FR$3:FR$3))*(FR$3:FR$3=$GX$3:$GX$3))+ISBLANK(FR$3:FR$3)) -> 0 | FS12: =SUMPRODUCT((NOT(ISBLANK(FS$3:FS$3))*(FS$3:FS$3=$GY$3:$GY$3))+ISBLANK(FS$3:FS$3)) -> 0 | FT12: =SUMPRODUCT((NOT(ISBLANK(FT$3:FT$3))*(FT$3:FT$3=$GZ$3:$GZ$3))+ISBLANK(FT$3:FT$3)) -> 0 | FU12: =SUMPRODUCT((NOT(ISBLANK(FU$3:FU$3))*(FU$3:FU$3=$GU$3:$GU$3))+ISBLANK(FU$3:FU$3)) -> 0 | FV12: =SUMPRODUCT((NOT(ISBLANK(FV$3:FV$3))*(FV$3:FV$3=$GV$3:$GV$3))+ISBLANK(FV$3:FV$3)) -> 0 | FX12: =SUMPRODUCT((NOT(ISBLANK(FX$3:FX$3))*(FX$3:FX$3=$GW$3:$GW$3))+ISBLANK(FX$3:FX$3)) -> 0 | FY12: =SUMPRODUCT((NOT(ISBLANK(FY$3:FY$3))*(FY$3:FY$3=$GX$3:$GX$3))+ISBLANK(FY$3:FY$3)) -> 0 | FZ12: =SUMPRODUCT((NOT(ISBLANK(FZ$3:FZ$3))*(FZ$3:FZ$3=$GY$3:$GY$3))+ISBLANK(FZ$3:FZ$3)) -> 0 | GA12: =SUMPRODUCT((NOT(ISBLANK(GA$3:GA$3))*(GA$3:GA$3=$GZ$3:$GZ$3))+ISBLANK(GA$3:GA$3)) -> 0 | GB12: =SUMPRODUCT((NOT(ISBLANK(GB$3:GB$3))*(GB$3:GB$3=$GU$3:$GU$3))+ISBLANK(GB$3:GB$3)) -> 0 | GC12: =SUMPRODUCT((NOT(ISBLANK(GC$3:GC$3))*(GC$3:GC$3=$GV$3:$GV$3))+ISBLANK(GC$3:GC$3)) -> 0 | GE12: =SUMPRODUCT((NOT(ISBLANK(GE$3:GE$3))*(GE$3:GE$3=$GW$3:$GW$3))+ISBLANK(GE$3:GE$3)) -> 0 | GF12: =SUMPRODUCT((NOT(ISBLANK(GF$3:GF$3))*(GF$3:GF$3=$GX$3:$GX$3))+ISBLANK(GF$3:GF$3)) -> 0 | GG12: =SUMPRODUCT((NOT(ISBLANK(GG$3:GG$3))*(GG$3:GG$3=$GY$3:$GY$3))+ISBLANK(GG$3:GG$3)) -> 0 | GH12: =SUMPRODUCT((NOT(ISBLANK(GH$3:GH$3))*(GH$3:GH$3=$GZ$3:$GZ$3))+ISBLANK(GH$3:GH$3)) -> 0

Sheet Merged Runs
A1: Merge criteria: | B1: memelingo-1/lambda-small_mlp-tplp-ht_10 | I1: memelingo-1/lambda-small_mlp-tplp-ht_15 | P1: memelingo-1/lambda-small_mlp-tplp-ht_20 | W1: memelingo-1/lambda-small_mlp-tplp-ht_25 | AD1: memelingo-1/lambda-small_mlp-tplp-ht_30 | AK1: memelingo-1/lambda-small_mlp-tplp-ht_35 | AR1: memelingo-1/lambda-small_mlp-tplp-ht_40 | AY1: memelingo-1/lambda-small_mlp-tplp-ht_45 | BF1: memelingo-1/lambda-small_mlp-tplp-ht_50 | BM1: memelingo-1/lambda-small_mlp-tplp-htc_10 | BT1: memelingo-1/lambda-small_mlp-tplp-htc_15 | CA1: memelingo-1/lambda-small_mlp-tplp-htc_20 | CH1: memelingo-1/lambda-small_mlp-tplp-htc_25 | CO1: memelingo-1/lambda-small_mlp-tplp-htc_30 | CV1: memelingo-1/lambda-small_mlp-tplp-htc_35 | DC1: memelingo-1/lambda-small_mlp-tplp-htc_40 | DJ1: memelingo-1/lambda-small_mlp-tplp-htc_45 | DQ1: memelingo-1/lambda-small_mlp-tplp-htc_50 | DX1: memelingo-1/lambda-small_mlp-tplp-htcdl_10 | EE1: memelingo-1/lambda-small_mlp-tplp-htcdl_15 | EL1: memelingo-1/lambda-small_mlp-tplp-htcdl_20 | ES1: memelingo-1/lambda-small_mlp-tplp-htcdl_25 | EZ1: memelingo-1/lambda-small_mlp-tplp-htcdl_30 | FG1: memelingo-1/lambda-small_mlp-tplp-htcdl_35 | FN1: memelingo-1/lambda-small_mlp-tplp-htcdl_40 | FU1: memelingo-1/lambda-small_mlp-tplp-htcdl_45 | GB1: memelingo-1/lambda-small_mlp-tplp-htcdl_50 | GI1: min | GO1: median | GU1: max
A2: median | B2: time | C2: stime | D2: status | E2: rules | F2: ctime | G2: fmtime | H2: memout | I2: time | J2: stime | K2: status | L2: rules | M2: ctime | N2: fmtime | O2: memout | P2: time | Q2: stime | R2: status | S2: rules | T2: ctime | U2: fmtime | V2: memout | W2: time | X2: stime | Y2: status | Z2: rules | AA2: ctime | AB2: fmtime | AC2: memout | AD2: time | AE2: stime | AF2: status | AG2: rules | AH2: ctime | AI2: fmtime | AJ2: memout | AK2: time | AL2: stime | AM2: status | AN2: rules | AO2: ctime | AP2: fmtime | AQ2: memout | AR2: time | AS2: stime | AT2: status | AU2: rules | AV2: ctime | AW2: fmtime | AX2: memout | AY2: time | AZ2: stime | BA2: status | BB2: rules | BC2: ctime | BD2: fmtime | BE2: memout | BF2: time | BG2: stime | BH2: status | BI2: rules | BJ2: ctime | BK2: fmtime | BL2: memout | BM2: time | BN2: stime | BO2: status | BP2: rules | BQ2: ctime | BR2: fmtime | BS2: memout | BT2: time | BU2: stime | BV2: status | BW2: rules | BX2: ctime | BY2: fmtime | BZ2: memout | CA2: time | CB2: stime | CC2: status | CD2: rules | CE2: ctime | CF2: fmtime | CG2: memout | CH2: time | CI2: stime | CJ2: status | CK2: rules | CL2: ctime | CM2: fmtime | CN2: memout | CO2: time | CP2: stime | CQ2: status | CR2: rules | CS2: ctime | CT2: fmtime | CU2: memout | CV2: time | CW2: stime | CX2: status | CY2: rules | CZ2: ctime | DA2: fmtime | DB2: memout | DC2: time | DD2: stime | DE2: status | DF2: rules | DG2: ctime | DH2: fmtime | DI2: memout | DJ2: time | DK2: stime | DL2: status | DM2: rules | DN2: ctime | DO2: fmtime | DP2: memout | DQ2: time | DR2: stime | DS2: status | DT2: rules | DU2: ctime | DV2: fmtime | DW2: memout | DX2: time | DY2: stime | DZ2: status | EA2: rules | EB2: ctime | EC2: fmtime | ED2: memout | EE2: time | EF2: stime | EG2: status | EH2: rules | EI2: ctime | EJ2: fmtime | EK2: memout | EL2: time | EM2: stime | EN2: status | EO2: rules | EP2: ctime | EQ2: fmtime | ER2: memout | ES2: time | ET2: stime | EU2: status | EV2: rules | EW2: ctime | EX2: fmtime | EY2: memout | EZ2: time | FA2: stime | FB2: status | FC2: rules | FD2: ctime | FE2: fmtime | FF2: memout | FG2: time | FH2: stime | FI2: status | FJ2: rules | FK2: ctime | FL2: fmtime | FM2: memout | FN2: time | FO2: stime | FP2: status | FQ2: rules | FR2: ctime | FS2: fmtime | FT2: memout | FU2: time | FV2: stime | FW2: status | FX2: rules | FY2: ctime | FZ2: fmtime | GA2: memout | GB2: time | GC2: stime | GD2: status | GE2: rules | GF2: ctime | GG2: fmtime | GH2: memout | GI2: time | GJ2: stime | GK2: rules | GL2: ctime | GM2: fmtime | GN2: memout | GO2: time | GP2: stime | GQ2: rules | GR2: ctime | GS2: fmtime | GT2: memout | GU2: time | GV2: stime | GW2: rules | GX2: ctime | GY2: fmtime | GZ2: memout
A3: instances/ft06 | B3: {=_xlfn.SWITCH($A$2,"average", AVERAGE(Instances!B3:Instances!B3),"median", MEDIAN(Instances!B3:Instances!B3),"min", MIN(Instances!B3:Instances!B3),"max", MAX(Instances!B3:Instances!B3),"diff", MAX(Instances!B3:Instances!B3)-MIN(Instances!B3:Instances!B3))} -> 0 | C3: {=_xlfn.SWITCH($A$2,"average", AVERAGE(Instances!C3:Instances!C3),"median", MEDIAN(Instances!C3:Instances!C3),"min", MIN(Instances!C3:Instances!C3),"max", MAX(Instances!C3:Instances!C3),"diff", MAX(Instances!C3:Instances!C3)-MIN(Instances!C3:Instances!C3))} -> 0 | E3: {=_xlfn.SWITCH($A$2,"average", AVERAGE(Instances!E3:Instances!E3),"median", MEDIAN(Instances!E3:Instances!E3),"min", MIN(Instances!E3:Instances!E3),"max", MAX(Instances!E3:Instances!E3),"diff", MAX(Instances!E3:Instances!E3)-MIN(Instances!E3:Instances!E3))} -> 0 | F3: {=_xlfn.SWITCH($A$2,"average", AVERAGE(Instances!F3:Instances!F3),"median", MEDIAN(Instances!F3:Instances!F3),"min", MIN(Instances!F3:Instances!F3),"max", MAX(Instances!F3:Instances!F3),"diff", MAX(Instances!F3:Instances!F3)-MIN(Instances!F3:Instances!F3))} -> 0 | G3: {=_xlfn.SWITCH($A$2,"average", AVERAGE(Instances!G3:Instances!G3),"median", MEDIAN(Instances!G3:Instances!G3),"min", MIN(Instances!G3:Instances!G3),"max", MAX(Instances!G3:Instances!G3),"diff", MAX(Instances!G3:Instances!G3)-MIN(Instances!G3:Instances!G3))} -> 0 | H3: {=_xlfn.SWITCH($A$2,"average", AVERAGE(Instances!H3:Instances!H3),"median", MEDIAN(Instances!H3:Instances!H3),"min", MIN(Instances!H3:Instances!H3),"max", MAX(Instances!H3:Instances!H3),"diff", MAX(Instances!H3:Instances!H3)-MIN(Instances!H3:Instances!H3))} -> 0 | I3: {=_xlfn.SWITCH($A$2,"average", AVERAGE(Instances!I3:Instances!I3),"median", MEDIAN(Instances!I3:Instances!I3),"min", MIN(Instances!I3:Instances!I3),"max", MAX(Instances!I3:Instances!I3),"diff", MAX(Instances!I3:Instances!I3)-MIN(Instances!I3:Instances!I3))} -> 0 | J3: {=_xlfn.SWITCH($A$2,"average", AVERAGE(Instances!J3:Instances!J3),"median", MEDIAN(Instances!J3:Instances!J3),"min", MIN(Instances!J3:Instances!J3),"max", MAX(Instances!J3:Instances!J3),"diff", MAX(Instances!J3:Instances!J3)-MIN(Instances!J3:Instances!J3))} -> 0 | L3: {=_xlfn.SWITCH($A$2,"average", AVERAGE(Instances!L3:Instances!L3),"median", MEDIAN(Instances!L3:Instances!L3),"min", MIN(Instances!L3:Instances!L3),"max", MAX(Instances!L3:Instances!L3),"diff", MAX(Instances!L3:Instances!L3)-MIN(Instances!L3:Instances!L3))} -> 0 | M3: {=_xlfn.SWITCH($A$2,"average", AVERAGE(Instances!M3:Instances!M3),"median", MEDIAN(Instances!M3:Instances!M3),"min", MIN(Instances!M3:Instances!M3),"max", MAX(Instances!M3:Instances!M3),"diff", MAX(Instances!M3:Instances!M3)-MIN(Instances!M3:Instances!M3))} -> 0 | N3: {=_xlfn.SWITCH($A$2,"average", AVERAGE(Instances!N3:Instances!N3),"median", MEDIAN(Instances!N3:Instances!N3),"min", MIN(Instances!N3:Instances!N3),"max", MAX(Instances!N3:Instances!N3),"diff", MAX(Instances!N3:Instances!N3)-MIN(Instances!N3:Instances!N3))} -> 0 | O3: {=_xlfn.SWITCH($A$2,"average", AVERAGE(Instances!O3:Instances!O3),"median", MEDIAN(Instances!O3:Instances!O3),"min", MIN(Instances!O3:Instances!O3),"max", MAX(Instances!O3:Instances!O3),"diff", MAX(Instances!O3:Instances!O3)-MIN(Instances!O3:Instances!O3))} -> 0 | P3: {=_xlfn.SWITCH($A$2,"average", AVERAGE(Instances!P3:Instances!P3),"median", MEDIAN(Instances!P3:Instances!P3),"min", MIN(Instances!P3:Instances!P3),"max", MAX(Instances!P3:Instances!P3),"diff", MAX(Instances!P3:Instances!P3)-MIN(Instances!P3:Instances!P3))} -> 0 | Q3: {=_xlfn.SWITCH($A$2,"average", AVERAGE(Instances!Q3:Instances!Q3),"median", MEDIAN(Instances!Q3:Instances!Q3),"min", MIN(Instances!Q3:Instances!Q3),"max", MAX(Instances!Q3:Instances!Q3),"diff", MAX(Instances!Q3:Instances!Q3)-MIN(Instances!Q3:Instances!Q3))} -> 0 | S3: {=_xlfn.SWITCH($A$2,"average", AVERAGE(Instances!S3:Instances!S3),"median", MEDIAN(Instances!S3:Instances!S3),"min", MIN(Instances!S3:Instances!S3),"max", MAX(Instances!S3:Instances!S3),"diff", MAX(Instances!S3:Instances!S3)-MIN(Instances!S3:Instances!S3))} -> 0 | T3: {=_xlfn.SWITCH($A$2,"average", AVERAGE(Instances!T3:Instances!T3),"median", MEDIAN(Instances!T3:Instances!T3),"min", MIN(Instances!T3:Instances!T3),"max", MAX(Instances!T3:Instances!T3),"diff", MAX(Instances!T3:Instances!T3)-MIN(Instances!T3:Instances!T3))} -> 0 | U3: {=_xlfn.SWITCH($A$2,"average", AVERAGE(Instances!U3:Instances!U3),"median", MEDIAN(Instances!U3:Instances!U3),"min", MIN(Instances!U3:Instances!U3),"max", MAX(Instances!U3:Instances!U3),"diff", MAX(Instances!U3:Instances!U3)-MIN(Instances!U3:Instances!U3))} -> 0 | V3: {=_xlfn.SWITCH($A$2,"average", AVERAGE(Instances!V3:Instances!V3),"median", MEDIAN(Instances!V3:Instances!V3),"min", MIN(Instances!V3:Instances!V3),"max", MAX(Instances!V3:Instances!V3),"diff", MAX(Instances!V3:Instances!V3)-MIN(Instances!V3:Instances!V3))} -> 0 | W3: {=_xlfn.SWITCH($A$2,"average", AVERAGE(Instances!W3:Instances!W3),"median", MEDIAN(Instances!W3:Instances!W3),"min", MIN(Instances!W3:Instances!W3),"max", MAX(Instances!W3:Instances!W3),"diff", MAX(Instances!W3:Instances!W3)-MIN(Instances!W3:Instances!W3))} -> 0 | X3: {=_xlfn.SWITCH($A$2,"average", AVERAGE(Instances!X3:Instances!X3),"median", MEDIAN(Instances!X3:Instances!X3),"min", MIN(Instances!X3:Instances!X3),"max", MAX(Instances!X3:Instances!X3),"diff", MAX(Instances!X3:Instances!X3)-MIN(Instances!X3:Instances!X3))} -> 0 | Z3: {=_xlfn.SWITCH($A$2,"average", AVERAGE(Instances!Z3:Instances!Z3),"median", MEDIAN(Instances!Z3:Instances!Z3),"min", MIN(Instances!Z3:Instances!Z3),"max", MAX(Instances!Z3:Instances!Z3),"diff", MAX(Instances!Z3:Instances!Z3)-MIN(Instances!Z3:Instances!Z3))} -> 0 | AA3: {=_xlfn.SWITCH($A$2,"average", AVERAGE(Instances!AA3:Instances!AA3),"median", MEDIAN(Instances!AA3:Instances!AA3),"min", MIN(Instances!AA3:Instances!AA3),"max", MAX(Instances!AA3:Instances!AA3),"diff", MAX(Instances!AA3:Instances!AA3)-MIN(Instances!AA3:Instances!AA3))} -> 0 | AB3: {=_xlfn.SWITCH($A$2,"average", AVERAGE(Instances!AB3:Instances!AB3),"median", MEDIAN(Instances!AB3:Instances!AB3),"min", MIN(Instances!AB3:Instances!AB3),"max", MAX(Instances!AB3:Instances!AB3),"diff", MAX(Instances!AB3:Instances!AB3)-MIN(Instances!AB3:Instances!AB3))} -> 0 | AC3: {=_xlfn.SWITCH($A$2,"average", AVERAGE(Instances!AC3:Instances!AC3),"median", MEDIAN(Instances!AC3:Instances!AC3),"min", MIN(Instances!AC3:Instances!AC3),"max", MAX(Instances!AC3:Instances!AC3),"diff", MAX(Instances!AC3:Instances!AC3)-MIN(Instances!AC3:Instances!AC3))} -> 0 | AD3: {=_xlfn.SWITCH($A$2,"average", AVERAGE(Instances!AD3:Instances!AD3),"median", MEDIAN(Instances!AD3:Instances!AD3),"min", MIN(Instances!AD3:Instances!AD3),"max", MAX(Instances!AD3:Instances!AD3),"diff", MAX(Instances!AD3:Instances!AD3)-MIN(Instances!AD3:Instances!AD3))} -> 0 | AE3: {=_xlfn.SWITCH($A$2,"average", AVERAGE(Instances!AE3:Instances!AE3),"median", MEDIAN(Instances!AE3:Instances!AE3),"min", MIN(Instances!AE3:Instances!AE3),"max", MAX(Instances!AE3:Instances!AE3),"diff", MAX(Instances!AE3:Instances!AE3)-MIN(Instances!AE3:Instances!AE3))} -> 0 | AG3: {=_xlfn.SWITCH($A$2,"average", AVERAGE(Instances!AG3:Instances!AG3),"median", MEDIAN(Instances!AG3:Instances!AG3),"min", MIN(Instances!AG3:Instances!AG3),"max", MAX(Instances!AG3:Instances!AG3),"diff", MAX(Instances!AG3:Instances!AG3)-MIN(Instances!AG3:Instances!AG3))} -> 0 | AH3: {=_xlfn.SWITCH($A$2,"average", AVERAGE(Instances!AH3:Instances!AH3),"median", MEDIAN(Instances!AH3:Instances!AH3),"min", MIN(Instances!AH3:Instances!AH3),"max", MAX(Instances!AH3:Instances!AH3),"diff", MAX(Instances!AH3:Instances!AH3)-MIN(Instances!AH3:Instances!AH3))} -> 0 | AI3: {=_xlfn.SWITCH($A$2,"average", AVERAGE(Instances!AI3:Instances!AI3),"median", MEDIAN(Instances!AI3:Instances!AI3),"min", MIN(Instances!AI3:Instances!AI3),"max", MAX(Instances!AI3:Instances!AI3),"diff", MAX(Instances!AI3:Instances!AI3)-MIN(Instances!AI3:Instances!AI3))} -> 0 | AJ3: {=_xlfn.SWITCH($A$2,"average", AVERAGE(Instances!AJ3:Instances!AJ3),"median", MEDIAN(Instances!AJ3:Instances!AJ3),"min", MIN(Instances!AJ3:Instances!AJ3),"max", MAX(Instances!AJ3:Instances!AJ3),"diff", MAX(Instances!AJ3:Instances!AJ3)-MIN(Instances!AJ3:Instances!AJ3))} -> 0 | AK3: {=_xlfn.SWITCH($A$2,"average", AVERAGE(Instances!AK3:Instances!AK3),"median", MEDIAN(Instances!AK3:Instances!AK3),"min", MIN(Instances!AK3:Instances!AK3),"max", MAX(Instances!AK3:Instances!AK3),"diff", MAX(Instances!AK3:Instances!AK3)-MIN(Instances!AK3:Instances!AK3))} -> 0 | AL3: {=_xlfn.SWITCH($A$2,"average", AVERAGE(Instances!AL3:Instances!AL3),"median", MEDIAN(Instances!AL3:Instances!AL3),"min", MIN(Instances!AL3:Instances!AL3),"max", MAX(Instances!AL3:Instances!AL3),"diff", MAX(Instances!AL3:Instances!AL3)-MIN(Instances!AL3:Instances!AL3))} -> 0 | AN3: {=_xlfn.SWITCH($A$2,"average", AVERAGE(Instances!AN3:Instances!AN3),"median", MEDIAN(Instances!AN3:Instances!AN3),"min", MIN(Instances!AN3:Instances!AN3),"max", MAX(Instances!AN3:Instances!AN3),"diff", MAX(Instances!AN3:Instances!AN3)-MIN(Instances!AN3:Instances!AN3))} -> 0 | AO3: {=_xlfn.SWITCH($A$2,"average", AVERAGE(Instances!AO3:Instances!AO3),"median", MEDIAN(Instances!AO3:Instances!AO3),"min", MIN(Instances!AO3:Instances!AO3),"max", MAX(Instances!AO3:Instances!AO3),"diff", MAX(Instances!AO3:Instances!AO3)-MIN(Instances!AO3:Instances!AO3))} -> 0 | AP3: {=_xlfn.SWITCH($A$2,"average", AVERAGE(Instances!AP3:Instances!AP3),"median", MEDIAN(Instances!AP3:Instances!AP3),"min", MIN(Instances!AP3:Instances!AP3),"max", MAX(Instances!AP3:Instances!AP3),"diff", MAX(Instances!AP3:Instances!AP3)-MIN(Instances!AP3:Instances!AP3))} -> 0 | AQ3: {=_xlfn.SWITCH($A$2,"average", AVERAGE(Instances!AQ3:Instances!AQ3),"median", MEDIAN(Instances!AQ3:Instances!AQ3),"min", MIN(Instances!AQ3:Instances!AQ3),"max", MAX(Instances!AQ3:Instances!AQ3),"diff", MAX(Instances!AQ3:Instances!AQ3)-MIN(Instances!AQ3:Instances!AQ3))} -> 0 | AR3: {=_xlfn.SWITCH($A$2,"average", AVERAGE(Instances!AR3:Instances!AR3),"median", MEDIAN(Instances!AR3:Instances!AR3),"min", MIN(Instances!AR3:Instances!AR3),"max", MAX(Instances!AR3:Instances!AR3),"diff", MAX(Instances!AR3:Instances!AR3)-MIN(Instances!AR3:Instances!AR3))} -> 0 | AS3: {=_xlfn.SWITCH($A$2,"average", AVERAGE(Instances!AS3:Instances!AS3),"median", MEDIAN(Instances!AS3:Instances!AS3),"min", MIN(Instances!AS3:Instances!AS3),"max", MAX(Instances!AS3:Instances!AS3),"diff", MAX(Instances!AS3:Instances!AS3)-MIN(Instances!AS3:Instances!AS3))} -> 0 | AU3: {=_xlfn.SWITCH($A$2,"average", AVERAGE(Instances!AU3:Instances!AU3),"median", MEDIAN(Instances!AU3:Instances!AU3),"min", MIN(Instances!AU3:Instances!AU3),"max", MAX(Instances!AU3:Instances!AU3),"diff", MAX(Instances!AU3:Instances!AU3)-MIN(Instances!AU3:Instances!AU3))} -> 0 | AV3: {=_xlfn.SWITCH($A$2,"average", AVERAGE(Instances!AV3:Instances!AV3),"median", MEDIAN(Instances!AV3:Instances!AV3),"min", MIN(Instances!AV3:Instances!AV3),"max", MAX(Instances!AV3:Instances!AV3),"diff", MAX(Instances!AV3:Instances!AV3)-MIN(Instances!AV3:Instances!AV3))} -> 0 | AW3: {=_xlfn.SWITCH($A$2,"average", AVERAGE(Instances!AW3:Instances!AW3),"median", MEDIAN(Instances!AW3:Instances!AW3),"min", MIN(Instances!AW3:Instances!AW3),"max", MAX(Instances!AW3:Instances!AW3),"diff", MAX(Instances!AW3:Instances!AW3)-MIN(Instances!AW3:Instances!AW3))} -> 0 | AX3: {=_xlfn.SWITCH($A$2,"average", AVERAGE(Instances!AX3:Instances!AX3),"median", MEDIAN(Instances!AX3:Instances!AX3),"min", MIN(Instances!AX3:Instances!AX3),"max", MAX(Instances!AX3:Instances!AX3),"diff", MAX(Instances!AX3:Instances!AX3)-MIN(Instances!AX3:Instances!AX3))} -> 0 | AY3: {=_xlfn.SWITCH($A$2,"average", AVERAGE(Instances!AY3:Instances!AY3),"median", MEDIAN(Instances!AY3:Instances!AY3),"min", MIN(Instances!AY3:Instances!AY3),"max", MAX(Instances!AY3:Instances!AY3),"diff", MAX(Instances!AY3:Instances!AY3)-MIN(Instances!AY3:Instances!AY3))} -> 0 | AZ3: {=_xlfn.SWITCH($A$2,"average", AVERAGE(Instances!AZ3:Instances!AZ3),"median", MEDIAN(Instances!AZ3:Instances!AZ3),"min", MIN(Instances!AZ3:Instances!AZ3),"max", MAX(Instances!AZ3:Instances!AZ3),"diff", MAX(Instances!AZ3:Instances!AZ3)-MIN(Instances!AZ3:Instances!AZ3))} -> 0 | BB3: {=_xlfn.SWITCH($A$2,"average", AVERAGE(Instances!BB3:Instances!BB3),"median", MEDIAN(Instances!BB3:Instances!BB3),"min", MIN(Instances!BB3:Instances!BB3),"max", MAX(Instances!BB3:Instances!BB3),"diff", MAX(Instances!BB3:Instances!BB3)-MIN(Instances!BB3:Instances!BB3))} -> 0 | BC3: {=_xlfn.SWITCH($A$2,"average", AVERAGE(Instances!BC3:Instances!BC3),"median", MEDIAN(Instances!BC3:Instances!BC3),"min", MIN(Instances!BC3:Instances!BC3),"max", MAX(Instances!BC3:Instances!BC3),"diff", MAX(Instances!BC3:Instances!BC3)-MIN(Instances!BC3:Instances!BC3))} -> 0 | BD3: {=_xlfn.SWITCH($A$2,"average", AVERAGE(Instances!BD3:Instances!BD3),"median", MEDIAN(Instances!BD3:Instances!BD3),"min", MIN(Instances!BD3:Instances!BD3),"max", MAX(Instances!BD3:Instances!BD3),"diff", MAX(Instances!BD3:Instances!BD3)-MIN(Instances!BD3:Instances!BD3))} -> 0 | BE3: {=_xlfn.SWITCH($A$2,"average", AVERAGE(Instances!BE3:Instances!BE3),"median", MEDIAN(Instances!BE3:Instances!BE3),"min", MIN(Instances!BE3:Instances!BE3),"max", MAX(Instances!BE3:Instances!BE3),"diff", MAX(Instances!BE3:Instances!BE3)-MIN(Instances!BE3:Instances!BE3))} -> 0 | BF3: {=_xlfn.SWITCH($A$2,"average", AVERAGE(Instances!BF3:Instances!BF3),"median", MEDIAN(Instances!BF3:Instances!BF3),"min", MIN(Instances!BF3:Instances!BF3),"max", MAX(Instances!BF3:Instances!BF3),"diff", MAX(Instances!BF3:Instances!BF3)-MIN(Instances!BF3:Instances!BF3))} -> 0 | BG3: {=_xlfn.SWITCH($A$2,"average", AVERAGE(Instances!BG3:Instances!BG3),"median", MEDIAN(Instances!BG3:Instances!BG3),"min", MIN(Instances!BG3:Instances!BG3),"max", MAX(Instances!BG3:Instances!BG3),"diff", MAX(Instances!BG3:Instances!BG3)-MIN(Instances!BG3:Instances!BG3))} -> 0 | BI3: {=_xlfn.SWITCH($A$2,"average", AVERAGE(Instances!BI3:Instances!BI3),"median", MEDIAN(Instances!BI3:Instances!BI3),"min", MIN(Instances!BI3:Instances!BI3),"max", MAX(Instances!BI3:Instances!BI3),"diff", MAX(Instances!BI3:Instances!BI3)-MIN(Instances!BI3:Instances!BI3))} -> 0 | BJ3: {=_xlfn.SWITCH($A$2,"average", AVERAGE(Instances!BJ3:Instances!BJ3),"median", MEDIAN(Instances!BJ3:Instances!BJ3),"min", MIN(Instances!BJ3:Instances!BJ3),"max", MAX(Instances!BJ3:Instances!BJ3),"diff", MAX(Instances!BJ3:Instances!BJ3)-MIN(Instances!BJ3:Instances!BJ3))} -> 0 | BK3: {=_xlfn.SWITCH($A$2,"average", AVERAGE(Instances!BK3:Instances!BK3),"median", MEDIAN(Instances!BK3:Instances!BK3),"min", MIN(Instances!BK3:Instances!BK3),"max", MAX(Instances!BK3:Instances!BK3),"diff", MAX(Instances!BK3:Instances!BK3)-MIN(Instances!BK3:Instances!BK3))} -> 0 | BL3: {=_xlfn.SWITCH($A$2,"average", AVERAGE(Instances!BL3:Instances!BL3),"median", MEDIAN(Instances!BL3:Instances!BL3),"min", MIN(Instances!BL3:Instances!BL3),"max", MAX(Instances!BL3:Instances!BL3),"diff", MAX(Instances!BL3:Instances!BL3)-MIN(Instances!BL3:Instances!BL3))} -> 0 | BM3: {=_xlfn.SWITCH($A$2,"average", AVERAGE(Instances!BM3:Instances!BM3),"median", MEDIAN(Instances!BM3:Instances!BM3),"min", MIN(Instances!BM3:Instances!BM3),"max", MAX(Instances!BM3:Instances!BM3),"diff", MAX(Instances!BM3:Instances!BM3)-MIN(Instances!BM3:Instances!BM3))} -> 0 | BN3: {=_xlfn.SWITCH($A$2,"average", AVERAGE(Instances!BN3:Instances!BN3),"median", MEDIAN(Instances!BN3:Instances!BN3),"min", MIN(Instances!BN3:Instances!BN3),"max", MAX(Instances!BN3:Instances!BN3),"diff", MAX(Instances!BN3:Instances!BN3)-MIN(Instances!BN3:Instances!BN3))} -> 0 | BP3: {=_xlfn.SWITCH($A$2,"average", AVERAGE(Instances!BP3:Instances!BP3),"median", MEDIAN(Instances!BP3:Instances!BP3),"min", MIN(Instances!BP3:Instances!BP3),"max", MAX(Instances!BP3:Instances!BP3),"diff", MAX(Instances!BP3:Instances!BP3)-MIN(Instances!BP3:Instances!BP3))} -> 0 | BQ3: {=_xlfn.SWITCH($A$2,"average", AVERAGE(Instances!BQ3:Instances!BQ3),"median", MEDIAN(Instances!BQ3:Instances!BQ3),"min", MIN(Instances!BQ3:Instances!BQ3),"max", MAX(Instances!BQ3:Instances!BQ3),"diff", MAX(Instances!BQ3:Instances!BQ3)-MIN(Instances!BQ3:Instances!BQ3))} -> 0 | BR3: {=_xlfn.SWITCH($A$2,"average", AVERAGE(Instances!BR3:Instances!BR3),"median", MEDIAN(Instances!BR3:Instances!BR3),"min", MIN(Instances!BR3:Instances!BR3),"max", MAX(Instances!BR3:Instances!BR3),"diff", MAX(Instances!BR3:Instances!BR3)-MIN(Instances!BR3:Instances!BR3))} -> 0 | BS3: {=_xlfn.SWITCH($A$2,"average", AVERAGE(Instances!BS3:Instances!BS3),"median", MEDIAN(Instances!BS3:Instances!BS3),"min", MIN(Instances!BS3:Instances!BS3),"max", MAX(Instances!BS3:Instances!BS3),"diff", MAX(Instances!BS3:Instances!BS3)-MIN(Instances!BS3:Instances!BS3))} -> 0 | BT3: {=_xlfn.SWITCH($A$2,"average", AVERAGE(Instances!BT3:Instances!BT3),"median", MEDIAN(Instances!BT3:Instances!BT3),"min", MIN(Instances!BT3:Instances!BT3),"max", MAX(Instances!BT3:Instances!BT3),"diff", MAX(Instances!BT3:Instances!BT3)-MIN(Instances!BT3:Instances!BT3))} -> 0 | BU3: {=_xlfn.SWITCH($A$2,"average", AVERAGE(Instances!BU3:Instances!BU3),"median", MEDIAN(Instances!BU3:Instances!BU3),"min", MIN(Instances!BU3:Instances!BU3),"max", MAX(Instances!BU3:Instances!BU3),"diff", MAX(Instances!BU3:Instances!BU3)-MIN(Instances!BU3:Instances!BU3))} -> 0 | BW3: {=_xlfn.SWITCH($A$2,"average", AVERAGE(Instances!BW3:Instances!BW3),"median", MEDIAN(Instances!BW3:Instances!BW3),"min", MIN(Instances!BW3:Instances!BW3),"max", MAX(Instances!BW3:Instances!BW3),"diff", MAX(Instances!BW3:Instances!BW3)-MIN(Instances!BW3:Instances!BW3))} -> 0 | BX3: {=_xlfn.SWITCH($A$2,"average", AVERAGE(Instances!BX3:Instances!BX3),"median", MEDIAN(Instances!BX3:Instances!BX3),"min", MIN(Instances!BX3:Instances!BX3),"max", MAX(Instances!BX3:Instances!BX3),"diff", MAX(Instances!BX3:Instances!BX3)-MIN(Instances!BX3:Instances!BX3))} -> 0 | BY3: {=_xlfn.SWITCH($A$2,"average", AVERAGE(Instances!BY3:Instances!BY3),"median", MEDIAN(Instances!BY3:Instances!BY3),"min", MIN(Instances!BY3:Instances!BY3),"max", MAX(Instances!BY3:Instances!BY3),"diff", MAX(Instances!BY3:Instances!BY3)-MIN(Instances!BY3:Instances!BY3))} -> 0 | BZ3: {=_xlfn.SWITCH($A$2,"average", AVERAGE(Instances!BZ3:Instances!BZ3),"median", MEDIAN(Instances!BZ3:Instances!BZ3),"min", MIN(Instances!BZ3:Instances!BZ3),"max", MAX(Instances!BZ3:Instances!BZ3),"diff", MAX(Instances!BZ3:Instances!BZ3)-MIN(Instances!BZ3:Instances!BZ3))} -> 0 | CA3: {=_xlfn.SWITCH($A$2,"average", AVERAGE(Instances!CA3:Instances!CA3),"median", MEDIAN(Instances!CA3:Instances!CA3),"min", MIN(Instances!CA3:Instances!CA3),"max", MAX(Instances!CA3:Instances!CA3),"diff", MAX(Instances!CA3:Instances!CA3)-MIN(Instances!CA3:Instances!CA3))} -> 0 | CB3: {=_xlfn.SWITCH($A$2,"average", AVERAGE(Instances!CB3:Instances!CB3),"median", MEDIAN(Instances!CB3:Instances!CB3),"min", MIN(Instances!CB3:Instances!CB3),"max", MAX(Instances!CB3:Instances!CB3),"diff", MAX(Instances!CB3:Instances!CB3)-MIN(Instances!CB3:Instances!CB3))} -> 0 | CD3: {=_xlfn.SWITCH($A$2,"average", AVERAGE(Instances!CD3:Instances!CD3),"median", MEDIAN(Instances!CD3:Instances!CD3),"min", MIN(Instances!CD3:Instances!CD3),"max", MAX(Instances!CD3:Instances!CD3),"diff", MAX(Instances!CD3:Instances!CD3)-MIN(Instances!CD3:Instances!CD3))} -> 0 | CE3: {=_xlfn.SWITCH($A$2,"average", AVERAGE(Instances!CE3:Instances!CE3),"median", MEDIAN(Instances!CE3:Instances!CE3),"min", MIN(Instances!CE3:Instances!CE3),"max", MAX(Instances!CE3:Instances!CE3),"diff", MAX(Instances!CE3:Instances!CE3)-MIN(Instances!CE3:Instances!CE3))} -> 0 | CF3: {=_xlfn.SWITCH($A$2,"average", AVERAGE(Instances!CF3:Instances!CF3),"median", MEDIAN(Instances!CF3:Instances!CF3),"min", MIN(Instances!CF3:Instances!CF3),"max", MAX(Instances!CF3:Instances!CF3),"diff", MAX(Instances!CF3:Instances!CF3)-MIN(Instances!CF3:Instances!CF3))} -> 0 | CG3: {=_xlfn.SWITCH($A$2,"average", AVERAGE(Instances!CG3:Instances!CG3),"median", MEDIAN(Instances!CG3:Instances!CG3),"min", MIN(Instances!CG3:Instances!CG3),"max", MAX(Instances!CG3:Instances!CG3),"diff", MAX(Instances!CG3:Instances!CG3)-MIN(Instances!CG3:Instances!CG3))} -> 0 | CH3: {=_xlfn.SWITCH($A$2,"average", AVERAGE(Instances!CH3:Instances!CH3),"median", MEDIAN(Instances!CH3:Instances!CH3),"min", MIN(Instances!CH3:Instances!CH3),"max", MAX(Instances!CH3:Instances!CH3),"diff", MAX(Instances!CH3:Instances!CH3)-MIN(Instances!CH3:Instances!CH3))} -> 0 | CI3: {=_xlfn.SWITCH($A$2,"average", AVERAGE(Instances!CI3:Instances!CI3),"median", MEDIAN(Instances!CI3:Instances!CI3),"min", MIN(Instances!CI3:Instances!CI3),"max", MAX(Instances!CI3:Instances!CI3),"diff", MAX(Instances!CI3:Instances!CI3)-MIN(Instances!CI3:Instances!CI3))} -> 0 | CK3: {=_xlfn.SWITCH($A$2,"average", AVERAGE(Instances!CK3:Instances!CK3),"median", MEDIAN(Instances!CK3:Instances!CK3),"min", MIN(Instances!CK3:Instances!CK3),"max", MAX(Instances!CK3:Instances!CK3),"diff", MAX(Instances!CK3:Instances!CK3)-MIN(Instances!CK3:Instances!CK3))} -> 0 | CL3: {=_xlfn.SWITCH($A$2,"average", AVERAGE(Instances!CL3:Instances!CL3),"median", MEDIAN(Instances!CL3:Instances!CL3),"min", MIN(Instances!CL3:Instances!CL3),"max", MAX(Instances!CL3:Instances!CL3),"diff", MAX(Instances!CL3:Instances!CL3)-MIN(Instances!CL3:Instances!CL3))} -> 0 | CM3: {=_xlfn.SWITCH($A$2,"average", AVERAGE(Instances!CM3:Instances!CM3),"median", MEDIAN(Instances!CM3:Instances!CM3),"min", MIN(Instances!CM3:Instances!CM3),"max", MAX(Instances!CM3:Instances!CM3),"diff", MAX(Instances!CM3:Instances!CM3)-MIN(Instances!CM3:Instances!CM3))} -> 0 | CN3: {=_xlfn.SWITCH($A$2,"average", AVERAGE(Instances!CN3:Instances!CN3),"median", MEDIAN(Instances!CN3:Instances!CN3),"min", MIN(Instances!CN3:Instances!CN3),"max", MAX(Instances!CN3:Instances!CN3),"diff", MAX(Instances!CN3:Instances!CN3)-MIN(Instances!CN3:Instances!CN3))} -> 0 | CO3: {=_xlfn.SWITCH($A$2,"average", AVERAGE(Instances!CO3:Instances!CO3),"median", MEDIAN(Instances!CO3:Instances!CO3),"min", MIN(Instances!CO3:Instances!CO3),"max", MAX(Instances!CO3:Instances!CO3),"diff", MAX(Instances!CO3:Instances!CO3)-MIN(Instances!CO3:Instances!CO3))} -> 0 | CP3: {=_xlfn.SWITCH($A$2,"average", AVERAGE(Instances!CP3:Instances!CP3),"median", MEDIAN(Instances!CP3:Instances!CP3),"min", MIN(Instances!CP3:Instances!CP3),"max", MAX(Instances!CP3:Instances!CP3),"diff", MAX(Instances!CP3:Instances!CP3)-MIN(Instances!CP3:Instances!CP3))} -> 0 | CR3: {=_xlfn.SWITCH($A$2,"average", AVERAGE(Instances!CR3:Instances!CR3),"median", MEDIAN(Instances!CR3:Instances!CR3),"min", MIN(Instances!CR3:Instances!CR3),"max", MAX(Instances!CR3:Instances!CR3),"diff", MAX(Instances!CR3:Instances!CR3)-MIN(Instances!CR3:Instances!CR3))} -> 0 | CS3: {=_xlfn.SWITCH($A$2,"average", AVERAGE(Instances!CS3:Instances!CS3),"median", MEDIAN(Instances!CS3:Instances!CS3),"min", MIN(Instances!CS3:Instances!CS3),"max", MAX(Instances!CS3:Instances!CS3),"diff", MAX(Instances!CS3:Instances!CS3)-MIN(Instances!CS3:Instances!CS3))} -> 0 | CT3: {=_xlfn.SWITCH($A$2,"average", AVERAGE(Instances!CT3:Instances!CT3),"median", MEDIAN(Instances!CT3:Instances!CT3),"min", MIN(Instances!CT3:Instances!CT3),"max", MAX(Instances!CT3:Instances!CT3),"diff", MAX(Instances!CT3:Instances!CT3)-MIN(Instances!CT3:Instances!CT3))} -> 0 | CU3: {=_xlfn.SWITCH($A$2,"average", AVERAGE(Instances!CU3:Instances!CU3),"median", MEDIAN(Instances!CU3:Instances!CU3),"min", MIN(Instances!CU3:Instances!CU3),"max", MAX(Instances!CU3:Instances!CU3),"diff", MAX(Instances!CU3:Instances!CU3)-MIN(Instances!CU3:Instances!CU3))} -> 0 | CV3: {=_xlfn.SWITCH($A$2,"average", AVERAGE(Instances!CV3:Instances!CV3),"median", MEDIAN(Instances!CV3:Instances!CV3),"min", MIN(Instances!CV3:Instances!CV3),"max", MAX(Instances!CV3:Instances!CV3),"diff", MAX(Instances!CV3:Instances!CV3)-MIN(Instances!CV3:Instances!CV3))} -> 0 | CW3: {=_xlfn.SWITCH($A$2,"average", AVERAGE(Instances!CW3:Instances!CW3),"median", MEDIAN(Instances!CW3:Instances!CW3),"min", MIN(Instances!CW3:Instances!CW3),"max", MAX(Instances!CW3:Instances!CW3),"diff", MAX(Instances!CW3:Instances!CW3)-MIN(Instances!CW3:Instances!CW3))} -> 0 | CY3: {=_xlfn.SWITCH($A$2,"average", AVERAGE(Instances!CY3:Instances!CY3),"median", MEDIAN(Instances!CY3:Instances!CY3),"min", MIN(Instances!CY3:Instances!CY3),"max", MAX(Instances!CY3:Instances!CY3),"diff", MAX(Instances!CY3:Instances!CY3)-MIN(Instances!CY3:Instances!CY3))} -> 0 | CZ3: {=_xlfn.SWITCH($A$2,"average", AVERAGE(Instances!CZ3:Instances!CZ3),"median", MEDIAN(Instances!CZ3:Instances!CZ3),"min", MIN(Instances!CZ3:Instances!CZ3),"max", MAX(Instances!CZ3:Instances!CZ3),"diff", MAX(Instances!CZ3:Instances!CZ3)-MIN(Instances!CZ3:Instances!CZ3))} -> 0 | DA3: {=_xlfn.SWITCH($A$2,"average", AVERAGE(Instances!DA3:Instances!DA3),"median", MEDIAN(Instances!DA3:Instances!DA3),"min", MIN(Instances!DA3:Instances!DA3),"max", MAX(Instances!DA3:Instances!DA3),"diff", MAX(Instances!DA3:Instances!DA3)-MIN(Instances!DA3:Instances!DA3))} -> 0 | DB3: {=_xlfn.SWITCH($A$2,"average", AVERAGE(Instances!DB3:Instances!DB3),"median", MEDIAN(Instances!DB3:Instances!DB3),"min", MIN(Instances!DB3:Instances!DB3),"max", MAX(Instances!DB3:Instances!DB3),"diff", MAX(Instances!DB3:Instances!DB3)-MIN(Instances!DB3:Instances!DB3))} -> 0 | DC3: {=_xlfn.SWITCH($A$2,"average", AVERAGE(Instances!DC3:Instances!DC3),"median", MEDIAN(Instances!DC3:Instances!DC3),"min", MIN(Instances!DC3:Instances!DC3),"max", MAX(Instances!DC3:Instances!DC3),"diff", MAX(Instances!DC3:Instances!DC3)-MIN(Instances!DC3:Instances!DC3))} -> 0 | DD3: {=_xlfn.SWITCH($A$2,"average", AVERAGE(Instances!DD3:Instances!DD3),"median", MEDIAN(Instances!DD3:Instances!DD3),"min", MIN(Instances!DD3:Instances!DD3),"max", MAX(Instances!DD3:Instances!DD3),"diff", MAX(Instances!DD3:Instances!DD3)-MIN(Instances!DD3:Instances!DD3))} -> 0 | DF3: {=_xlfn.SWITCH($A$2,"average", AVERAGE(Instances!DF3:Instances!DF3),"median", MEDIAN(Instances!DF3:Instances!DF3),"min", MIN(Instances!DF3:Instances!DF3),"max", MAX(Instances!DF3:Instances!DF3),"diff", MAX(Instances!DF3:Instances!DF3)-MIN(Instances!DF3:Instances!DF3))} -> 0 | DG3: {=_xlfn.SWITCH($A$2,"average", AVERAGE(Instances!DG3:Instances!DG3),"median", MEDIAN(Instances!DG3:Instances!DG3),"min", MIN(Instances!DG3:Instances!DG3),"max", MAX(Instances!DG3:Instances!DG3),"diff", MAX(Instances!DG3:Instances!DG3)-MIN(Instances!DG3:Instances!DG3))} -> 0 | DH3: {=_xlfn.SWITCH($A$2,"average", AVERAGE(Instances!DH3:Instances!DH3),"median", MEDIAN(Instances!DH3:Instances!DH3),"min", MIN(Instances!DH3:Instances!DH3),"max", MAX(Instances!DH3:Instances!DH3),"diff", MAX(Instances!DH3:Instances!DH3)-MIN(Instances!DH3:Instances!DH3))} -> 0 | DI3: {=_xlfn.SWITCH($A$2,"average", AVERAGE(Instances!DI3:Instances!DI3),"median", MEDIAN(Instances!DI3:Instances!DI3),"min", MIN(Instances!DI3:Instances!DI3),"max", MAX(Instances!DI3:Instances!DI3),"diff", MAX(Instances!DI3:Instances!DI3)-MIN(Instances!DI3:Instances!DI3))} -> 0 | DJ3: {=_xlfn.SWITCH($A$2,"average", AVERAGE(Instances!DJ3:Instances!DJ3),"median", MEDIAN(Instances!DJ3:Instances!DJ3),"min", MIN(Instances!DJ3:Instances!DJ3),"max", MAX(Instances!DJ3:Instances!DJ3),"diff", MAX(Instances!DJ3:Instances!DJ3)-MIN(Instances!DJ3:Instances!DJ3))} -> 0 | DK3: {=_xlfn.SWITCH($A$2,"average", AVERAGE(Instances!DK3:Instances!DK3),"median", MEDIAN(Instances!DK3:Instances!DK3),"min", MIN(Instances!DK3:Instances!DK3),"max", MAX(Instances!DK3:Instances!DK3),"diff", MAX(Instances!DK3:Instances!DK3)-MIN(Instances!DK3:Instances!DK3))} -> 0 | DM3: {=_xlfn.SWITCH($A$2,"average", AVERAGE(Instances!DM3:Instances!DM3),"median", MEDIAN(Instances!DM3:Instances!DM3),"min", MIN(Instances!DM3:Instances!DM3),"max", MAX(Instances!DM3:Instances!DM3),"diff", MAX(Instances!DM3:Instances!DM3)-MIN(Instances!DM3:Instances!DM3))} -> 0 | DN3: {=_xlfn.SWITCH($A$2,"average", AVERAGE(Instances!DN3:Instances!DN3),"median", MEDIAN(Instances!DN3:Instances!DN3),"min", MIN(Instances!DN3:Instances!DN3),"max", MAX(Instances!DN3:Instances!DN3),"diff", MAX(Instances!DN3:Instances!DN3)-MIN(Instances!DN3:Instances!DN3))} -> 0 | DO3: {=_xlfn.SWITCH($A$2,"average", AVERAGE(Instances!DO3:Instances!DO3),"median", MEDIAN(Instances!DO3:Instances!DO3),"min", MIN(Instances!DO3:Instances!DO3),"max", MAX(Instances!DO3:Instances!DO3),"diff", MAX(Instances!DO3:Instances!DO3)-MIN(Instances!DO3:Instances!DO3))} -> 0 | DP3: {=_xlfn.SWITCH($A$2,"average", AVERAGE(Instances!DP3:Instances!DP3),"median", MEDIAN(Instances!DP3:Instances!DP3),"min", MIN(Instances!DP3:Instances!DP3),"max", MAX(Instances!DP3:Instances!DP3),"diff", MAX(Instances!DP3:Instances!DP3)-MIN(Instances!DP3:Instances!DP3))} -> 0 | DQ3: {=_xlfn.SWITCH($A$2,"average", AVERAGE(Instances!DQ3:Instances!DQ3),"median", MEDIAN(Instances!DQ3:Instances!DQ3),"min", MIN(Instances!DQ3:Instances!DQ3),"max", MAX(Instances!DQ3:Instances!DQ3),"diff", MAX(Instances!DQ3:Instances!DQ3)-MIN(Instances!DQ3:Instances!DQ3))} -> 0 | DR3: {=_xlfn.SWITCH($A$2,"average", AVERAGE(Instances!DR3:Instances!DR3),"median", MEDIAN(Instances!DR3:Instances!DR3),"min", MIN(Instances!DR3:Instances!DR3),"max", MAX(Instances!DR3:Instances!DR3),"diff", MAX(Instances!DR3:Instances!DR3)-MIN(Instances!DR3:Instances!DR3))} -> 0 | DT3: {=_xlfn.SWITCH($A$2,"average", AVERAGE(Instances!DT3:Instances!DT3),"median", MEDIAN(Instances!DT3:Instances!DT3),"min", MIN(Instances!DT3:Instances!DT3),"max", MAX(Instances!DT3:Instances!DT3),"diff", MAX(Instances!DT3:Instances!DT3)-MIN(Instances!DT3:Instances!DT3))} -> 0 | DU3: {=_xlfn.SWITCH($A$2,"average", AVERAGE(Instances!DU3:Instances!DU3),"median", MEDIAN(Instances!DU3:Instances!DU3),"min", MIN(Instances!DU3:Instances!DU3),"max", MAX(Instances!DU3:Instances!DU3),"diff", MAX(Instances!DU3:Instances!DU3)-MIN(Instances!DU3:Instances!DU3))} -> 0 | DV3: {=_xlfn.SWITCH($A$2,"average", AVERAGE(Instances!DV3:Instances!DV3),"median", MEDIAN(Instances!DV3:Instances!DV3),"min", MIN(Instances!DV3:Instances!DV3),"max", MAX(Instances!DV3:Instances!DV3),"diff", MAX(Instances!DV3:Instances!DV3)-MIN(Instances!DV3:Instances!DV3))} -> 0 | DW3: {=_xlfn.SWITCH($A$2,"average", AVERAGE(Instances!DW3:Instances!DW3),"median", MEDIAN(Instances!DW3:Instances!DW3),"min", MIN(Instances!DW3:Instances!DW3),"max", MAX(Instances!DW3:Instances!DW3),"diff", MAX(Instances!DW3:Instances!DW3)-MIN(Instances!DW3:Instances!DW3))} -> 0 | DX3: {=_xlfn.SWITCH($A$2,"average", AVERAGE(Instances!DX3:Instances!DX3),"median", MEDIAN(Instances!DX3:Instances!DX3),"min", MIN(Instances!DX3:Instances!DX3),"max", MAX(Instances!DX3:Instances!DX3),"diff", MAX(Instances!DX3:Instances!DX3)-MIN(Instances!DX3:Instances!DX3))} -> 0 | DY3: {=_xlfn.SWITCH($A$2,"average", AVERAGE(Instances!DY3:Instances!DY3),"median", MEDIAN(Instances!DY3:Instances!DY3),"min", MIN(Instances!DY3:Instances!DY3),"max", MAX(Instances!DY3:Instances!DY3),"diff", MAX(Instances!DY3:Instances!DY3)-MIN(Instances!DY3:Instances!DY3))} -> 0 | EA3: {=_xlfn.SWITCH($A$2,"average", AVERAGE(Instances!EA3:Instances!EA3),"median", MEDIAN(Instances!EA3:Instances!EA3),"min", MIN(Instances!EA3:Instances!EA3),"max", MAX(Instances!EA3:Instances!EA3),"diff", MAX(Instances!EA3:Instances!EA3)-MIN(Instances!EA3:Instances!EA3))} -> 0 | EB3: {=_xlfn.SWITCH($A$2,"average", AVERAGE(Instances!EB3:Instances!EB3),"median", MEDIAN(Instances!EB3:Instances!EB3),"min", MIN(Instances!EB3:Instances!EB3),"max", MAX(Instances!EB3:Instances!EB3),"diff", MAX(Instances!EB3:Instances!EB3)-MIN(Instances!EB3:Instances!EB3))} -> 0 | EC3: {=_xlfn.SWITCH($A$2,"average", AVERAGE(Instances!EC3:Instances!EC3),"median", MEDIAN(Instances!EC3:Instances!EC3),"min", MIN(Instances!EC3:Instances!EC3),"max", MAX(Instances!EC3:Instances!EC3),"diff", MAX(Instances!EC3:Instances!EC3)-MIN(Instances!EC3:Instances!EC3))} -> 0 | ED3: {=_xlfn.SWITCH($A$2,"average", AVERAGE(Instances!ED3:Instances!ED3),"median", MEDIAN(Instances!ED3:Instances!ED3),"min", MIN(Instances!ED3:Instances!ED3),"max", MAX(Instances!ED3:Instances!ED3),"diff", MAX(Instances!ED3:Instances!ED3)-MIN(Instances!ED3:Instances!ED3))} -> 0 | EE3: {=_xlfn.SWITCH($A$2,"average", AVERAGE(Instances!EE3:Instances!EE3),"median", MEDIAN(Instances!EE3:Instances!EE3),"min", MIN(Instances!EE3:Instances!EE3),"max", MAX(Instances!EE3:Instances!EE3),"diff", MAX(Instances!EE3:Instances!EE3)-MIN(Instances!EE3:Instances!EE3))} -> 0 | EF3: {=_xlfn.SWITCH($A$2,"average", AVERAGE(Instances!EF3:Instances!EF3),"median", MEDIAN(Instances!EF3:Instances!EF3),"min", MIN(Instances!EF3:Instances!EF3),"max", MAX(Instances!EF3:Instances!EF3),"diff", MAX(Instances!EF3:Instances!EF3)-MIN(Instances!EF3:Instances!EF3))} -> 0 | EH3: {=_xlfn.SWITCH($A$2,"average", AVERAGE(Instances!EH3:Instances!EH3),"median", MEDIAN(Instances!EH3:Instances!EH3),"min", MIN(Instances!EH3:Instances!EH3),"max", MAX(Instances!EH3:Instances!EH3),"diff", MAX(Instances!EH3:Instances!EH3)-MIN(Instances!EH3:Instances!EH3))} -> 0 | EI3: {=_xlfn.SWITCH($A$2,"average", AVERAGE(Instances!EI3:Instances!EI3),"median", MEDIAN(Instances!EI3:Instances!EI3),"min", MIN(Instances!EI3:Instances!EI3),"max", MAX(Instances!EI3:Instances!EI3),"diff", MAX(Instances!EI3:Instances!EI3)-MIN(Instances!EI3:Instances!EI3))} -> 0 | EJ3: {=_xlfn.SWITCH($A$2,"average", AVERAGE(Instances!EJ3:Instances!EJ3),"median", MEDIAN(Instances!EJ3:Instances!EJ3),"min", MIN(Instances!EJ3:Instances!EJ3),"max", MAX(Instances!EJ3:Instances!EJ3),"diff", MAX(Instances!EJ3:Instances!EJ3)-MIN(Instances!EJ3:Instances!EJ3))} -> 0 | EK3: {=_xlfn.SWITCH($A$2,"average", AVERAGE(Instances!EK3:Instances!EK3),"median", MEDIAN(Instances!EK3:Instances!EK3),"min", MIN(Instances!EK3:Instances!EK3),"max", MAX(Instances!EK3:Instances!EK3),"diff", MAX(Instances!EK3:Instances!EK3)-MIN(Instances!EK3:Instances!EK3))} -> 0 | EL3: {=_xlfn.SWITCH($A$2,"average", AVERAGE(Instances!EL3:Instances!EL3),"median", MEDIAN(Instances!EL3:Instances!EL3),"min", MIN(Instances!EL3:Instances!EL3),"max", MAX(Instances!EL3:Instances!EL3),"diff", MAX(Instances!EL3:Instances!EL3)-MIN(Instances!EL3:Instances!EL3))} -> 0 | EM3: {=_xlfn.SWITCH($A$2,"average", AVERAGE(Instances!EM3:Instances!EM3),"median", MEDIAN(Instances!EM3:Instances!EM3),"min", MIN(Instances!EM3:Instances!EM3),"max", MAX(Instances!EM3:Instances!EM3),"diff", MAX(Instances!EM3:Instances!EM3)-MIN(Instances!EM3:Instances!EM3))} -> 0 | EO3: {=_xlfn.SWITCH($A$2,"average", AVERAGE(Instances!EO3:Instances!EO3),"median", MEDIAN(Instances!EO3:Instances!EO3),"min", MIN(Instances!EO3:Instances!EO3),"max", MAX(Instances!EO3:Instances!EO3),"diff", MAX(Instances!EO3:Instances!EO3)-MIN(Instances!EO3:Instances!EO3))} -> 0 | EP3: {=_xlfn.SWITCH($A$2,"average", AVERAGE(Instances!EP3:Instances!EP3),"median", MEDIAN(Instances!EP3:Instances!EP3),"min", MIN(Instances!EP3:Instances!EP3),"max", MAX(Instances!EP3:Instances!EP3),"diff", MAX(Instances!EP3:Instances!EP3)-MIN(Instances!EP3:Instances!EP3))} -> 0 | EQ3: {=_xlfn.SWITCH($A$2,"average", AVERAGE(Instances!EQ3:Instances!EQ3),"median", MEDIAN(Instances!EQ3:Instances!EQ3),"min", MIN(Instances!EQ3:Instances!EQ3),"max", MAX(Instances!EQ3:Instances!EQ3),"diff", MAX(Instances!EQ3:Instances!EQ3)-MIN(Instances!EQ3:Instances!EQ3))} -> 0 | ER3: {=_xlfn.SWITCH($A$2,"average", AVERAGE(Instances!ER3:Instances!ER3),"median", MEDIAN(Instances!ER3:Instances!ER3),"min", MIN(Instances!ER3:Instances!ER3),"max", MAX(Instances!ER3:Instances!ER3),"diff", MAX(Instances!ER3:Instances!ER3)-MIN(Instances!ER3:Instances!ER3))} -> 0 | ES3: {=_xlfn.SWITCH($A$2,"average", AVERAGE(Instances!ES3:Instances!ES3),"median", MEDIAN(Instances!ES3:Instances!ES3),"min", MIN(Instances!ES3:Instances!ES3),"max", MAX(Instances!ES3:Instances!ES3),"diff", MAX(Instances!ES3:Instances!ES3)-MIN(Instances!ES3:Instances!ES3))} -> 0 | ET3: {=_xlfn.SWITCH($A$2,"average", AVERAGE(Instances!ET3:Instances!ET3),"median", MEDIAN(Instances!ET3:Instances!ET3),"min", MIN(Instances!ET3:Instances!ET3),"max", MAX(Instances!ET3:Instances!ET3),"diff", MAX(Instances!ET3:Instances!ET3)-MIN(Instances!ET3:Instances!ET3))} -> 0 | EV3: {=_xlfn.SWITCH($A$2,"average", AVERAGE(Instances!EV3:Instances!EV3),"median", MEDIAN(Instances!EV3:Instances!EV3),"min", MIN(Instances!EV3:Instances!EV3),"max", MAX(Instances!EV3:Instances!EV3),"diff", MAX(Instances!EV3:Instances!EV3)-MIN(Instances!EV3:Instances!EV3))} -> 0 | EW3: {=_xlfn.SWITCH($A$2,"average", AVERAGE(Instances!EW3:Instances!EW3),"median", MEDIAN(Instances!EW3:Instances!EW3),"min", MIN(Instances!EW3:Instances!EW3),"max", MAX(Instances!EW3:Instances!EW3),"diff", MAX(Instances!EW3:Instances!EW3)-MIN(Instances!EW3:Instances!EW3))} -> 0 | EX3: {=_xlfn.SWITCH($A$2,"average", AVERAGE(Instances!EX3:Instances!EX3),"median", MEDIAN(Instances!EX3:Instances!EX3),"min", MIN(Instances!EX3:Instances!EX3),"max", MAX(Instances!EX3:Instances!EX3),"diff", MAX(Instances!EX3:Instances!EX3)-MIN(Instances!EX3:Instances!EX3))} -> 0 | EY3: {=_xlfn.SWITCH($A$2,"average", AVERAGE(Instances!EY3:Instances!EY3),"median", MEDIAN(Instances!EY3:Instances!EY3),"min", MIN(Instances!EY3:Instances!EY3),"max", MAX(Instances!EY3:Instances!EY3),"diff", MAX(Instances!EY3:Instances!EY3)-MIN(Instances!EY3:Instances!EY3))} -> 0 | EZ3: {=_xlfn.SWITCH($A$2,"average", AVERAGE(Instances!EZ3:Instances!EZ3),"median", MEDIAN(Instances!EZ3:Instances!EZ3),"min", MIN(Instances!EZ3:Instances!EZ3),"max", MAX(Instances!EZ3:Instances!EZ3),"diff", MAX(Instances!EZ3:Instances!EZ3)-MIN(Instances!EZ3:Instances!EZ3))} -> 0 | FA3: {=_xlfn.SWITCH($A$2,"average", AVERAGE(Instances!FA3:Instances!FA3),"median", MEDIAN(Instances!FA3:Instances!FA3),"min", MIN(Instances!FA3:Instances!FA3),"max", MAX(Instances!FA3:Instances!FA3),"diff", MAX(Instances!FA3:Instances!FA3)-MIN(Instances!FA3:Instances!FA3))} -> 0 | FC3: {=_xlfn.SWITCH($A$2,"average", AVERAGE(Instances!FC3:Instances!FC3),"median", MEDIAN(Instances!FC3:Instances!FC3),"min", MIN(Instances!FC3:Instances!FC3),"max", MAX(Instances!FC3:Instances!FC3),"diff", MAX(Instances!FC3:Instances!FC3)-MIN(Instances!FC3:Instances!FC3))} -> 0 | FD3: {=_xlfn.SWITCH($A$2,"average", AVERAGE(Instances!FD3:Instances!FD3),"median", MEDIAN(Instances!FD3:Instances!FD3),"min", MIN(Instances!FD3:Instances!FD3),"max", MAX(Instances!FD3:Instances!FD3),"diff", MAX(Instances!FD3:Instances!FD3)-MIN(Instances!FD3:Instances!FD3))} -> 0 | FE3: {=_xlfn.SWITCH($A$2,"average", AVERAGE(Instances!FE3:Instances!FE3),"median", MEDIAN(Instances!FE3:Instances!FE3),"min", MIN(Instances!FE3:Instances!FE3),"max", MAX(Instances!FE3:Instances!FE3),"diff", MAX(Instances!FE3:Instances!FE3)-MIN(Instances!FE3:Instances!FE3))} -> 0 | FF3: {=_xlfn.SWITCH($A$2,"average", AVERAGE(Instances!FF3:Instances!FF3),"median", MEDIAN(Instances!FF3:Instances!FF3),"min", MIN(Instances!FF3:Instances!FF3),"max", MAX(Instances!FF3:Instances!FF3),"diff", MAX(Instances!FF3:Instances!FF3)-MIN(Instances!FF3:Instances!FF3))} -> 0 | FG3: {=_xlfn.SWITCH($A$2,"average", AVERAGE(Instances!FG3:Instances!FG3),"median", MEDIAN(Instances!FG3:Instances!FG3),"min", MIN(Instances!FG3:Instances!FG3),"max", MAX(Instances!FG3:Instances!FG3),"diff", MAX(Instances!FG3:Instances!FG3)-MIN(Instances!FG3:Instances!FG3))} -> 0 | FH3: {=_xlfn.SWITCH($A$2,"average", AVERAGE(Instances!FH3:Instances!FH3),"median", MEDIAN(Instances!FH3:Instances!FH3),"min", MIN(Instances!FH3:Instances!FH3),"max", MAX(Instances!FH3:Instances!FH3),"diff", MAX(Instances!FH3:Instances!FH3)-MIN(Instances!FH3:Instances!FH3))} -> 0 | FJ3: {=_xlfn.SWITCH($A$2,"average", AVERAGE(Instances!FJ3:Instances!FJ3),"median", MEDIAN(Instances!FJ3:Instances!FJ3),"min", MIN(Instances!FJ3:Instances!FJ3),"max", MAX(Instances!FJ3:Instances!FJ3),"diff", MAX(Instances!FJ3:Instances!FJ3)-MIN(Instances!FJ3:Instances!FJ3))} -> 0 | FK3: {=_xlfn.SWITCH($A$2,"average", AVERAGE(Instances!FK3:Instances!FK3),"median", MEDIAN(Instances!FK3:Instances!FK3),"min", MIN(Instances!FK3:Instances!FK3),"max", MAX(Instances!FK3:Instances!FK3),"diff", MAX(Instances!FK3:Instances!FK3)-MIN(Instances!FK3:Instances!FK3))} -> 0 | FL3: {=_xlfn.SWITCH($A$2,"average", AVERAGE(Instances!FL3:Instances!FL3),"median", MEDIAN(Instances!FL3:Instances!FL3),"min", MIN(Instances!FL3:Instances!FL3),"max", MAX(Instances!FL3:Instances!FL3),"diff", MAX(Instances!FL3:Instances!FL3)-MIN(Instances!FL3:Instances!FL3))} -> 0 | FM3: {=_xlfn.SWITCH($A$2,"average", AVERAGE(Instances!FM3:Instances!FM3),"median", MEDIAN(Instances!FM3:Instances!FM3),"min", MIN(Instances!FM3:Instances!FM3),"max", MAX(Instances!FM3:Instances!FM3),"diff", MAX(Instances!FM3:Instances!FM3)-MIN(Instances!FM3:Instances!FM3))} -> 0 | FN3: {=_xlfn.SWITCH($A$2,"average", AVERAGE(Instances!FN3:Instances!FN3),"median", MEDIAN(Instances!FN3:Instances!FN3),"min", MIN(Instances!FN3:Instances!FN3),"max", MAX(Instances!FN3:Instances!FN3),"diff", MAX(Instances!FN3:Instances!FN3)-MIN(Instances!FN3:Instances!FN3))} -> 0 | FO3: {=_xlfn.SWITCH($A$2,"average", AVERAGE(Instances!FO3:Instances!FO3),"median", MEDIAN(Instances!FO3:Instances!FO3),"min", MIN(Instances!FO3:Instances!FO3),"max", MAX(Instances!FO3:Instances!FO3),"diff", MAX(Instances!FO3:Instances!FO3)-MIN(Instances!FO3:Instances!FO3))} -> 0 | FQ3: {=_xlfn.SWITCH($A$2,"average", AVERAGE(Instances!FQ3:Instances!FQ3),"median", MEDIAN(Instances!FQ3:Instances!FQ3),"min", MIN(Instances!FQ3:Instances!FQ3),"max", MAX(Instances!FQ3:Instances!FQ3),"diff", MAX(Instances!FQ3:Instances!FQ3)-MIN(Instances!FQ3:Instances!FQ3))} -> 0 | FR3: {=_xlfn.SWITCH($A$2,"average", AVERAGE(Instances!FR3:Instances!FR3),"median", MEDIAN(Instances!FR3:Instances!FR3),"min", MIN(Instances!FR3:Instances!FR3),"max", MAX(Instances!FR3:Instances!FR3),"diff", MAX(Instances!FR3:Instances!FR3)-MIN(Instances!FR3:Instances!FR3))} -> 0 | FS3: {=_xlfn.SWITCH($A$2,"average", AVERAGE(Instances!FS3:Instances!FS3),"median", MEDIAN(Instances!FS3:Instances!FS3),"min", MIN(Instances!FS3:Instances!FS3),"max", MAX(Instances!FS3:Instances!FS3),"diff", MAX(Instances!FS3:Instances!FS3)-MIN(Instances!FS3:Instances!FS3))} -> 0 | FT3: {=_xlfn.SWITCH($A$2,"average", AVERAGE(Instances!FT3:Instances!FT3),"median", MEDIAN(Instances!FT3:Instances!FT3),"min", MIN(Instances!FT3:Instances!FT3),"max", MAX(Instances!FT3:Instances!FT3),"diff", MAX(Instances!FT3:Instances!FT3)-MIN(Instances!FT3:Instances!FT3))} -> 0 | FU3: {=_xlfn.SWITCH($A$2,"average", AVERAGE(Instances!FU3:Instances!FU3),"median", MEDIAN(Instances!FU3:Instances!FU3),"min", MIN(Instances!FU3:Instances!FU3),"max", MAX(Instances!FU3:Instances!FU3),"diff", MAX(Instances!FU3:Instances!FU3)-MIN(Instances!FU3:Instances!FU3))} -> 0 | FV3: {=_xlfn.SWITCH($A$2,"average", AVERAGE(Instances!FV3:Instances!FV3),"median", MEDIAN(Instances!FV3:Instances!FV3),"min", MIN(Instances!FV3:Instances!FV3),"max", MAX(Instances!FV3:Instances!FV3),"diff", MAX(Instances!FV3:Instances!FV3)-MIN(Instances!FV3:Instances!FV3))} -> 0 | FX3: {=_xlfn.SWITCH($A$2,"average", AVERAGE(Instances!FX3:Instances!FX3),"median", MEDIAN(Instances!FX3:Instances!FX3),"min", MIN(Instances!FX3:Instances!FX3),"max", MAX(Instances!FX3:Instances!FX3),"diff", MAX(Instances!FX3:Instances!FX3)-MIN(Instances!FX3:Instances!FX3))} -> 0 | FY3: {=_xlfn.SWITCH($A$2,"average", AVERAGE(Instances!FY3:Instances!FY3),"median", MEDIAN(Instances!FY3:Instances!FY3),"min", MIN(Instances!FY3:Instances!FY3),"max", MAX(Instances!FY3:Instances!FY3),"diff", MAX(Instances!FY3:Instances!FY3)-MIN(Instances!FY3:Instances!FY3))} -> 0 | FZ3: {=_xlfn.SWITCH($A$2,"average", AVERAGE(Instances!FZ3:Instances!FZ3),"median", MEDIAN(Instances!FZ3:Instances!FZ3),"min", MIN(Instances!FZ3:Instances!FZ3),"max", MAX(Instances!FZ3:Instances!FZ3),"diff", MAX(Instances!FZ3:Instances!FZ3)-MIN(Instances!FZ3:Instances!FZ3))} -> 0 | GA3: {=_xlfn.SWITCH($A$2,"average", AVERAGE(Instances!GA3:Instances!GA3),"median", MEDIAN(Instances!GA3:Instances!GA3),"min", MIN(Instances!GA3:Instances!GA3),"max", MAX(Instances!GA3:Instances!GA3),"diff", MAX(Instances!GA3:Instances!GA3)-MIN(Instances!GA3:Instances!GA3))} -> 0 | GB3: {=_xlfn.SWITCH($A$2,"average", AVERAGE(Instances!GB3:Instances!GB3),"median", MEDIAN(Instances!GB3:Instances!GB3),"min", MIN(Instances!GB3:Instances!GB3),"max", MAX(Instances!GB3:Instances!GB3),"diff", MAX(Instances!GB3:Instances!GB3)-MIN(Instances!GB3:Instances!GB3))} -> 0 | GC3: {=_xlfn.SWITCH($A$2,"average", AVERAGE(Instances!GC3:Instances!GC3),"median", MEDIAN(Instances!GC3:Instances!GC3),"min", MIN(Instances!GC3:Instances!GC3),"max", MAX(Instances!GC3:Instances!GC3),"diff", MAX(Instances!GC3:Instances!GC3)-MIN(Instances!GC3:Instances!GC3))} -> 0 | GE3: {=_xlfn.SWITCH($A$2,"average", AVERAGE(Instances!GE3:Instances!GE3),"median", MEDIAN(Instances!GE3:Instances!GE3),"min", MIN(Instances!GE3:Instances!GE3),"max", MAX(Instances!GE3:Instances!GE3),"diff", MAX(Instances!GE3:Instances!GE3)-MIN(Instances!GE3:Instances!GE3))} -> 0 | GF3: {=_xlfn.SWITCH($A$2,"average", AVERAGE(Instances!GF3:Instances!GF3),"median", MEDIAN(Instances!GF3:Instances!GF3),"min", MIN(Instances!GF3:Instances!GF3),"max", MAX(Instances!GF3:Instances!GF3),"diff", MAX(Instances!GF3:Instances!GF3)-MIN(Instances!GF3:Instances!GF3))} -> 0 | GG3: {=_xlfn.SWITCH($A$2,"average", AVERAGE(Instances!GG3:Instances!GG3),"median", MEDIAN(Instances!GG3:Instances!GG3),"min", MIN(Instances!GG3:Instances!GG3),"max", MAX(Instances!GG3:Instances!GG3),"diff", MAX(Instances!GG3:Instances!GG3)-MIN(Instances!GG3:Instances!GG3))} -> 0 | GH3: {=_xlfn.SWITCH($A$2,"average", AVERAGE(Instances!GH3:Instances!GH3),"median", MEDIAN(Instances!GH3:Instances!GH3),"min", MIN(Instances!GH3:Instances!GH3),"max", MAX(Instances!GH3:Instances!GH3),"diff", MAX(Instances!GH3:Instances!GH3)-MIN(Instances!GH3:Instances!GH3))} -> 0 | GI3: =MIN($B3,$I3,$P3,$W3,$AD3,$AK3,$AR3,$AY3,$BF3,$BM3,$BT3,$CA3,$CH3,$CO3,$CV3,$DC3,$DJ3,$DQ3,$DX3,$EE3,$EL3,$ES3,$EZ3,$FG3,$FN3,$FU3,$GB3) -> 0 | GJ3: =MIN($C3,$J3,$Q3,$X3,$AE3,$AL3,$AS3,$AZ3,$BG3,$BN3,$BU3,$CB3,$CI3,$CP3,$CW3,$DD3,$DK3,$DR3,$DY3,$EF3,$EM3,$ET3,$FA3,$FH3,$FO3,$FV3,$GC3) -> 0 | GK3: =MIN($E3,$L3,$S3,$Z3,$AG3,$AN3,$AU3,$BB3,$BI3,$BP3,$BW3,$CD3,$CK3,$CR3,$CY3,$DF3,$DM3,$DT3,$EA3,$EH3,$EO3,$EV3,$FC3,$FJ3,$FQ3,$FX3,$GE3) -> 0 | GL3: =MIN($F3,$M3,$T3,$AA3,$AH3,$AO3,$AV3,$BC3,$BJ3,$BQ3,$BX3,$CE3,$CL3,$CS3,$CZ3,$DG3,$DN3,$DU3,$EB3,$EI3,$EP3,$EW3,$FD3,$FK3,$FR3,$FY3,$GF3) -> 0 | GM3: =MIN($G3,$N3,$U3,$AB3,$AI3,$AP3,$AW3,$BD3,$BK3,$BR3,$BY3,$CF3,$CM3,$CT3,$DA3,$DH3,$DO3,$DV3,$EC3,$EJ3,$EQ3,$EX3,$FE3,$FL3,$FS3,$FZ3,$GG3) -> 0 | GN3: =MIN($H3,$O3,$V3,$AC3,$AJ3,$AQ3,$AX3,$BE3,$BL3,$BS3,$BZ3,$CG3,$CN3,$CU3,$DB3,$DI3,$DP3,$DW3,$ED3,$EK3,$ER3,$EY3,$FF3,$FM3,$FT3,$GA3,$GH3) -> 0 | GO3: =MEDIAN($B3,$I3,$P3,$W3,$AD3,$AK3,$AR3,$AY3,$BF3,$BM3,$BT3,$CA3,$CH3,$CO3,$CV3,$DC3,$DJ3,$DQ3,$DX3,$EE3,$EL3,$ES3,$EZ3,$FG3,$FN3,$FU3,$GB3) -> 0 | GP3: =MEDIAN($C3,$J3,$Q3,$X3,$AE3,$AL3,$AS3,$AZ3,$BG3,$BN3,$BU3,$CB3,$CI3,$CP3,$CW3,$DD3,$DK3,$DR3,$DY3,$EF3,$EM3,$ET3,$FA3,$FH3,$FO3,$FV3,$GC3) -> 0 | GQ3: =MEDIAN($E3,$L3,$S3,$Z3,$AG3,$AN3,$AU3,$BB3,$BI3,$BP3,$BW3,$CD3,$CK3,$CR3,$CY3,$DF3,$DM3,$DT3,$EA3,$EH3,$EO3,$EV3,$FC3,$FJ3,$FQ3,$FX3,$GE3) -> 0 | GR3: =MEDIAN($F3,$M3,$T3,$AA3,$AH3,$AO3,$AV3,$BC3,$BJ3,$BQ3,$BX3,$CE3,$CL3,$CS3,$CZ3,$DG3,$DN3,$DU3,$EB3,$EI3,$EP3,$EW3,$FD3,$FK3,$FR3,$FY3,$GF3) -> 0 | GS3: =MEDIAN($G3,$N3,$U3,$AB3,$AI3,$AP3,$AW3,$BD3,$BK3,$BR3,$BY3,$CF3,$CM3,$CT3,$DA3,$DH3,$DO3,$DV3,$EC3,$EJ3,$EQ3,$EX3,$FE3,$FL3,$FS3,$FZ3,$GG3) -> 0 | GT3: =MEDIAN($H3,$O3,$V3,$AC3,$AJ3,$AQ3,$AX3,$BE3,$BL3,$BS3,$BZ3,$CG3,$CN3,$CU3,$DB3,$DI3,$DP3,$DW3,$ED3,$EK3,$ER3,$EY3,$FF3,$FM3,$FT3,$GA3,$GH3) -> 0 | GU3: =MAX($B3,$I3,$P3,$W3,$AD3,$AK3,$AR3,$AY3,$BF3,$BM3,$BT3,$CA3,$CH3,$CO3,$CV3,$DC3,$DJ3,$DQ3,$DX3,$EE3,$EL3,$ES3,$EZ3,$FG3,$FN3,$FU3,$GB3) -> 0 | GV3: =MAX($C3,$J3,$Q3,$X3,$AE3,$AL3,$AS3,$AZ3,$BG3,$BN3,$BU3,$CB3,$CI3,$CP3,$CW3,$DD3,$DK3,$DR3,$DY3,$EF3,$EM3,$ET3,$FA3,$FH3,$FO3,$FV3,$GC3) -> 0 | GW3: =MAX($E3,$L3,$S3,$Z3,$AG3,$AN3,$AU3,$BB3,$BI3,$BP3,$BW3,$CD3,$CK3,$CR3,$CY3,$DF3,$DM3,$DT3,$EA3,$EH3,$EO3,$EV3,$FC3,$FJ3,$FQ3,$FX3,$GE3) -> 0 | GX3: =MAX($F3,$M3,$T3,$AA3,$AH3,$AO3,$AV3,$BC3,$BJ3,$BQ3,$BX3,$CE3,$CL3,$CS3,$CZ3,$DG3,$DN3,$DU3,$EB3,$EI3,$EP3,$EW3,$FD3,$FK3,$FR3,$FY3,$GF3) -> 0 | GY3: =MAX($G3,$N3,$U3,$AB3,$AI3,$AP3,$AW3,$BD3,$BK3,$BR3,$BY3,$CF3,$CM3,$CT3,$DA3,$DH3,$DO3,$DV3,$EC3,$EJ3,$EQ3,$EX3,$FE3,$FL3,$FS3,$FZ3,$GG3) -> 0 | GZ3: =MAX($H3,$O3,$V3,$AC3,$AJ3,$AQ3,$AX3,$BE3,$BL3,$BS3,$BZ3,$CG3,$CN3,$CU3,$DB3,$DI3,$DP3,$DW3,$ED3,$EK3,$ER3,$EY3,$FF3,$FM3,$FT3,$GA3,$GH3) -> 0
A5: SUM | B5: =SUM(B$3:B$3) -> 0 | C5: =SUM(C$3:C$3) -> 0 | E5: =SUM(E$3:E$3) -> 0 | F5: =SUM(F$3:F$3) -> 0 | G5: =SUM(G$3:G$3) -> 0 | H5: =SUM(H$3:H$3) -> 0 | I5: =SUM(I$3:I$3) -> 0 | J5: =SUM(J$3:J$3) -> 0 | L5: =SUM(L$3:L$3) -> 0 | M5: =SUM(M$3:M$3) -> 0 | N5: =SUM(N$3:N$3) -> 0 | O5: =SUM(O$3:O$3) -> 0 | P5: =SUM(P$3:P$3) -> 0 | Q5: =SUM(Q$3:Q$3) -> 0 | S5: =SUM(S$3:S$3) -> 0 | T5: =SUM(T$3:T$3) -> 0 | U5: =SUM(U$3:U$3) -> 0 | V5: =SUM(V$3:V$3) -> 0 | W5: =SUM(W$3:W$3) -> 0 | X5: =SUM(X$3:X$3) -> 0 | Z5: =SUM(Z$3:Z$3) -> 0 | AA5: =SUM(AA$3:AA$3) -> 0 | AB5: =SUM(AB$3:AB$3) -> 0 | AC5: =SUM(AC$3:AC$3) -> 0 | AD5: =SUM(AD$3:AD$3) -> 0 | AE5: =SUM(AE$3:AE$3) -> 0 | AG5: =SUM(AG$3:AG$3) -> 0 | AH5: =SUM(AH$3:AH$3) -> 0 | AI5: =SUM(AI$3:AI$3) -> 0 | AJ5: =SUM(AJ$3:AJ$3) -> 0 | AK5: =SUM(AK$3:AK$3) -> 0 | AL5: =SUM(AL$3:AL$3) -> 0 | AN5: =SUM(AN$3:AN$3) -> 0 | AO5: =SUM(AO$3:AO$3) -> 0 | AP5: =SUM(AP$3:AP$3) -> 0 | AQ5: =SUM(AQ$3:AQ$3) -> 0 | AR5: =SUM(AR$3:AR$3) -> 0 | AS5: =SUM(AS$3:AS$3) -> 0 | AU5: =SUM(AU$3:AU$3) -> 0 | AV5: =SUM(AV$3:AV$3) -> 0 | AW5: =SUM(AW$3:AW$3) -> 0 | AX5: =SUM(AX$3:AX$3) -> 0 | AY5: =SUM(AY$3:AY$3) -> 0 | AZ5: =SUM(AZ$3:AZ$3) -> 0 | BB5: =SUM(BB$3:BB$3) -> 0 | BC5: =SUM(BC$3:BC$3) -> 0 | BD5: =SUM(BD$3:BD$3) -> 0 | BE5: =SUM(BE$3:BE$3) -> 0 | BF5: =SUM(BF$3:BF$3) -> 0 | BG5: =SUM(BG$3:BG$3) -> 0 | BI5: =SUM(BI$3:BI$3) -> 0 | BJ5: =SUM(BJ$3:BJ$3) -> 0 | BK5: =SUM(BK$3:BK$3) -> 0 | BL5: =SUM(BL$3:BL$3) -> 0 | BM5: =SUM(BM$3:BM$3) -> 0 | BN5: =SUM(BN$3:BN$3) -> 0 | BP5: =SUM(BP$3:BP$3) -> 0 | BQ5: =SUM(BQ$3:BQ$3) -> 0 | BR5: =SUM(BR$3:BR$3) -> 0 | BS5: =SUM(BS$3:BS$3) -> 0 | BT5: =SUM(BT$3:BT$3) -> 0 | BU5: =SUM(BU$3:BU$3) -> 0 | BW5: =SUM(BW$3:BW$3) -> 0 | BX5: =SUM(BX$3:BX$3) -> 0 | BY5: =SUM(BY$3:BY$3) -> 0 | BZ5: =SUM(BZ$3:BZ$3) -> 0 | CA5: =SUM(CA$3:CA$3) -> 0 | CB5: =SUM(CB$3:CB$3) -> 0 | CD5: =SUM(CD$3:CD$3) -> 0 | CE5: =SUM(CE$3:CE$3) -> 0 | CF5: =SUM(CF$3:CF$3) -> 0 | CG5: =SUM(CG$3:CG$3) -> 0 | CH5: =SUM(CH$3:CH$3) -> 0 | CI5: =SUM(CI$3:CI$3) -> 0 | CK5: =SUM(CK$3:CK$3) -> 0 | CL5: =SUM(CL$3:CL$3) -> 0 | CM5: =SUM(CM$3:CM$3) -> 0 | CN5: =SUM(CN$3:CN$3) -> 0 | CO5: =SUM(CO$3:CO$3) -> 0 | CP5: =SUM(CP$3:CP$3) -> 0 | CR5: =SUM(CR$3:CR$3) -> 0 | CS5: =SUM(CS$3:CS$3) -> 0 | CT5: =SUM(CT$3:CT$3) -> 0 | CU5: =SUM(CU$3:CU$3) -> 0 | CV5: =SUM(CV$3:CV$3) -> 0 | CW5: =SUM(CW$3:CW$3) -> 0 | CY5: =SUM(CY$3:CY$3) -> 0 | CZ5: =SUM(CZ$3:CZ$3) -> 0 | DA5: =SUM(DA$3:DA$3) -> 0 | DB5: =SUM(DB$3:DB$3) -> 0 | DC5: =SUM(DC$3:DC$3) -> 0 | DD5: =SUM(DD$3:DD$3) -> 0 | DF5: =SUM(DF$3:DF$3) -> 0 | DG5: =SUM(DG$3:DG$3) -> 0 | DH5: =SUM(DH$3:DH$3) -> 0 | DI5: =SUM(DI$3:DI$3) -> 0 | DJ5: =SUM(DJ$3:DJ$3) -> 0 | DK5: =SUM(DK$3:DK$3) -> 0 | DM5: =SUM(DM$3:DM$3) -> 0 | DN5: =SUM(DN$3:DN$3) -> 0 | DO5: =SUM(DO$3:DO$3) -> 0 | DP5: =SUM(DP$3:DP$3) -> 0 | DQ5: =SUM(DQ$3:DQ$3) -> 0 | DR5: =SUM(DR$3:DR$3) -> 0 | DT5: =SUM(DT$3:DT$3) -> 0 | DU5: =SUM(DU$3:DU$3) -> 0 | DV5: =SUM(DV$3:DV$3) -> 0 | DW5: =SUM(DW$3:DW$3) -> 0 | DX5: =SUM(DX$3:DX$3) -> 0 | DY5: =SUM(DY$3:DY$3) -> 0 | EA5: =SUM(EA$3:EA$3) -> 0 | EB5: =SUM(EB$3:EB$3) -> 0 | EC5: =SUM(EC$3:EC$3) -> 0 | ED5: =SUM(ED$3:ED$3) -> 0 | EE5: =SUM(EE$3:EE$3) -> 0 | EF5: =SUM(EF$3:EF$3) -> 0 | EH5: =SUM(EH$3:EH$3) -> 0 | EI5: =SUM(EI$3:EI$3) -> 0 | EJ5: =SUM(EJ$3:EJ$3) -> 0 | EK5: =SUM(EK$3:EK$3) -> 0 | EL5: =SUM(EL$3:EL$3) -> 0 | EM5: =SUM(EM$3:EM$3) -> 0 | EO5: =SUM(EO$3:EO$3) -> 0 | EP5: =SUM(EP$3:EP$3) -> 0 | EQ5: =SUM(EQ$3:EQ$3) -> 0 | ER5: =SUM(ER$3:ER$3) -> 0 | ES5: =SUM(ES$3:ES$3) -> 0 | ET5: =SUM(ET$3:ET$3) -> 0 | EV5: =SUM(EV$3:EV$3) -> 0 | EW5: =SUM(EW$3:EW$3) -> 0 | EX5: =SUM(EX$3:EX$3) -> 0 | EY5: =SUM(EY$3:EY$3) -> 0 | EZ5: =SUM(EZ$3:EZ$3) -> 0 | FA5: =SUM(FA$3:FA$3) -> 0 | FC5: =SUM(FC$3:FC$3) -> 0 | FD5: =SUM(FD$3:FD$3) -> 0 | FE5: =SUM(FE$3:FE$3) -> 0 | FF5: =SUM(FF$3:FF$3) -> 0 | FG5: =SUM(FG$3:FG$3) -> 0 | FH5: =SUM(FH$3:FH$3) -> 0 | FJ5: =SUM(FJ$3:FJ$3) -> 0 | FK5: =SUM(FK$3:FK$3) -> 0 | FL5: =SUM(FL$3:FL$3) -> 0 | FM5: =SUM(FM$3:FM$3) -> 0 | FN5: =SUM(FN$3:FN$3) -> 0 | FO5: =SUM(FO$3:FO$3) -> 0 | FQ5: =SUM(FQ$3:FQ$3) -> 0 | FR5: =SUM(FR$3:FR$3) -> 0 | FS5: =SUM(FS$3:FS$3) -> 0 | FT5: =SUM(FT$3:FT$3) -> 0 | FU5: =SUM(FU$3:FU$3) -> 0 | FV5: =SUM(FV$3:FV$3) -> 0 | FX5: =SUM(FX$3:FX$3) -> 0 | FY5: =SUM(FY$3:FY$3) -> 0 | FZ5: =SUM(FZ$3:FZ$3) -> 0 | GA5: =SUM(GA$3:GA$3) -> 0 | GB5: =SUM(GB$3:GB$3) -> 0 | GC5: =SUM(GC$3:GC$3) -> 0 | GE5: =SUM(GE$3:GE$3) -> 0 | GF5: =SUM(GF$3:GF$3) -> 0 | GG5: =SUM(GG$3:GG$3) -> 0 | GH5: =SUM(GH$3:GH$3) -> 0 | GI5: =SUM(GI$3:GI$3) -> 0 | GJ5: =SUM(GJ$3:GJ$3) -> 0 | GK5: =SUM(GK$3:GK$3) -> 0 | GL5: =SUM(GL$3:GL$3) -> 0 | ... GZ5: =SUM(GZ$3:GZ$3) -> 0
A6: AVG | B6: =AVERAGE(B$3:B$3) -> 0 | C6: =AVERAGE(C$3:C$3) -> 0 | E6: =AVERAGE(E$3:E$3) -> 0 | F6: =AVERAGE(F$3:F$3) -> 0 | G6: =AVERAGE(G$3:G$3) -> 0 | H6: =AVERAGE(H$3:H$3) -> 0 | I6: =AVERAGE(I$3:I$3) -> 0 | J6: =AVERAGE(J$3:J$3) -> 0 | L6: =AVERAGE(L$3:L$3) -> 0 | M6: =AVERAGE(M$3:M$3) -> 0 | N6: =AVERAGE(N$3:N$3) -> 0 | O6: =AVERAGE(O$3:O$3) -> 0 | P6: =AVERAGE(P$3:P$3) -> 0 | Q6: =AVERAGE(Q$3:Q$3) -> 0 | S6: =AVERAGE(S$3:S$3) -> 0 | T6: =AVERAGE(T$3:T$3) -> 0 | U6: =AVERAGE(U$3:U$3) -> 0 | V6: =AVERAGE(V$3:V$3) -> 0 | W6: =AVERAGE(W$3:W$3) -> 0 | X6: =AVERAGE(X$3:X$3) -> 0 | Z6: =AVERAGE(Z$3:Z$3) -> 0 | AA6: =AVERAGE(AA$3:AA$3) -> 0 | AB6: =AVERAGE(AB$3:AB$3) -> 0 | AC6: =AVERAGE(AC$3:AC$3) -> 0 | AD6: =AVERAGE(AD$3:AD$3) -> 0 | AE6: =AVERAGE(AE$3:AE$3) -> 0 | AG6: =AVERAGE(AG$3:AG$3) -> 0 | AH6: =AVERAGE(AH$3:AH$3) -> 0 | AI6: =AVERAGE(AI$3:AI$3) -> 0 | AJ6: =AVERAGE(AJ$3:AJ$3) -> 0 | AK6: =AVERAGE(AK$3:AK$3) -> 0 | AL6: =AVERAGE(AL$3:AL$3) -> 0 | AN6: =AVERAGE(AN$3:AN$3) -> 0 | AO6: =AVERAGE(AO$3:AO$3) -> 0 | AP6: =AVERAGE(AP$3:AP$3) -> 0 | AQ6: =AVERAGE(AQ$3:AQ$3) -> 0 | AR6: =AVERAGE(AR$3:AR$3) -> 0 | AS6: =AVERAGE(AS$3:AS$3) -> 0 | AU6: =AVERAGE(AU$3:AU$3) -> 0 | AV6: =AVERAGE(AV$3:AV$3) -> 0 | AW6: =AVERAGE(AW$3:AW$3) -> 0 | AX6: =AVERAGE(AX$3:AX$3) -> 0 | AY6: =AVERAGE(AY$3:AY$3) -> 0 | AZ6: =AVERAGE(AZ$3:AZ$3) -> 0 | BB6: =AVERAGE(BB$3:BB$3) -> 0 | BC6: =AVERAGE(BC$3:BC$3) -> 0 | BD6: =AVERAGE(BD$3:BD$3) -> 0 | BE6: =AVERAGE(BE$3:BE$3) -> 0 | BF6: =AVERAGE(BF$3:BF$3) -> 0 | BG6: =AVERAGE(BG$3:BG$3) -> 0 | BI6: =AVERAGE(BI$3:BI$3) -> 0 | BJ6: =AVERAGE(BJ$3:BJ$3) -> 0 | BK6: =AVERAGE(BK$3:BK$3) -> 0 | BL6: =AVERAGE(BL$3:BL$3) -> 0 | BM6: =AVERAGE(BM$3:BM$3) -> 0 | BN6: =AVERAGE(BN$3:BN$3) -> 0 | BP6: =AVERAGE(BP$3:BP$3) -> 0 | BQ6: =AVERAGE(BQ$3:BQ$3) -> 0 | BR6: =AVERAGE(BR$3:BR$3) -> 0 | BS6: =AVERAGE(BS$3:BS$3) -> 0 | BT6: =AVERAGE(BT$3:BT$3) -> 0 | BU6: =AVERAGE(BU$3:BU$3) -> 0 | BW6: =AVERAGE(BW$3:BW$3) -> 0 | BX6: =AVERAGE(BX$3:BX$3) -> 0 | BY6: =AVERAGE(BY$3:BY$3) -> 0 | BZ6: =AVERAGE(BZ$3:BZ$3) -> 0 | CA6: =AVERAGE(CA$3:CA$3) -> 0 | CB6: =AVERAGE(CB$3:CB$3) -> 0 | CD6: =AVERAGE(CD$3:CD$3) -> 0 | CE6: =AVERAGE(CE$3:CE$3) -> 0 | CF6: =AVERAGE(CF$3:CF$3) -> 0 | CG6: =AVERAGE(CG$3:CG$3) -> 0 | CH6: =AVERAGE(CH$3:CH$3) -> 0 | CI6: =AVERAGE(CI$3:CI$3) -> 0 | CK6: =AVERAGE(CK$3:CK$3) -> 0 | CL6: =AVERAGE(CL$3:CL$3) -> 0 | CM6: =AVERAGE(CM$3:CM$3) -> 0 | CN6: =AVERAGE(CN$3:CN$3) -> 0 | CO6: =AVERAGE(CO$3:CO$3) -> 0 | CP6: =AVERAGE(CP$3:CP$3) -> 0 | CR6: =AVERAGE(CR$3:CR$3) -> 0 | CS6: =AVERAGE(CS$3:CS$3) -> 0 | CT6: =AVERAGE(CT$3:CT$3) -> 0 | CU6: =AVERAGE(CU$3:CU$3) -> 0 | CV6: =AVERAGE(CV$3:CV$3) -> 0 | CW6: =AVERAGE(CW$3:CW$3) -> 0 | CY6: =AVERAGE(CY$3:CY$3) -> 0 | CZ6: =AVERAGE(CZ$3:CZ$3) -> 0 | DA6: =AVERAGE(DA$3:DA$3) -> 0 | DB6: =AVERAGE(DB$3:DB$3) -> 0 | DC6: =AVERAGE(DC$3:DC$3) -> 0 | DD6: =AVERAGE(DD$3:DD$3) -> 0 | DF6: =AVERAGE(DF$3:DF$3) -> 0 | DG6: =AVERAGE(DG$3:DG$3) -> 0 | DH6: =AVERAGE(DH$3:DH$3) -> 0 | DI6: =AVERAGE(DI$3:DI$3) -> 0 | DJ6: =AVERAGE(DJ$3:DJ$3) -> 0 | DK6: =AVERAGE(DK$3:DK$3) -> 0 | DM6: =AVERAGE(DM$3:DM$3) -> 0 | DN6: =AVERAGE(DN$3:DN$3) -> 0 | DO6: =AVERAGE(DO$3:DO$3) -> 0 | DP6: =AVERAGE(DP$3:DP$3) -> 0 | DQ6: =AVERAGE(DQ$3:DQ$3) -> 0 | DR6: =AVERAGE(DR$3:DR$3) -> 0 | DT6: =AVERAGE(DT$3:DT$3) -> 0 | DU6: =AVERAGE(DU$3:DU$3) -> 0 | DV6: =AVERAGE(DV$3:DV$3) -> 0 | DW6: =AVERAGE(DW$3:DW$3) -> 0 | DX6: =AVERAGE(DX$3:DX$3) -> 0 | DY6: =AVERAGE(DY$3:DY$3) -> 0 | EA6: =AVERAGE(EA$3:EA$3) -> 0 | EB6: =AVERAGE(EB$3:EB$3) -> 0 | EC6: =AVERAGE(EC$3:EC$3) -> 0 | ED6: =AVERAGE(ED$3:ED$3) -> 0 | EE6: =AVERAGE(EE$3:EE$3) -> 0 | EF6: =AVERAGE(EF$3:EF$3) -> 0 | EH6: =AVERAGE(EH$3:EH$3) -> 0 | EI6: =AVERAGE(EI$3:EI$3) -> 0 | EJ6: =AVERAGE(EJ$3:EJ$3) -> 0 | EK6: =AVERAGE(EK$3:EK$3) -> 0 | EL6: =AVERAGE(EL$3:EL$3) -> 0 | EM6: =AVERAGE(EM$3:EM$3) -> 0 | EO6: =AVERAGE(EO$3:EO$3) -> 0 | EP6: =AVERAGE(EP$3:EP$3) -> 0 | EQ6: =AVERAGE(EQ$3:EQ$3) -> 0 | ER6: =AVERAGE(ER$3:ER$3) -> 0 | ES6: =AVERAGE(ES$3:ES$3) -> 0 | ET6: =AVERAGE(ET$3:ET$3) -> 0 | EV6: =AVERAGE(EV$3:EV$3) -> 0 | EW6: =AVERAGE(EW$3:EW$3) -> 0 | EX6: =AVERAGE(EX$3:EX$3) -> 0 | EY6: =AVERAGE(EY$3:EY$3) -> 0 | EZ6: =AVERAGE(EZ$3:EZ$3) -> 0 | FA6: =AVERAGE(FA$3:FA$3) -> 0 | FC6: =AVERAGE(FC$3:FC$3) -> 0 | FD6: =AVERAGE(FD$3:FD$3) -> 0 | FE6: =AVERAGE(FE$3:FE$3) -> 0 | FF6: =AVERAGE(FF$3:FF$3) -> 0 | FG6: =AVERAGE(FG$3:FG$3) -> 0 | FH6: =AVERAGE(FH$3:FH$3) -> 0 | FJ6: =AVERAGE(FJ$3:FJ$3) -> 0 | FK6: =AVERAGE(FK$3:FK$3) -> 0 | FL6: =AVERAGE(FL$3:FL$3) -> 0 | FM6: =AVERAGE(FM$3:FM$3) -> 0 | FN6: =AVERAGE(FN$3:FN$3) -> 0 | FO6: =AVERAGE(FO$3:FO$3) -> 0 | FQ6: =AVERAGE(FQ$3:FQ$3) -> 0 | FR6: =AVERAGE(FR$3:FR$3) -> 0 | FS6: =AVERAGE(FS$3:FS$3) -> 0 | FT6: =AVERAGE(FT$3:FT$3) -> 0 | FU6: =AVERAGE(FU$3:FU$3) -> 0 | FV6: =AVERAGE(FV$3:FV$3) -> 0 | FX6: =AVERAGE(FX$3:FX$3) -> 0 | FY6: =AVERAGE(FY$3:FY$3) -> 0 | FZ6: =AVERAGE(FZ$3:FZ$3) -> 0 | GA6: =AVERAGE(GA$3:GA$3) -> 0 | GB6: =AVERAGE(GB$3:GB$3) -> 0 | GC6: =AVERAGE(GC$3:GC$3) -> 0 | GE6: =AVERAGE(GE$3:GE$3) -> 0 | GF6: =AVERAGE(GF$3:GF$3) -> 0 | GG6: =AVERAGE(GG$3:GG$3) -> 0 | GH6: =AVERAGE(GH$3:GH$3) -> 0 | GI6: =AVERAGE(GI$3:GI$3) -> 0 | GJ6: =AVERAGE(GJ$3:GJ$3) -> 0 | GK6: =AVERAGE(GK$3:GK$3) -> 0 | GL6: =AVERAGE(GL$3:GL$3) -> 0 | ... GZ6: =AVERAGE(GZ$3:GZ$3) -> 0
A7: DEV | B7: =STDEV(B$3:B$3) -> 0 | C7: =STDEV(C$3:C$3) -> 0 | E7: =STDEV(E$3:E$3) -> 0 | F7: =STDEV(F$3:F$3) -> 0 | G7: =STDEV(G$3:G$3) -> 0 | H7: =STDEV(H$3:H$3) -> 0 | I7: =STDEV(I$3:I$3) -> 0 | J7: =STDEV(J$3:J$3) -> 0 | L7: =STDEV(L$3:L$3) -> 0 | M7: =STDEV(M$3:M$3) -> 0 | N7: =STDEV(N$3:N$3) -> 0 | O7: =STDEV(O$3:O$3) -> 0 | P7: =STDEV(P$3:P$3) -> 0 | Q7: =STDEV(Q$3:Q$3) -> 0 | S7: =STDEV(S$3:S$3) -> 0 | T7: =STDEV(T$3:T$3) -> 0 | U7: =STDEV(U$3:U$3) -> 0 | V7: =STDEV(V$3:V$3) -> 0 | W7: =STDEV(W$3:W$3) -> 0 | X7: =STDEV(X$3:X$3) -> 0 | Z7: =STDEV(Z$3:Z$3) -> 0 | AA7: =STDEV(AA$3:AA$3) -> 0 | AB7: =STDEV(AB$3:AB$3) -> 0 | AC7: =STDEV(AC$3:AC$3) -> 0 | AD7: =STDEV(AD$3:AD$3) -> 0 | AE7: =STDEV(AE$3:AE$3) -> 0 | AG7: =STDEV(AG$3:AG$3) -> 0 | AH7: =STDEV(AH$3:AH$3) -> 0 | AI7: =STDEV(AI$3:AI$3) -> 0 | AJ7: =STDEV(AJ$3:AJ$3) -> 0 | AK7: =STDEV(AK$3:AK$3) -> 0 | AL7: =STDEV(AL$3:AL$3) -> 0 | AN7: =STDEV(AN$3:AN$3) -> 0 | AO7: =STDEV(AO$3:AO$3) -> 0 | AP7: =STDEV(AP$3:AP$3) -> 0 | AQ7: =STDEV(AQ$3:AQ$3) -> 0 | AR7: =STDEV(AR$3:AR$3) -> 0 | AS7: =STDEV(AS$3:AS$3) -> 0 | AU7: =STDEV(AU$3:AU$3) -> 0 | AV7: =STDEV(AV$3:AV$3) -> 0 | AW7: =STDEV(AW$3:AW$3) -> 0 | AX7: =STDEV(AX$3:AX$3) -> 0 | AY7: =STDEV(AY$3:AY$3) -> 0 | AZ7: =STDEV(AZ$3:AZ$3) -> 0 | BB7: =STDEV(BB$3:BB$3) -> 0 | BC7: =STDEV(BC$3:BC$3) -> 0 | BD7: =STDEV(BD$3:BD$3) -> 0 | BE7: =STDEV(BE$3:BE$3) -> 0 | BF7: =STDEV(BF$3:BF$3) -> 0 | BG7: =STDEV(BG$3:BG$3) -> 0 | BI7: =STDEV(BI$3:BI$3) -> 0 | BJ7: =STDEV(BJ$3:BJ$3) -> 0 | BK7: =STDEV(BK$3:BK$3) -> 0 | BL7: =STDEV(BL$3:BL$3) -> 0 | BM7: =STDEV(BM$3:BM$3) -> 0 | BN7: =STDEV(BN$3:BN$3) -> 0 | BP7: =STDEV(BP$3:BP$3) -> 0 | BQ7: =STDEV(BQ$3:BQ$3) -> 0 | BR7: =STDEV(BR$3:BR$3) -> 0 | BS7: =STDEV(BS$3:BS$3) -> 0 | BT7: =STDEV(BT$3:BT$3) -> 0 | BU7: =STDEV(BU$3:BU$3) -> 0 | BW7: =STDEV(BW$3:BW$3) -> 0 | BX7: =STDEV(BX$3:BX$3) -> 0 | BY7: =STDEV(BY$3:BY$3) -> 0 | BZ7: =STDEV(BZ$3:BZ$3) -> 0 | CA7: =STDEV(CA$3:CA$3) -> 0 | CB7: =STDEV(CB$3:CB$3) -> 0 | CD7: =STDEV(CD$3:CD$3) -> 0 | CE7: =STDEV(CE$3:CE$3) -> 0 | CF7: =STDEV(CF$3:CF$3) -> 0 | CG7: =STDEV(CG$3:CG$3) -> 0 | CH7: =STDEV(CH$3:CH$3) -> 0 | CI7: =STDEV(CI$3:CI$3) -> 0 | CK7: =STDEV(CK$3:CK$3) -> 0 | CL7: =STDEV(CL$3:CL$3) -> 0 | CM7: =STDEV(CM$3:CM$3) -> 0 | CN7: =STDEV(CN$3:CN$3) -> 0 | CO7: =STDEV(CO$3:CO$3) -> 0 | CP7: =STDEV(CP$3:CP$3) -> 0 | CR7: =STDEV(CR$3:CR$3) -> 0 | CS7: =STDEV(CS$3:CS$3) -> 0 | CT7: =STDEV(CT$3:CT$3) -> 0 | CU7: =STDEV(CU$3:CU$3) -> 0 | CV7: =STDEV(CV$3:CV$3) -> 0 | CW7: =STDEV(CW$3:CW$3) -> 0 | CY7: =STDEV(CY$3:CY$3) -> 0 | CZ7: =STDEV(CZ$3:CZ$3) -> 0 | DA7: =STDEV(DA$3:DA$3) -> 0 | DB7: =STDEV(DB$3:DB$3) -> 0 | DC7: =STDEV(DC$3:DC$3) -> 0 | DD7: =STDEV(DD$3:DD$3) -> 0 | DF7: =STDEV(DF$3:DF$3) -> 0 | DG7: =STDEV(DG$3:DG$3) -> 0 | DH7: =STDEV(DH$3:DH$3) -> 0 | DI7: =STDEV(DI$3:DI$3) -> 0 | DJ7: =STDEV(DJ$3:DJ$3) -> 0 | DK7: =STDEV(DK$3:DK$3) -> 0 | DM7: =STDEV(DM$3:DM$3) -> 0 | DN7: =STDEV(DN$3:DN$3) -> 0 | DO7: =STDEV(DO$3:DO$3) -> 0 | DP7: =STDEV(DP$3:DP$3) -> 0 | DQ7: =STDEV(DQ$3:DQ$3) -> 0 | DR7: =STDEV(DR$3:DR$3) -> 0 | DT7: =STDEV(DT$3:DT$3) -> 0 | DU7: =STDEV(DU$3:DU$3) -> 0 | DV7: =STDEV(DV$3:DV$3) -> 0 | DW7: =STDEV(DW$3:DW$3) -> 0 | DX7: =STDEV(DX$3:DX$3) -> 0 | DY7: =STDEV(DY$3:DY$3) -> 0 | EA7: =STDEV(EA$3:EA$3) -> 0 | EB7: =STDEV(EB$3:EB$3) -> 0 | EC7: =STDEV(EC$3:EC$3) -> 0 | ED7: =STDEV(ED$3:ED$3) -> 0 | EE7: =STDEV(EE$3:EE$3) -> 0 | EF7: =STDEV(EF$3:EF$3) -> 0 | EH7: =STDEV(EH$3:EH$3) -> 0 | EI7: =STDEV(EI$3:EI$3) -> 0 | EJ7: =STDEV(EJ$3:EJ$3) -> 0 | EK7: =STDEV(EK$3:EK$3) -> 0 | EL7: =STDEV(EL$3:EL$3) -> 0 | EM7: =STDEV(EM$3:EM$3) -> 0 | EO7: =STDEV(EO$3:EO$3) -> 0 | EP7: =STDEV(EP$3:EP$3) -> 0 | EQ7: =STDEV(EQ$3:EQ$3) -> 0 | ER7: =STDEV(ER$3:ER$3) -> 0 | ES7: =STDEV(ES$3:ES$3) -> 0 | ET7: =STDEV(ET$3:ET$3) -> 0 | EV7: =STDEV(EV$3:EV$3) -> 0 | EW7: =STDEV(EW$3:EW$3) -> 0 | EX7: =STDEV(EX$3:EX$3) -> 0 | EY7: =STDEV(EY$3:EY$3) -> 0 | EZ7: =STDEV(EZ$3:EZ$3) -> 0 | FA7: =STDEV(FA$3:FA$3) -> 0 | FC7: =STDEV(FC$3:FC$3) -> 0 | FD7: =STDEV(FD$3:FD$3) -> 0 | FE7: =STDEV(FE$3:FE$3) -> 0 | FF7: =STDEV(FF$3:FF$3) -> 0 | FG7: =STDEV(FG$3:FG$3) -> 0 | FH7: =STDEV(FH$3:FH$3) -> 0 | FJ7: =STDEV(FJ$3:FJ$3) -> 0 | FK7: =STDEV(FK$3:FK$3) -> 0 | FL7: =STDEV(FL$3:FL$3) -> 0 | FM7: =STDEV(FM$3:FM$3) -> 0 | FN7: =STDEV(FN$3:FN$3) -> 0 | FO7: =STDEV(FO$3:FO$3) -> 0 | FQ7: =STDEV(FQ$3:FQ$3) -> 0 | FR7: =STDEV(FR$3:FR$3) -> 0 | FS7: =STDEV(FS$3:FS$3) -> 0 | FT7: =STDEV(FT$3:FT$3) -> 0 | FU7: =STDEV(FU$3:FU$3) -> 0 | FV7: =STDEV(FV$3:FV$3) -> 0 | FX7: =STDEV(FX$3:FX$3) -> 0 | FY7: =STDEV(FY$3:FY$3) -> 0 | FZ7: =STDEV(FZ$3:FZ$3) -> 0 | GA7: =STDEV(GA$3:GA$3) -> 0 | GB7: =STDEV(GB$3:GB$3) -> 0 | GC7: =STDEV(GC$3:GC$3) -> 0 | GE7: =STDEV(GE$3:GE$3) -> 0 | GF7: =STDEV(GF$3:GF$3) -> 0 | GG7: =STDEV(GG$3:GG$3) -> 0 | GH7: =STDEV(GH$3:GH$3) -> 0 | GI7: =STDEV(GI$3:GI$3) -> 0 | GJ7: =STDEV(GJ$3:GJ$3) -> 0 | GK7: =STDEV(GK$3:GK$3) -> 0 | GL7: =STDEV(GL$3:GL$3) -> 0 | ... GZ7: =STDEV(GZ$3:GZ$3) -> 0
A8: DST | B8: =SUMPRODUCT(--(B$3:B$3-$GI$3:$GI$3)^2)^0.5 -> 0 | C8: =SUMPRODUCT(--(C$3:C$3-$GJ$3:$GJ$3)^2)^0.5 -> 0 | E8: =SUMPRODUCT(--(E$3:E$3-$GK$3:$GK$3)^2)^0.5 -> 0 | F8: =SUMPRODUCT(--(F$3:F$3-$GL$3:$GL$3)^2)^0.5 -> 0 | G8: =SUMPRODUCT(--(G$3:G$3-$GM$3:$GM$3)^2)^0.5 -> 0 | H8: =SUMPRODUCT(--(H$3:H$3-$GN$3:$GN$3)^2)^0.5 -> 0 | I8: =SUMPRODUCT(--(I$3:I$3-$GI$3:$GI$3)^2)^0.5 -> 0 | J8: =SUMPRODUCT(--(J$3:J$3-$GJ$3:$GJ$3)^2)^0.5 -> 0 | L8: =SUMPRODUCT(--(L$3:L$3-$GK$3:$GK$3)^2)^0.5 -> 0 | M8: =SUMPRODUCT(--(M$3:M$3-$GL$3:$GL$3)^2)^0.5 -> 0 | N8: =SUMPRODUCT(--(N$3:N$3-$GM$3:$GM$3)^2)^0.5 -> 0 | O8: =SUMPRODUCT(--(O$3:O$3-$GN$3:$GN$3)^2)^0.5 -> 0 | P8: =SUMPRODUCT(--(P$3:P$3-$GI$3:$GI$3)^2)^0.5 -> 0 | Q8: =SUMPRODUCT(--(Q$3:Q$3-$GJ$3:$GJ$3)^2)^0.5 -> 0 | S8: =SUMPRODUCT(--(S$3:S$3-$GK$3:$GK$3)^2)^0.5 -> 0 | T8: =SUMPRODUCT(--(T$3:T$3-$GL$3:$GL$3)^2)^0.5 -> 0 | U8: =SUMPRODUCT(--(U$3:U$3-$GM$3:$GM$3)^2)^0.5 -> 0 | V8: =SUMPRODUCT(--(V$3:V$3-$GN$3:$GN$3)^2)^0.5 -> 0 | W8: =SUMPRODUCT(--(W$3:W$3-$GI$3:$GI$3)^2)^0.5 -> 0 | X8: =SUMPRODUCT(--(X$3:X$3-$GJ$3:$GJ$3)^2)^0.5 -> 0 | Z8: =SUMPRODUCT(--(Z$3:Z$3-$GK$3:$GK$3)^2)^0.5 -> 0 | AA8: =SUMPRODUCT(--(AA$3:AA$3-$GL$3:$GL$3)^2)^0.5 -> 0 | AB8: =SUMPRODUCT(--(AB$3:AB$3-$GM$3:$GM$3)^2)^0.5 -> 0 | AC8: =SUMPRODUCT(--(AC$3:AC$3-$GN$3:$GN$3)^2)^0.5 -> 0 | AD8: =SUMPRODUCT(--(AD$3:AD$3-$GI$3:$GI$3)^2)^0.5 -> 0 | AE8: =SUMPRODUCT(--(AE$3:AE$3-$GJ$3:$GJ$3)^2)^0.5 -> 0 | AG8: =SUMPRODUCT(--(AG$3:AG$3-$GK$3:$GK$3)^2)^0.5 -> 0 | AH8: =SUMPRODUCT(--(AH$3:AH$3-$GL$3:$GL$3)^2)^0.5 -> 0 | AI8: =SUMPRODUCT(--(AI$3:AI$3-$GM$3:$GM$3)^2)^0.5 -> 0 | AJ8: =SUMPRODUCT(--(AJ$3:AJ$3-$GN$3:$GN$3)^2)^0.5 -> 0 | AK8: =SUMPRODUCT(--(AK$3:AK$3-$GI$3:$GI$3)^2)^0.5 -> 0 | AL8: =SUMPRODUCT(--(AL$3:AL$3-$GJ$3:$GJ$3)^2)^0.5 -> 0 | AN8: =SUMPRODUCT(--(AN$3:AN$3-$GK$3:$GK$3)^2)^0.5 -> 0 | AO8: =SUMPRODUCT(--(AO$3:AO$3-$GL$3:$GL$3)^2)^0.5 -> 0 | AP8: =SUMPRODUCT(--(AP$3:AP$3-$GM$3:$GM$3)^2)^0.5 -> 0 | AQ8: =SUMPRODUCT(--(AQ$3:AQ$3-$GN$3:$GN$3)^2)^0.5 -> 0 | AR8: =SUMPRODUCT(--(AR$3:AR$3-$GI$3:$GI$3)^2)^0.5 -> 0 | AS8: =SUMPRODUCT(--(AS$3:AS$3-$GJ$3:$GJ$3)^2)^0.5 -> 0 | AU8: =SUMPRODUCT(--(AU$3:AU$3-$GK$3:$GK$3)^2)^0.5 -> 0 | AV8: =SUMPRODUCT(--(AV$3:AV$3-$GL$3:$GL$3)^2)^0.5 -> 0 | AW8: =SUMPRODUCT(--(AW$3:AW$3-$GM$3:$GM$3)^2)^0.5 -> 0 | AX8: =SUMPRODUCT(--(AX$3:AX$3-$GN$3:$GN$3)^2)^0.5 -> 0 | AY8: =SUMPRODUCT(--(AY$3:AY$3-$GI$3:$GI$3)^2)^0.5 -> 0 | AZ8: =SUMPRODUCT(--(AZ$3:AZ$3-$GJ$3:$GJ$3)^2)^0.5 -> 0 | BB8: =SUMPRODUCT(--(BB$3:BB$3-$GK$3:$GK$3)^2)^0.5 -> 0 | BC8: =SUMPRODUCT(--(BC$3:BC$3-$GL$3:$GL$3)^2)^0.5 -> 0 | BD8: =SUMPRODUCT(--(BD$3:BD$3-$GM$3:$GM$3)^2)^0.5 -> 0 | BE8: =SUMPRODUCT(--(BE$3:BE$3-$GN$3:$GN$3)^2)^0.5 -> 0 | BF8: =SUMPRODUCT(--(BF$3:BF$3-$GI$3:$GI$3)^2)^0.5 -> 0 | BG8: =SUMPRODUCT(--(BG$3:BG$3-$GJ$3:$GJ$3)^2)^0.5 -> 0 | BI8: =SUMPRODUCT(--(BI$3:BI$3-$GK$3:$GK$3)^2)^0.5 -> 0 | BJ8: =SUMPRODUCT(--(BJ$3:BJ$3-$GL$3:$GL$3)^2)^0.5 -> 0 | BK8: =SUMPRODUCT(--(BK$3:BK$3-$GM$3:$GM$3)^2)^0.5 -> 0 | BL8: =SUMPRODUCT(--(BL$3:BL$3-$GN$3:$GN$3)^2)^0.5 -> 0 | BM8: =SUMPRODUCT(--(BM$3:BM$3-$GI$3:$GI$3)^2)^0.5 -> 0 | BN8: =SUMPRODUCT(--(BN$3:BN$3-$GJ$3:$GJ$3)^2)^0.5 -> 0 | BP8: =SUMPRODUCT(--(BP$3:BP$3-$GK$3:$GK$3)^2)^0.5 -> 0 | BQ8: =SUMPRODUCT(--(BQ$3:BQ$3-$GL$3:$GL$3)^2)^0.5 -> 0 | BR8: =SUMPRODUCT(--(BR$3:BR$3-$GM$3:$GM$3)^2)^0.5 -> 0 | BS8: =SUMPRODUCT(--(BS$3:BS$3-$GN$3:$GN$3)^2)^0.5 -> 0 | BT8: =SUMPRODUCT(--(BT$3:BT$3-$GI$3:$GI$3)^2)^0.5 -> 0 | BU8: =SUMPRODUCT(--(BU$3:BU$3-$GJ$3:$GJ$3)^2)^0.5 -> 0 | BW8: =SUMPRODUCT(--(BW$3:BW$3-$GK$3:$GK$3)^2)^0.5 -> 0 | BX8: =SUMPRODUCT(--(BX$3:BX$3-$GL$3:$GL$3)^2)^0.5 -> 0 | BY8: =SUMPRODUCT(--(BY$3:BY$3-$GM$3:$GM$3)^2)^0.5 -> 0 | BZ8: =SUMPRODUCT(--(BZ$3:BZ$3-$GN$3:$GN$3)^2)^0.5 -> 0 | CA8: =SUMPRODUCT(--(CA$3:CA$3-$GI$3:$GI$3)^2)^0.5 -> 0 | CB8: =SUMPRODUCT(--(CB$3:CB$3-$GJ$3:$GJ$3)^2)^0.5 -> 0 | CD8: =SUMPRODUCT(--(CD$3:CD$3-$GK$3:$GK$3)^2)^0.5 -> 0 | CE8: =SUMPRODUCT(--(CE$3:CE$3-$GL$3:$GL$3)^2)^0.5 -> 0 | CF8: =SUMPRODUCT(--(CF$3:CF$3-$GM$3:$GM$3)^2)^0.5 -> 0 | CG8: =SUMPRODUCT(--(CG$3:CG$3-$GN$3:$GN$3)^2)^0.5 -> 0 | CH8: =SUMPRODUCT(--(CH$3:CH$3-$GI$3:$GI$3)^2)^0.5 -> 0 | CI8: =SUMPRODUCT(--(CI$3:CI$3-$GJ$3:$GJ$3)^2)^0.5 -> 0 | CK8: =SUMPRODUCT(--(CK$3:CK$3-$GK$3:$GK$3)^2)^0.5 -> 0 | CL8: =SUMPRODUCT(--(CL$3:CL$3-$GL$3:$GL$3)^2)^0.5 -> 0 | CM8: =SUMPRODUCT(--(CM$3:CM$3-$GM$3:$GM$3)^2)^0.5 -> 0 | CN8: =SUMPRODUCT(--(CN$3:CN$3-$GN$3:$GN$3)^2)^0.5 -> 0 | CO8: =SUMPRODUCT(--(CO$3:CO$3-$GI$3:$GI$3)^2)^0.5 -> 0 | CP8: =SUMPRODUCT(--(CP$3:CP$3-$GJ$3:$GJ$3)^2)^0.5 -> 0 | CR8: =SUMPRODUCT(--(CR$3:CR$3-$GK$3:$GK$3)^2)^0.5 -> 0 | CS8: =SUMPRODUCT(--(CS$3:CS$3-$GL$3:$GL$3)^2)^0.5 -> 0 | CT8: =SUMPRODUCT(--(CT$3:CT$3-$GM$3:$GM$3)^2)^0.5 -> 0 | CU8: =SUMPRODUCT(--(CU$3:CU$3-$GN$3:$GN$3)^2)^0.5 -> 0 | CV8: =SUMPRODUCT(--(CV$3:CV$3-$GI$3:$GI$3)^2)^0.5 -> 0 | CW8: =SUMPRODUCT(--(CW$3:CW$3-$GJ$3:$GJ$3)^2)^0.5 -> 0 | CY8: =SUMPRODUCT(--(CY$3:CY$3-$GK$3:$GK$3)^2)^0.5 -> 0 | CZ8: =SUMPRODUCT(--(CZ$3:CZ$3-$GL$3:$GL$3)^2)^0.5 -> 0 | DA8: =SUMPRODUCT(--(DA$3:DA$3-$GM$3:$GM$3)^2)^0.5 -> 0 | DB8: =SUMPRODUCT(--(DB$3:DB$3-$GN$3:$GN$3)^2)^0.5 -> 0 | DC8: =SUMPRODUCT(--(DC$3:DC$3-$GI$3:$GI$3)^2)^0.5 -> 0 | DD8: =SUMPRODUCT(--(DD$3:DD$3-$GJ$3:$GJ$3)^2)^0.5 -> 0 | DF8: =SUMPRODUCT(--(DF$3:DF$3-$GK$3:$GK$3)^2)^0.5 -> 0 | DG8: =SUMPRODUCT(--(DG$3:DG$3-$GL$3:$GL$3)^2)^0.5 -> 0 | DH8: =SUMPRODUCT(--(DH$3:DH$3-$GM$3:$GM$3)^2)^0.5 -> 0 | DI8: =SUMPRODUCT(--(DI$3:DI$3-$GN$3:$GN$3)^2)^0.5 -> 0 | DJ8: =SUMPRODUCT(--(DJ$3:DJ$3-$GI$3:$GI$3)^2)^0.5 -> 0 | DK8: =SUMPRODUCT(--(DK$3:DK$3-$GJ$3:$GJ$3)^2)^0.5 -> 0 | DM8: =SUMPRODUCT(--(DM$3:DM$3-$GK$3:$GK$3)^2)^0.5 -> 0 | DN8: =SUMPRODUCT(--(DN$3:DN$3-$GL$3:$GL$3)^2)^0.5 -> 0 | DO8: =SUMPRODUCT(--(DO$3:DO$3-$GM$3:$GM$3)^2)^0.5 -> 0 | DP8: =SUMPRODUCT(--(DP$3:DP$3-$GN$3:$GN$3)^2)^0.5 -> 0 | DQ8: =SUMPRODUCT(--(DQ$3:DQ$3-$GI$3:$GI$3)^2)^0.5 -> 0 | DR8: =SUMPRODUCT(--(DR$3:DR$3-$GJ$3:$GJ$3)^2)^0.5 -> 0 | DT8: =SUMPRODUCT(--(DT$3:DT$3-$GK$3:$GK$3)^2)^0.5 -> 0 | DU8: =SUMPRODUCT(--(DU$3:DU$3-$GL$3:$GL$3)^2)^0.5 -> 0 | DV8: =SUMPRODUCT(--(DV$3:DV$3-$GM$3:$GM$3)^2)^0.5 -> 0 | DW8: =SUMPRODUCT(--(DW$3:DW$3-$GN$3:$GN$3)^2)^0.5 -> 0 | DX8: =SUMPRODUCT(--(DX$3:DX$3-$GI$3:$GI$3)^2)^0.5 -> 0 | DY8: =SUMPRODUCT(--(DY$3:DY$3-$GJ$3:$GJ$3)^2)^0.5 -> 0 | EA8: =SUMPRODUCT(--(EA$3:EA$3-$GK$3:$GK$3)^2)^0.5 -> 0 | EB8: =SUMPRODUCT(--(EB$3:EB$3-$GL$3:$GL$3)^2)^0.5 -> 0 | EC8: =SUMPRODUCT(--(EC$3:EC$3-$GM$3:$GM$3)^2)^0.5 -> 0 | ED8: =SUMPRODUCT(--(ED$3:ED$3-$GN$3:$GN$3)^2)^0.5 -> 0 | EE8: =SUMPRODUCT(--(EE$3:EE$3-$GI$3:$GI$3)^2)^0.5 -> 0 | EF8: =SUMPRODUCT(--(EF$3:EF$3-$GJ$3:$GJ$3)^2)^0.5 -> 0 | EH8: =SUMPRODUCT(--(EH$3:EH$3-$GK$3:$GK$3)^2)^0.5 -> 0 | EI8: =SUMPRODUCT(--(EI$3:EI$3-$GL$3:$GL$3)^2)^0.5 -> 0 | EJ8: =SUMPRODUCT(--(EJ$3:EJ$3-$GM$3:$GM$3)^2)^0.5 -> 0 | EK8: =SUMPRODUCT(--(EK$3:EK$3-$GN$3:$GN$3)^2)^0.5 -> 0 | EL8: =SUMPRODUCT(--(EL$3:EL$3-$GI$3:$GI$3)^2)^0.5 -> 0 | EM8: =SUMPRODUCT(--(EM$3:EM$3-$GJ$3:$GJ$3)^2)^0.5 -> 0 | EO8: =SUMPRODUCT(--(EO$3:EO$3-$GK$3:$GK$3)^2)^0.5 -> 0 | EP8: =SUMPRODUCT(--(EP$3:EP$3-$GL$3:$GL$3)^2)^0.5 -> 0 | EQ8: =SUMPRODUCT(--(EQ$3:EQ$3-$GM$3:$GM$3)^2)^0.5 -> 0 | ER8: =SUMPRODUCT(--(ER$3:ER$3-$GN$3:$GN$3)^2)^0.5 -> 0 | ES8: =SUMPRODUCT(--(ES$3:ES$3-$GI$3:$GI$3)^2)^0.5 -> 0 | ET8: =SUMPRODUCT(--(ET$3:ET$3-$GJ$3:$GJ$3)^2)^0.5 -> 0 | EV8: =SUMPRODUCT(--(EV$3:EV$3-$GK$3:$GK$3)^2)^0.5 -> 0 | EW8: =SUMPRODUCT(--(EW$3:EW$3-$GL$3:$GL$3)^2)^0.5 -> 0 | EX8: =SUMPRODUCT(--(EX$3:EX$3-$GM$3:$GM$3)^2)^0.5 -> 0 | EY8: =SUMPRODUCT(--(EY$3:EY$3-$GN$3:$GN$3)^2)^0.5 -> 0 | EZ8: =SUMPRODUCT(--(EZ$3:EZ$3-$GI$3:$GI$3)^2)^0.5 -> 0 | FA8: =SUMPRODUCT(--(FA$3:FA$3-$GJ$3:$GJ$3)^2)^0.5 -> 0 | FC8: =SUMPRODUCT(--(FC$3:FC$3-$GK$3:$GK$3)^2)^0.5 -> 0 | FD8: =SUMPRODUCT(--(FD$3:FD$3-$GL$3:$GL$3)^2)^0.5 -> 0 | FE8: =SUMPRODUCT(--(FE$3:FE$3-$GM$3:$GM$3)^2)^0.5 -> 0 | FF8: =SUMPRODUCT(--(FF$3:FF$3-$GN$3:$GN$3)^2)^0.5 -> 0 | FG8: =SUMPRODUCT(--(FG$3:FG$3-$GI$3:$GI$3)^2)^0.5 -> 0 | FH8: =SUMPRODUCT(--(FH$3:FH$3-$GJ$3:$GJ$3)^2)^0.5 -> 0 | FJ8: =SUMPRODUCT(--(FJ$3:FJ$3-$GK$3:$GK$3)^2)^0.5 -> 0 | FK8: =SUMPRODUCT(--(FK$3:FK$3-$GL$3:$GL$3)^2)^0.5 -> 0 | FL8: =SUMPRODUCT(--(FL$3:FL$3-$GM$3:$GM$3)^2)^0.5 -> 0 | FM8: =SUMPRODUCT(--(FM$3:FM$3-$GN$3:$GN$3)^2)^0.5 -> 0 | FN8: =SUMPRODUCT(--(FN$3:FN$3-$GI$3:$GI$3)^2)^0.5 -> 0 | FO8: =SUMPRODUCT(--(FO$3:FO$3-$GJ$3:$GJ$3)^2)^0.5 -> 0 | FQ8: =SUMPRODUCT(--(FQ$3:FQ$3-$GK$3:$GK$3)^2)^0.5 -> 0 | FR8: =SUMPRODUCT(--(FR$3:FR$3-$GL$3:$GL$3)^2)^0.5 -> 0 | FS8: =SUMPRODUCT(--(FS$3:FS$3-$GM$3:$GM$3)^2)^0.5 -> 0 | FT8: =SUMPRODUCT(--(FT$3:FT$3-$GN$3:$GN$3)^2)^0.5 -> 0 | FU8: =SUMPRODUCT(--(FU$3:FU$3-$GI$3:$GI$3)^2)^0.5 -> 0 | FV8: =SUMPRODUCT(--(FV$3:FV$3-$GJ$3:$GJ$3)^2)^0.5 -> 0 | FX8: =SUMPRODUCT(--(FX$3:FX$3-$GK$3:$GK$3)^2)^0.5 -> 0 | FY8: =SUMPRODUCT(--(FY$3:FY$3-$GL$3:$GL$3)^2)^0.5 -> 0 | FZ8: =SUMPRODUCT(--(FZ$3:FZ$3-$GM$3:$GM$3)^2)^0.5 -> 0 | GA8: =SUMPRODUCT(--(GA$3:GA$3-$GN$3:$GN$3)^2)^0.5 -> 0 | GB8: =SUMPRODUCT(--(GB$3:GB$3-$GI$3:$GI$3)^2)^0.5 -> 0 | GC8: =SUMPRODUCT(--(GC$3:GC$3-$GJ$3:$GJ$3)^2)^0.5 -> 0 | GE8: =SUMPRODUCT(--(GE$3:GE$3-$GK$3:$GK$3)^2)^0.5 -> 0 | GF8: =SUMPRODUCT(--(GF$3:GF$3-$GL$3:$GL$3)^2)^0.5 -> 0 | GG8: =SUMPRODUCT(--(GG$3:GG$3-$GM$3:$GM$3)^2)^0.5 -> 0 | GH8: =SUMPRODUCT(--(GH$3:GH$3-$GN$3:$GN$3)^2)^0.5 -> 0
A9: BEST | B9: =SUMPRODUCT(NOT(ISBLANK(B$3:B$3))*(B$3:B$3=$GI$3:$GI$3)) -> 0 | C9: =SUMPRODUCT(NOT(ISBLANK(C$3:C$3))*(C$3:C$3=$GJ$3:$GJ$3)) -> 0 | E9: =SUMPRODUCT(NOT(ISBLANK(E$3:E$3))*(E$3:E$3=$GK$3:$GK$3)) -> 0 | F9: =SUMPRODUCT(NOT(ISBLANK(F$3:F$3))*(F$3:F$3=$GL$3:$GL$3)) -> 0 | G9: =SUMPRODUCT(NOT(ISBLANK(G$3:G$3))*(G$3:G$3=$GM$3:$GM$3)) -> 0 | H9: =SUMPRODUCT(NOT(ISBLANK(H$3:H$3))*(H$3:H$3=$GN$3:$GN$3)) -> 0 | I9: =SUMPRODUCT(NOT(ISBLANK(I$3:I$3))*(I$3:I$3=$GI$3:$GI$3)) -> 0 | J9: =SUMPRODUCT(NOT(ISBLANK(J$3:J$3))*(J$3:J$3=$GJ$3:$GJ$3)) -> 0 | L9: =SUMPRODUCT(NOT(ISBLANK(L$3:L$3))*(L$3:L$3=$GK$3:$GK$3)) -> 0 | M9: =SUMPRODUCT(NOT(ISBLANK(M$3:M$3))*(M$3:M$3=$GL$3:$GL$3)) -> 0 | N9: =SUMPRODUCT(NOT(ISBLANK(N$3:N$3))*(N$3:N$3=$GM$3:$GM$3)) -> 0 | O9: =SUMPRODUCT(NOT(ISBLANK(O$3:O$3))*(O$3:O$3=$GN$3:$GN$3)) -> 0 | P9: =SUMPRODUCT(NOT(ISBLANK(P$3:P$3))*(P$3:P$3=$GI$3:$GI$3)) -> 0 | Q9: =SUMPRODUCT(NOT(ISBLANK(Q$3:Q$3))*(Q$3:Q$3=$GJ$3:$GJ$3)) -> 0 | S9: =SUMPRODUCT(NOT(ISBLANK(S$3:S$3))*(S$3:S$3=$GK$3:$GK$3)) -> 0 | T9: =SUMPRODUCT(NOT(ISBLANK(T$3:T$3))*(T$3:T$3=$GL$3:$GL$3)) -> 0 | U9: =SUMPRODUCT(NOT(ISBLANK(U$3:U$3))*(U$3:U$3=$GM$3:$GM$3)) -> 0 | V9: =SUMPRODUCT(NOT(ISBLANK(V$3:V$3))*(V$3:V$3=$GN$3:$GN$3)) -> 0 | W9: =SUMPRODUCT(NOT(ISBLANK(W$3:W$3))*(W$3:W$3=$GI$3:$GI$3)) -> 0 | X9: =SUMPRODUCT(NOT(ISBLANK(X$3:X$3))*(X$3:X$3=$GJ$3:$GJ$3)) -> 0 | Z9: =SUMPRODUCT(NOT(ISBLANK(Z$3:Z$3))*(Z$3:Z$3=$GK$3:$GK$3)) -> 0 | AA9: =SUMPRODUCT(NOT(ISBLANK(AA$3:AA$3))*(AA$3:AA$3=$GL$3:$GL$3)) -> 0 | AB9: =SUMPRODUCT(NOT(ISBLANK(AB$3:AB$3))*(AB$3:AB$3=$GM$3:$GM$3)) -> 0 | AC9: =SUMPRODUCT(NOT(ISBLANK(AC$3:AC$3))*(AC$3:AC$3=$GN$3:$GN$3)) -> 0 | AD9: =SUMPRODUCT(NOT(ISBLANK(AD$3:AD$3))*(AD$3:AD$3=$GI$3:$GI$3)) -> 0 | AE9: =SUMPRODUCT(NOT(ISBLANK(AE$3:AE$3))*(AE$3:AE$3=$GJ$3:$GJ$3)) -> 0 | AG9: =SUMPRODUCT(NOT(ISBLANK(AG$3:AG$3))*(AG$3:AG$3=$GK$3:$GK$3)) -> 0 | AH9: =SUMPRODUCT(NOT(ISBLANK(AH$3:AH$3))*(AH$3:AH$3=$GL$3:$GL$3)) -> 0 | AI9: =SUMPRODUCT(NOT(ISBLANK(AI$3:AI$3))*(AI$3:AI$3=$GM$3:$GM$3)) -> 0 | AJ9: =SUMPRODUCT(NOT(ISBLANK(AJ$3:AJ$3))*(AJ$3:AJ$3=$GN$3:$GN$3)) -> 0 | AK9: =SUMPRODUCT(NOT(ISBLANK(AK$3:AK$3))*(AK$3:AK$3=$GI$3:$GI$3)) -> 0 | AL9: =SUMPRODUCT(NOT(ISBLANK(AL$3:AL$3))*(AL$3:AL$3=$GJ$3:$GJ$3)) -> 0 | AN9: =SUMPRODUCT(NOT(ISBLANK(AN$3:AN$3))*(AN$3:AN$3=$GK$3:$GK$3)) -> 0 | AO9: =SUMPRODUCT(NOT(ISBLANK(AO$3:AO$3))*(AO$3:AO$3=$GL$3:$GL$3)) -> 0 | AP9: =SUMPRODUCT(NOT(ISBLANK(AP$3:AP$3))*(AP$3:AP$3=$GM$3:$GM$3)) -> 0 | AQ9: =SUMPRODUCT(NOT(ISBLANK(AQ$3:AQ$3))*(AQ$3:AQ$3=$GN$3:$GN$3)) -> 0 | AR9: =SUMPRODUCT(NOT(ISBLANK(AR$3:AR$3))*(AR$3:AR$3=$GI$3:$GI$3)) -> 0 | AS9: =SUMPRODUCT(NOT(ISBLANK(AS$3:AS$3))*(AS$3:AS$3=$GJ$3:$GJ$3)) -> 0 | AU9: =SUMPRODUCT(NOT(ISBLANK(AU$3:AU$3))*(AU$3:AU$3=$GK$3:$GK$3)) -> 0 | AV9: =SUMPRODUCT(NOT(ISBLANK(AV$3:AV$3))*(AV$3:AV$3=$GL$3:$GL$3)) -> 0 | AW9: =SUMPRODUCT(NOT(ISBLANK(AW$3:AW$3))*(AW$3:AW$3=$GM$3:$GM$3)) -> 0 | AX9: =SUMPRODUCT(NOT(ISBLANK(AX$3:AX$3))*(AX$3:AX$3=$GN$3:$GN$3)) -> 0 | AY9: =SUMPRODUCT(NOT(ISBLANK(AY$3:AY$3))*(AY$3:AY$3=$GI$3:$GI$3)) -> 0 | AZ9: =SUMPRODUCT(NOT(ISBLANK(AZ$3:AZ$3))*(AZ$3:AZ$3=$GJ$3:$GJ$3)) -> 0 | BB9: =SUMPRODUCT(NOT(ISBLANK(BB$3:BB$3))*(BB$3:BB$3=$GK$3:$GK$3)) -> 0 | BC9: =SUMPRODUCT(NOT(ISBLANK(BC$3:BC$3))*(BC$3:BC$3=$GL$3:$GL$3)) -> 0 | BD9: =SUMPRODUCT(NOT(ISBLANK(BD$3:BD$3))*(BD$3:BD$3=$GM$3:$GM$3)) -> 0 | BE9: =SUMPRODUCT(NOT(ISBLANK(BE$3:BE$3))*(BE$3:BE$3=$GN$3:$GN$3)) -> 0 | BF9: =SUMPRODUCT(NOT(ISBLANK(BF$3:BF$3))*(BF$3:BF$3=$GI$3:$GI$3)) -> 0 | BG9: =SUMPRODUCT(NOT(ISBLANK(BG$3:BG$3))*(BG$3:BG$3=$GJ$3:$GJ$3)) -> 0 | BI9: =SUMPRODUCT(NOT(ISBLANK(BI$3:BI$3))*(BI$3:BI$3=$GK$3:$GK$3)) -> 0 | BJ9: =SUMPRODUCT(NOT(ISBLANK(BJ$3:BJ$3))*(BJ$3:BJ$3=$GL$3:$GL$3)) -> 0 | BK9: =SUMPRODUCT(NOT(ISBLANK(BK$3:BK$3))*(BK$3:BK$3=$GM$3:$GM$3)) -> 0 | BL9: =SUMPRODUCT(NOT(ISBLANK(BL$3:BL$3))*(BL$3:BL$3=$GN$3:$GN$3)) -> 0 | BM9: =SUMPRODUCT(NOT(ISBLANK(BM$3:BM$3))*(BM$3:BM$3=$GI$3:$GI$3)) -> 0 | BN9: =SUMPRODUCT(NOT(ISBLANK(BN$3:BN$3))*(BN$3:BN$3=$GJ$3:$GJ$3)) -> 0 | BP9: =SUMPRODUCT(NOT(ISBLANK(BP$3:BP$3))*(BP$3:BP$3=$GK$3:$GK$3)) -> 0 | BQ9: =SUMPRODUCT(NOT(ISBLANK(BQ$3:BQ$3))*(BQ$3:BQ$3=$GL$3:$GL$3)) -> 0 | BR9: =SUMPRODUCT(NOT(ISBLANK(BR$3:BR$3))*(BR$3:BR$3=$GM$3:$GM$3)) -> 0 | BS9: =SUMPRODUCT(NOT(ISBLANK(BS$3:BS$3))*(BS$3:BS$3=$GN$3:$GN$3)) -> 0 | BT9: =SUMPRODUCT(NOT(ISBLANK(BT$3:BT$3))*(BT$3:BT$3=$GI$3:$GI$3)) -> 0 | BU9: =SUMPRODUCT(NOT(ISBLANK(BU$3:BU$3))*(BU$3:BU$3=$GJ$3:$GJ$3)) -> 0 | BW9: =SUMPRODUCT(NOT(ISBLANK(BW$3:BW$3))*(BW$3:BW$3=$GK$3:$GK$3)) -> 0 | BX9: =SUMPRODUCT(NOT(ISBLANK(BX$3:BX$3))*(BX$3:BX$3=$GL$3:$GL$3)) -> 0 | BY9: =SUMPRODUCT(NOT(ISBLANK(BY$3:BY$3))*(BY$3:BY$3=$GM$3:$GM$3)) -> 0 | BZ9: =SUMPRODUCT(NOT(ISBLANK(BZ$3:BZ$3))*(BZ$3:BZ$3=$GN$3:$GN$3)) -> 0 | CA9: =SUMPRODUCT(NOT(ISBLANK(CA$3:CA$3))*(CA$3:CA$3=$GI$3:$GI$3)) -> 0 | CB9: =SUMPRODUCT(NOT(ISBLANK(CB$3:CB$3))*(CB$3:CB$3=$GJ$3:$GJ$3)) -> 0 | CD9: =SUMPRODUCT(NOT(ISBLANK(CD$3:CD$3))*(CD$3:CD$3=$GK$3:$GK$3)) -> 0 | CE9: =SUMPRODUCT(NOT(ISBLANK(CE$3:CE$3))*(CE$3:CE$3=$GL$3:$GL$3)) -> 0 | CF9: =SUMPRODUCT(NOT(ISBLANK(CF$3:CF$3))*(CF$3:CF$3=$GM$3:$GM$3)) -> 0 | CG9: =SUMPRODUCT(NOT(ISBLANK(CG$3:CG$3))*(CG$3:CG$3=$GN$3:$GN$3)) -> 0 | CH9: =SUMPRODUCT(NOT(ISBLANK(CH$3:CH$3))*(CH$3:CH$3=$GI$3:$GI$3)) -> 0 | CI9: =SUMPRODUCT(NOT(ISBLANK(CI$3:CI$3))*(CI$3:CI$3=$GJ$3:$GJ$3)) -> 0 | CK9: =SUMPRODUCT(NOT(ISBLANK(CK$3:CK$3))*(CK$3:CK$3=$GK$3:$GK$3)) -> 0 | CL9: =SUMPRODUCT(NOT(ISBLANK(CL$3:CL$3))*(CL$3:CL$3=$GL$3:$GL$3)) -> 0 | CM9: =SUMPRODUCT(NOT(ISBLANK(CM$3:CM$3))*(CM$3:CM$3=$GM$3:$GM$3)) -> 0 | CN9: =SUMPRODUCT(NOT(ISBLANK(CN$3:CN$3))*(CN$3:CN$3=$GN$3:$GN$3)) -> 0 | CO9: =SUMPRODUCT(NOT(ISBLANK(CO$3:CO$3))*(CO$3:CO$3=$GI$3:$GI$3)) -> 0 | CP9: =SUMPRODUCT(NOT(ISBLANK(CP$3:CP$3))*(CP$3:CP$3=$GJ$3:$GJ$3)) -> 0 | CR9: =SUMPRODUCT(NOT(ISBLANK(CR$3:CR$3))*(CR$3:CR$3=$GK$3:$GK$3)) -> 0 | CS9: =SUMPRODUCT(NOT(ISBLANK(CS$3:CS$3))*(CS$3:CS$3=$GL$3:$GL$3)) -> 0 | CT9: =SUMPRODUCT(NOT(ISBLANK(CT$3:CT$3))*(CT$3:CT$3=$GM$3:$GM$3)) -> 0 | CU9: =SUMPRODUCT(NOT(ISBLANK(CU$3:CU$3))*(CU$3:CU$3=$GN$3:$GN$3)) -> 0 | CV9: =SUMPRODUCT(NOT(ISBLANK(CV$3:CV$3))*(CV$3:CV$3=$GI$3:$GI$3)) -> 0 | CW9: =SUMPRODUCT(NOT(ISBLANK(CW$3:CW$3))*(CW$3:CW$3=$GJ$3:$GJ$3)) -> 0 | CY9: =SUMPRODUCT(NOT(ISBLANK(CY$3:CY$3))*(CY$3:CY$3=$GK$3:$GK$3)) -> 0 | CZ9: =SUMPRODUCT(NOT(ISBLANK(CZ$3:CZ$3))*(CZ$3:CZ$3=$GL$3:$GL$3)) -> 0 | DA9: =SUMPRODUCT(NOT(ISBLANK(DA$3:DA$3))*(DA$3:DA$3=$GM$3:$GM$3)) -> 0 | DB9: =SUMPRODUCT(NOT(ISBLANK(DB$3:DB$3))*(DB$3:DB$3=$GN$3:$GN$3)) -> 0 | DC9: =SUMPRODUCT(NOT(ISBLANK(DC$3:DC$3))*(DC$3:DC$3=$GI$3:$GI$3)) -> 0 | DD9: =SUMPRODUCT(NOT(ISBLANK(DD$3:DD$3))*(DD$3:DD$3=$GJ$3:$GJ$3)) -> 0 | DF9: =SUMPRODUCT(NOT(ISBLANK(DF$3:DF$3))*(DF$3:DF$3=$GK$3:$GK$3)) -> 0 | DG9: =SUMPRODUCT(NOT(ISBLANK(DG$3:DG$3))*(DG$3:DG$3=$GL$3:$GL$3)) -> 0 | DH9: =SUMPRODUCT(NOT(ISBLANK(DH$3:DH$3))*(DH$3:DH$3=$GM$3:$GM$3)) -> 0 | DI9: =SUMPRODUCT(NOT(ISBLANK(DI$3:DI$3))*(DI$3:DI$3=$GN$3:$GN$3)) -> 0 | DJ9: =SUMPRODUCT(NOT(ISBLANK(DJ$3:DJ$3))*(DJ$3:DJ$3=$GI$3:$GI$3)) -> 0 | DK9: =SUMPRODUCT(NOT(ISBLANK(DK$3:DK$3))*(DK$3:DK$3=$GJ$3:$GJ$3)) -> 0 | DM9: =SUMPRODUCT(NOT(ISBLANK(DM$3:DM$3))*(DM$3:DM$3=$GK$3:$GK$3)) -> 0 | DN9: =SUMPRODUCT(NOT(ISBLANK(DN$3:DN$3))*(DN$3:DN$3=$GL$3:$GL$3)) -> 0 | DO9: =SUMPRODUCT(NOT(ISBLANK(DO$3:DO$3))*(DO$3:DO$3=$GM$3:$GM$3)) -> 0 | DP9: =SUMPRODUCT(NOT(ISBLANK(DP$3:DP$3))*(DP$3:DP$3=$GN$3:$GN$3)) -> 0 | DQ9: =SUMPRODUCT(NOT(ISBLANK(DQ$3:DQ$3))*(DQ$3:DQ$3=$GI$3:$GI$3)) -> 0 | DR9: =SUMPRODUCT(NOT(ISBLANK(DR$3:DR$3))*(DR$3:DR$3=$GJ$3:$GJ$3)) -> 0 | DT9: =SUMPRODUCT(NOT(ISBLANK(DT$3:DT$3))*(DT$3:DT$3=$GK$3:$GK$3)) -> 0 | DU9: =SUMPRODUCT(NOT(ISBLANK(DU$3:DU$3))*(DU$3:DU$3=$GL$3:$GL$3)) -> 0 | DV9: =SUMPRODUCT(NOT(ISBLANK(DV$3:DV$3))*(DV$3:DV$3=$GM$3:$GM$3)) -> 0 | DW9: =SUMPRODUCT(NOT(ISBLANK(DW$3:DW$3))*(DW$3:DW$3=$GN$3:$GN$3)) -> 0 | DX9: =SUMPRODUCT(NOT(ISBLANK(DX$3:DX$3))*(DX$3:DX$3=$GI$3:$GI$3)) -> 0 | DY9: =SUMPRODUCT(NOT(ISBLANK(DY$3:DY$3))*(DY$3:DY$3=$GJ$3:$GJ$3)) -> 0 | EA9: =SUMPRODUCT(NOT(ISBLANK(EA$3:EA$3))*(EA$3:EA$3=$GK$3:$GK$3)) -> 0 | EB9: =SUMPRODUCT(NOT(ISBLANK(EB$3:EB$3))*(EB$3:EB$3=$GL$3:$GL$3)) -> 0 | EC9: =SUMPRODUCT(NOT(ISBLANK(EC$3:EC$3))*(EC$3:EC$3=$GM$3:$GM$3)) -> 0 | ED9: =SUMPRODUCT(NOT(ISBLANK(ED$3:ED$3))*(ED$3:ED$3=$GN$3:$GN$3)) -> 0 | EE9: =SUMPRODUCT(NOT(ISBLANK(EE$3:EE$3))*(EE$3:EE$3=$GI$3:$GI$3)) -> 0 | EF9: =SUMPRODUCT(NOT(ISBLANK(EF$3:EF$3))*(EF$3:EF$3=$GJ$3:$GJ$3)) -> 0 | EH9: =SUMPRODUCT(NOT(ISBLANK(EH$3:EH$3))*(EH$3:EH$3=$GK$3:$GK$3)) -> 0 | EI9: =SUMPRODUCT(NOT(ISBLANK(EI$3:EI$3))*(EI$3:EI$3=$GL$3:$GL$3)) -> 0 | EJ9: =SUMPRODUCT(NOT(ISBLANK(EJ$3:EJ$3))*(EJ$3:EJ$3=$GM$3:$GM$3)) -> 0 | EK9: =SUMPRODUCT(NOT(ISBLANK(EK$3:EK$3))*(EK$3:EK$3=$GN$3:$GN$3)) -> 0 | EL9: =SUMPRODUCT(NOT(ISBLANK(EL$3:EL$3))*(EL$3:EL$3=$GI$3:$GI$3)) -> 0 | EM9: =SUMPRODUCT(NOT(ISBLANK(EM$3:EM$3))*(EM$3:EM$3=$GJ$3:$GJ$3)) -> 0 | EO9: =SUMPRODUCT(NOT(ISBLANK(EO$3:EO$3))*(EO$3:EO$3=$GK$3:$GK$3)) -> 0 | EP9: =SUMPRODUCT(NOT(ISBLANK(EP$3:EP$3))*(EP$3:EP$3=$GL$3:$GL$3)) -> 0 | EQ9: =SUMPRODUCT(NOT(ISBLANK(EQ$3:EQ$3))*(EQ$3:EQ$3=$GM$3:$GM$3)) -> 0 | ER9: =SUMPRODUCT(NOT(ISBLANK(ER$3:ER$3))*(ER$3:ER$3=$GN$3:$GN$3)) -> 0 | ES9: =SUMPRODUCT(NOT(ISBLANK(ES$3:ES$3))*(ES$3:ES$3=$GI$3:$GI$3)) -> 0 | ET9: =SUMPRODUCT(NOT(ISBLANK(ET$3:ET$3))*(ET$3:ET$3=$GJ$3:$GJ$3)) -> 0 | EV9: =SUMPRODUCT(NOT(ISBLANK(EV$3:EV$3))*(EV$3:EV$3=$GK$3:$GK$3)) -> 0 | EW9: =SUMPRODUCT(NOT(ISBLANK(EW$3:EW$3))*(EW$3:EW$3=$GL$3:$GL$3)) -> 0 | EX9: =SUMPRODUCT(NOT(ISBLANK(EX$3:EX$3))*(EX$3:EX$3=$GM$3:$GM$3)) -> 0 | EY9: =SUMPRODUCT(NOT(ISBLANK(EY$3:EY$3))*(EY$3:EY$3=$GN$3:$GN$3)) -> 0 | EZ9: =SUMPRODUCT(NOT(ISBLANK(EZ$3:EZ$3))*(EZ$3:EZ$3=$GI$3:$GI$3)) -> 0 | FA9: =SUMPRODUCT(NOT(ISBLANK(FA$3:FA$3))*(FA$3:FA$3=$GJ$3:$GJ$3)) -> 0 | FC9: =SUMPRODUCT(NOT(ISBLANK(FC$3:FC$3))*(FC$3:FC$3=$GK$3:$GK$3)) -> 0 | FD9: =SUMPRODUCT(NOT(ISBLANK(FD$3:FD$3))*(FD$3:FD$3=$GL$3:$GL$3)) -> 0 | FE9: =SUMPRODUCT(NOT(ISBLANK(FE$3:FE$3))*(FE$3:FE$3=$GM$3:$GM$3)) -> 0 | FF9: =SUMPRODUCT(NOT(ISBLANK(FF$3:FF$3))*(FF$3:FF$3=$GN$3:$GN$3)) -> 0 | FG9: =SUMPRODUCT(NOT(ISBLANK(FG$3:FG$3))*(FG$3:FG$3=$GI$3:$GI$3)) -> 0 | FH9: =SUMPRODUCT(NOT(ISBLANK(FH$3:FH$3))*(FH$3:FH$3=$GJ$3:$GJ$3)) -> 0 | FJ9: =SUMPRODUCT(NOT(ISBLANK(FJ$3:FJ$3))*(FJ$3:FJ$3=$GK$3:$GK$3)) -> 0 | FK9: =SUMPRODUCT(NOT(ISBLANK(FK$3:FK$3))*(FK$3:FK$3=$GL$3:$GL$3)) -> 0 | FL9: =SUMPRODUCT(NOT(ISBLANK(FL$3:FL$3))*(FL$3:FL$3=$GM$3:$GM$3)) -> 0 | FM9: =SUMPRODUCT(NOT(ISBLANK(FM$3:FM$3))*(FM$3:FM$3=$GN$3:$GN$3)) -> 0 | FN9: =SUMPRODUCT(NOT(ISBLANK(FN$3:FN$3))*(FN$3:FN$3=$GI$3:$GI$3)) -> 0 | FO9: =SUMPRODUCT(NOT(ISBLANK(FO$3:FO$3))*(FO$3:FO$3=$GJ$3:$GJ$3)) -> 0 | FQ9: =SUMPRODUCT(NOT(ISBLANK(FQ$3:FQ$3))*(FQ$3:FQ$3=$GK$3:$GK$3)) -> 0 | FR9: =SUMPRODUCT(NOT(ISBLANK(FR$3:FR$3))*(FR$3:FR$3=$GL$3:$GL$3)) -> 0 | FS9: =SUMPRODUCT(NOT(ISBLANK(FS$3:FS$3))*(FS$3:FS$3=$GM$3:$GM$3)) -> 0 | FT9: =SUMPRODUCT(NOT(ISBLANK(FT$3:FT$3))*(FT$3:FT$3=$GN$3:$GN$3)) -> 0 | FU9: =SUMPRODUCT(NOT(ISBLANK(FU$3:FU$3))*(FU$3:FU$3=$GI$3:$GI$3)) -> 0 | FV9: =SUMPRODUCT(NOT(ISBLANK(FV$3:FV$3))*(FV$3:FV$3=$GJ$3:$GJ$3)) -> 0 | FX9: =SUMPRODUCT(NOT(ISBLANK(FX$3:FX$3))*(FX$3:FX$3=$GK$3:$GK$3)) -> 0 | FY9: =SUMPRODUCT(NOT(ISBLANK(FY$3:FY$3))*(FY$3:FY$3=$GL$3:$GL$3)) -> 0 | FZ9: =SUMPRODUCT(NOT(ISBLANK(FZ$3:FZ$3))*(FZ$3:FZ$3=$GM$3:$GM$3)) -> 0 | GA9: =SUMPRODUCT(NOT(ISBLANK(GA$3:GA$3))*(GA$3:GA$3=$GN$3:$GN$3)) -> 0 | GB9: =SUMPRODUCT(NOT(ISBLANK(GB$3:GB$3))*(GB$3:GB$3=$GI$3:$GI$3)) -> 0 | GC9: =SUMPRODUCT(NOT(ISBLANK(GC$3:GC$3))*(GC$3:GC$3=$GJ$3:$GJ$3)) -> 0 | GE9: =SUMPRODUCT(NOT(ISBLANK(GE$3:GE$3))*(GE$3:GE$3=$GK$3:$GK$3)) -> 0 | GF9: =SUMPRODUCT(NOT(ISBLANK(GF$3:GF$3))*(GF$3:GF$3=$GL$3:$GL$3)) -> 0 | GG9: =SUMPRODUCT(NOT(ISBLANK(GG$3:GG$3))*(GG$3:GG$3=$GM$3:$GM$3)) -> 0 | GH9: =SUMPRODUCT(NOT(ISBLANK(GH$3:GH$3))*(GH$3:GH$3=$GN$3:$GN$3)) -> 0
A10: BETTER | B10: =SUMPRODUCT(NOT(ISBLANK(B$3:B$3))*(B$3:B$3<$GO$3:$GO$3)) -> 0 | C10: =SUMPRODUCT(NOT(ISBLANK(C$3:C$3))*(C$3:C$3<$GP$3:$GP$3)) -> 0 | E10: =SUMPRODUCT(NOT(ISBLANK(E$3:E$3))*(E$3:E$3<$GQ$3:$GQ$3)) -> 0 | F10: =SUMPRODUCT(NOT(ISBLANK(F$3:F$3))*(F$3:F$3<$GR$3:$GR$3)) -> 0 | G10: =SUMPRODUCT(NOT(ISBLANK(G$3:G$3))*(G$3:G$3<$GS$3:$GS$3)) -> 0 | H10: =SUMPRODUCT(NOT(ISBLANK(H$3:H$3))*(H$3:H$3<$GT$3:$GT$3)) -> 0 | I10: =SUMPRODUCT(NOT(ISBLANK(I$3:I$3))*(I$3:I$3<$GO$3:$GO$3)) -> 0 | J10: =SUMPRODUCT(NOT(ISBLANK(J$3:J$3))*(J$3:J$3<$GP$3:$GP$3)) -> 0 | L10: =SUMPRODUCT(NOT(ISBLANK(L$3:L$3))*(L$3:L$3<$GQ$3:$GQ$3)) -> 0 | M10: =SUMPRODUCT(NOT(ISBLANK(M$3:M$3))*(M$3:M$3<$GR$3:$GR$3)) -> 0 | N10: =SUMPRODUCT(NOT(ISBLANK(N$3:N$3))*(N$3:N$3<$GS$3:$GS$3)) -> 0 | O10: =SUMPRODUCT(NOT(ISBLANK(O$3:O$3))*(O$3:O$3<$GT$3:$GT$3)) -> 0 | P10: =SUMPRODUCT(NOT(ISBLANK(P$3:P$3))*(P$3:P$3<$GO$3:$GO$3)) -> 0 | Q10: =SUMPRODUCT(NOT(ISBLANK(Q$3:Q$3))*(Q$3:Q$3<$GP$3:$GP$3)) -> 0 | S10: =SUMPRODUCT(NOT(ISBLANK(S$3:S$3))*(S$3:S$3<$GQ$3:$GQ$3)) -> 0 | T10: =SUMPRODUCT(NOT(ISBLANK(T$3:T$3))*(T$3:T$3<$GR$3:$GR$3)) -> 0 | U10: =SUMPRODUCT(NOT(ISBLANK(U$3:U$3))*(U$3:U$3<$GS$3:$GS$3)) -> 0 | V10: =SUMPRODUCT(NOT(ISBLANK(V$3:V$3))*(V$3:V$3<$GT$3:$GT$3)) -> 0 | W10: =SUMPRODUCT(NOT(ISBLANK(W$3:W$3))*(W$3:W$3<$GO$3:$GO$3)) -> 0 | X10: =SUMPRODUCT(NOT(ISBLANK(X$3:X$3))*(X$3:X$3<$GP$3:$GP$3)) -> 0 | Z10: =SUMPRODUCT(NOT(ISBLANK(Z$3:Z$3))*(Z$3:Z$3<$GQ$3:$GQ$3)) -> 0 | AA10: =SUMPRODUCT(NOT(ISBLANK(AA$3:AA$3))*(AA$3:AA$3<$GR$3:$GR$3)) -> 0 | AB10: =SUMPRODUCT(NOT(ISBLANK(AB$3:AB$3))*(AB$3:AB$3<$GS$3:$GS$3)) -> 0 | AC10: =SUMPRODUCT(NOT(ISBLANK(AC$3:AC$3))*(AC$3:AC$3<$GT$3:$GT$3)) -> 0 | AD10: =SUMPRODUCT(NOT(ISBLANK(AD$3:AD$3))*(AD$3:AD$3<$GO$3:$GO$3)) -> 0 | AE10: =SUMPRODUCT(NOT(ISBLANK(AE$3:AE$3))*(AE$3:AE$3<$GP$3:$GP$3)) -> 0 | AG10: =SUMPRODUCT(NOT(ISBLANK(AG$3:AG$3))*(AG$3:AG$3<$GQ$3:$GQ$3)) -> 0 | AH10: =SUMPRODUCT(NOT(ISBLANK(AH$3:AH$3))*(AH$3:AH$3<$GR$3:$GR$3)) -> 0 | AI10: =SUMPRODUCT(NOT(ISBLANK(AI$3:AI$3))*(AI$3:AI$3<$GS$3:$GS$3)) -> 0 | AJ10: =SUMPRODUCT(NOT(ISBLANK(AJ$3:AJ$3))*(AJ$3:AJ$3<$GT$3:$GT$3)) -> 0 | AK10: =SUMPRODUCT(NOT(ISBLANK(AK$3:AK$3))*(AK$3:AK$3<$GO$3:$GO$3)) -> 0 | AL10: =SUMPRODUCT(NOT(ISBLANK(AL$3:AL$3))*(AL$3:AL$3<$GP$3:$GP$3)) -> 0 | AN10: =SUMPRODUCT(NOT(ISBLANK(AN$3:AN$3))*(AN$3:AN$3<$GQ$3:$GQ$3)) -> 0 | AO10: =SUMPRODUCT(NOT(ISBLANK(AO$3:AO$3))*(AO$3:AO$3<$GR$3:$GR$3)) -> 0 | AP10: =SUMPRODUCT(NOT(ISBLANK(AP$3:AP$3))*(AP$3:AP$3<$GS$3:$GS$3)) -> 0 | AQ10: =SUMPRODUCT(NOT(ISBLANK(AQ$3:AQ$3))*(AQ$3:AQ$3<$GT$3:$GT$3)) -> 0 | AR10: =SUMPRODUCT(NOT(ISBLANK(AR$3:AR$3))*(AR$3:AR$3<$GO$3:$GO$3)) -> 0 | AS10: =SUMPRODUCT(NOT(ISBLANK(AS$3:AS$3))*(AS$3:AS$3<$GP$3:$GP$3)) -> 0 | AU10: =SUMPRODUCT(NOT(ISBLANK(AU$3:AU$3))*(AU$3:AU$3<$GQ$3:$GQ$3)) -> 0 | AV10: =SUMPRODUCT(NOT(ISBLANK(AV$3:AV$3))*(AV$3:AV$3<$GR$3:$GR$3)) -> 0 | AW10: =SUMPRODUCT(NOT(ISBLANK(AW$3:AW$3))*(AW$3:AW$3<$GS$3:$GS$3)) -> 0 | AX10: =SUMPRODUCT(NOT(ISBLANK(AX$3:AX$3))*(AX$3:AX$3<$GT$3:$GT$3)) -> 0 | AY10: =SUMPRODUCT(NOT(ISBLANK(AY$3:AY$3))*(AY$3:AY$3<$GO$3:$GO$3)) -> 0 | AZ10: =SUMPRODUCT(NOT(ISBLANK(AZ$3:AZ$3))*(AZ$3:AZ$3<$GP$3:$GP$3)) -> 0 | BB10: =SUMPRODUCT(NOT(ISBLANK(BB$3:BB$3))*(BB$3:BB$3<$GQ$3:$GQ$3)) -> 0 | BC10: =SUMPRODUCT(NOT(ISBLANK(BC$3:BC$3))*(BC$3:BC$3<$GR$3:$GR$3)) -> 0 | BD10: =SUMPRODUCT(NOT(ISBLANK(BD$3:BD$3))*(BD$3:BD$3<$GS$3:$GS$3)) -> 0 | BE10: =SUMPRODUCT(NOT(ISBLANK(BE$3:BE$3))*(BE$3:BE$3<$GT$3:$GT$3)) -> 0 | BF10: =SUMPRODUCT(NOT(ISBLANK(BF$3:BF$3))*(BF$3:BF$3<$GO$3:$GO$3)) -> 0 | BG10: =SUMPRODUCT(NOT(ISBLANK(BG$3:BG$3))*(BG$3:BG$3<$GP$3:$GP$3)) -> 0 | BI10: =SUMPRODUCT(NOT(ISBLANK(BI$3:BI$3))*(BI$3:BI$3<$GQ$3:$GQ$3)) -> 0 | BJ10: =SUMPRODUCT(NOT(ISBLANK(BJ$3:BJ$3))*(BJ$3:BJ$3<$GR$3:$GR$3)) -> 0 | BK10: =SUMPRODUCT(NOT(ISBLANK(BK$3:BK$3))*(BK$3:BK$3<$GS$3:$GS$3)) -> 0 | BL10: =SUMPRODUCT(NOT(ISBLANK(BL$3:BL$3))*(BL$3:BL$3<$GT$3:$GT$3)) -> 0 | BM10: =SUMPRODUCT(NOT(ISBLANK(BM$3:BM$3))*(BM$3:BM$3<$GO$3:$GO$3)) -> 0 | BN10: =SUMPRODUCT(NOT(ISBLANK(BN$3:BN$3))*(BN$3:BN$3<$GP$3:$GP$3)) -> 0 | BP10: =SUMPRODUCT(NOT(ISBLANK(BP$3:BP$3))*(BP$3:BP$3<$GQ$3:$GQ$3)) -> 0 | BQ10: =SUMPRODUCT(NOT(ISBLANK(BQ$3:BQ$3))*(BQ$3:BQ$3<$GR$3:$GR$3)) -> 0 | BR10: =SUMPRODUCT(NOT(ISBLANK(BR$3:BR$3))*(BR$3:BR$3<$GS$3:$GS$3)) -> 0 | BS10: =SUMPRODUCT(NOT(ISBLANK(BS$3:BS$3))*(BS$3:BS$3<$GT$3:$GT$3)) -> 0 | BT10: =SUMPRODUCT(NOT(ISBLANK(BT$3:BT$3))*(BT$3:BT$3<$GO$3:$GO$3)) -> 0 | BU10: =SUMPRODUCT(NOT(ISBLANK(BU$3:BU$3))*(BU$3:BU$3<$GP$3:$GP$3)) -> 0 | BW10: =SUMPRODUCT(NOT(ISBLANK(BW$3:BW$3))*(BW$3:BW$3<$GQ$3:$GQ$3)) -> 0 | BX10: =SUMPRODUCT(NOT(ISBLANK(BX$3:BX$3))*(BX$3:BX$3<$GR$3:$GR$3)) -> 0 | BY10: =SUMPRODUCT(NOT(ISBLANK(BY$3:BY$3))*(BY$3:BY$3<$GS$3:$GS$3)) -> 0 | BZ10: =SUMPRODUCT(NOT(ISBLANK(BZ$3:BZ$3))*(BZ$3:BZ$3<$GT$3:$GT$3)) -> 0 | CA10: =SUMPRODUCT(NOT(ISBLANK(CA$3:CA$3))*(CA$3:CA$3<$GO$3:$GO$3)) -> 0 | CB10: =SUMPRODUCT(NOT(ISBLANK(CB$3:CB$3))*(CB$3:CB$3<$GP$3:$GP$3)) -> 0 | CD10: =SUMPRODUCT(NOT(ISBLANK(CD$3:CD$3))*(CD$3:CD$3<$GQ$3:$GQ$3)) -> 0 | CE10: =SUMPRODUCT(NOT(ISBLANK(CE$3:CE$3))*(CE$3:CE$3<$GR$3:$GR$3)) -> 0 | CF10: =SUMPRODUCT(NOT(ISBLANK(CF$3:CF$3))*(CF$3:CF$3<$GS$3:$GS$3)) -> 0 | CG10: =SUMPRODUCT(NOT(ISBLANK(CG$3:CG$3))*(CG$3:CG$3<$GT$3:$GT$3)) -> 0 | CH10: =SUMPRODUCT(NOT(ISBLANK(CH$3:CH$3))*(CH$3:CH$3<$GO$3:$GO$3)) -> 0 | CI10: =SUMPRODUCT(NOT(ISBLANK(CI$3:CI$3))*(CI$3:CI$3<$GP$3:$GP$3)) -> 0 | CK10: =SUMPRODUCT(NOT(ISBLANK(CK$3:CK$3))*(CK$3:CK$3<$GQ$3:$GQ$3)) -> 0 | CL10: =SUMPRODUCT(NOT(ISBLANK(CL$3:CL$3))*(CL$3:CL$3<$GR$3:$GR$3)) -> 0 | CM10: =SUMPRODUCT(NOT(ISBLANK(CM$3:CM$3))*(CM$3:CM$3<$GS$3:$GS$3)) -> 0 | CN10: =SUMPRODUCT(NOT(ISBLANK(CN$3:CN$3))*(CN$3:CN$3<$GT$3:$GT$3)) -> 0 | CO10: =SUMPRODUCT(NOT(ISBLANK(CO$3:CO$3))*(CO$3:CO$3<$GO$3:$GO$3)) -> 0 | CP10: =SUMPRODUCT(NOT(ISBLANK(CP$3:CP$3))*(CP$3:CP$3<$GP$3:$GP$3)) -> 0 | CR10: =SUMPRODUCT(NOT(ISBLANK(CR$3:CR$3))*(CR$3:CR$3<$GQ$3:$GQ$3)) -> 0 | CS10: =SUMPRODUCT(NOT(ISBLANK(CS$3:CS$3))*(CS$3:CS$3<$GR$3:$GR$3)) -> 0 | CT10: =SUMPRODUCT(NOT(ISBLANK(CT$3:CT$3))*(CT$3:CT$3<$GS$3:$GS$3)) -> 0 | CU10: =SUMPRODUCT(NOT(ISBLANK(CU$3:CU$3))*(CU$3:CU$3<$GT$3:$GT$3)) -> 0 | CV10: =SUMPRODUCT(NOT(ISBLANK(CV$3:CV$3))*(CV$3:CV$3<$GO$3:$GO$3)) -> 0 | CW10: =SUMPRODUCT(NOT(ISBLANK(CW$3:CW$3))*(CW$3:CW$3<$GP$3:$GP$3)) -> 0 | CY10: =SUMPRODUCT(NOT(ISBLANK(CY$3:CY$3))*(CY$3:CY$3<$GQ$3:$GQ$3)) -> 0 | CZ10: =SUMPRODUCT(NOT(ISBLANK(CZ$3:CZ$3))*(CZ$3:CZ$3<$GR$3:$GR$3)) -> 0 | DA10: =SUMPRODUCT(NOT(ISBLANK(DA$3:DA$3))*(DA$3:DA$3<$GS$3:$GS$3)) -> 0 | DB10: =SUMPRODUCT(NOT(ISBLANK(DB$3:DB$3))*(DB$3:DB$3<$GT$3:$GT$3)) -> 0 | DC10: =SUMPRODUCT(NOT(ISBLANK(DC$3:DC$3))*(DC$3:DC$3<$GO$3:$GO$3)) -> 0 | DD10: =SUMPRODUCT(NOT(ISBLANK(DD$3:DD$3))*(DD$3:DD$3<$GP$3:$GP$3)) -> 0 | DF10: =SUMPRODUCT(NOT(ISBLANK(DF$3:DF$3))*(DF$3:DF$3<$GQ$3:$GQ$3)) -> 0 | DG10: =SUMPRODUCT(NOT(ISBLANK(DG$3:DG$3))*(DG$3:DG$3<$GR$3:$GR$3)) -> 0 | DH10: =SUMPRODUCT(NOT(ISBLANK(DH$3:DH$3))*(DH$3:DH$3<$GS$3:$GS$3)) -> 0 | DI10: =SUMPRODUCT(NOT(ISBLANK(DI$3:DI$3))*(DI$3:DI$3<$GT$3:$GT$3)) -> 0 | DJ10: =SUMPRODUCT(NOT(ISBLANK(DJ$3:DJ$3))*(DJ$3:DJ$3<$GO$3:$GO$3)) -> 0 | DK10: =SUMPRODUCT(NOT(ISBLANK(DK$3:DK$3))*(DK$3:DK$3<$GP$3:$GP$3)) -> 0 | DM10: =SUMPRODUCT(NOT(ISBLANK(DM$3:DM$3))*(DM$3:DM$3<$GQ$3:$GQ$3)) -> 0 | DN10: =SUMPRODUCT(NOT(ISBLANK(DN$3:DN$3))*(DN$3:DN$3<$GR$3:$GR$3)) -> 0 | DO10: =SUMPRODUCT(NOT(ISBLANK(DO$3:DO$3))*(DO$3:DO$3<$GS$3:$GS$3)) -> 0 | DP10: =SUMPRODUCT(NOT(ISBLANK(DP$3:DP$3))*(DP$3:DP$3<$GT$3:$GT$3)) -> 0 | DQ10: =SUMPRODUCT(NOT(ISBLANK(DQ$3:DQ$3))*(DQ$3:DQ$3<$GO$3:$GO$3)) -> 0 | DR10: =SUMPRODUCT(NOT(ISBLANK(DR$3:DR$3))*(DR$3:DR$3<$GP$3:$GP$3)) -> 0 | DT10: =SUMPRODUCT(NOT(ISBLANK(DT$3:DT$3))*(DT$3:DT$3<$GQ$3:$GQ$3)) -> 0 | DU10: =SUMPRODUCT(NOT(ISBLANK(DU$3:DU$3))*(DU$3:DU$3<$GR$3:$GR$3)) -> 0 | DV10: =SUMPRODUCT(NOT(ISBLANK(DV$3:DV$3))*(DV$3:DV$3<$GS$3:$GS$3)) -> 0 | DW10: =SUMPRODUCT(NOT(ISBLANK(DW$3:DW$3))*(DW$3:DW$3<$GT$3:$GT$3)) -> 0 | DX10: =SUMPRODUCT(NOT(ISBLANK(DX$3:DX$3))*(DX$3:DX$3<$GO$3:$GO$3)) -> 0 | DY10: =SUMPRODUCT(NOT(ISBLANK(DY$3:DY$3))*(DY$3:DY$3<$GP$3:$GP$3)) -> 0 | EA10: =SUMPRODUCT(NOT(ISBLANK(EA$3:EA$3))*(EA$3:EA$3<$GQ$3:$GQ$3)) -> 0 | EB10: =SUMPRODUCT(NOT(ISBLANK(EB$3:EB$3))*(EB$3:EB$3<$GR$3:$GR$3)) -> 0 | EC10: =SUMPRODUCT(NOT(ISBLANK(EC$3:EC$3))*(EC$3:EC$3<$GS$3:$GS$3)) -> 0 | ED10: =SUMPRODUCT(NOT(ISBLANK(ED$3:ED$3))*(ED$3:ED$3<$GT$3:$GT$3)) -> 0 | EE10: =SUMPRODUCT(NOT(ISBLANK(EE$3:EE$3))*(EE$3:EE$3<$GO$3:$GO$3)) -> 0 | EF10: =SUMPRODUCT(NOT(ISBLANK(EF$3:EF$3))*(EF$3:EF$3<$GP$3:$GP$3)) -> 0 | EH10: =SUMPRODUCT(NOT(ISBLANK(EH$3:EH$3))*(EH$3:EH$3<$GQ$3:$GQ$3)) -> 0 | EI10: =SUMPRODUCT(NOT(ISBLANK(EI$3:EI$3))*(EI$3:EI$3<$GR$3:$GR$3)) -> 0 | EJ10: =SUMPRODUCT(NOT(ISBLANK(EJ$3:EJ$3))*(EJ$3:EJ$3<$GS$3:$GS$3)) -> 0 | EK10: =SUMPRODUCT(NOT(ISBLANK(EK$3:EK$3))*(EK$3:EK$3<$GT$3:$GT$3)) -> 0 | EL10: =SUMPRODUCT(NOT(ISBLANK(EL$3:EL$3))*(EL$3:EL$3<$GO$3:$GO$3)) -> 0 | EM10: =SUMPRODUCT(NOT(ISBLANK(EM$3:EM$3))*(EM$3:EM$3<$GP$3:$GP$3)) -> 0 | EO10: =SUMPRODUCT(NOT(ISBLANK(EO$3:EO$3))*(EO$3:EO$3<$GQ$3:$GQ$3)) -> 0 | EP10: =SUMPRODUCT(NOT(ISBLANK(EP$3:EP$3))*(EP$3:EP$3<$GR$3:$GR$3)) -> 0 | EQ10: =SUMPRODUCT(NOT(ISBLANK(EQ$3:EQ$3))*(EQ$3:EQ$3<$GS$3:$GS$3)) -> 0 | ER10: =SUMPRODUCT(NOT(ISBLANK(ER$3:ER$3))*(ER$3:ER$3<$GT$3:$GT$3)) -> 0 | ES10: =SUMPRODUCT(NOT(ISBLANK(ES$3:ES$3))*(ES$3:ES$3<$GO$3:$GO$3)) -> 0 | ET10: =SUMPRODUCT(NOT(ISBLANK(ET$3:ET$3))*(ET$3:ET$3<$GP$3:$GP$3)) -> 0 | EV10: =SUMPRODUCT(NOT(ISBLANK(EV$3:EV$3))*(EV$3:EV$3<$GQ$3:$GQ$3)) -> 0 | EW10: =SUMPRODUCT(NOT(ISBLANK(EW$3:EW$3))*(EW$3:EW$3<$GR$3:$GR$3)) -> 0 | EX10: =SUMPRODUCT(NOT(ISBLANK(EX$3:EX$3))*(EX$3:EX$3<$GS$3:$GS$3)) -> 0 | EY10: =SUMPRODUCT(NOT(ISBLANK(EY$3:EY$3))*(EY$3:EY$3<$GT$3:$GT$3)) -> 0 | EZ10: =SUMPRODUCT(NOT(ISBLANK(EZ$3:EZ$3))*(EZ$3:EZ$3<$GO$3:$GO$3)) -> 0 | FA10: =SUMPRODUCT(NOT(ISBLANK(FA$3:FA$3))*(FA$3:FA$3<$GP$3:$GP$3)) -> 0 | FC10: =SUMPRODUCT(NOT(ISBLANK(FC$3:FC$3))*(FC$3:FC$3<$GQ$3:$GQ$3)) -> 0 | FD10: =SUMPRODUCT(NOT(ISBLANK(FD$3:FD$3))*(FD$3:FD$3<$GR$3:$GR$3)) -> 0 | FE10: =SUMPRODUCT(NOT(ISBLANK(FE$3:FE$3))*(FE$3:FE$3<$GS$3:$GS$3)) -> 0 | FF10: =SUMPRODUCT(NOT(ISBLANK(FF$3:FF$3))*(FF$3:FF$3<$GT$3:$GT$3)) -> 0 | FG10: =SUMPRODUCT(NOT(ISBLANK(FG$3:FG$3))*(FG$3:FG$3<$GO$3:$GO$3)) -> 0 | FH10: =SUMPRODUCT(NOT(ISBLANK(FH$3:FH$3))*(FH$3:FH$3<$GP$3:$GP$3)) -> 0 | FJ10: =SUMPRODUCT(NOT(ISBLANK(FJ$3:FJ$3))*(FJ$3:FJ$3<$GQ$3:$GQ$3)) -> 0 | FK10: =SUMPRODUCT(NOT(ISBLANK(FK$3:FK$3))*(FK$3:FK$3<$GR$3:$GR$3)) -> 0 | FL10: =SUMPRODUCT(NOT(ISBLANK(FL$3:FL$3))*(FL$3:FL$3<$GS$3:$GS$3)) -> 0 | FM10: =SUMPRODUCT(NOT(ISBLANK(FM$3:FM$3))*(FM$3:FM$3<$GT$3:$GT$3)) -> 0 | FN10: =SUMPRODUCT(NOT(ISBLANK(FN$3:FN$3))*(FN$3:FN$3<$GO$3:$GO$3)) -> 0 | FO10: =SUMPRODUCT(NOT(ISBLANK(FO$3:FO$3))*(FO$3:FO$3<$GP$3:$GP$3)) -> 0 | FQ10: =SUMPRODUCT(NOT(ISBLANK(FQ$3:FQ$3))*(FQ$3:FQ$3<$GQ$3:$GQ$3)) -> 0 | FR10: =SUMPRODUCT(NOT(ISBLANK(FR$3:FR$3))*(FR$3:FR$3<$GR$3:$GR$3)) -> 0 | FS10: =SUMPRODUCT(NOT(ISBLANK(FS$3:FS$3))*(FS$3:FS$3<$GS$3:$GS$3)) -> 0 | FT10: =SUMPRODUCT(NOT(ISBLANK(FT$3:FT$3))*(FT$3:FT$3<$GT$3:$GT$3)) -> 0 | FU10: =SUMPRODUCT(NOT(ISBLANK(FU$3:FU$3))*(FU$3:FU$3<$GO$3:$GO$3)) -> 0 | FV10: =SUMPRODUCT(NOT(ISBLANK(FV$3:FV$3))*(FV$3:FV$3<$GP$3:$GP$3)) -> 0 | FX10: =SUMPRODUCT(NOT(ISBLANK(FX$3:FX$3))*(FX$3:FX$3<$GQ$3:$GQ$3)) -> 0 | FY10: =SUMPRODUCT(NOT(ISBLANK(FY$3:FY$3))*(FY$3:FY$3<$GR$3:$GR$3)) -> 0 | FZ10: =SUMPRODUCT(NOT(ISBLANK(FZ$3:FZ$3))*(FZ$3:FZ$3<$GS$3:$GS$3)) -> 0 | GA10: =SUMPRODUCT(NOT(ISBLANK(GA$3:GA$3))*(GA$3:GA$3<$GT$3:$GT$3)) -> 0 | GB10: =SUMPRODUCT(NOT(ISBLANK(GB$3:GB$3))*(GB$3:GB$3<$GO$3:$GO$3)) -> 0 | GC10: =SUMPRODUCT(NOT(ISBLANK(GC$3:GC$3))*(GC$3:GC$3<$GP$3:$GP$3)) -> 0 | GE10: =SUMPRODUCT(NOT(ISBLANK(GE$3:GE$3))*(GE$3:GE$3<$GQ$3:$GQ$3)) -> 0 | GF10: =SUMPRODUCT(NOT(ISBLANK(GF$3:GF$3))*(GF$3:GF$3<$GR$3:$GR$3)) -> 0 | GG10: =SUMPRODUCT(NOT(ISBLANK(GG$3:GG$3))*(GG$3:GG$3<$GS$3:$GS$3)) -> 0 | GH10: =SUMPRODUCT(NOT(ISBLANK(GH$3:GH$3))*(GH$3:GH$3<$GT$3:$GT$3)) -> 0
