Workbook

Sheet Instances
B1: memelingo-1/lambda-large_100_mlp-tplp-htc | I1: memelingo-1/lambda-large_100_mlp-tplp-htcdl | P1: memelingo-1/lambda-large_150_mlp-tplp-htc | W1: memelingo-1/lambda-large_150_mlp-tplp-htcdl | AD1: memelingo-1/lambda-large_200_mlp-tplp-htc | AK1: memelingo-1/lambda-large_200_mlp-tplp-htcdl | AR1: memelingo-1/lambda-small_20_mlp-tplp-ht | AY1: memelingo-1/lambda-small_20_mlp-tplp-htc | BF1: memelingo-1/lambda-small_20_mlp-tplp-htcdl | BM1: memelingo-1/lambda-small_25_mlp-tplp-ht | BT1: memelingo-1/lambda-small_25_mlp-tplp-htc | CA1: memelingo-1/lambda-small_25_mlp-tplp-htcdl | CH1: memelingo-1/lambda-small_30_mlp-tplp-ht | CO1: memelingo-1/lambda-small_30_mlp-tplp-htc | CV1: memelingo-1/lambda-small_30_mlp-tplp-htcdl | DC1: memelingo-1/lambda-small_35_mlp-tplp-ht | DJ1: memelingo-1/lambda-small_35_mlp-tplp-htc | DQ1: memelingo-1/lambda-small_35_mlp-tplp-htcdl | DX1: memelingo-1/lambda-small_40_mlp-tplp-ht | EE1: memelingo-1/lambda-small_40_mlp-tplp-htc | EL1: memelingo-1/lambda-small_40_mlp-tplp-htcdl | ES1: memelingo-1/lambda-small_45_mlp-tplp-ht | EZ1: memelingo-1/lambda-small_45_mlp-tplp-htc | FG1: memelingo-1/lambda-small_45_mlp-tplp-htcdl | FN1: memelingo-1/lambda-small_50_mlp-tplp-ht | FU1: memelingo-1/lambda-small_50_mlp-tplp-htc | GB1: memelingo-1/lambda-small_50_mlp-tplp-htcdl | GI1: min | GO1: median | GU1: max
B2: time | C2: stime | D2: status | E2: rules | F2: ctime | G2: fmtime | H2: memout | I2: time | J2: stime | K2: status | L2: rules | M2: ctime | N2: fmtime | O2: memout | P2: time | Q2: stime | R2: status | S2: rules | T2: ctime | U2: fmtime | V2: memout | W2: time | X2: stime | Y2: status | Z2: rules | AA2: ctime | AB2: fmtime | AC2: memout | AD2: time | AE2: stime | AF2: status | AG2: rules | AH2: ctime | AI2: fmtime | AJ2: memout | AK2: time | AL2: stime | AM2: status | AN2: rules | AO2: ctime | AP2: fmtime | AQ2: memout | AR2: time | AS2: stime | AT2: status | AU2: rules | AV2: ctime | AW2: fmtime | AX2: memout | AY2: time | AZ2: stime | BA2: status | BB2: rules | BC2: ctime | BD2: fmtime | BE2: memout | BF2: time | BG2: stime | BH2: status | BI2: rules | BJ2: ctime | BK2: fmtime | BL2: memout | BM2: time | BN2: stime | BO2: status | BP2: rules | BQ2: ctime | BR2: fmtime | BS2: memout | BT2: time | BU2: stime | BV2: status | BW2: rules | BX2: ctime | BY2: fmtime | BZ2: memout | CA2: time | CB2: stime | CC2: status | CD2: rules | CE2: ctime | CF2: fmtime | CG2: memout | CH2: time | CI2: stime | CJ2: status | CK2: rules | CL2: ctime | CM2: fmtime | CN2: memout | CO2: time | CP2: stime | CQ2: status | CR2: rules | CS2: ctime | CT2: fmtime | CU2: memout | CV2: time | CW2: stime | CX2: status | CY2: rules | CZ2: ctime | DA2: fmtime | DB2: memout | DC2: time | DD2: stime | DE2: status | DF2: rules | DG2: ctime | DH2: fmtime | DI2: memout | DJ2: time | DK2: stime | DL2: status | DM2: rules | DN2: ctime | DO2: fmtime | DP2: memout | DQ2: time | DR2: stime | DS2: status | DT2: rules | DU2: ctime | DV2: fmtime | DW2: memout | DX2: time | DY2: stime | DZ2: status | EA2: rules | EB2: ctime | EC2: fmtime | ED2: memout | EE2: time | EF2: stime | EG2: status | EH2: rules | EI2: ctime | EJ2: fmtime | EK2: memout | EL2: time | EM2: stime | EN2: status | EO2: rules | EP2: ctime | EQ2: fmtime | ER2: memout | ES2: time | ET2: stime | EU2: status | EV2: rules | EW2: ctime | EX2: fmtime | EY2: memout | EZ2: time | FA2: stime | FB2: status | FC2: rules | FD2: ctime | FE2: fmtime | FF2: memout | FG2: time | FH2: stime | FI2: status | FJ2: rules | FK2: ctime | FL2: fmtime | FM2: memout | FN2: time | FO2: stime | FP2: status | FQ2: rules | FR2: ctime | FS2: fmtime | FT2: memout | FU2: time | FV2: stime | FW2: status | FX2: rules | FY2: ctime | FZ2: fmtime | GA2: memout | GB2: time | GC2: stime | GD2: status | GE2: rules | GF2: ctime | GG2: fmtime | GH2: memout | GI2: time | GJ2: stime | GK2: rules | GL2: ctime | GM2: fmtime | GN2: memout | GO2: time | GP2: stime | GQ2: rules | GR2: ctime | GS2: fmtime | GT2: memout | GU2: time | GV2: stime | GW2: rules | GX2: ctime | GY2: fmtime | GZ2: memout
A3: instances/ft06 | AR3: 1200 | AX3: 0 | AY3: 16.72 | AZ3: 14.83 | BA3: SATISFIABLE | BB3: 136533 | BC3: 15.712 | BD3: 14.82 | BE3: 0 | BF3: 1200 | BG3: 1499.74 | BH3: SATISFIABLE | BI3: 136533 | BJ3: 1500.461 | BK3: 1499.74 | BL3: 0 | BM3: 1200 | BN3: 22008.27 | BO3: SATISFIABLE | BP3: 7778774 | BQ3: 22030.897 | BR3: 22008.14 | BS3: 0 | BT3: 1200 | BU3: 2233.02 | BV3: SATISFIABLE | BW3: 189598 | BX3: 2234.539 | BY3: 2233.01 | BZ3: 0 | CA3: 1200 | CB3: 13427.52 | CC3: SATISFIABLE | CD3: 189598 | CE3: 13428.944 | CF3: 13427.49 | CG3: 0 | CH3: 1200 | CN3: 0 | CO3: 201.99 | CP3: 197.68 | CQ3: SATISFIABLE | CR3: 250538 | CS3: 200.466 | CT3: 197.67 | CU3: 0 | CV3: 547.21 | CW3: 543.5 | CX3: SATISFIABLE | CY3: 250538 | CZ3: 545.629 | DA3: 543.5 | DB3: 0 | DC3: 1200 | DI3: 0 | DJ3: 696.22 | DK3: 690.22 | DL3: SATISFIABLE | DM3: 319353 | DN3: 694.282 | DO3: 690.21 | DP3: 0 | DQ3: 1023.88 | DR3: 1019.01 | DS3: SATISFIABLE | DT3: 319353 | DU3: 1022.337 | DV3: 1019 | DW3: 0 | DX3: 1200 | DY3: 2043.47 | DZ3: SATISFIABLE | EA3: 13524344 | EB3: 2096.31 | EC3: 2043.46 | ED3: 0 | EE3: 113.31 | EF3: 104.75 | EG3: SATISFIABLE | EH3: 396043 | EI3: 111.798 | EJ3: 104.74 | EK3: 0 | EL3: 255.21 | EM3: 248.58 | EN3: SATISFIABLE | EO3: 396043 | EP3: 253.256 | EQ3: 248.56 | ER3: 0 | ES3: 698 | ET3: 625.86 | EU3: SATISFIABLE | EV3: 14804634 | EW3: 696.119 | EX3: 625.85 | EY3: 0 | EZ3: 68.48 | FA3: 59.33 | FB3: SATISFIABLE | FC3: 480608 | FD3: 66.564 | FE3: 59.32 | FF3: 0 | FG3: 208.15 | FH3: 201.47 | FI3: SATISFIABLE | FJ3: 480608 | FK3: 206.413 | FL3: 201.45 | FM3: 0 | FN3: 102.14 | FO3: 43.19 | FP3: SATISFIABLE | FQ3: 15681849 | FR3: 100.389 | FS3: 43.17 | FT3: 0 | FU3: 122.85 | FV3: 110.3 | FW3: SATISFIABLE | FX3: 573048 | FY3: 116.39 | FZ3: 110.29 | GA3: 0 | GB3: 68.54 | GC3: 60.91 | GD3: SATISFIABLE | GE3: 573048 | GF3: 66.962 | GG3: 60.87 | GH3: 0 | GI3: =MIN($B3,$I3,$P3,$W3,$AD3,$AK3,$AR3,$AY3,$BF3,$BM3,$BT3,$CA3,$CH3,$CO3,$CV3,$DC3,$DJ3,$DQ3,$DX3,$EE3,$EL3,$ES3,$EZ3,$FG3,$FN3,$FU3,$GB3) -> 0 | GJ3: =MIN($C3,$J3,$Q3,$X3,$AE3,$AL3,$AS3,$AZ3,$BG3,$BN3,$BU3,$CB3,$CI3,$CP3,$CW3,$DD3,$DK3,$DR3,$DY3,$EF3,$EM3,$ET3,$FA3,$FH3,$FO3,$FV3,$GC3) -> 0 | GK3: =MIN($E3,$L3,$S3,$Z3,$AG3,$AN3,$AU3,$BB3,$BI3,$BP3,$BW3,$CD3,$CK3,$CR3,$CY3,$DF3,$DM3,$DT3,$EA3,$EH3,$EO3,$EV3,$FC3,$FJ3,$FQ3,$FX3,$GE3) -> 0 | GL3: =MIN($F3,$M3,$T3,$AA3,$AH3,$AO3,$AV3,$BC3,$BJ3,$BQ3,$BX3,$CE3,$CL3,$CS3,$CZ3,$DG3,$DN3,$DU3,$EB3,$EI3,$EP3,$EW3,$FD3,$FK3,$FR3,$FY3,$GF3) -> 0 | GM3: =MIN($G3,$N3,$U3,$AB3,$AI3,$AP3,$AW3,$BD3,$BK3,$BR3,$BY3,$CF3,$CM3,$CT3,$DA3,$DH3,$DO3,$DV3,$EC3,$EJ3,$EQ3,$EX3,$FE3,$FL3,$FS3,$FZ3,$GG3) -> 0 | GN3: =MIN($H3,$O3,$V3,$AC3,$AJ3,$AQ3,$AX3,$BE3,$BL3,$BS3,$BZ3,$CG3,$CN3,$CU3,$DB3,$DI3,$DP3,$DW3,$ED3,$EK3,$ER3,$EY3,$FF3,$FM3,$FT3,$GA3,$GH3) -> 0 | GO3: =MEDIAN($B3,$I3,$P3,$W3,$AD3,$AK3,$AR3,$AY3,$BF3,$BM3,$BT3,$CA3,$CH3,$CO3,$CV3,$DC3,$DJ3,$DQ3,$DX3,$EE3,$EL3,$ES3,$EZ3,$FG3,$FN3,$FU3,$GB3) -> 0 | GP3: =MEDIAN($C3,$J3,$Q3,$X3,$AE3,$AL3,$AS3,$AZ3,$BG3,$BN3,$BU3,$CB3,$CI3,$CP3,$CW3,$DD3,$DK3,$DR3,$DY3,$EF3,$EM3,$ET3,$FA3,$FH3,$FO3,$FV3,$GC3) -> 0 | GQ3: =MEDIAN($E3,$L3,$S3,$Z3,$AG3,$AN3,$AU3,$BB3,$BI3,$BP3,$BW3,$CD3,$CK3,$CR3,$CY3,$DF3,$DM3,$DT3,$EA3,$EH3,$EO3,$EV3,$FC3,$FJ3,$FQ3,$FX3,$GE3) -> 0 | GR3: =MEDIAN($F3,$M3,$T3,$AA3,$AH3,$AO3,$AV3,$BC3,$BJ3,$BQ3,$BX3,$CE3,$CL3,$CS3,$CZ3,$DG3,$DN3,$DU3,$EB3,$EI3,$EP3,$EW3,$FD3,$FK3,$FR3,$FY3,$GF3) -> 0 | GS3: =MEDIAN($G3,$N3,$U3,$AB3,$AI3,$AP3,$AW3,$BD3,$BK3,$BR3,$BY3,$CF3,$CM3,$CT3,$DA3,$DH3,$DO3,$DV3,$EC3,$EJ3,$EQ3,$EX3,$FE3,$FL3,$FS3,$FZ3,$GG3) -> 0 | GT3: =MEDIAN($H3,$O3,$V3,$AC3,$AJ3,$AQ3,$AX3,$BE3,$BL3,$BS3,$BZ3,$CG3,$CN3,$CU3,$DB3,$DI3,$DP3,$DW3,$ED3,$EK3,$ER3,$EY3,$FF3,$FM3,$FT3,$GA3,$GH3) -> 0 | GU3: =MAX($B3,$I3,$P3,$W3,$AD3,$AK3,$AR3,$AY3,$BF3,$BM3,$BT3,$CA3,$CH3,$CO3,$CV3,$DC3,$DJ3,$DQ3,$DX3,$EE3,$EL3,$ES3,$EZ3,$FG3,$FN3,$FU3,$GB3) -> 0 | GV3: =MAX($C3,$J3,$Q3,$X3,$AE3,$AL3,$AS3,$AZ3,$BG3,$BN3,$BU3,$CB3,$CI3,$CP3,$CW3,$DD3,$DK3,$DR3,$DY3,$EF3,$EM3,$ET3,$FA3,$FH3,$FO3,$FV3,$GC3) -> 0 | GW3: =MAX($E3,$L3,$S3,$Z3,$AG3,$AN3,$AU3,$BB3,$BI3,$BP3,$BW3,$CD3,$CK3,$CR3,$CY3,$DF3,$DM3,$DT3,$EA3,$EH3,$EO3,$EV3,$FC3,$FJ3,$FQ3,$FX3,$GE3) -> 0 | GX3: =MAX($F3,$M3,$T3,$AA3,$AH3,$AO3,$AV3,$BC3,$BJ3,$BQ3,$BX3,$CE3,$CL3,$CS3,$CZ3,$DG3,$DN3,$DU3,$EB3,$EI3,$EP3,$EW3,$FD3,$FK3,$FR3,$FY3,$GF3) -> 0 | GY3: =MAX($G3,$N3,$U3,$AB3,$AI3,$AP3,$AW3,$BD3,$BK3,$BR3,$BY3,$CF3,$CM3,$CT3,$DA3,$DH3,$DO3,$DV3,$EC3,$EJ3,$EQ3,$EX3,$FE3,$FL3,$FS3,$FZ3,$GG3) -> 0 | GZ3: =MAX($H3,$O3,$V3,$AC3,$AJ3,$AQ3,$AX3,$BE3,$BL3,$BS3,$BZ3,$CG3,$CN3,$CU3,$DB3,$DI3,$DP3,$DW3,$ED3,$EK3,$ER3,$EY3,$FF3,$FM3,$FT3,$GA3,$GH3) -> 0
A4: instances/ft10 | B4: 1200 | H4: 0 | I4: 1200 | O4: 0 | P4: 1200 | V4: 0 | W4: 1200 | AC4: 0 | AD4: 1200 | AJ4: 0 | AK4: 1200 | AQ4: 0 | GI4: =MIN($B4,$I4,$P4,$W4,$AD4,$AK4,$AR4,$AY4,$BF4,$BM4,$BT4,$CA4,$CH4,$CO4,$CV4,$DC4,$DJ4,$DQ4,$DX4,$EE4,$EL4,$ES4,$EZ4,$FG4,$FN4,$FU4,$GB4) -> 0 | GN4: =MIN($H4,$O4,$V4,$AC4,$AJ4,$AQ4,$AX4,$BE4,$BL4,$BS4,$BZ4,$CG4,$CN4,$CU4,$DB4,$DI4,$DP4,$DW4,$ED4,$EK4,$ER4,$EY4,$FF4,$FM4,$FT4,$GA4,$GH4) -> 0 | GO4: =MEDIAN($B4,$I4,$P4,$W4,$AD4,$AK4,$AR4,$AY4,$BF4,$BM4,$BT4,$CA4,$CH4,$CO4,$CV4,$DC4,$DJ4,$DQ4,$DX4,$EE4,$EL4,$ES4,$EZ4,$FG4,$FN4,$FU4,$GB4) -> 0 | GT4: =MEDIAN($H4,$O4,$V4,$AC4,$AJ4,$AQ4,$AX4,$BE4,$BL4,$BS4,$BZ4,$CG4,$CN4,$CU4,$DB4,$DI4,$DP4,$DW4,$ED4,$EK4,$ER4,$EY4,$FF4,$FM4,$FT4,$GA4,$GH4) -> 0 | GU4: =MAX($B4,$I4,$P4,$W4,$AD4,$AK4,$AR4,$AY4,$BF4,$BM4,$BT4,$CA4,$CH4,$CO4,$CV4,$DC4,$DJ4,$DQ4,$DX4,$EE4,$EL4,$ES4,$EZ4,$FG4,$FN4,$FU4,$GB4) -> 0 | GZ4: =MAX($H4,$O4,$V4,$AC4,$AJ4,$AQ4,$AX4,$BE4,$BL4,$BS4,$BZ4,$CG4,$CN4,$CU4,$DB4,$DI4,$DP4,$DW4,$ED4,$EK4,$ER4,$EY4,$FF4,$FM4,$FT4,$GA4,$GH4) -> 0
A5: instances/la01 | B5: 1200 | H5: 0 | I5: 1200 | O5: 0 | P5: 1200 | V5: 0 | W5: 1200 | AC5: 0 | AD5: 1200 | AJ5: 0 | AK5: 1200 | AQ5: 0 | GI5: =MIN($B5,$I5,$P5,$W5,$AD5,$AK5,$AR5,$AY5,$BF5,$BM5,$BT5,$CA5,$CH5,$CO5,$CV5,$DC5,$DJ5,$DQ5,$DX5,$EE5,$EL5,$ES5,$EZ5,$FG5,$FN5,$FU5,$GB5) -> 0 | GN5: =MIN($H5,$O5,$V5,$AC5,$AJ5,$AQ5,$AX5,$BE5,$BL5,$BS5,$BZ5,$CG5,$CN5,$CU5,$DB5,$DI5,$DP5,$DW5,$ED5,$EK5,$ER5,$EY5,$FF5,$FM5,$FT5,$GA5,$GH5) -> 0 | GO5: =MEDIAN($B5,$I5,$P5,$W5,$AD5,$AK5,$AR5,$AY5,$BF5,$BM5,$BT5,$CA5,$CH5,$CO5,$CV5,$DC5,$DJ5,$DQ5,$DX5,$EE5,$EL5,$ES5,$EZ5,$FG5,$FN5,$FU5,$GB5) -> 0 | GT5: =MEDIAN($H5,$O5,$V5,$AC5,$AJ5,$AQ5,$AX5,$BE5,$BL5,$BS5,$BZ5,$CG5,$CN5,$CU5,$DB5,$DI5,$DP5,$DW5,$ED5,$EK5,$ER5,$EY5,$FF5,$FM5,$FT5,$GA5,$GH5) -> 0 | GU5: =MAX($B5,$I5,$P5,$W5,$AD5,$AK5,$AR5,$AY5,$BF5,$BM5,$BT5,$CA5,$CH5,$CO5,$CV5,$DC5,$DJ5,$DQ5,$DX5,$EE5,$EL5,$ES5,$EZ5,$FG5,$FN5,$FU5,$GB5) -> 0 | GZ5: =MAX($H5,$O5,$V5,$AC5,$AJ5,$AQ5,$AX5,$BE5,$BL5,$BS5,$BZ5,$CG5,$CN5,$CU5,$DB5,$DI5,$DP5,$DW5,$ED5,$EK5,$ER5,$EY5,$FF5,$FM5,$FT5,$GA5,$GH5) -> 0
A6: instances/la02 | B6: 1200 | H6: 0 | I6: 1200 | O6: 0 | P6: 1200 | V6: 0 | W6: 1200 | AC6: 0 | AD6: 1200 | AJ6: 0 | AK6: 1200 | AQ6: 0 | GI6: =MIN($B6,$I6,$P6,$W6,$AD6,$AK6,$AR6,$AY6,$BF6,$BM6,$BT6,$CA6,$CH6,$CO6,$CV6,$DC6,$DJ6,$DQ6,$DX6,$EE6,$EL6,$ES6,$EZ6,$FG6,$FN6,$FU6,$GB6) -> 0 | GN6: =MIN($H6,$O6,$V6,$AC6,$AJ6,$AQ6,$AX6,$BE6,$BL6,$BS6,$BZ6,$CG6,$CN6,$CU6,$DB6,$DI6,$DP6,$DW6,$ED6,$EK6,$ER6,$EY6,$FF6,$FM6,$FT6,$GA6,$GH6) -> 0 | GO6: =MEDIAN($B6,$I6,$P6,$W6,$AD6,$AK6,$AR6,$AY6,$BF6,$BM6,$BT6,$CA6,$CH6,$CO6,$CV6,$DC6,$DJ6,$DQ6,$DX6,$EE6,$EL6,$ES6,$EZ6,$FG6,$FN6,$FU6,$GB6) -> 0 | GT6: =MEDIAN($H6,$O6,$V6,$AC6,$AJ6,$AQ6,$AX6,$BE6,$BL6,$BS6,$BZ6,$CG6,$CN6,$CU6,$DB6,$DI6,$DP6,$DW6,$ED6,$EK6,$ER6,$EY6,$FF6,$FM6,$FT6,$GA6,$GH6) -> 0 | GU6: =MAX($B6,$I6,$P6,$W6,$AD6,$AK6,$AR6,$AY6,$BF6,$BM6,$BT6,$CA6,$CH6,$CO6,$CV6,$DC6,$DJ6,$DQ6,$DX6,$EE6,$EL6,$ES6,$EZ6,$FG6,$FN6,$FU6,$GB6) -> 0 | GZ6: =MAX($H6,$O6,$V6,$AC6,$AJ6,$AQ6,$AX6,$BE6,$BL6,$BS6,$BZ6,$CG6,$CN6,$CU6,$DB6,$DI6,$DP6,$DW6,$ED6,$EK6,$ER6,$EY6,$FF6,$FM6,$FT6,$GA6,$GH6) -> 0
A8: SUM | B8: =SUM(B$3:B$6) -> 0 | H8: =SUM(H$3:H$6) -> 0 | I8: =SUM(I$3:I$6) -> 0 | O8: =SUM(O$3:O$6) -> 0 | P8: =SUM(P$3:P$6) -> 0 | V8: =SUM(V$3:V$6) -> 0 | W8: =SUM(W$3:W$6) -> 0 | AC8: =SUM(AC$3:AC$6) -> 0 | AD8: =SUM(AD$3:AD$6) -> 0 | AJ8: =SUM(AJ$3:AJ$6) -> 0 | AK8: =SUM(AK$3:AK$6) -> 0 | AQ8: =SUM(AQ$3:AQ$6) -> 0 | AR8: =SUM(AR$3:AR$6) -> 0 | AX8: =SUM(AX$3:AX$6) -> 0 | AY8: =SUM(AY$3:AY$6) -> 0 | AZ8: =SUM(AZ$3:AZ$6) -> 0 | BB8: =SUM(BB$3:BB$6) -> 0 | BC8: =SUM(BC$3:BC$6) -> 0 | BD8: =SUM(BD$3:BD$6) -> 0 | BE8: =SUM(BE$3:BE$6) -> 0 | BF8: =SUM(BF$3:BF$6) -> 0 | BG8: =SUM(BG$3:BG$6) -> 0 | BI8: =SUM(BI$3:BI$6) -> 0 | BJ8: =SUM(BJ$3:BJ$6) -> 0 | BK8: =SUM(BK$3:BK$6) -> 0 | BL8: =SUM(BL$3:BL$6) -> 0 | BM8: =SUM(BM$3:BM$6) -> 0 | BN8: =SUM(BN$3:BN$6) -> 0 | BP8: =SUM(BP$3:BP$6) -> 0 | BQ8: =SUM(BQ$3:BQ$6) -> 0 | BR8: =SUM(BR$3:BR$6) -> 0 | BS8: =SUM(BS$3:BS$6) -> 0 | BT8: =SUM(BT$3:BT$6) -> 0 | BU8: =SUM(BU$3:BU$6) -> 0 | BW8: =SUM(BW$3:BW$6) -> 0 | BX8: =SUM(BX$3:BX$6) -> 0 | BY8: =SUM(BY$3:BY$6) -> 0 | BZ8: =SUM(BZ$3:BZ$6) -> 0 | CA8: =SUM(CA$3:CA$6) -> 0 | CB8: =SUM(CB$3:CB$6) -> 0 | CD8: =SUM(CD$3:CD$6) -> 0 | CE8: =SUM(CE$3:CE$6) -> 0 | CF8: =SUM(CF$3:CF$6) -> 0 | CG8: =SUM(CG$3:CG$6) -> 0 | CH8: =SUM(CH$3:CH$6) -> 0 | CN8: =SUM(CN$3:CN$6) -> 0 | CO8: =SUM(CO$3:CO$6) -> 0 | CP8: =SUM(CP$3:CP$6) -> 0 | CR8: =SUM(CR$3:CR$6) -> 0 | CS8: =SUM(CS$3:CS$6) -> 0 | CT8: =SUM(CT$3:CT$6) -> 0 | CU8: =SUM(CU$3:CU$6) -> 0 | CV8: =SUM(CV$3:CV$6) -> 0 | CW8: =SUM(CW$3:CW$6) -> 0 | CY8: =SUM(CY$3:CY$6) -> 0 | CZ8: =SUM(CZ$3:CZ$6) -> 0 | DA8: =SUM(DA$3:DA$6) -> 0 | DB8: =SUM(DB$3:DB$6) -> 0 | DC8: =SUM(DC$3:DC$6) -> 0 | DI8: =SUM(DI$3:DI$6) -> 0 | DJ8: =SUM(DJ$3:DJ$6) -> 0 | DK8: =SUM(DK$3:DK$6) -> 0 | DM8: =SUM(DM$3:DM$6) -> 0 | DN8: =SUM(DN$3:DN$6) -> 0 | DO8: =SUM(DO$3:DO$6) -> 0 | DP8: =SUM(DP$3:DP$6) -> 0 | DQ8: =SUM(DQ$3:DQ$6) -> 0 | DR8: =SUM(DR$3:DR$6) -> 0 | DT8: =SUM(DT$3:DT$6) -> 0 | DU8: =SUM(DU$3:DU$6) -> 0 | DV8: =SUM(DV$3:DV$6) -> 0 | DW8: =SUM(DW$3:DW$6) -> 0 | DX8: =SUM(DX$3:DX$6) -> 0 | DY8: =SUM(DY$3:DY$6) -> 0 | EA8: =SUM(EA$3:EA$6) -> 0 | EB8: =SUM(EB$3:EB$6) -> 0 | EC8: =SUM(EC$3:EC$6) -> 0 | ED8: =SUM(ED$3:ED$6) -> 0 | EE8: =SUM(EE$3:EE$6) -> 0 | EF8: =SUM(EF$3:EF$6) -> 0 | EH8: =SUM(EH$3:EH$6) -> 0 | EI8: =SUM(EI$3:EI$6) -> 0 | EJ8: =SUM(EJ$3:EJ$6) -> 0 | EK8: =SUM(EK$3:EK$6) -> 0 | EL8: =SUM(EL$3:EL$6) -> 0 | EM8: =SUM(EM$3:EM$6) -> 0 | EO8: =SUM(EO$3:EO$6) -> 0 | EP8: =SUM(EP$3:EP$6) -> 0 | EQ8: =SUM(EQ$3:EQ$6) -> 0 | ER8: =SUM(ER$3:ER$6) -> 0 | ES8: =SUM(ES$3:ES$6) -> 0 | ET8: =SUM(ET$3:ET$6) -> 0 | EV8: =SUM(EV$3:EV$6) -> 0 | EW8: =SUM(EW$3:EW$6) -> 0 | EX8: =SUM(EX$3:EX$6) -> 0 | EY8: =SUM(EY$3:EY$6) -> 0 | EZ8: =SUM(EZ$3:EZ$6) -> 0 | FA8: =SUM(FA$3:FA$6) -> 0 | FC8: =SUM(FC$3:FC$6) -> 0 | FD8: =SUM(FD$3:FD$6) -> 0 | FE8: =SUM(FE$3:FE$6) -> 0 | FF8: =SUM(FF$3:FF$6) -> 0 | FG8: =SUM(FG$3:FG$6) -> 0 | FH8: =SUM(FH$3:FH$6) -> 0 | FJ8: =SUM(FJ$3:FJ$6) -> 0 | FK8: =SUM(FK$3:FK$6) -> 0 | FL8: =SUM(FL$3:FL$6) -> 0 | FM8: =SUM(FM$3:FM$6) -> 0 | FN8: =SUM(FN$3:FN$6) -> 0 | FO8: =SUM(FO$3:FO$6) -> 0 | FQ8: =SUM(FQ$3:FQ$6) -> 0 | FR8: =SUM(FR$3:FR$6) -> 0 | FS8: =SUM(FS$3:FS$6) -> 0 | FT8: =SUM(FT$3:FT$6) -> 0 | FU8: =SUM(FU$3:FU$6) -> 0 | FV8: =SUM(FV$3:FV$6) -> 0 | FX8: =SUM(FX$3:FX$6) -> 0 | FY8: =SUM(FY$3:FY$6) -> 0 | FZ8: =SUM(FZ$3:FZ$6) -> 0 | GA8: =SUM(GA$3:GA$6) -> 0 | GB8: =SUM(GB$3:GB$6) -> 0 | GC8: =SUM(GC$3:GC$6) -> 0 | GE8: =SUM(GE$3:GE$6) -> 0 | GF8: =SUM(GF$3:GF$6) -> 0 | GG8: =SUM(GG$3:GG$6) -> 0 | GH8: =SUM(GH$3:GH$6) -> 0 | GI8: =SUM(GI$3:GI$6) -> 0 | GJ8: =SUM(GJ$3:GJ$6) -> 0 | GK8: =SUM(GK$3:GK$6) -> 0 | GL8: =SUM(GL$3:GL$6) -> 0 | ... GZ8: =SUM(GZ$3:GZ$6) -> 0
A9: AVG | B9: =AVERAGE(B$3:B$6) -> 0 | H9: =AVERAGE(H$3:H$6) -> 0 | I9: =AVERAGE(I$3:I$6) -> 0 | O9: =AVERAGE(O$3:O$6) -> 0 | P9: =AVERAGE(P$3:P$6) -> 0 | V9: =AVERAGE(V$3:V$6) -> 0 | W9: =AVERAGE(W$3:W$6) -> 0 | AC9: =AVERAGE(AC$3:AC$6) -> 0 | AD9: =AVERAGE(AD$3:AD$6) -> 0 | AJ9: =AVERAGE(AJ$3:AJ$6) -> 0 | AK9: =AVERAGE(AK$3:AK$6) -> 0 | AQ9: =AVERAGE(AQ$3:AQ$6) -> 0 | AR9: =AVERAGE(AR$3:AR$6) -> 0 | AX9: =AVERAGE(AX$3:AX$6) -> 0 | AY9: =AVERAGE(AY$3:AY$6) -> 0 | AZ9: =AVERAGE(AZ$3:AZ$6) -> 0 | BB9: =AVERAGE(BB$3:BB$6) -> 0 | BC9: =AVERAGE(BC$3:BC$6) -> 0 | BD9: =AVERAGE(BD$3:BD$6) -> 0 | BE9: =AVERAGE(BE$3:BE$6) -> 0 | BF9: =AVERAGE(BF$3:BF$6) -> 0 | BG9: =AVERAGE(BG$3:BG$6) -> 0 | BI9: =AVERAGE(BI$3:BI$6) -> 0 | BJ9: =AVERAGE(BJ$3:BJ$6) -> 0 | BK9: =AVERAGE(BK$3:BK$6) -> 0 | BL9: =AVERAGE(BL$3:BL$6) -> 0 | BM9: =AVERAGE(BM$3:BM$6) -> 0 | BN9: =AVERAGE(BN$3:BN$6) -> 0 | BP9: =AVERAGE(BP$3:BP$6) -> 0 | BQ9: =AVERAGE(BQ$3:BQ$6) -> 0 | BR9: =AVERAGE(BR$3:BR$6) -> 0 | BS9: =AVERAGE(BS$3:BS$6) -> 0 | BT9: =AVERAGE(BT$3:BT$6) -> 0 | BU9: =AVERAGE(BU$3:BU$6) -> 0 | BW9: =AVERAGE(BW$3:BW$6) -> 0 | BX9: =AVERAGE(BX$3:BX$6) -> 0 | BY9: =AVERAGE(BY$3:BY$6) -> 0 | BZ9: =AVERAGE(BZ$3:BZ$6) -> 0 | CA9: =AVERAGE(CA$3:CA$6) -> 0 | CB9: =AVERAGE(CB$3:CB$6) -> 0 | CD9: =AVERAGE(CD$3:CD$6) -> 0 | CE9: =AVERAGE(CE$3:CE$6) -> 0 | CF9: =AVERAGE(CF$3:CF$6) -> 0 | CG9: =AVERAGE(CG$3:CG$6) -> 0 | CH9: =AVERAGE(CH$3:CH$6) -> 0 | CN9: =AVERAGE(CN$3:CN$6) -> 0 | CO9: =AVERAGE(CO$3:CO$6) -> 0 | CP9: =AVERAGE(CP$3:CP$6) -> 0 | CR9: =AVERAGE(CR$3:CR$6) -> 0 | CS9: =AVERAGE(CS$3:CS$6) -> 0 | CT9: =AVERAGE(CT$3:CT$6) -> 0 | CU9: =AVERAGE(CU$3:CU$6) -> 0 | CV9: =AVERAGE(CV$3:CV$6) -> 0 | CW9: =AVERAGE(CW$3:CW$6) -> 0 | CY9: =AVERAGE(CY$3:CY$6) -> 0 | CZ9: =AVERAGE(CZ$3:CZ$6) -> 0 | DA9: =AVERAGE(DA$3:DA$6) -> 0 | DB9: =AVERAGE(DB$3:DB$6) -> 0 | DC9: =AVERAGE(DC$3:DC$6) -> 0 | DI9: =AVERAGE(DI$3:DI$6) -> 0 | DJ9: =AVERAGE(DJ$3:DJ$6) -> 0 | DK9: =AVERAGE(DK$3:DK$6) -> 0 | DM9: =AVERAGE(DM$3:DM$6) -> 0 | DN9: =AVERAGE(DN$3:DN$6) -> 0 | DO9: =AVERAGE(DO$3:DO$6) -> 0 | DP9: =AVERAGE(DP$3:DP$6) -> 0 | DQ9: =AVERAGE(DQ$3:DQ$6) -> 0 | DR9: =AVERAGE(DR$3:DR$6) -> 0 | DT9: =AVERAGE(DT$3:DT$6) -> 0 | DU9: =AVERAGE(DU$3:DU$6) -> 0 | DV9: =AVERAGE(DV$3:DV$6) -> 0 | DW9: =AVERAGE(DW$3:DW$6) -> 0 | DX9: =AVERAGE(DX$3:DX$6) -> 0 | DY9: =AVERAGE(DY$3:DY$6) -> 0 | EA9: =AVERAGE(EA$3:EA$6) -> 0 | EB9: =AVERAGE(EB$3:EB$6) -> 0 | EC9: =AVERAGE(EC$3:EC$6) -> 0 | ED9: =AVERAGE(ED$3:ED$6) -> 0 | EE9: =AVERAGE(EE$3:EE$6) -> 0 | EF9: =AVERAGE(EF$3:EF$6) -> 0 | EH9: =AVERAGE(EH$3:EH$6) -> 0 | EI9: =AVERAGE(EI$3:EI$6) -> 0 | EJ9: =AVERAGE(EJ$3:EJ$6) -> 0 | EK9: =AVERAGE(EK$3:EK$6) -> 0 | EL9: =AVERAGE(EL$3:EL$6) -> 0 | EM9: =AVERAGE(EM$3:EM$6) -> 0 | EO9: =AVERAGE(EO$3:EO$6) -> 0 | EP9: =AVERAGE(EP$3:EP$6) -> 0 | EQ9: =AVERAGE(EQ$3:EQ$6) -> 0 | ER9: =AVERAGE(ER$3:ER$6) -> 0 | ES9: =AVERAGE(ES$3:ES$6) -> 0 | ET9: =AVERAGE(ET$3:ET$6) -> 0 | EV9: =AVERAGE(EV$3:EV$6) -> 0 | EW9: =AVERAGE(EW$3:EW$6) -> 0 | EX9: =AVERAGE(EX$3:EX$6) -> 0 | EY9: =AVERAGE(EY$3:EY$6) -> 0 | EZ9: =AVERAGE(EZ$3:EZ$6) -> 0 | FA9: =AVERAGE(FA$3:FA$6) -> 0 | FC9: =AVERAGE(FC$3:FC$6) -> 0 | FD9: =AVERAGE(FD$3:FD$6) -> 0 | FE9: =AVERAGE(FE$3:FE$6) -> 0 | FF9: =AVERAGE(FF$3:FF$6) -> 0 | FG9: =AVERAGE(FG$3:FG$6) -> 0 | FH9: =AVERAGE(FH$3:FH$6) -> 0 | FJ9: =AVERAGE(FJ$3:FJ$6) -> 0 | FK9: =AVERAGE(FK$3:FK$6) -> 0 | FL9: =AVERAGE(FL$3:FL$6) -> 0 | FM9: =AVERAGE(FM$3:FM$6) -> 0 | FN9: =AVERAGE(FN$3:FN$6) -> 0 | FO9: =AVERAGE(FO$3:FO$6) -> 0 | FQ9: =AVERAGE(FQ$3:FQ$6) -> 0 | FR9: =AVERAGE(FR$3:FR$6) -> 0 | FS9: =AVERAGE(FS$3:FS$6) -> 0 | FT9: =AVERAGE(FT$3:FT$6) -> 0 | FU9: =AVERAGE(FU$3:FU$6) -> 0 | FV9: =AVERAGE(FV$3:FV$6) -> 0 | FX9: =AVERAGE(FX$3:FX$6) -> 0 | FY9: =AVERAGE(FY$3:FY$6) -> 0 | FZ9: =AVERAGE(FZ$3:FZ$6) -> 0 | GA9: =AVERAGE(GA$3:GA$6) -> 0 | GB9: =AVERAGE(GB$3:GB$6) -> 0 | GC9: =AVERAGE(GC$3:GC$6) -> 0 | GE9: =AVERAGE(GE$3:GE$6) -> 0 | GF9: =AVERAGE(GF$3:GF$6) -> 0 | GG9: =AVERAGE(GG$3:GG$6) -> 0 | GH9: =AVERAGE(GH$3:GH$6) -> 0 | GI9: =AVERAGE(GI$3:GI$6) -> 0 | GJ9: =AVERAGE(GJ$3:GJ$6) -> 0 | GK9: =AVERAGE(GK$3:GK$6) -> 0 | GL9: =AVERAGE(GL$3:GL$6) -> 0 | ... GZ9: =AVERAGE(GZ$3:GZ$6) -> 0
A10: DEV | B10: =STDEV(B$3:B$6) -> 0 | H10: =STDEV(H$3:H$6) -> 0 | I10: =STDEV(I$3:I$6) -> 0 | O10: =STDEV(O$3:O$6) -> 0 | P10: =STDEV(P$3:P$6) -> 0 | V10: =STDEV(V$3:V$6) -> 0 | W10: =STDEV(W$3:W$6) -> 0 | AC10: =STDEV(AC$3:AC$6) -> 0 | AD10: =STDEV(AD$3:AD$6) -> 0 | AJ10: =STDEV(AJ$3:AJ$6) -> 0 | AK10: =STDEV(AK$3:AK$6) -> 0 | AQ10: =STDEV(AQ$3:AQ$6) -> 0 | AR10: =STDEV(AR$3:AR$6) -> 0 | AX10: =STDEV(AX$3:AX$6) -> 0 | AY10: =STDEV(AY$3:AY$6) -> 0 | AZ10: =STDEV(AZ$3:AZ$6) -> 0 | BB10: =STDEV(BB$3:BB$6) -> 0 | BC10: =STDEV(BC$3:BC$6) -> 0 | BD10: =STDEV(BD$3:BD$6) -> 0 | BE10: =STDEV(BE$3:BE$6) -> 0 | BF10: =STDEV(BF$3:BF$6) -> 0 | BG10: =STDEV(BG$3:BG$6) -> 0 | BI10: =STDEV(BI$3:BI$6) -> 0 | BJ10: =STDEV(BJ$3:BJ$6) -> 0 | BK10: =STDEV(BK$3:BK$6) -> 0 | BL10: =STDEV(BL$3:BL$6) -> 0 | BM10: =STDEV(BM$3:BM$6) -> 0 | BN10: =STDEV(BN$3:BN$6) -> 0 | BP10: =STDEV(BP$3:BP$6) -> 0 | BQ10: =STDEV(BQ$3:BQ$6) -> 0 | BR10: =STDEV(BR$3:BR$6) -> 0 | BS10: =STDEV(BS$3:BS$6) -> 0 | BT10: =STDEV(BT$3:BT$6) -> 0 | BU10: =STDEV(BU$3:BU$6) -> 0 | BW10: =STDEV(BW$3:BW$6) -> 0 | BX10: =STDEV(BX$3:BX$6) -> 0 | BY10: =STDEV(BY$3:BY$6) -> 0 | BZ10: =STDEV(BZ$3:BZ$6) -> 0 | CA10: =STDEV(CA$3:CA$6) -> 0 | CB10: =STDEV(CB$3:CB$6) -> 0 | CD10: =STDEV(CD$3:CD$6) -> 0 | CE10: =STDEV(CE$3:CE$6) -> 0 | CF10: =STDEV(CF$3:CF$6) -> 0 | CG10: =STDEV(CG$3:CG$6) -> 0 | CH10: =STDEV(CH$3:CH$6) -> 0 | CN10: =STDEV(CN$3:CN$6) -> 0 | CO10: =STDEV(CO$3:CO$6) -> 0 | CP10: =STDEV(CP$3:CP$6) -> 0 | CR10: =STDEV(CR$3:CR$6) -> 0 | CS10: =STDEV(CS$3:CS$6) -> 0 | CT10: =STDEV(CT$3:CT$6) -> 0 | CU10: =STDEV(CU$3:CU$6) -> 0 | CV10: =STDEV(CV$3:CV$6) -> 0 | CW10: =STDEV(CW$3:CW$6) -> 0 | CY10: =STDEV(CY$3:CY$6) -> 0 | CZ10: =STDEV(CZ$3:CZ$6) -> 0 | DA10: =STDEV(DA$3:DA$6) -> 0 | DB10: =STDEV(DB$3:DB$6) -> 0 | DC10: =STDEV(DC$3:DC$6) -> 0 | DI10: =STDEV(DI$3:DI$6) -> 0 | DJ10: =STDEV(DJ$3:DJ$6) -> 0 | DK10: =STDEV(DK$3:DK$6) -> 0 | DM10: =STDEV(DM$3:DM$6) -> 0 | DN10: =STDEV(DN$3:DN$6) -> 0 | DO10: =STDEV(DO$3:DO$6) -> 0 | DP10: =STDEV(DP$3:DP$6) -> 0 | DQ10: =STDEV(DQ$3:DQ$6) -> 0 | DR10: =STDEV(DR$3:DR$6) -> 0 | DT10: =STDEV(DT$3:DT$6) -> 0 | DU10: =STDEV(DU$3:DU$6) -> 0 | DV10: =STDEV(DV$3:DV$6) -> 0 | DW10: =STDEV(DW$3:DW$6) -> 0 | DX10: =STDEV(DX$3:DX$6) -> 0 | DY10: =STDEV(DY$3:DY$6) -> 0 | EA10: =STDEV(EA$3:EA$6) -> 0 | EB10: =STDEV(EB$3:EB$6) -> 0 | EC10: =STDEV(EC$3:EC$6) -> 0 | ED10: =STDEV(ED$3:ED$6) -> 0 | EE10: =STDEV(EE$3:EE$6) -> 0 | EF10: =STDEV(EF$3:EF$6) -> 0 | EH10: =STDEV(EH$3:EH$6) -> 0 | EI10: =STDEV(EI$3:EI$6) -> 0 | EJ10: =STDEV(EJ$3:EJ$6) -> 0 | EK10: =STDEV(EK$3:EK$6) -> 0 | EL10: =STDEV(EL$3:EL$6) -> 0 | EM10: =STDEV(EM$3:EM$6) -> 0 | EO10: =STDEV(EO$3:EO$6) -> 0 | EP10: =STDEV(EP$3:EP$6) -> 0 | EQ10: =STDEV(EQ$3:EQ$6) -> 0 | ER10: =STDEV(ER$3:ER$6) -> 0 | ES10: =STDEV(ES$3:ES$6) -> 0 | ET10: =STDEV(ET$3:ET$6) -> 0 | EV10: =STDEV(EV$3:EV$6) -> 0 | EW10: =STDEV(EW$3:EW$6) -> 0 | EX10: =STDEV(EX$3:EX$6) -> 0 | EY10: =STDEV(EY$3:EY$6) -> 0 | EZ10: =STDEV(EZ$3:EZ$6) -> 0 | FA10: =STDEV(FA$3:FA$6) -> 0 | FC10: =STDEV(FC$3:FC$6) -> 0 | FD10: =STDEV(FD$3:FD$6) -> 0 | FE10: =STDEV(FE$3:FE$6) -> 0 | FF10: =STDEV(FF$3:FF$6) -> 0 | FG10: =STDEV(FG$3:FG$6) -> 0 | FH10: =STDEV(FH$3:FH$6) -> 0 | FJ10: =STDEV(FJ$3:FJ$6) -> 0 | FK10: =STDEV(FK$3:FK$6) -> 0 | FL10: =STDEV(FL$3:FL$6) -> 0 | FM10: =STDEV(FM$3:FM$6) -> 0 | FN10: =STDEV(FN$3:FN$6) -> 0 | FO10: =STDEV(FO$3:FO$6) -> 0 | FQ10: =STDEV(FQ$3:FQ$6) -> 0 | FR10: =STDEV(FR$3:FR$6) -> 0 | FS10: =STDEV(FS$3:FS$6) -> 0 | FT10: =STDEV(FT$3:FT$6) -> 0 | FU10: =STDEV(FU$3:FU$6) -> 0 | FV10: =STDEV(FV$3:FV$6) -> 0 | FX10: =STDEV(FX$3:FX$6) -> 0 | FY10: =STDEV(FY$3:FY$6) -> 0 | FZ10: =STDEV(FZ$3:FZ$6) -> 0 | GA10: =STDEV(GA$3:GA$6) -> 0 | GB10: =STDEV(GB$3:GB$6) -> 0 | GC10: =STDEV(GC$3:GC$6) -> 0 | GE10: =STDEV(GE$3:GE$6) -> 0 | GF10: =STDEV(GF$3:GF$6) -> 0 | GG10: =STDEV(GG$3:GG$6) -> 0 | GH10: =STDEV(GH$3:GH$6) -> 0 | GI10: =STDEV(GI$3:GI$6) -> 0 | GJ10: =STDEV(GJ$3:GJ$6) -> 0 | GK10: =STDEV(GK$3:GK$6) -> 0 | GL10: =STDEV(GL$3:GL$6) -> 0 | ... GZ10: =STDEV(GZ$3:GZ$6) -> 0
A11: DST | B11: =SUMPRODUCT(--(B$3:B$6-$GI$3:$GI$6)^2)^0.5 -> 0 | H11: =SUMPRODUCT(--(H$3:H$6-$GN$3:$GN$6)^2)^0.5 -> 0 | I11: =SUMPRODUCT(--(I$3:I$6-$GI$3:$GI$6)^2)^0.5 -> 0 | O11: =SUMPRODUCT(--(O$3:O$6-$GN$3:$GN$6)^2)^0.5 -> 0 | P11: =SUMPRODUCT(--(P$3:P$6-$GI$3:$GI$6)^2)^0.5 -> 0 | V11: =SUMPRODUCT(--(V$3:V$6-$GN$3:$GN$6)^2)^0.5 -> 0 | W11: =SUMPRODUCT(--(W$3:W$6-$GI$3:$GI$6)^2)^0.5 -> 0 | AC11: =SUMPRODUCT(--(AC$3:AC$6-$GN$3:$GN$6)^2)^0.5 -> 0 | AD11: =SUMPRODUCT(--(AD$3:AD$6-$GI$3:$GI$6)^2)^0.5 -> 0 | AJ11: =SUMPRODUCT(--(AJ$3:AJ$6-$GN$3:$GN$6)^2)^0.5 -> 0 | AK11: =SUMPRODUCT(--(AK$3:AK$6-$GI$3:$GI$6)^2)^0.5 -> 0 | AQ11: =SUMPRODUCT(--(AQ$3:AQ$6-$GN$3:$GN$6)^2)^0.5 -> 0 | AR11: =SUMPRODUCT(--(AR$3:AR$6-$GI$3:$GI$6)^2)^0.5 -> 0 | AX11: =SUMPRODUCT(--(AX$3:AX$6-$GN$3:$GN$6)^2)^0.5 -> 0 | AY11: =SUMPRODUCT(--(AY$3:AY$6-$GI$3:$GI$6)^2)^0.5 -> 0 | AZ11: =SUMPRODUCT(--(AZ$3:AZ$6-$GJ$3:$GJ$6)^2)^0.5 -> 0 | BB11: =SUMPRODUCT(--(BB$3:BB$6-$GK$3:$GK$6)^2)^0.5 -> 0 | BC11: =SUMPRODUCT(--(BC$3:BC$6-$GL$3:$GL$6)^2)^0.5 -> 0 | BD11: =SUMPRODUCT(--(BD$3:BD$6-$GM$3:$GM$6)^2)^0.5 -> 0 | BE11: =SUMPRODUCT(--(BE$3:BE$6-$GN$3:$GN$6)^2)^0.5 -> 0 | BF11: =SUMPRODUCT(--(BF$3:BF$6-$GI$3:$GI$6)^2)^0.5 -> 0 | BG11: =SUMPRODUCT(--(BG$3:BG$6-$GJ$3:$GJ$6)^2)^0.5 -> 0 | BI11: =SUMPRODUCT(--(BI$3:BI$6-$GK$3:$GK$6)^2)^0.5 -> 0 | BJ11: =SUMPRODUCT(--(BJ$3:BJ$6-$GL$3:$GL$6)^2)^0.5 -> 0 | BK11: =SUMPRODUCT(--(BK$3:BK$6-$GM$3:$GM$6)^2)^0.5 -> 0 | BL11: =SUMPRODUCT(--(BL$3:BL$6-$GN$3:$GN$6)^2)^0.5 -> 0 | BM11: =SUMPRODUCT(--(BM$3:BM$6-$GI$3:$GI$6)^2)^0.5 -> 0 | BN11: =SUMPRODUCT(--(BN$3:BN$6-$GJ$3:$GJ$6)^2)^0.5 -> 0 | BP11: =SUMPRODUCT(--(BP$3:BP$6-$GK$3:$GK$6)^2)^0.5 -> 0 | BQ11: =SUMPRODUCT(--(BQ$3:BQ$6-$GL$3:$GL$6)^2)^0.5 -> 0 | BR11: =SUMPRODUCT(--(BR$3:BR$6-$GM$3:$GM$6)^2)^0.5 -> 0 | BS11: =SUMPRODUCT(--(BS$3:BS$6-$GN$3:$GN$6)^2)^0.5 -> 0 | BT11: =SUMPRODUCT(--(BT$3:BT$6-$GI$3:$GI$6)^2)^0.5 -> 0 | BU11: =SUMPRODUCT(--(BU$3:BU$6-$GJ$3:$GJ$6)^2)^0.5 -> 0 | BW11: =SUMPRODUCT(--(BW$3:BW$6-$GK$3:$GK$6)^2)^0.5 -> 0 | BX11: =SUMPRODUCT(--(BX$3:BX$6-$GL$3:$GL$6)^2)^0.5 -> 0 | BY11: =SUMPRODUCT(--(BY$3:BY$6-$GM$3:$GM$6)^2)^0.5 -> 0 | BZ11: =SUMPRODUCT(--(BZ$3:BZ$6-$GN$3:$GN$6)^2)^0.5 -> 0 | CA11: =SUMPRODUCT(--(CA$3:CA$6-$GI$3:$GI$6)^2)^0.5 -> 0 | CB11: =SUMPRODUCT(--(CB$3:CB$6-$GJ$3:$GJ$6)^2)^0.5 -> 0 | CD11: =SUMPRODUCT(--(CD$3:CD$6-$GK$3:$GK$6)^2)^0.5 -> 0 | CE11: =SUMPRODUCT(--(CE$3:CE$6-$GL$3:$GL$6)^2)^0.5 -> 0 | CF11: =SUMPRODUCT(--(CF$3:CF$6-$GM$3:$GM$6)^2)^0.5 -> 0 | CG11: =SUMPRODUCT(--(CG$3:CG$6-$GN$3:$GN$6)^2)^0.5 -> 0 | CH11: =SUMPRODUCT(--(CH$3:CH$6-$GI$3:$GI$6)^2)^0.5 -> 0 | CN11: =SUMPRODUCT(--(CN$3:CN$6-$GN$3:$GN$6)^2)^0.5 -> 0 | CO11: =SUMPRODUCT(--(CO$3:CO$6-$GI$3:$GI$6)^2)^0.5 -> 0 | CP11: =SUMPRODUCT(--(CP$3:CP$6-$GJ$3:$GJ$6)^2)^0.5 -> 0 | CR11: =SUMPRODUCT(--(CR$3:CR$6-$GK$3:$GK$6)^2)^0.5 -> 0 | CS11: =SUMPRODUCT(--(CS$3:CS$6-$GL$3:$GL$6)^2)^0.5 -> 0 | CT11: =SUMPRODUCT(--(CT$3:CT$6-$GM$3:$GM$6)^2)^0.5 -> 0 | CU11: =SUMPRODUCT(--(CU$3:CU$6-$GN$3:$GN$6)^2)^0.5 -> 0 | CV11: =SUMPRODUCT(--(CV$3:CV$6-$GI$3:$GI$6)^2)^0.5 -> 0 | CW11: =SUMPRODUCT(--(CW$3:CW$6-$GJ$3:$GJ$6)^2)^0.5 -> 0 | CY11: =SUMPRODUCT(--(CY$3:CY$6-$GK$3:$GK$6)^2)^0.5 -> 0 | CZ11: =SUMPRODUCT(--(CZ$3:CZ$6-$GL$3:$GL$6)^2)^0.5 -> 0 | DA11: =SUMPRODUCT(--(DA$3:DA$6-$GM$3:$GM$6)^2)^0.5 -> 0 | DB11: =SUMPRODUCT(--(DB$3:DB$6-$GN$3:$GN$6)^2)^0.5 -> 0 | DC11: =SUMPRODUCT(--(DC$3:DC$6-$GI$3:$GI$6)^2)^0.5 -> 0 | DI11: =SUMPRODUCT(--(DI$3:DI$6-$GN$3:$GN$6)^2)^0.5 -> 0 | DJ11: =SUMPRODUCT(--(DJ$3:DJ$6-$GI$3:$GI$6)^2)^0.5 -> 0 | DK11: =SUMPRODUCT(--(DK$3:DK$6-$GJ$3:$GJ$6)^2)^0.5 -> 0 | DM11: =SUMPRODUCT(--(DM$3:DM$6-$GK$3:$GK$6)^2)^0.5 -> 0 | DN11: =SUMPRODUCT(--(DN$3:DN$6-$GL$3:$GL$6)^2)^0.5 -> 0 | DO11: =SUMPRODUCT(--(DO$3:DO$6-$GM$3:$GM$6)^2)^0.5 -> 0 | DP11: =SUMPRODUCT(--(DP$3:DP$6-$GN$3:$GN$6)^2)^0.5 -> 0 | DQ11: =SUMPRODUCT(--(DQ$3:DQ$6-$GI$3:$GI$6)^2)^0.5 -> 0 | DR11: =SUMPRODUCT(--(DR$3:DR$6-$GJ$3:$GJ$6)^2)^0.5 -> 0 | DT11: =SUMPRODUCT(--(DT$3:DT$6-$GK$3:$GK$6)^2)^0.5 -> 0 | DU11: =SUMPRODUCT(--(DU$3:DU$6-$GL$3:$GL$6)^2)^0.5 -> 0 | DV11: =SUMPRODUCT(--(DV$3:DV$6-$GM$3:$GM$6)^2)^0.5 -> 0 | DW11: =SUMPRODUCT(--(DW$3:DW$6-$GN$3:$GN$6)^2)^0.5 -> 0 | DX11: =SUMPRODUCT(--(DX$3:DX$6-$GI$3:$GI$6)^2)^0.5 -> 0 | DY11: =SUMPRODUCT(--(DY$3:DY$6-$GJ$3:$GJ$6)^2)^0.5 -> 0 | EA11: =SUMPRODUCT(--(EA$3:EA$6-$GK$3:$GK$6)^2)^0.5 -> 0 | EB11: =SUMPRODUCT(--(EB$3:EB$6-$GL$3:$GL$6)^2)^0.5 -> 0 | EC11: =SUMPRODUCT(--(EC$3:EC$6-$GM$3:$GM$6)^2)^0.5 -> 0 | ED11: =SUMPRODUCT(--(ED$3:ED$6-$GN$3:$GN$6)^2)^0.5 -> 0 | EE11: =SUMPRODUCT(--(EE$3:EE$6-$GI$3:$GI$6)^2)^0.5 -> 0 | EF11: =SUMPRODUCT(--(EF$3:EF$6-$GJ$3:$GJ$6)^2)^0.5 -> 0 | EH11: =SUMPRODUCT(--(EH$3:EH$6-$GK$3:$GK$6)^2)^0.5 -> 0 | EI11: =SUMPRODUCT(--(EI$3:EI$6-$GL$3:$GL$6)^2)^0.5 -> 0 | EJ11: =SUMPRODUCT(--(EJ$3:EJ$6-$GM$3:$GM$6)^2)^0.5 -> 0 | EK11: =SUMPRODUCT(--(EK$3:EK$6-$GN$3:$GN$6)^2)^0.5 -> 0 | EL11: =SUMPRODUCT(--(EL$3:EL$6-$GI$3:$GI$6)^2)^0.5 -> 0 | EM11: =SUMPRODUCT(--(EM$3:EM$6-$GJ$3:$GJ$6)^2)^0.5 -> 0 | EO11: =SUMPRODUCT(--(EO$3:EO$6-$GK$3:$GK$6)^2)^0.5 -> 0 | EP11: =SUMPRODUCT(--(EP$3:EP$6-$GL$3:$GL$6)^2)^0.5 -> 0 | EQ11: =SUMPRODUCT(--(EQ$3:EQ$6-$GM$3:$GM$6)^2)^0.5 -> 0 | ER11: =SUMPRODUCT(--(ER$3:ER$6-$GN$3:$GN$6)^2)^0.5 -> 0 | ES11: =SUMPRODUCT(--(ES$3:ES$6-$GI$3:$GI$6)^2)^0.5 -> 0 | ET11: =SUMPRODUCT(--(ET$3:ET$6-$GJ$3:$GJ$6)^2)^0.5 -> 0 | EV11: =SUMPRODUCT(--(EV$3:EV$6-$GK$3:$GK$6)^2)^0.5 -> 0 | EW11: =SUMPRODUCT(--(EW$3:EW$6-$GL$3:$GL$6)^2)^0.5 -> 0 | EX11: =SUMPRODUCT(--(EX$3:EX$6-$GM$3:$GM$6)^2)^0.5 -> 0 | EY11: =SUMPRODUCT(--(EY$3:EY$6-$GN$3:$GN$6)^2)^0.5 -> 0 | EZ11: =SUMPRODUCT(--(EZ$3:EZ$6-$GI$3:$GI$6)^2)^0.5 -> 0 | FA11: =SUMPRODUCT(--(FA$3:FA$6-$GJ$3:$GJ$6)^2)^0.5 -> 0 | FC11: =SUMPRODUCT(--(FC$3:FC$6-$GK$3:$GK$6)^2)^0.5 -> 0 | FD11: =SUMPRODUCT(--(FD$3:FD$6-$GL$3:$GL$6)^2)^0.5 -> 0 | FE11: =SUMPRODUCT(--(FE$3:FE$6-$GM$3:$GM$6)^2)^0.5 -> 0 | FF11: =SUMPRODUCT(--(FF$3:FF$6-$GN$3:$GN$6)^2)^0.5 -> 0 | FG11: =SUMPRODUCT(--(FG$3:FG$6-$GI$3:$GI$6)^2)^0.5 -> 0 | FH11: =SUMPRODUCT(--(FH$3:FH$6-$GJ$3:$GJ$6)^2)^0.5 -> 0 | FJ11: =SUMPRODUCT(--(FJ$3:FJ$6-$GK$3:$GK$6)^2)^0.5 -> 0 | FK11: =SUMPRODUCT(--(FK$3:FK$6-$GL$3:$GL$6)^2)^0.5 -> 0 | FL11: =SUMPRODUCT(--(FL$3:FL$6-$GM$3:$GM$6)^2)^0.5 -> 0 | FM11: =SUMPRODUCT(--(FM$3:FM$6-$GN$3:$GN$6)^2)^0.5 -> 0 | FN11: =SUMPRODUCT(--(FN$3:FN$6-$GI$3:$GI$6)^2)^0.5 -> 0 | FO11: =SUMPRODUCT(--(FO$3:FO$6-$GJ$3:$GJ$6)^2)^0.5 -> 0 | FQ11: =SUMPRODUCT(--(FQ$3:FQ$6-$GK$3:$GK$6)^2)^0.5 -> 0 | FR11: =SUMPRODUCT(--(FR$3:FR$6-$GL$3:$GL$6)^2)^0.5 -> 0 | FS11: =SUMPRODUCT(--(FS$3:FS$6-$GM$3:$GM$6)^2)^0.5 -> 0 | FT11: =SUMPRODUCT(--(FT$3:FT$6-$GN$3:$GN$6)^2)^0.5 -> 0 | FU11: =SUMPRODUCT(--(FU$3:FU$6-$GI$3:$GI$6)^2)^0.5 -> 0 | FV11: =SUMPRODUCT(--(FV$3:FV$6-$GJ$3:$GJ$6)^2)^0.5 -> 0 | FX11: =SUMPRODUCT(--(FX$3:FX$6-$GK$3:$GK$6)^2)^0.5 -> 0 | FY11: =SUMPRODUCT(--(FY$3:FY$6-$GL$3:$GL$6)^2)^0.5 -> 0 | FZ11: =SUMPRODUCT(--(FZ$3:FZ$6-$GM$3:$GM$6)^2)^0.5 -> 0 | GA11: =SUMPRODUCT(--(GA$3:GA$6-$GN$3:$GN$6)^2)^0.5 -> 0 | GB11: =SUMPRODUCT(--(GB$3:GB$6-$GI$3:$GI$6)^2)^0.5 -> 0 | GC11: =SUMPRODUCT(--(GC$3:GC$6-$GJ$3:$GJ$6)^2)^0.5 -> 0 | GE11: =SUMPRODUCT(--(GE$3:GE$6-$GK$3:$GK$6)^2)^0.5 -> 0 | GF11: =SUMPRODUCT(--(GF$3:GF$6-$GL$3:$GL$6)^2)^0.5 -> 0 | GG11: =SUMPRODUCT(--(GG$3:GG$6-$GM$3:$GM$6)^2)^0.5 -> 0 | GH11: =SUMPRODUCT(--(GH$3:GH$6-$GN$3:$GN$6)^2)^0.5 -> 0
A12: BEST | B12: =SUMPRODUCT(NOT(ISBLANK(B$3:B$6))*(B$3:B$6=$GI$3:$GI$6)) -> 0 | H12: =SUMPRODUCT(NOT(ISBLANK(H$3:H$6))*(H$3:H$6=$GN$3:$GN$6)) -> 0 | I12: =SUMPRODUCT(NOT(ISBLANK(I$3:I$6))*(I$3:I$6=$GI$3:$GI$6)) -> 0 | O12: =SUMPRODUCT(NOT(ISBLANK(O$3:O$6))*(O$3:O$6=$GN$3:$GN$6)) -> 0 | P12: =SUMPRODUCT(NOT(ISBLANK(P$3:P$6))*(P$3:P$6=$GI$3:$GI$6)) -> 0 | V12: =SUMPRODUCT(NOT(ISBLANK(V$3:V$6))*(V$3:V$6=$GN$3:$GN$6)) -> 0 | W12: =SUMPRODUCT(NOT(ISBLANK(W$3:W$6))*(W$3:W$6=$GI$3:$GI$6)) -> 0 | AC12: =SUMPRODUCT(NOT(ISBLANK(AC$3:AC$6))*(AC$3:AC$6=$GN$3:$GN$6)) -> 0 | AD12: =SUMPRODUCT(NOT(ISBLANK(AD$3:AD$6))*(AD$3:AD$6=$GI$3:$GI$6)) -> 0 | AJ12: =SUMPRODUCT(NOT(ISBLANK(AJ$3:AJ$6))*(AJ$3:AJ$6=$GN$3:$GN$6)) -> 0 | AK12: =SUMPRODUCT(NOT(ISBLANK(AK$3:AK$6))*(AK$3:AK$6=$GI$3:$GI$6)) -> 0 | AQ12: =SUMPRODUCT(NOT(ISBLANK(AQ$3:AQ$6))*(AQ$3:AQ$6=$GN$3:$GN$6)) -> 0 | AR12: =SUMPRODUCT(NOT(ISBLANK(AR$3:AR$6))*(AR$3:AR$6=$GI$3:$GI$6)) -> 0 | AX12: =SUMPRODUCT(NOT(ISBLANK(AX$3:AX$6))*(AX$3:AX$6=$GN$3:$GN$6)) -> 0 | AY12: =SUMPRODUCT(NOT(ISBLANK(AY$3:AY$6))*(AY$3:AY$6=$GI$3:$GI$6)) -> 0 | AZ12: =SUMPRODUCT(NOT(ISBLANK(AZ$3:AZ$6))*(AZ$3:AZ$6=$GJ$3:$GJ$6)) -> 0 | BB12: =SUMPRODUCT(NOT(ISBLANK(BB$3:BB$6))*(BB$3:BB$6=$GK$3:$GK$6)) -> 0 | BC12: =SUMPRODUCT(NOT(ISBLANK(BC$3:BC$6))*(BC$3:BC$6=$GL$3:$GL$6)) -> 0 | BD12: =SUMPRODUCT(NOT(ISBLANK(BD$3:BD$6))*(BD$3:BD$6=$GM$3:$GM$6)) -> 0 | BE12: =SUMPRODUCT(NOT(ISBLANK(BE$3:BE$6))*(BE$3:BE$6=$GN$3:$GN$6)) -> 0 | BF12: =SUMPRODUCT(NOT(ISBLANK(BF$3:BF$6))*(BF$3:BF$6=$GI$3:$GI$6)) -> 0 | BG12: =SUMPRODUCT(NOT(ISBLANK(BG$3:BG$6))*(BG$3:BG$6=$GJ$3:$GJ$6)) -> 0 | BI12: =SUMPRODUCT(NOT(ISBLANK(BI$3:BI$6))*(BI$3:BI$6=$GK$3:$GK$6)) -> 0 | BJ12: =SUMPRODUCT(NOT(ISBLANK(BJ$3:BJ$6))*(BJ$3:BJ$6=$GL$3:$GL$6)) -> 0 | BK12: =SUMPRODUCT(NOT(ISBLANK(BK$3:BK$6))*(BK$3:BK$6=$GM$3:$GM$6)) -> 0 | BL12: =SUMPRODUCT(NOT(ISBLANK(BL$3:BL$6))*(BL$3:BL$6=$GN$3:$GN$6)) -> 0 | BM12: =SUMPRODUCT(NOT(ISBLANK(BM$3:BM$6))*(BM$3:BM$6=$GI$3:$GI$6)) -> 0 | BN12: =SUMPRODUCT(NOT(ISBLANK(BN$3:BN$6))*(BN$3:BN$6=$GJ$3:$GJ$6)) -> 0 | BP12: =SUMPRODUCT(NOT(ISBLANK(BP$3:BP$6))*(BP$3:BP$6=$GK$3:$GK$6)) -> 0 | BQ12: =SUMPRODUCT(NOT(ISBLANK(BQ$3:BQ$6))*(BQ$3:BQ$6=$GL$3:$GL$6)) -> 0 | BR12: =SUMPRODUCT(NOT(ISBLANK(BR$3:BR$6))*(BR$3:BR$6=$GM$3:$GM$6)) -> 0 | BS12: =SUMPRODUCT(NOT(ISBLANK(BS$3:BS$6))*(BS$3:BS$6=$GN$3:$GN$6)) -> 0 | BT12: =SUMPRODUCT(NOT(ISBLANK(BT$3:BT$6))*(BT$3:BT$6=$GI$3:$GI$6)) -> 0 | BU12: =SUMPRODUCT(NOT(ISBLANK(BU$3:BU$6))*(BU$3:BU$6=$GJ$3:$GJ$6)) -> 0 | BW12: =SUMPRODUCT(NOT(ISBLANK(BW$3:BW$6))*(BW$3:BW$6=$GK$3:$GK$6)) -> 0 | BX12: =SUMPRODUCT(NOT(ISBLANK(BX$3:BX$6))*(BX$3:BX$6=$GL$3:$GL$6)) -> 0 | BY12: =SUMPRODUCT(NOT(ISBLANK(BY$3:BY$6))*(BY$3:BY$6=$GM$3:$GM$6)) -> 0 | BZ12: =SUMPRODUCT(NOT(ISBLANK(BZ$3:BZ$6))*(BZ$3:BZ$6=$GN$3:$GN$6)) -> 0 | CA12: =SUMPRODUCT(NOT(ISBLANK(CA$3:CA$6))*(CA$3:CA$6=$GI$3:$GI$6)) -> 0 | CB12: =SUMPRODUCT(NOT(ISBLANK(CB$3:CB$6))*(CB$3:CB$6=$GJ$3:$GJ$6)) -> 0 | CD12: =SUMPRODUCT(NOT(ISBLANK(CD$3:CD$6))*(CD$3:CD$6=$GK$3:$GK$6)) -> 0 | CE12: =SUMPRODUCT(NOT(ISBLANK(CE$3:CE$6))*(CE$3:CE$6=$GL$3:$GL$6)) -> 0 | CF12: =SUMPRODUCT(NOT(ISBLANK(CF$3:CF$6))*(CF$3:CF$6=$GM$3:$GM$6)) -> 0 | CG12: =SUMPRODUCT(NOT(ISBLANK(CG$3:CG$6))*(CG$3:CG$6=$GN$3:$GN$6)) -> 0 | CH12: =SUMPRODUCT(NOT(ISBLANK(CH$3:CH$6))*(CH$3:CH$6=$GI$3:$GI$6)) -> 0 | CN12: =SUMPRODUCT(NOT(ISBLANK(CN$3:CN$6))*(CN$3:CN$6=$GN$3:$GN$6)) -> 0 | CO12: =SUMPRODUCT(NOT(ISBLANK(CO$3:CO$6))*(CO$3:CO$6=$GI$3:$GI$6)) -> 0 | CP12: =SUMPRODUCT(NOT(ISBLANK(CP$3:CP$6))*(CP$3:CP$6=$GJ$3:$GJ$6)) -> 0 | CR12: =SUMPRODUCT(NOT(ISBLANK(CR$3:CR$6))*(CR$3:CR$6=$GK$3:$GK$6)) -> 0 | CS12: =SUMPRODUCT(NOT(ISBLANK(CS$3:CS$6))*(CS$3:CS$6=$GL$3:$GL$6)) -> 0 | CT12: =SUMPRODUCT(NOT(ISBLANK(CT$3:CT$6))*(CT$3:CT$6=$GM$3:$GM$6)) -> 0 | CU12: =SUMPRODUCT(NOT(ISBLANK(CU$3:CU$6))*(CU$3:CU$6=$GN$3:$GN$6)) -> 0 | CV12: =SUMPRODUCT(NOT(ISBLANK(CV$3:CV$6))*(CV$3:CV$6=$GI$3:$GI$6)) -> 0 | CW12: =SUMPRODUCT(NOT(ISBLANK(CW$3:CW$6))*(CW$3:CW$6=$GJ$3:$GJ$6)) -> 0 | CY12: =SUMPRODUCT(NOT(ISBLANK(CY$3:CY$6))*(CY$3:CY$6=$GK$3:$GK$6)) -> 0 | CZ12: =SUMPRODUCT(NOT(ISBLANK(CZ$3:CZ$6))*(CZ$3:CZ$6=$GL$3:$GL$6)) -> 0 | DA12: =SUMPRODUCT(NOT(ISBLANK(DA$3:DA$6))*(DA$3:DA$6=$GM$3:$GM$6)) -> 0 | DB12: =SUMPRODUCT(NOT(ISBLANK(DB$3:DB$6))*(DB$3:DB$6=$GN$3:$GN$6)) -> 0 | DC12: =SUMPRODUCT(NOT(ISBLANK(DC$3:DC$6))*(DC$3:DC$6=$GI$3:$GI$6)) -> 0 | DI12: =SUMPRODUCT(NOT(ISBLANK(DI$3:DI$6))*(DI$3:DI$6=$GN$3:$GN$6)) -> 0 | DJ12: =SUMPRODUCT(NOT(ISBLANK(DJ$3:DJ$6))*(DJ$3:DJ$6=$GI$3:$GI$6)) -> 0 | DK12: =SUMPRODUCT(NOT(ISBLANK(DK$3:DK$6))*(DK$3:DK$6=$GJ$3:$GJ$6)) -> 0 | DM12: =SUMPRODUCT(NOT(ISBLANK(DM$3:DM$6))*(DM$3:DM$6=$GK$3:$GK$6)) -> 0 | DN12: =SUMPRODUCT(NOT(ISBLANK(DN$3:DN$6))*(DN$3:DN$6=$GL$3:$GL$6)) -> 0 | DO12: =SUMPRODUCT(NOT(ISBLANK(DO$3:DO$6))*(DO$3:DO$6=$GM$3:$GM$6)) -> 0 | DP12: =SUMPRODUCT(NOT(ISBLANK(DP$3:DP$6))*(DP$3:DP$6=$GN$3:$GN$6)) -> 0 | DQ12: =SUMPRODUCT(NOT(ISBLANK(DQ$3:DQ$6))*(DQ$3:DQ$6=$GI$3:$GI$6)) -> 0 | DR12: =SUMPRODUCT(NOT(ISBLANK(DR$3:DR$6))*(DR$3:DR$6=$GJ$3:$GJ$6)) -> 0 | DT12: =SUMPRODUCT(NOT(ISBLANK(DT$3:DT$6))*(DT$3:DT$6=$GK$3:$GK$6)) -> 0 | DU12: =SUMPRODUCT(NOT(ISBLANK(DU$3:DU$6))*(DU$3:DU$6=$GL$3:$GL$6)) -> 0 | DV12: =SUMPRODUCT(NOT(ISBLANK(DV$3:DV$6))*(DV$3:DV$6=$GM$3:$GM$6)) -> 0 | DW12: =SUMPRODUCT(NOT(ISBLANK(DW$3:DW$6))*(DW$3:DW$6=$GN$3:$GN$6)) -> 0 | DX12: =SUMPRODUCT(NOT(ISBLANK(DX$3:DX$6))*(DX$3:DX$6=$GI$3:$GI$6)) -> 0 | DY12: =SUMPRODUCT(NOT(ISBLANK(DY$3:DY$6))*(DY$3:DY$6=$GJ$3:$GJ$6)) -> 0 | EA12: =SUMPRODUCT(NOT(ISBLANK(EA$3:EA$6))*(EA$3:EA$6=$GK$3:$GK$6)) -> 0 | EB12: =SUMPRODUCT(NOT(ISBLANK(EB$3:EB$6))*(EB$3:EB$6=$GL$3:$GL$6)) -> 0 | EC12: =SUMPRODUCT(NOT(ISBLANK(EC$3:EC$6))*(EC$3:EC$6=$GM$3:$GM$6)) -> 0 | ED12: =SUMPRODUCT(NOT(ISBLANK(ED$3:ED$6))*(ED$3:ED$6=$GN$3:$GN$6)) -> 0 | EE12: =SUMPRODUCT(NOT(ISBLANK(EE$3:EE$6))*(EE$3:EE$6=$GI$3:$GI$6)) -> 0 | EF12: =SUMPRODUCT(NOT(ISBLANK(EF$3:EF$6))*(EF$3:EF$6=$GJ$3:$GJ$6)) -> 0 | EH12: =SUMPRODUCT(NOT(ISBLANK(EH$3:EH$6))*(EH$3:EH$6=$GK$3:$GK$6)) -> 0 | EI12: =SUMPRODUCT(NOT(ISBLANK(EI$3:EI$6))*(EI$3:EI$6=$GL$3:$GL$6)) -> 0 | EJ12: =SUMPRODUCT(NOT(ISBLANK(EJ$3:EJ$6))*(EJ$3:EJ$6=$GM$3:$GM$6)) -> 0 | EK12: =SUMPRODUCT(NOT(ISBLANK(EK$3:EK$6))*(EK$3:EK$6=$GN$3:$GN$6)) -> 0 | EL12: =SUMPRODUCT(NOT(ISBLANK(EL$3:EL$6))*(EL$3:EL$6=$GI$3:$GI$6)) -> 0 | EM12: =SUMPRODUCT(NOT(ISBLANK(EM$3:EM$6))*(EM$3:EM$6=$GJ$3:$GJ$6)) -> 0 | EO12: =SUMPRODUCT(NOT(ISBLANK(EO$3:EO$6))*(EO$3:EO$6=$GK$3:$GK$6)) -> 0 | EP12: =SUMPRODUCT(NOT(ISBLANK(EP$3:EP$6))*(EP$3:EP$6=$GL$3:$GL$6)) -> 0 | EQ12: =SUMPRODUCT(NOT(ISBLANK(EQ$3:EQ$6))*(EQ$3:EQ$6=$GM$3:$GM$6)) -> 0 | ER12: =SUMPRODUCT(NOT(ISBLANK(ER$3:ER$6))*(ER$3:ER$6=$GN$3:$GN$6)) -> 0 | ES12: =SUMPRODUCT(NOT(ISBLANK(ES$3:ES$6))*(ES$3:ES$6=$GI$3:$GI$6)) -> 0 | ET12: =SUMPRODUCT(NOT(ISBLANK(ET$3:ET$6))*(ET$3:ET$6=$GJ$3:$GJ$6)) -> 0 | EV12: =SUMPRODUCT(NOT(ISBLANK(EV$3:EV$6))*(EV$3:EV$6=$GK$3:$GK$6)) -> 0 | EW12: =SUMPRODUCT(NOT(ISBLANK(EW$3:EW$6))*(EW$3:EW$6=$GL$3:$GL$6)) -> 0 | EX12: =SUMPRODUCT(NOT(ISBLANK(EX$3:EX$6))*(EX$3:EX$6=$GM$3:$GM$6)) -> 0 | EY12: =SUMPRODUCT(NOT(ISBLANK(EY$3:EY$6))*(EY$3:EY$6=$GN$3:$GN$6)) -> 0 | EZ12: =SUMPRODUCT(NOT(ISBLANK(EZ$3:EZ$6))*(EZ$3:EZ$6=$GI$3:$GI$6)) -> 0 | FA12: =SUMPRODUCT(NOT(ISBLANK(FA$3:FA$6))*(FA$3:FA$6=$GJ$3:$GJ$6)) -> 0 | FC12: =SUMPRODUCT(NOT(ISBLANK(FC$3:FC$6))*(FC$3:FC$6=$GK$3:$GK$6)) -> 0 | FD12: =SUMPRODUCT(NOT(ISBLANK(FD$3:FD$6))*(FD$3:FD$6=$GL$3:$GL$6)) -> 0 | FE12: =SUMPRODUCT(NOT(ISBLANK(FE$3:FE$6))*(FE$3:FE$6=$GM$3:$GM$6)) -> 0 | FF12: =SUMPRODUCT(NOT(ISBLANK(FF$3:FF$6))*(FF$3:FF$6=$GN$3:$GN$6)) -> 0 | FG12: =SUMPRODUCT(NOT(ISBLANK(FG$3:FG$6))*(FG$3:FG$6=$GI$3:$GI$6)) -> 0 | FH12: =SUMPRODUCT(NOT(ISBLANK(FH$3:FH$6))*(FH$3:FH$6=$GJ$3:$GJ$6)) -> 0 | FJ12: =SUMPRODUCT(NOT(ISBLANK(FJ$3:FJ$6))*(FJ$3:FJ$6=$GK$3:$GK$6)) -> 0 | FK12: =SUMPRODUCT(NOT(ISBLANK(FK$3:FK$6))*(FK$3:FK$6=$GL$3:$GL$6)) -> 0 | FL12: =SUMPRODUCT(NOT(ISBLANK(FL$3:FL$6))*(FL$3:FL$6=$GM$3:$GM$6)) -> 0 | FM12: =SUMPRODUCT(NOT(ISBLANK(FM$3:FM$6))*(FM$3:FM$6=$GN$3:$GN$6)) -> 0 | FN12: =SUMPRODUCT(NOT(ISBLANK(FN$3:FN$6))*(FN$3:FN$6=$GI$3:$GI$6)) -> 0 | FO12: =SUMPRODUCT(NOT(ISBLANK(FO$3:FO$6))*(FO$3:FO$6=$GJ$3:$GJ$6)) -> 0 | FQ12: =SUMPRODUCT(NOT(ISBLANK(FQ$3:FQ$6))*(FQ$3:FQ$6=$GK$3:$GK$6)) -> 0 | FR12: =SUMPRODUCT(NOT(ISBLANK(FR$3:FR$6))*(FR$3:FR$6=$GL$3:$GL$6)) -> 0 | FS12: =SUMPRODUCT(NOT(ISBLANK(FS$3:FS$6))*(FS$3:FS$6=$GM$3:$GM$6)) -> 0 | FT12: =SUMPRODUCT(NOT(ISBLANK(FT$3:FT$6))*(FT$3:FT$6=$GN$3:$GN$6)) -> 0 | FU12: =SUMPRODUCT(NOT(ISBLANK(FU$3:FU$6))*(FU$3:FU$6=$GI$3:$GI$6)) -> 0 | FV12: =SUMPRODUCT(NOT(ISBLANK(FV$3:FV$6))*(FV$3:FV$6=$GJ$3:$GJ$6)) -> 0 | FX12: =SUMPRODUCT(NOT(ISBLANK(FX$3:FX$6))*(FX$3:FX$6=$GK$3:$GK$6)) -> 0 | FY12: =SUMPRODUCT(NOT(ISBLANK(FY$3:FY$6))*(FY$3:FY$6=$GL$3:$GL$6)) -> 0 | FZ12: =SUMPRODUCT(NOT(ISBLANK(FZ$3:FZ$6))*(FZ$3:FZ$6=$GM$3:$GM$6)) -> 0 | GA12: =SUMPRODUCT(NOT(ISBLANK(GA$3:GA$6))*(GA$3:GA$6=$GN$3:$GN$6)) -> 0 | GB12: =SUMPRODUCT(NOT(ISBLANK(GB$3:GB$6))*(GB$3:GB$6=$GI$3:$GI$6)) -> 0 | GC12: =SUMPRODUCT(NOT(ISBLANK(GC$3:GC$6))*(GC$3:GC$6=$GJ$3:$GJ$6)) -> 0 | GE12: =SUMPRODUCT(NOT(ISBLANK(GE$3:GE$6))*(GE$3:GE$6=$GK$3:$GK$6)) -> 0 | GF12: =SUMPRODUCT(NOT(ISBLANK(GF$3:GF$6))*(GF$3:GF$6=$GL$3:$GL$6)) -> 0 | GG12: =SUMPRODUCT(NOT(ISBLANK(GG$3:GG$6))*(GG$3:GG$6=$GM$3:$GM$6)) -> 0 | GH12: =SUMPRODUCT(NOT(ISBLANK(GH$3:GH$6))*(GH$3:GH$6=$GN$3:$GN$6)) -> 0
A13: BETTER | B13: =SUMPRODUCT(NOT(ISBLANK(B$3:B$6))*(B$3:B$6<$GO$3:$GO$6)) -> 0 | H13: =SUMPRODUCT(NOT(ISBLANK(H$3:H$6))*(H$3:H$6<$GT$3:$GT$6)) -> 0 | I13: =SUMPRODUCT(NOT(ISBLANK(I$3:I$6))*(I$3:I$6<$GO$3:$GO$6)) -> 0 | O13: =SUMPRODUCT(NOT(ISBLANK(O$3:O$6))*(O$3:O$6<$GT$3:$GT$6)) -> 0 | P13: =SUMPRODUCT(NOT(ISBLANK(P$3:P$6))*(P$3:P$6<$GO$3:$GO$6)) -> 0 | V13: =SUMPRODUCT(NOT(ISBLANK(V$3:V$6))*(V$3:V$6<$GT$3:$GT$6)) -> 0 | W13: =SUMPRODUCT(NOT(ISBLANK(W$3:W$6))*(W$3:W$6<$GO$3:$GO$6)) -> 0 | AC13: =SUMPRODUCT(NOT(ISBLANK(AC$3:AC$6))*(AC$3:AC$6<$GT$3:$GT$6)) -> 0 | AD13: =SUMPRODUCT(NOT(ISBLANK(AD$3:AD$6))*(AD$3:AD$6<$GO$3:$GO$6)) -> 0 | AJ13: =SUMPRODUCT(NOT(ISBLANK(AJ$3:AJ$6))*(AJ$3:AJ$6<$GT$3:$GT$6)) -> 0 | AK13: =SUMPRODUCT(NOT(ISBLANK(AK$3:AK$6))*(AK$3:AK$6<$GO$3:$GO$6)) -> 0 | AQ13: =SUMPRODUCT(NOT(ISBLANK(AQ$3:AQ$6))*(AQ$3:AQ$6<$GT$3:$GT$6)) -> 0 | AR13: =SUMPRODUCT(NOT(ISBLANK(AR$3:AR$6))*(AR$3:AR$6<$GO$3:$GO$6)) -> 0 | AX13: =SUMPRODUCT(NOT(ISBLANK(AX$3:AX$6))*(AX$3:AX$6<$GT$3:$GT$6)) -> 0 | AY13: =SUMPRODUCT(NOT(ISBLANK(AY$3:AY$6))*(AY$3:AY$6<$GO$3:$GO$6)) -> 0 | AZ13: =SUMPRODUCT(NOT(ISBLANK(AZ$3:AZ$6))*(AZ$3:AZ$6<$GP$3:$GP$6)) -> 0 | BB13: =SUMPRODUCT(NOT(ISBLANK(BB$3:BB$6))*(BB$3:BB$6<$GQ$3:$GQ$6)) -> 0 | BC13: =SUMPRODUCT(NOT(ISBLANK(BC$3:BC$6))*(BC$3:BC$6<$GR$3:$GR$6)) -> 0 | BD13: =SUMPRODUCT(NOT(ISBLANK(BD$3:BD$6))*(BD$3:BD$6<$GS$3:$GS$6)) -> 0 | BE13: =SUMPRODUCT(NOT(ISBLANK(BE$3:BE$6))*(BE$3:BE$6<$GT$3:$GT$6)) -> 0 | BF13: =SUMPRODUCT(NOT(ISBLANK(BF$3:BF$6))*(BF$3:BF$6<$GO$3:$GO$6)) -> 0 | BG13: =SUMPRODUCT(NOT(ISBLANK(BG$3:BG$6))*(BG$3:BG$6<$GP$3:$GP$6)) -> 0 | BI13: =SUMPRODUCT(NOT(ISBLANK(BI$3:BI$6))*(BI$3:BI$6<$GQ$3:$GQ$6)) -> 0 | BJ13: =SUMPRODUCT(NOT(ISBLANK(BJ$3:BJ$6))*(BJ$3:BJ$6<$GR$3:$GR$6)) -> 0 | BK13: =SUMPRODUCT(NOT(ISBLANK(BK$3:BK$6))*(BK$3:BK$6<$GS$3:$GS$6)) -> 0 | BL13: =SUMPRODUCT(NOT(ISBLANK(BL$3:BL$6))*(BL$3:BL$6<$GT$3:$GT$6)) -> 0 | BM13: =SUMPRODUCT(NOT(ISBLANK(BM$3:BM$6))*(BM$3:BM$6<$GO$3:$GO$6)) -> 0 | BN13: =SUMPRODUCT(NOT(ISBLANK(BN$3:BN$6))*(BN$3:BN$6<$GP$3:$GP$6)) -> 0 | BP13: =SUMPRODUCT(NOT(ISBLANK(BP$3:BP$6))*(BP$3:BP$6<$GQ$3:$GQ$6)) -> 0 | BQ13: =SUMPRODUCT(NOT(ISBLANK(BQ$3:BQ$6))*(BQ$3:BQ$6<$GR$3:$GR$6)) -> 0 | BR13: =SUMPRODUCT(NOT(ISBLANK(BR$3:BR$6))*(BR$3:BR$6<$GS$3:$GS$6)) -> 0 | BS13: =SUMPRODUCT(NOT(ISBLANK(BS$3:BS$6))*(BS$3:BS$6<$GT$3:$GT$6)) -> 0 | BT13: =SUMPRODUCT(NOT(ISBLANK(BT$3:BT$6))*(BT$3:BT$6<$GO$3:$GO$6)) -> 0 | BU13: =SUMPRODUCT(NOT(ISBLANK(BU$3:BU$6))*(BU$3:BU$6<$GP$3:$GP$6)) -> 0 | BW13: =SUMPRODUCT(NOT(ISBLANK(BW$3:BW$6))*(BW$3:BW$6<$GQ$3:$GQ$6)) -> 0 | BX13: =SUMPRODUCT(NOT(ISBLANK(BX$3:BX$6))*(BX$3:BX$6<$GR$3:$GR$6)) -> 0 | BY13: =SUMPRODUCT(NOT(ISBLANK(BY$3:BY$6))*(BY$3:BY$6<$GS$3:$GS$6)) -> 0 | BZ13: =SUMPRODUCT(NOT(ISBLANK(BZ$3:BZ$6))*(BZ$3:BZ$6<$GT$3:$GT$6)) -> 0 | CA13: =SUMPRODUCT(NOT(ISBLANK(CA$3:CA$6))*(CA$3:CA$6<$GO$3:$GO$6)) -> 0 | CB13: =SUMPRODUCT(NOT(ISBLANK(CB$3:CB$6))*(CB$3:CB$6<$GP$3:$GP$6)) -> 0 | CD13: =SUMPRODUCT(NOT(ISBLANK(CD$3:CD$6))*(CD$3:CD$6<$GQ$3:$GQ$6)) -> 0 | CE13: =SUMPRODUCT(NOT(ISBLANK(CE$3:CE$6))*(CE$3:CE$6<$GR$3:$GR$6)) -> 0 | CF13: =SUMPRODUCT(NOT(ISBLANK(CF$3:CF$6))*(CF$3:CF$6<$GS$3:$GS$6)) -> 0 | CG13: =SUMPRODUCT(NOT(ISBLANK(CG$3:CG$6))*(CG$3:CG$6<$GT$3:$GT$6)) -> 0 | CH13: =SUMPRODUCT(NOT(ISBLANK(CH$3:CH$6))*(CH$3:CH$6<$GO$3:$GO$6)) -> 0 | CN13: =SUMPRODUCT(NOT(ISBLANK(CN$3:CN$6))*(CN$3:CN$6<$GT$3:$GT$6)) -> 0 | CO13: =SUMPRODUCT(NOT(ISBLANK(CO$3:CO$6))*(CO$3:CO$6<$GO$3:$GO$6)) -> 0 | CP13: =SUMPRODUCT(NOT(ISBLANK(CP$3:CP$6))*(CP$3:CP$6<$GP$3:$GP$6)) -> 0 | CR13: =SUMPRODUCT(NOT(ISBLANK(CR$3:CR$6))*(CR$3:CR$6<$GQ$3:$GQ$6)) -> 0 | CS13: =SUMPRODUCT(NOT(ISBLANK(CS$3:CS$6))*(CS$3:CS$6<$GR$3:$GR$6)) -> 0 | CT13: =SUMPRODUCT(NOT(ISBLANK(CT$3:CT$6))*(CT$3:CT$6<$GS$3:$GS$6)) -> 0 | CU13: =SUMPRODUCT(NOT(ISBLANK(CU$3:CU$6))*(CU$3:CU$6<$GT$3:$GT$6)) -> 0 | CV13: =SUMPRODUCT(NOT(ISBLANK(CV$3:CV$6))*(CV$3:CV$6<$GO$3:$GO$6)) -> 0 | CW13: =SUMPRODUCT(NOT(ISBLANK(CW$3:CW$6))*(CW$3:CW$6<$GP$3:$GP$6)) -> 0 | CY13: =SUMPRODUCT(NOT(ISBLANK(CY$3:CY$6))*(CY$3:CY$6<$GQ$3:$GQ$6)) -> 0 | CZ13: =SUMPRODUCT(NOT(ISBLANK(CZ$3:CZ$6))*(CZ$3:CZ$6<$GR$3:$GR$6)) -> 0 | DA13: =SUMPRODUCT(NOT(ISBLANK(DA$3:DA$6))*(DA$3:DA$6<$GS$3:$GS$6)) -> 0 | DB13: =SUMPRODUCT(NOT(ISBLANK(DB$3:DB$6))*(DB$3:DB$6<$GT$3:$GT$6)) -> 0 | DC13: =SUMPRODUCT(NOT(ISBLANK(DC$3:DC$6))*(DC$3:DC$6<$GO$3:$GO$6)) -> 0 | DI13: =SUMPRODUCT(NOT(ISBLANK(DI$3:DI$6))*(DI$3:DI$6<$GT$3:$GT$6)) -> 0 | DJ13: =SUMPRODUCT(NOT(ISBLANK(DJ$3:DJ$6))*(DJ$3:DJ$6<$GO$3:$GO$6)) -> 0 | DK13: =SUMPRODUCT(NOT(ISBLANK(DK$3:DK$6))*(DK$3:DK$6<$GP$3:$GP$6)) -> 0 | DM13: =SUMPRODUCT(NOT(ISBLANK(DM$3:DM$6))*(DM$3:DM$6<$GQ$3:$GQ$6)) -> 0 | DN13: =SUMPRODUCT(NOT(ISBLANK(DN$3:DN$6))*(DN$3:DN$6<$GR$3:$GR$6)) -> 0 | DO13: =SUMPRODUCT(NOT(ISBLANK(DO$3:DO$6))*(DO$3:DO$6<$GS$3:$GS$6)) -> 0 | DP13: =SUMPRODUCT(NOT(ISBLANK(DP$3:DP$6))*(DP$3:DP$6<$GT$3:$GT$6)) -> 0 | DQ13: =SUMPRODUCT(NOT(ISBLANK(DQ$3:DQ$6))*(DQ$3:DQ$6<$GO$3:$GO$6)) -> 0 | DR13: =SUMPRODUCT(NOT(ISBLANK(DR$3:DR$6))*(DR$3:DR$6<$GP$3:$GP$6)) -> 0 | DT13: =SUMPRODUCT(NOT(ISBLANK(DT$3:DT$6))*(DT$3:DT$6<$GQ$3:$GQ$6)) -> 0 | DU13: =SUMPRODUCT(NOT(ISBLANK(DU$3:DU$6))*(DU$3:DU$6<$GR$3:$GR$6)) -> 0 | DV13: =SUMPRODUCT(NOT(ISBLANK(DV$3:DV$6))*(DV$3:DV$6<$GS$3:$GS$6)) -> 0 | DW13: =SUMPRODUCT(NOT(ISBLANK(DW$3:DW$6))*(DW$3:DW$6<$GT$3:$GT$6)) -> 0 | DX13: =SUMPRODUCT(NOT(ISBLANK(DX$3:DX$6))*(DX$3:DX$6<$GO$3:$GO$6)) -> 0 | DY13: =SUMPRODUCT(NOT(ISBLANK(DY$3:DY$6))*(DY$3:DY$6<$GP$3:$GP$6)) -> 0 | EA13: =SUMPRODUCT(NOT(ISBLANK(EA$3:EA$6))*(EA$3:EA$6<$GQ$3:$GQ$6)) -> 0 | EB13: =SUMPRODUCT(NOT(ISBLANK(EB$3:EB$6))*(EB$3:EB$6<$GR$3:$GR$6)) -> 0 | EC13: =SUMPRODUCT(NOT(ISBLANK(EC$3:EC$6))*(EC$3:EC$6<$GS$3:$GS$6)) -> 0 | ED13: =SUMPRODUCT(NOT(ISBLANK(ED$3:ED$6))*(ED$3:ED$6<$GT$3:$GT$6)) -> 0 | EE13: =SUMPRODUCT(NOT(ISBLANK(EE$3:EE$6))*(EE$3:EE$6<$GO$3:$GO$6)) -> 0 | EF13: =SUMPRODUCT(NOT(ISBLANK(EF$3:EF$6))*(EF$3:EF$6<$GP$3:$GP$6)) -> 0 | EH13: =SUMPRODUCT(NOT(ISBLANK(EH$3:EH$6))*(EH$3:EH$6<$GQ$3:$GQ$6)) -> 0 | EI13: =SUMPRODUCT(NOT(ISBLANK(EI$3:EI$6))*(EI$3:EI$6<$GR$3:$GR$6)) -> 0 | EJ13: =SUMPRODUCT(NOT(ISBLANK(EJ$3:EJ$6))*(EJ$3:EJ$6<$GS$3:$GS$6)) -> 0 | EK13: =SUMPRODUCT(NOT(ISBLANK(EK$3:EK$6))*(EK$3:EK$6<$GT$3:$GT$6)) -> 0 | EL13: =SUMPRODUCT(NOT(ISBLANK(EL$3:EL$6))*(EL$3:EL$6<$GO$3:$GO$6)) -> 0 | EM13: =SUMPRODUCT(NOT(ISBLANK(EM$3:EM$6))*(EM$3:EM$6<$GP$3:$GP$6)) -> 0 | EO13: =SUMPRODUCT(NOT(ISBLANK(EO$3:EO$6))*(EO$3:EO$6<$GQ$3:$GQ$6)) -> 0 | EP13: =SUMPRODUCT(NOT(ISBLANK(EP$3:EP$6))*(EP$3:EP$6<$GR$3:$GR$6)) -> 0 | EQ13: =SUMPRODUCT(NOT(ISBLANK(EQ$3:EQ$6))*(EQ$3:EQ$6<$GS$3:$GS$6)) -> 0 | ER13: =SUMPRODUCT(NOT(ISBLANK(ER$3:ER$6))*(ER$3:ER$6<$GT$3:$GT$6)) -> 0 | ES13: =SUMPRODUCT(NOT(ISBLANK(ES$3:ES$6))*(ES$3:ES$6<$GO$3:$GO$6)) -> 0 | ET13: =SUMPRODUCT(NOT(ISBLANK(ET$3:ET$6))*(ET$3:ET$6<$GP$3:$GP$6)) -> 0 | EV13: =SUMPRODUCT(NOT(ISBLANK(EV$3:EV$6))*(EV$3:EV$6<$GQ$3:$GQ$6)) -> 0 | EW13: =SUMPRODUCT(NOT(ISBLANK(EW$3:EW$6))*(EW$3:EW$6<$GR$3:$GR$6)) -> 0 | EX13: =SUMPRODUCT(NOT(ISBLANK(EX$3:EX$6))*(EX$3:EX$6<$GS$3:$GS$6)) -> 0 | EY13: =SUMPRODUCT(NOT(ISBLANK(EY$3:EY$6))*(EY$3:EY$6<$GT$3:$GT$6)) -> 0 | EZ13: =SUMPRODUCT(NOT(ISBLANK(EZ$3:EZ$6))*(EZ$3:EZ$6<$GO$3:$GO$6)) -> 0 | FA13: =SUMPRODUCT(NOT(ISBLANK(FA$3:FA$6))*(FA$3:FA$6<$GP$3:$GP$6)) -> 0 | FC13: =SUMPRODUCT(NOT(ISBLANK(FC$3:FC$6))*(FC$3:FC$6<$GQ$3:$GQ$6)) -> 0 | FD13: =SUMPRODUCT(NOT(ISBLANK(FD$3:FD$6))*(FD$3:FD$6<$GR$3:$GR$6)) -> 0 | FE13: =SUMPRODUCT(NOT(ISBLANK(FE$3:FE$6))*(FE$3:FE$6<$GS$3:$GS$6)) -> 0 | FF13: =SUMPRODUCT(NOT(ISBLANK(FF$3:FF$6))*(FF$3:FF$6<$GT$3:$GT$6)) -> 0 | FG13: =SUMPRODUCT(NOT(ISBLANK(FG$3:FG$6))*(FG$3:FG$6<$GO$3:$GO$6)) -> 0 | FH13: =SUMPRODUCT(NOT(ISBLANK(FH$3:FH$6))*(FH$3:FH$6<$GP$3:$GP$6)) -> 0 | FJ13: =SUMPRODUCT(NOT(ISBLANK(FJ$3:FJ$6))*(FJ$3:FJ$6<$GQ$3:$GQ$6)) -> 0 | FK13: =SUMPRODUCT(NOT(ISBLANK(FK$3:FK$6))*(FK$3:FK$6<$GR$3:$GR$6)) -> 0 | FL13: =SUMPRODUCT(NOT(ISBLANK(FL$3:FL$6))*(FL$3:FL$6<$GS$3:$GS$6)) -> 0 | FM13: =SUMPRODUCT(NOT(ISBLANK(FM$3:FM$6))*(FM$3:FM$6<$GT$3:$GT$6)) -> 0 | FN13: =SUMPRODUCT(NOT(ISBLANK(FN$3:FN$6))*(FN$3:FN$6<$GO$3:$GO$6)) -> 0 | FO13: =SUMPRODUCT(NOT(ISBLANK(FO$3:FO$6))*(FO$3:FO$6<$GP$3:$GP$6)) -> 0 | FQ13: =SUMPRODUCT(NOT(ISBLANK(FQ$3:FQ$6))*(FQ$3:FQ$6<$GQ$3:$GQ$6)) -> 0 | FR13: =SUMPRODUCT(NOT(ISBLANK(FR$3:FR$6))*(FR$3:FR$6<$GR$3:$GR$6)) -> 0 | FS13: =SUMPRODUCT(NOT(ISBLANK(FS$3:FS$6))*(FS$3:FS$6<$GS$3:$GS$6)) -> 0 | FT13: =SUMPRODUCT(NOT(ISBLANK(FT$3:FT$6))*(FT$3:FT$6<$GT$3:$GT$6)) -> 0 | FU13: =SUMPRODUCT(NOT(ISBLANK(FU$3:FU$6))*(FU$3:FU$6<$GO$3:$GO$6)) -> 0 | FV13: =SUMPRODUCT(NOT(ISBLANK(FV$3:FV$6))*(FV$3:FV$6<$GP$3:$GP$6)) -> 0 | FX13: =SUMPRODUCT(NOT(ISBLANK(FX$3:FX$6))*(FX$3:FX$6<$GQ$3:$GQ$6)) -> 0 | FY13: =SUMPRODUCT(NOT(ISBLANK(FY$3:FY$6))*(FY$3:FY$6<$GR$3:$GR$6)) -> 0 | FZ13: =SUMPRODUCT(NOT(ISBLANK(FZ$3:FZ$6))*(FZ$3:FZ$6<$GS$3:$GS$6)) -> 0 | GA13: =SUMPRODUCT(NOT(ISBLANK(GA$3:GA$6))*(GA$3:GA$6<$GT$3:$GT$6)) -> 0 | GB13: =SUMPRODUCT(NOT(ISBLANK(GB$3:GB$6))*(GB$3:GB$6<$GO$3:$GO$6)) -> 0 | GC13: =SUMPRODUCT(NOT(ISBLANK(GC$3:GC$6))*(GC$3:GC$6<$GP$3:$GP$6)) -> 0 | GE13: =SUMPRODUCT(NOT(ISBLANK(GE$3:GE$6))*(GE$3:GE$6<$GQ$3:$GQ$6)) -> 0 | GF13: =SUMPRODUCT(NOT(ISBLANK(GF$3:GF$6))*(GF$3:GF$6<$GR$3:$GR$6)) -> 0 | GG13: =SUMPRODUCT(NOT(ISBLANK(GG$3:GG$6))*(GG$3:GG$6<$GS$3:$GS$6)) -> 0 | GH13: =SUMPRODUCT(NOT(ISBLANK(GH$3:GH$6))*(GH$3:GH$6<$GT$3:$GT$6)) -> 0
A14: WORSE | B14: =SUMPRODUCT((NOT(ISBLANK(B$3:B$6))*(B$3:B$6>$GO$3:$GO$6))+ISBLANK(B$3:B$6)) -> 0 | H14: =SUMPRODUCT((NOT(ISBLANK(H$3:H$6))*(H$3:H$6>$GT$3:$GT$6))+ISBLANK(H$3:H$6)) -> 0 | I14: =SUMPRODUCT((NOT(ISBLANK(I$3:I$6))*(I$3:I$6>$GO$3:$GO$6))+ISBLANK(I$3:I$6)) -> 0 | O14: =SUMPRODUCT((NOT(ISBLANK(O$3:O$6))*(O$3:O$6>$GT$3:$GT$6))+ISBLANK(O$3:O$6)) -> 0 | P14: =SUMPRODUCT((NOT(ISBLANK(P$3:P$6))*(P$3:P$6>$GO$3:$GO$6))+ISBLANK(P$3:P$6)) -> 0 | V14: =SUMPRODUCT((NOT(ISBLANK(V$3:V$6))*(V$3:V$6>$GT$3:$GT$6))+ISBLANK(V$3:V$6)) -> 0 | W14: =SUMPRODUCT((NOT(ISBLANK(W$3:W$6))*(W$3:W$6>$GO$3:$GO$6))+ISBLANK(W$3:W$6)) -> 0 | AC14: =SUMPRODUCT((NOT(ISBLANK(AC$3:AC$6))*(AC$3:AC$6>$GT$3:$GT$6))+ISBLANK(AC$3:AC$6)) -> 0 | AD14: =SUMPRODUCT((NOT(ISBLANK(AD$3:AD$6))*(AD$3:AD$6>$GO$3:$GO$6))+ISBLANK(AD$3:AD$6)) -> 0 | AJ14: =SUMPRODUCT((NOT(ISBLANK(AJ$3:AJ$6))*(AJ$3:AJ$6>$GT$3:$GT$6))+ISBLANK(AJ$3:AJ$6)) -> 0 | AK14: =SUMPRODUCT((NOT(ISBLANK(AK$3:AK$6))*(AK$3:AK$6>$GO$3:$GO$6))+ISBLANK(AK$3:AK$6)) -> 0 | AQ14: =SUMPRODUCT((NOT(ISBLANK(AQ$3:AQ$6))*(AQ$3:AQ$6>$GT$3:$GT$6))+ISBLANK(AQ$3:AQ$6)) -> 0 | AR14: =SUMPRODUCT((NOT(ISBLANK(AR$3:AR$6))*(AR$3:AR$6>$GO$3:$GO$6))+ISBLANK(AR$3:AR$6)) -> 0 | AX14: =SUMPRODUCT((NOT(ISBLANK(AX$3:AX$6))*(AX$3:AX$6>$GT$3:$GT$6))+ISBLANK(AX$3:AX$6)) -> 0 | AY14: =SUMPRODUCT((NOT(ISBLANK(AY$3:AY$6))*(AY$3:AY$6>$GO$3:$GO$6))+ISBLANK(AY$3:AY$6)) -> 0 | AZ14: =SUMPRODUCT((NOT(ISBLANK(AZ$3:AZ$6))*(AZ$3:AZ$6>$GP$3:$GP$6))+ISBLANK(AZ$3:AZ$6)) -> 0 | BB14: =SUMPRODUCT((NOT(ISBLANK(BB$3:BB$6))*(BB$3:BB$6>$GQ$3:$GQ$6))+ISBLANK(BB$3:BB$6)) -> 0 | BC14: =SUMPRODUCT((NOT(ISBLANK(BC$3:BC$6))*(BC$3:BC$6>$GR$3:$GR$6))+ISBLANK(BC$3:BC$6)) -> 0 | BD14: =SUMPRODUCT((NOT(ISBLANK(BD$3:BD$6))*(BD$3:BD$6>$GS$3:$GS$6))+ISBLANK(BD$3:BD$6)) -> 0 | BE14: =SUMPRODUCT((NOT(ISBLANK(BE$3:BE$6))*(BE$3:BE$6>$GT$3:$GT$6))+ISBLANK(BE$3:BE$6)) -> 0 | BF14: =SUMPRODUCT((NOT(ISBLANK(BF$3:BF$6))*(BF$3:BF$6>$GO$3:$GO$6))+ISBLANK(BF$3:BF$6)) -> 0 | BG14: =SUMPRODUCT((NOT(ISBLANK(BG$3:BG$6))*(BG$3:BG$6>$GP$3:$GP$6))+ISBLANK(BG$3:BG$6)) -> 0 | BI14: =SUMPRODUCT((NOT(ISBLANK(BI$3:BI$6))*(BI$3:BI$6>$GQ$3:$GQ$6))+ISBLANK(BI$3:BI$6)) -> 0 | BJ14: =SUMPRODUCT((NOT(ISBLANK(BJ$3:BJ$6))*(BJ$3:BJ$6>$GR$3:$GR$6))+ISBLANK(BJ$3:BJ$6)) -> 0 | BK14: =SUMPRODUCT((NOT(ISBLANK(BK$3:BK$6))*(BK$3:BK$6>$GS$3:$GS$6))+ISBLANK(BK$3:BK$6)) -> 0 | BL14: =SUMPRODUCT((NOT(ISBLANK(BL$3:BL$6))*(BL$3:BL$6>$GT$3:$GT$6))+ISBLANK(BL$3:BL$6)) -> 0 | BM14: =SUMPRODUCT((NOT(ISBLANK(BM$3:BM$6))*(BM$3:BM$6>$GO$3:$GO$6))+ISBLANK(BM$3:BM$6)) -> 0 | BN14: =SUMPRODUCT((NOT(ISBLANK(BN$3:BN$6))*(BN$3:BN$6>$GP$3:$GP$6))+ISBLANK(BN$3:BN$6)) -> 0 | BP14: =SUMPRODUCT((NOT(ISBLANK(BP$3:BP$6))*(BP$3:BP$6>$GQ$3:$GQ$6))+ISBLANK(BP$3:BP$6)) -> 0 | BQ14: =SUMPRODUCT((NOT(ISBLANK(BQ$3:BQ$6))*(BQ$3:BQ$6>$GR$3:$GR$6))+ISBLANK(BQ$3:BQ$6)) -> 0 | BR14: =SUMPRODUCT((NOT(ISBLANK(BR$3:BR$6))*(BR$3:BR$6>$GS$3:$GS$6))+ISBLANK(BR$3:BR$6)) -> 0 | BS14: =SUMPRODUCT((NOT(ISBLANK(BS$3:BS$6))*(BS$3:BS$6>$GT$3:$GT$6))+ISBLANK(BS$3:BS$6)) -> 0 | BT14: =SUMPRODUCT((NOT(ISBLANK(BT$3:BT$6))*(BT$3:BT$6>$GO$3:$GO$6))+ISBLANK(BT$3:BT$6)) -> 0 | BU14: =SUMPRODUCT((NOT(ISBLANK(BU$3:BU$6))*(BU$3:BU$6>$GP$3:$GP$6))+ISBLANK(BU$3:BU$6)) -> 0 | BW14: =SUMPRODUCT((NOT(ISBLANK(BW$3:BW$6))*(BW$3:BW$6>$GQ$3:$GQ$6))+ISBLANK(BW$3:BW$6)) -> 0 | BX14: =SUMPRODUCT((NOT(ISBLANK(BX$3:BX$6))*(BX$3:BX$6>$GR$3:$GR$6))+ISBLANK(BX$3:BX$6)) -> 0 | BY14: =SUMPRODUCT((NOT(ISBLANK(BY$3:BY$6))*(BY$3:BY$6>$GS$3:$GS$6))+ISBLANK(BY$3:BY$6)) -> 0 | BZ14: =SUMPRODUCT((NOT(ISBLANK(BZ$3:BZ$6))*(BZ$3:BZ$6>$GT$3:$GT$6))+ISBLANK(BZ$3:BZ$6)) -> 0 | CA14: =SUMPRODUCT((NOT(ISBLANK(CA$3:CA$6))*(CA$3:CA$6>$GO$3:$GO$6))+ISBLANK(CA$3:CA$6)) -> 0 | CB14: =SUMPRODUCT((NOT(ISBLANK(CB$3:CB$6))*(CB$3:CB$6>$GP$3:$GP$6))+ISBLANK(CB$3:CB$6)) -> 0 | CD14: =SUMPRODUCT((NOT(ISBLANK(CD$3:CD$6))*(CD$3:CD$6>$GQ$3:$GQ$6))+ISBLANK(CD$3:CD$6)) -> 0 | CE14: =SUMPRODUCT((NOT(ISBLANK(CE$3:CE$6))*(CE$3:CE$6>$GR$3:$GR$6))+ISBLANK(CE$3:CE$6)) -> 0 | CF14: =SUMPRODUCT((NOT(ISBLANK(CF$3:CF$6))*(CF$3:CF$6>$GS$3:$GS$6))+ISBLANK(CF$3:CF$6)) -> 0 | CG14: =SUMPRODUCT((NOT(ISBLANK(CG$3:CG$6))*(CG$3:CG$6>$GT$3:$GT$6))+ISBLANK(CG$3:CG$6)) -> 0 | CH14: =SUMPRODUCT((NOT(ISBLANK(CH$3:CH$6))*(CH$3:CH$6>$GO$3:$GO$6))+ISBLANK(CH$3:CH$6)) -> 0 | CN14: =SUMPRODUCT((NOT(ISBLANK(CN$3:CN$6))*(CN$3:CN$6>$GT$3:$GT$6))+ISBLANK(CN$3:CN$6)) -> 0 | CO14: =SUMPRODUCT((NOT(ISBLANK(CO$3:CO$6))*(CO$3:CO$6>$GO$3:$GO$6))+ISBLANK(CO$3:CO$6)) -> 0 | CP14: =SUMPRODUCT((NOT(ISBLANK(CP$3:CP$6))*(CP$3:CP$6>$GP$3:$GP$6))+ISBLANK(CP$3:CP$6)) -> 0 | CR14: =SUMPRODUCT((NOT(ISBLANK(CR$3:CR$6))*(CR$3:CR$6>$GQ$3:$GQ$6))+ISBLANK(CR$3:CR$6)) -> 0 | CS14: =SUMPRODUCT((NOT(ISBLANK(CS$3:CS$6))*(CS$3:CS$6>$GR$3:$GR$6))+ISBLANK(CS$3:CS$6)) -> 0 | CT14: =SUMPRODUCT((NOT(ISBLANK(CT$3:CT$6))*(CT$3:CT$6>$GS$3:$GS$6))+ISBLANK(CT$3:CT$6)) -> 0 | CU14: =SUMPRODUCT((NOT(ISBLANK(CU$3:CU$6))*(CU$3:CU$6>$GT$3:$GT$6))+ISBLANK(CU$3:CU$6)) -> 0 | CV14: =SUMPRODUCT((NOT(ISBLANK(CV$3:CV$6))*(CV$3:CV$6>$GO$3:$GO$6))+ISBLANK(CV$3:CV$6)) -> 0 | CW14: =SUMPRODUCT((NOT(ISBLANK(CW$3:CW$6))*(CW$3:CW$6>$GP$3:$GP$6))+ISBLANK(CW$3:CW$6)) -> 0 | CY14: =SUMPRODUCT((NOT(ISBLANK(CY$3:CY$6))*(CY$3:CY$6>$GQ$3:$GQ$6))+ISBLANK(CY$3:CY$6)) -> 0 | CZ14: =SUMPRODUCT((NOT(ISBLANK(CZ$3:CZ$6))*(CZ$3:CZ$6>$GR$3:$GR$6))+ISBLANK(CZ$3:CZ$6)) -> 0 | DA14: =SUMPRODUCT((NOT(ISBLANK(DA$3:DA$6))*(DA$3:DA$6>$GS$3:$GS$6))+ISBLANK(DA$3:DA$6)) -> 0 | DB14: =SUMPRODUCT((NOT(ISBLANK(DB$3:DB$6))*(DB$3:DB$6>$GT$3:$GT$6))+ISBLANK(DB$3:DB$6)) -> 0 | DC14: =SUMPRODUCT((NOT(ISBLANK(DC$3:DC$6))*(DC$3:DC$6>$GO$3:$GO$6))+ISBLANK(DC$3:DC$6)) -> 0 | DI14: =SUMPRODUCT((NOT(ISBLANK(DI$3:DI$6))*(DI$3:DI$6>$GT$3:$GT$6))+ISBLANK(DI$3:DI$6)) -> 0 | DJ14: =SUMPRODUCT((NOT(ISBLANK(DJ$3:DJ$6))*(DJ$3:DJ$6>$GO$3:$GO$6))+ISBLANK(DJ$3:DJ$6)) -> 0 | DK14: =SUMPRODUCT((NOT(ISBLANK(DK$3:DK$6))*(DK$3:DK$6>$GP$3:$GP$6))+ISBLANK(DK$3:DK$6)) -> 0 | DM14: =SUMPRODUCT((NOT(ISBLANK(DM$3:DM$6))*(DM$3:DM$6>$GQ$3:$GQ$6))+ISBLANK(DM$3:DM$6)) -> 0 | DN14: =SUMPRODUCT((NOT(ISBLANK(DN$3:DN$6))*(DN$3:DN$6>$GR$3:$GR$6))+ISBLANK(DN$3:DN$6)) -> 0 | DO14: =SUMPRODUCT((NOT(ISBLANK(DO$3:DO$6))*(DO$3:DO$6>$GS$3:$GS$6))+ISBLANK(DO$3:DO$6)) -> 0 | DP14: =SUMPRODUCT((NOT(ISBLANK(DP$3:DP$6))*(DP$3:DP$6>$GT$3:$GT$6))+ISBLANK(DP$3:DP$6)) -> 0 | DQ14: =SUMPRODUCT((NOT(ISBLANK(DQ$3:DQ$6))*(DQ$3:DQ$6>$GO$3:$GO$6))+ISBLANK(DQ$3:DQ$6)) -> 0 | DR14: =SUMPRODUCT((NOT(ISBLANK(DR$3:DR$6))*(DR$3:DR$6>$GP$3:$GP$6))+ISBLANK(DR$3:DR$6)) -> 0 | DT14: =SUMPRODUCT((NOT(ISBLANK(DT$3:DT$6))*(DT$3:DT$6>$GQ$3:$GQ$6))+ISBLANK(DT$3:DT$6)) -> 0 | DU14: =SUMPRODUCT((NOT(ISBLANK(DU$3:DU$6))*(DU$3:DU$6>$GR$3:$GR$6))+ISBLANK(DU$3:DU$6)) -> 0 | DV14: =SUMPRODUCT((NOT(ISBLANK(DV$3:DV$6))*(DV$3:DV$6>$GS$3:$GS$6))+ISBLANK(DV$3:DV$6)) -> 0 | DW14: =SUMPRODUCT((NOT(ISBLANK(DW$3:DW$6))*(DW$3:DW$6>$GT$3:$GT$6))+ISBLANK(DW$3:DW$6)) -> 0 | DX14: =SUMPRODUCT((NOT(ISBLANK(DX$3:DX$6))*(DX$3:DX$6>$GO$3:$GO$6))+ISBLANK(DX$3:DX$6)) -> 0 | DY14: =SUMPRODUCT((NOT(ISBLANK(DY$3:DY$6))*(DY$3:DY$6>$GP$3:$GP$6))+ISBLANK(DY$3:DY$6)) -> 0 | EA14: =SUMPRODUCT((NOT(ISBLANK(EA$3:EA$6))*(EA$3:EA$6>$GQ$3:$GQ$6))+ISBLANK(EA$3:EA$6)) -> 0 | EB14: =SUMPRODUCT((NOT(ISBLANK(EB$3:EB$6))*(EB$3:EB$6>$GR$3:$GR$6))+ISBLANK(EB$3:EB$6)) -> 0 | EC14: =SUMPRODUCT((NOT(ISBLANK(EC$3:EC$6))*(EC$3:EC$6>$GS$3:$GS$6))+ISBLANK(EC$3:EC$6)) -> 0 | ED14: =SUMPRODUCT((NOT(ISBLANK(ED$3:ED$6))*(ED$3:ED$6>$GT$3:$GT$6))+ISBLANK(ED$3:ED$6)) -> 0 | EE14: =SUMPRODUCT((NOT(ISBLANK(EE$3:EE$6))*(EE$3:EE$6>$GO$3:$GO$6))+ISBLANK(EE$3:EE$6)) -> 0 | EF14: =SUMPRODUCT((NOT(ISBLANK(EF$3:EF$6))*(EF$3:EF$6>$GP$3:$GP$6))+ISBLANK(EF$3:EF$6)) -> 0 | EH14: =SUMPRODUCT((NOT(ISBLANK(EH$3:EH$6))*(EH$3:EH$6>$GQ$3:$GQ$6))+ISBLANK(EH$3:EH$6)) -> 0 | EI14: =SUMPRODUCT((NOT(ISBLANK(EI$3:EI$6))*(EI$3:EI$6>$GR$3:$GR$6))+ISBLANK(EI$3:EI$6)) -> 0 | EJ14: =SUMPRODUCT((NOT(ISBLANK(EJ$3:EJ$6))*(EJ$3:EJ$6>$GS$3:$GS$6))+ISBLANK(EJ$3:EJ$6)) -> 0 | EK14: =SUMPRODUCT((NOT(ISBLANK(EK$3:EK$6))*(EK$3:EK$6>$GT$3:$GT$6))+ISBLANK(EK$3:EK$6)) -> 0 | EL14: =SUMPRODUCT((NOT(ISBLANK(EL$3:EL$6))*(EL$3:EL$6>$GO$3:$GO$6))+ISBLANK(EL$3:EL$6)) -> 0 | EM14: =SUMPRODUCT((NOT(ISBLANK(EM$3:EM$6))*(EM$3:EM$6>$GP$3:$GP$6))+ISBLANK(EM$3:EM$6)) -> 0 | EO14: =SUMPRODUCT((NOT(ISBLANK(EO$3:EO$6))*(EO$3:EO$6>$GQ$3:$GQ$6))+ISBLANK(EO$3:EO$6)) -> 0 | EP14: =SUMPRODUCT((NOT(ISBLANK(EP$3:EP$6))*(EP$3:EP$6>$GR$3:$GR$6))+ISBLANK(EP$3:EP$6)) -> 0 | EQ14: =SUMPRODUCT((NOT(ISBLANK(EQ$3:EQ$6))*(EQ$3:EQ$6>$GS$3:$GS$6))+ISBLANK(EQ$3:EQ$6)) -> 0 | ER14: =SUMPRODUCT((NOT(ISBLANK(ER$3:ER$6))*(ER$3:ER$6>$GT$3:$GT$6))+ISBLANK(ER$3:ER$6)) -> 0 | ES14: =SUMPRODUCT((NOT(ISBLANK(ES$3:ES$6))*(ES$3:ES$6>$GO$3:$GO$6))+ISBLANK(ES$3:ES$6)) -> 0 | ET14: =SUMPRODUCT((NOT(ISBLANK(ET$3:ET$6))*(ET$3:ET$6>$GP$3:$GP$6))+ISBLANK(ET$3:ET$6)) -> 0 | EV14: =SUMPRODUCT((NOT(ISBLANK(EV$3:EV$6))*(EV$3:EV$6>$GQ$3:$GQ$6))+ISBLANK(EV$3:EV$6)) -> 0 | EW14: =SUMPRODUCT((NOT(ISBLANK(EW$3:EW$6))*(EW$3:EW$6>$GR$3:$GR$6))+ISBLANK(EW$3:EW$6)) -> 0 | EX14: =SUMPRODUCT((NOT(ISBLANK(EX$3:EX$6))*(EX$3:EX$6>$GS$3:$GS$6))+ISBLANK(EX$3:EX$6)) -> 0 | EY14: =SUMPRODUCT((NOT(ISBLANK(EY$3:EY$6))*(EY$3:EY$6>$GT$3:$GT$6))+ISBLANK(EY$3:EY$6)) -> 0 | EZ14: =SUMPRODUCT((NOT(ISBLANK(EZ$3:EZ$6))*(EZ$3:EZ$6>$GO$3:$GO$6))+ISBLANK(EZ$3:EZ$6)) -> 0 | FA14: =SUMPRODUCT((NOT(ISBLANK(FA$3:FA$6))*(FA$3:FA$6>$GP$3:$GP$6))+ISBLANK(FA$3:FA$6)) -> 0 | FC14: =SUMPRODUCT((NOT(ISBLANK(FC$3:FC$6))*(FC$3:FC$6>$GQ$3:$GQ$6))+ISBLANK(FC$3:FC$6)) -> 0 | FD14: =SUMPRODUCT((NOT(ISBLANK(FD$3:FD$6))*(FD$3:FD$6>$GR$3:$GR$6))+ISBLANK(FD$3:FD$6)) -> 0 | FE14: =SUMPRODUCT((NOT(ISBLANK(FE$3:FE$6))*(FE$3:FE$6>$GS$3:$GS$6))+ISBLANK(FE$3:FE$6)) -> 0 | FF14: =SUMPRODUCT((NOT(ISBLANK(FF$3:FF$6))*(FF$3:FF$6>$GT$3:$GT$6))+ISBLANK(FF$3:FF$6)) -> 0 | FG14: =SUMPRODUCT((NOT(ISBLANK(FG$3:FG$6))*(FG$3:FG$6>$GO$3:$GO$6))+ISBLANK(FG$3:FG$6)) -> 0 | FH14: =SUMPRODUCT((NOT(ISBLANK(FH$3:FH$6))*(FH$3:FH$6>$GP$3:$GP$6))+ISBLANK(FH$3:FH$6)) -> 0 | FJ14: =SUMPRODUCT((NOT(ISBLANK(FJ$3:FJ$6))*(FJ$3:FJ$6>$GQ$3:$GQ$6))+ISBLANK(FJ$3:FJ$6)) -> 0 | FK14: =SUMPRODUCT((NOT(ISBLANK(FK$3:FK$6))*(FK$3:FK$6>$GR$3:$GR$6))+ISBLANK(FK$3:FK$6)) -> 0 | FL14: =SUMPRODUCT((NOT(ISBLANK(FL$3:FL$6))*(FL$3:FL$6>$GS$3:$GS$6))+ISBLANK(FL$3:FL$6)) -> 0 | FM14: =SUMPRODUCT((NOT(ISBLANK(FM$3:FM$6))*(FM$3:FM$6>$GT$3:$GT$6))+ISBLANK(FM$3:FM$6)) -> 0 | FN14: =SUMPRODUCT((NOT(ISBLANK(FN$3:FN$6))*(FN$3:FN$6>$GO$3:$GO$6))+ISBLANK(FN$3:FN$6)) -> 0 | FO14: =SUMPRODUCT((NOT(ISBLANK(FO$3:FO$6))*(FO$3:FO$6>$GP$3:$GP$6))+ISBLANK(FO$3:FO$6)) -> 0 | FQ14: =SUMPRODUCT((NOT(ISBLANK(FQ$3:FQ$6))*(FQ$3:FQ$6>$GQ$3:$GQ$6))+ISBLANK(FQ$3:FQ$6)) -> 0 | FR14: =SUMPRODUCT((NOT(ISBLANK(FR$3:FR$6))*(FR$3:FR$6>$GR$3:$GR$6))+ISBLANK(FR$3:FR$6)) -> 0 | FS14: =SUMPRODUCT((NOT(ISBLANK(FS$3:FS$6))*(FS$3:FS$6>$GS$3:$GS$6))+ISBLANK(FS$3:FS$6)) -> 0 | FT14: =SUMPRODUCT((NOT(ISBLANK(FT$3:FT$6))*(FT$3:FT$6>$GT$3:$GT$6))+ISBLANK(FT$3:FT$6)) -> 0 | FU14: =SUMPRODUCT((NOT(ISBLANK(FU$3:FU$6))*(FU$3:FU$6>$GO$3:$GO$6))+ISBLANK(FU$3:FU$6)) -> 0 | FV14: =SUMPRODUCT((NOT(ISBLANK(FV$3:FV$6))*(FV$3:FV$6>$GP$3:$GP$6))+ISBLANK(FV$3:FV$6)) -> 0 | FX14: =SUMPRODUCT((NOT(ISBLANK(FX$3:FX$6))*(FX$3:FX$6>$GQ$3:$GQ$6))+ISBLANK(FX$3:FX$6)) -> 0 | FY14: =SUMPRODUCT((NOT(ISBLANK(FY$3:FY$6))*(FY$3:FY$6>$GR$3:$GR$6))+ISBLANK(FY$3:FY$6)) -> 0 | FZ14: =SUMPRODUCT((NOT(ISBLANK(FZ$3:FZ$6))*(FZ$3:FZ$6>$GS$3:$GS$6))+ISBLANK(FZ$3:FZ$6)) -> 0 | GA14: =SUMPRODUCT((NOT(ISBLANK(GA$3:GA$6))*(GA$3:GA$6>$GT$3:$GT$6))+ISBLANK(GA$3:GA$6)) -> 0 | GB14: =SUMPRODUCT((NOT(ISBLANK(GB$3:GB$6))*(GB$3:GB$6>$GO$3:$GO$6))+ISBLANK(GB$3:GB$6)) -> 0 | GC14: =SUMPRODUCT((NOT(ISBLANK(GC$3:GC$6))*(GC$3:GC$6>$GP$3:$GP$6))+ISBLANK(GC$3:GC$6)) -> 0 | GE14: =SUMPRODUCT((NOT(ISBLANK(GE$3:GE$6))*(GE$3:GE$6>$GQ$3:$GQ$6))+ISBLANK(GE$3:GE$6)) -> 0 | GF14: =SUMPRODUCT((NOT(ISBLANK(GF$3:GF$6))*(GF$3:GF$6>$GR$3:$GR$6))+ISBLANK(GF$3:GF$6)) -> 0 | GG14: =SUMPRODUCT((NOT(ISBLANK(GG$3:GG$6))*(GG$3:GG$6>$GS$3:$GS$6))+ISBLANK(GG$3:GG$6)) -> 0 | GH14: =SUMPRODUCT((NOT(ISBLANK(GH$3:GH$6))*(GH$3:GH$6>$GT$3:$GT$6))+ISBLANK(GH$3:GH$6)) -> 0
A15: WORST | B15: =SUMPRODUCT((NOT(ISBLANK(B$3:B$6))*(B$3:B$6=$GU$3:$GU$6))+ISBLANK(B$3:B$6)) -> 0 | H15: =SUMPRODUCT((NOT(ISBLANK(H$3:H$6))*(H$3:H$6=$GZ$3:$GZ$6))+ISBLANK(H$3:H$6)) -> 0 | I15: =SUMPRODUCT((NOT(ISBLANK(I$3:I$6))*(I$3:I$6=$GU$3:$GU$6))+ISBLANK(I$3:I$6)) -> 0 | O15: =SUMPRODUCT((NOT(ISBLANK(O$3:O$6))*(O$3:O$6=$GZ$3:$GZ$6))+ISBLANK(O$3:O$6)) -> 0 | P15: =SUMPRODUCT((NOT(ISBLANK(P$3:P$6))*(P$3:P$6=$GU$3:$GU$6))+ISBLANK(P$3:P$6)) -> 0 | V15: =SUMPRODUCT((NOT(ISBLANK(V$3:V$6))*(V$3:V$6=$GZ$3:$GZ$6))+ISBLANK(V$3:V$6)) -> 0 | W15: =SUMPRODUCT((NOT(ISBLANK(W$3:W$6))*(W$3:W$6=$GU$3:$GU$6))+ISBLANK(W$3:W$6)) -> 0 | AC15: =SUMPRODUCT((NOT(ISBLANK(AC$3:AC$6))*(AC$3:AC$6=$GZ$3:$GZ$6))+ISBLANK(AC$3:AC$6)) -> 0 | AD15: =SUMPRODUCT((NOT(ISBLANK(AD$3:AD$6))*(AD$3:AD$6=$GU$3:$GU$6))+ISBLANK(AD$3:AD$6)) -> 0 | AJ15: =SUMPRODUCT((NOT(ISBLANK(AJ$3:AJ$6))*(AJ$3:AJ$6=$GZ$3:$GZ$6))+ISBLANK(AJ$3:AJ$6)) -> 0 | AK15: =SUMPRODUCT((NOT(ISBLANK(AK$3:AK$6))*(AK$3:AK$6=$GU$3:$GU$6))+ISBLANK(AK$3:AK$6)) -> 0 | AQ15: =SUMPRODUCT((NOT(ISBLANK(AQ$3:AQ$6))*(AQ$3:AQ$6=$GZ$3:$GZ$6))+ISBLANK(AQ$3:AQ$6)) -> 0 | AR15: =SUMPRODUCT((NOT(ISBLANK(AR$3:AR$6))*(AR$3:AR$6=$GU$3:$GU$6))+ISBLANK(AR$3:AR$6)) -> 0 | AX15: =SUMPRODUCT((NOT(ISBLANK(AX$3:AX$6))*(AX$3:AX$6=$GZ$3:$GZ$6))+ISBLANK(AX$3:AX$6)) -> 0 | AY15: =SUMPRODUCT((NOT(ISBLANK(AY$3:AY$6))*(AY$3:AY$6=$GU$3:$GU$6))+ISBLANK(AY$3:AY$6)) -> 0 | AZ15: =SUMPRODUCT((NOT(ISBLANK(AZ$3:AZ$6))*(AZ$3:AZ$6=$GV$3:$GV$6))+ISBLANK(AZ$3:AZ$6)) -> 0 | BB15: =SUMPRODUCT((NOT(ISBLANK(BB$3:BB$6))*(BB$3:BB$6=$GW$3:$GW$6))+ISBLANK(BB$3:BB$6)) -> 0 | BC15: =SUMPRODUCT((NOT(ISBLANK(BC$3:BC$6))*(BC$3:BC$6=$GX$3:$GX$6))+ISBLANK(BC$3:BC$6)) -> 0 | BD15: =SUMPRODUCT((NOT(ISBLANK(BD$3:BD$6))*(BD$3:BD$6=$GY$3:$GY$6))+ISBLANK(BD$3:BD$6)) -> 0 | BE15: =SUMPRODUCT((NOT(ISBLANK(BE$3:BE$6))*(BE$3:BE$6=$GZ$3:$GZ$6))+ISBLANK(BE$3:BE$6)) -> 0 | BF15: =SUMPRODUCT((NOT(ISBLANK(BF$3:BF$6))*(BF$3:BF$6=$GU$3:$GU$6))+ISBLANK(BF$3:BF$6)) -> 0 | BG15: =SUMPRODUCT((NOT(ISBLANK(BG$3:BG$6))*(BG$3:BG$6=$GV$3:$GV$6))+ISBLANK(BG$3:BG$6)) -> 0 | BI15: =SUMPRODUCT((NOT(ISBLANK(BI$3:BI$6))*(BI$3:BI$6=$GW$3:$GW$6))+ISBLANK(BI$3:BI$6)) -> 0 | BJ15: =SUMPRODUCT((NOT(ISBLANK(BJ$3:BJ$6))*(BJ$3:BJ$6=$GX$3:$GX$6))+ISBLANK(BJ$3:BJ$6)) -> 0 | BK15: =SUMPRODUCT((NOT(ISBLANK(BK$3:BK$6))*(BK$3:BK$6=$GY$3:$GY$6))+ISBLANK(BK$3:BK$6)) -> 0 | BL15: =SUMPRODUCT((NOT(ISBLANK(BL$3:BL$6))*(BL$3:BL$6=$GZ$3:$GZ$6))+ISBLANK(BL$3:BL$6)) -> 0 | BM15: =SUMPRODUCT((NOT(ISBLANK(BM$3:BM$6))*(BM$3:BM$6=$GU$3:$GU$6))+ISBLANK(BM$3:BM$6)) -> 0 | BN15: =SUMPRODUCT((NOT(ISBLANK(BN$3:BN$6))*(BN$3:BN$6=$GV$3:$GV$6))+ISBLANK(BN$3:BN$6)) -> 0 | BP15: =SUMPRODUCT((NOT(ISBLANK(BP$3:BP$6))*(BP$3:BP$6=$GW$3:$GW$6))+ISBLANK(BP$3:BP$6)) -> 0 | BQ15: =SUMPRODUCT((NOT(ISBLANK(BQ$3:BQ$6))*(BQ$3:BQ$6=$GX$3:$GX$6))+ISBLANK(BQ$3:BQ$6)) -> 0 | BR15: =SUMPRODUCT((NOT(ISBLANK(BR$3:BR$6))*(BR$3:BR$6=$GY$3:$GY$6))+ISBLANK(BR$3:BR$6)) -> 0 | BS15: =SUMPRODUCT((NOT(ISBLANK(BS$3:BS$6))*(BS$3:BS$6=$GZ$3:$GZ$6))+ISBLANK(BS$3:BS$6)) -> 0 | BT15: =SUMPRODUCT((NOT(ISBLANK(BT$3:BT$6))*(BT$3:BT$6=$GU$3:$GU$6))+ISBLANK(BT$3:BT$6)) -> 0 | BU15: =SUMPRODUCT((NOT(ISBLANK(BU$3:BU$6))*(BU$3:BU$6=$GV$3:$GV$6))+ISBLANK(BU$3:BU$6)) -> 0 | BW15: =SUMPRODUCT((NOT(ISBLANK(BW$3:BW$6))*(BW$3:BW$6=$GW$3:$GW$6))+ISBLANK(BW$3:BW$6)) -> 0 | BX15: =SUMPRODUCT((NOT(ISBLANK(BX$3:BX$6))*(BX$3:BX$6=$GX$3:$GX$6))+ISBLANK(BX$3:BX$6)) -> 0 | BY15: =SUMPRODUCT((NOT(ISBLANK(BY$3:BY$6))*(BY$3:BY$6=$GY$3:$GY$6))+ISBLANK(BY$3:BY$6)) -> 0 | BZ15: =SUMPRODUCT((NOT(ISBLANK(BZ$3:BZ$6))*(BZ$3:BZ$6=$GZ$3:$GZ$6))+ISBLANK(BZ$3:BZ$6)) -> 0 | CA15: =SUMPRODUCT((NOT(ISBLANK(CA$3:CA$6))*(CA$3:CA$6=$GU$3:$GU$6))+ISBLANK(CA$3:CA$6)) -> 0 | CB15: =SUMPRODUCT((NOT(ISBLANK(CB$3:CB$6))*(CB$3:CB$6=$GV$3:$GV$6))+ISBLANK(CB$3:CB$6)) -> 0 | CD15: =SUMPRODUCT((NOT(ISBLANK(CD$3:CD$6))*(CD$3:CD$6=$GW$3:$GW$6))+ISBLANK(CD$3:CD$6)) -> 0 | CE15: =SUMPRODUCT((NOT(ISBLANK(CE$3:CE$6))*(CE$3:CE$6=$GX$3:$GX$6))+ISBLANK(CE$3:CE$6)) -> 0 | CF15: =SUMPRODUCT((NOT(ISBLANK(CF$3:CF$6))*(CF$3:CF$6=$GY$3:$GY$6))+ISBLANK(CF$3:CF$6)) -> 0 | CG15: =SUMPRODUCT((NOT(ISBLANK(CG$3:CG$6))*(CG$3:CG$6=$GZ$3:$GZ$6))+ISBLANK(CG$3:CG$6)) -> 0 | CH15: =SUMPRODUCT((NOT(ISBLANK(CH$3:CH$6))*(CH$3:CH$6=$GU$3:$GU$6))+ISBLANK(CH$3:CH$6)) -> 0 | CN15: =SUMPRODUCT((NOT(ISBLANK(CN$3:CN$6))*(CN$3:CN$6=$GZ$3:$GZ$6))+ISBLANK(CN$3:CN$6)) -> 0 | CO15: =SUMPRODUCT((NOT(ISBLANK(CO$3:CO$6))*(CO$3:CO$6=$GU$3:$GU$6))+ISBLANK(CO$3:CO$6)) -> 0 | CP15: =SUMPRODUCT((NOT(ISBLANK(CP$3:CP$6))*(CP$3:CP$6=$GV$3:$GV$6))+ISBLANK(CP$3:CP$6)) -> 0 | CR15: =SUMPRODUCT((NOT(ISBLANK(CR$3:CR$6))*(CR$3:CR$6=$GW$3:$GW$6))+ISBLANK(CR$3:CR$6)) -> 0 | CS15: =SUMPRODUCT((NOT(ISBLANK(CS$3:CS$6))*(CS$3:CS$6=$GX$3:$GX$6))+ISBLANK(CS$3:CS$6)) -> 0 | CT15: =SUMPRODUCT((NOT(ISBLANK(CT$3:CT$6))*(CT$3:CT$6=$GY$3:$GY$6))+ISBLANK(CT$3:CT$6)) -> 0 | CU15: =SUMPRODUCT((NOT(ISBLANK(CU$3:CU$6))*(CU$3:CU$6=$GZ$3:$GZ$6))+ISBLANK(CU$3:CU$6)) -> 0 | CV15: =SUMPRODUCT((NOT(ISBLANK(CV$3:CV$6))*(CV$3:CV$6=$GU$3:$GU$6))+ISBLANK(CV$3:CV$6)) -> 0 | CW15: =SUMPRODUCT((NOT(ISBLANK(CW$3:CW$6))*(CW$3:CW$6=$GV$3:$GV$6))+ISBLANK(CW$3:CW$6)) -> 0 | CY15: =SUMPRODUCT((NOT(ISBLANK(CY$3:CY$6))*(CY$3:CY$6=$GW$3:$GW$6))+ISBLANK(CY$3:CY$6)) -> 0 | CZ15: =SUMPRODUCT((NOT(ISBLANK(CZ$3:CZ$6))*(CZ$3:CZ$6=$GX$3:$GX$6))+ISBLANK(CZ$3:CZ$6)) -> 0 | DA15: =SUMPRODUCT((NOT(ISBLANK(DA$3:DA$6))*(DA$3:DA$6=$GY$3:$GY$6))+ISBLANK(DA$3:DA$6)) -> 0 | DB15: =SUMPRODUCT((NOT(ISBLANK(DB$3:DB$6))*(DB$3:DB$6=$GZ$3:$GZ$6))+ISBLANK(DB$3:DB$6)) -> 0 | DC15: =SUMPRODUCT((NOT(ISBLANK(DC$3:DC$6))*(DC$3:DC$6=$GU$3:$GU$6))+ISBLANK(DC$3:DC$6)) -> 0 | DI15: =SUMPRODUCT((NOT(ISBLANK(DI$3:DI$6))*(DI$3:DI$6=$GZ$3:$GZ$6))+ISBLANK(DI$3:DI$6)) -> 0 | DJ15: =SUMPRODUCT((NOT(ISBLANK(DJ$3:DJ$6))*(DJ$3:DJ$6=$GU$3:$GU$6))+ISBLANK(DJ$3:DJ$6)) -> 0 | DK15: =SUMPRODUCT((NOT(ISBLANK(DK$3:DK$6))*(DK$3:DK$6=$GV$3:$GV$6))+ISBLANK(DK$3:DK$6)) -> 0 | DM15: =SUMPRODUCT((NOT(ISBLANK(DM$3:DM$6))*(DM$3:DM$6=$GW$3:$GW$6))+ISBLANK(DM$3:DM$6)) -> 0 | DN15: =SUMPRODUCT((NOT(ISBLANK(DN$3:DN$6))*(DN$3:DN$6=$GX$3:$GX$6))+ISBLANK(DN$3:DN$6)) -> 0 | DO15: =SUMPRODUCT((NOT(ISBLANK(DO$3:DO$6))*(DO$3:DO$6=$GY$3:$GY$6))+ISBLANK(DO$3:DO$6)) -> 0 | DP15: =SUMPRODUCT((NOT(ISBLANK(DP$3:DP$6))*(DP$3:DP$6=$GZ$3:$GZ$6))+ISBLANK(DP$3:DP$6)) -> 0 | DQ15: =SUMPRODUCT((NOT(ISBLANK(DQ$3:DQ$6))*(DQ$3:DQ$6=$GU$3:$GU$6))+ISBLANK(DQ$3:DQ$6)) -> 0 | DR15: =SUMPRODUCT((NOT(ISBLANK(DR$3:DR$6))*(DR$3:DR$6=$GV$3:$GV$6))+ISBLANK(DR$3:DR$6)) -> 0 | DT15: =SUMPRODUCT((NOT(ISBLANK(DT$3:DT$6))*(DT$3:DT$6=$GW$3:$GW$6))+ISBLANK(DT$3:DT$6)) -> 0 | DU15: =SUMPRODUCT((NOT(ISBLANK(DU$3:DU$6))*(DU$3:DU$6=$GX$3:$GX$6))+ISBLANK(DU$3:DU$6)) -> 0 | DV15: =SUMPRODUCT((NOT(ISBLANK(DV$3:DV$6))*(DV$3:DV$6=$GY$3:$GY$6))+ISBLANK(DV$3:DV$6)) -> 0 | DW15: =SUMPRODUCT((NOT(ISBLANK(DW$3:DW$6))*(DW$3:DW$6=$GZ$3:$GZ$6))+ISBLANK(DW$3:DW$6)) -> 0 | DX15: =SUMPRODUCT((NOT(ISBLANK(DX$3:DX$6))*(DX$3:DX$6=$GU$3:$GU$6))+ISBLANK(DX$3:DX$6)) -> 0 | DY15: =SUMPRODUCT((NOT(ISBLANK(DY$3:DY$6))*(DY$3:DY$6=$GV$3:$GV$6))+ISBLANK(DY$3:DY$6)) -> 0 | EA15: =SUMPRODUCT((NOT(ISBLANK(EA$3:EA$6))*(EA$3:EA$6=$GW$3:$GW$6))+ISBLANK(EA$3:EA$6)) -> 0 | EB15: =SUMPRODUCT((NOT(ISBLANK(EB$3:EB$6))*(EB$3:EB$6=$GX$3:$GX$6))+ISBLANK(EB$3:EB$6)) -> 0 | EC15: =SUMPRODUCT((NOT(ISBLANK(EC$3:EC$6))*(EC$3:EC$6=$GY$3:$GY$6))+ISBLANK(EC$3:EC$6)) -> 0 | ED15: =SUMPRODUCT((NOT(ISBLANK(ED$3:ED$6))*(ED$3:ED$6=$GZ$3:$GZ$6))+ISBLANK(ED$3:ED$6)) -> 0 | EE15: =SUMPRODUCT((NOT(ISBLANK(EE$3:EE$6))*(EE$3:EE$6=$GU$3:$GU$6))+ISBLANK(EE$3:EE$6)) -> 0 | EF15: =SUMPRODUCT((NOT(ISBLANK(EF$3:EF$6))*(EF$3:EF$6=$GV$3:$GV$6))+ISBLANK(EF$3:EF$6)) -> 0 | EH15: =SUMPRODUCT((NOT(ISBLANK(EH$3:EH$6))*(EH$3:EH$6=$GW$3:$GW$6))+ISBLANK(EH$3:EH$6)) -> 0 | EI15: =SUMPRODUCT((NOT(ISBLANK(EI$3:EI$6))*(EI$3:EI$6=$GX$3:$GX$6))+ISBLANK(EI$3:EI$6)) -> 0 | EJ15: =SUMPRODUCT((NOT(ISBLANK(EJ$3:EJ$6))*(EJ$3:EJ$6=$GY$3:$GY$6))+ISBLANK(EJ$3:EJ$6)) -> 0 | EK15: =SUMPRODUCT((NOT(ISBLANK(EK$3:EK$6))*(EK$3:EK$6=$GZ$3:$GZ$6))+ISBLANK(EK$3:EK$6)) -> 0 | EL15: =SUMPRODUCT((NOT(ISBLANK(EL$3:EL$6))*(EL$3:EL$6=$GU$3:$GU$6))+ISBLANK(EL$3:EL$6)) -> 0 | EM15: =SUMPRODUCT((NOT(ISBLANK(EM$3:EM$6))*(EM$3:EM$6=$GV$3:$GV$6))+ISBLANK(EM$3:EM$6)) -> 0 | EO15: =SUMPRODUCT((NOT(ISBLANK(EO$3:EO$6))*(EO$3:EO$6=$GW$3:$GW$6))+ISBLANK(EO$3:EO$6)) -> 0 | EP15: =SUMPRODUCT((NOT(ISBLANK(EP$3:EP$6))*(EP$3:EP$6=$GX$3:$GX$6))+ISBLANK(EP$3:EP$6)) -> 0 | EQ15: =SUMPRODUCT((NOT(ISBLANK(EQ$3:EQ$6))*(EQ$3:EQ$6=$GY$3:$GY$6))+ISBLANK(EQ$3:EQ$6)) -> 0 | ER15: =SUMPRODUCT((NOT(ISBLANK(ER$3:ER$6))*(ER$3:ER$6=$GZ$3:$GZ$6))+ISBLANK(ER$3:ER$6)) -> 0 | ES15: =SUMPRODUCT((NOT(ISBLANK(ES$3:ES$6))*(ES$3:ES$6=$GU$3:$GU$6))+ISBLANK(ES$3:ES$6)) -> 0 | ET15: =SUMPRODUCT((NOT(ISBLANK(ET$3:ET$6))*(ET$3:ET$6=$GV$3:$GV$6))+ISBLANK(ET$3:ET$6)) -> 0 | EV15: =SUMPRODUCT((NOT(ISBLANK(EV$3:EV$6))*(EV$3:EV$6=$GW$3:$GW$6))+ISBLANK(EV$3:EV$6)) -> 0 | EW15: =SUMPRODUCT((NOT(ISBLANK(EW$3:EW$6))*(EW$3:EW$6=$GX$3:$GX$6))+ISBLANK(EW$3:EW$6)) -> 0 | EX15: =SUMPRODUCT((NOT(ISBLANK(EX$3:EX$6))*(EX$3:EX$6=$GY$3:$GY$6))+ISBLANK(EX$3:EX$6)) -> 0 | EY15: =SUMPRODUCT((NOT(ISBLANK(EY$3:EY$6))*(EY$3:EY$6=$GZ$3:$GZ$6))+ISBLANK(EY$3:EY$6)) -> 0 | EZ15: =SUMPRODUCT((NOT(ISBLANK(EZ$3:EZ$6))*(EZ$3:EZ$6=$GU$3:$GU$6))+ISBLANK(EZ$3:EZ$6)) -> 0 | FA15: =SUMPRODUCT((NOT(ISBLANK(FA$3:FA$6))*(FA$3:FA$6=$GV$3:$GV$6))+ISBLANK(FA$3:FA$6)) -> 0 | FC15: =SUMPRODUCT((NOT(ISBLANK(FC$3:FC$6))*(FC$3:FC$6=$GW$3:$GW$6))+ISBLANK(FC$3:FC$6)) -> 0 | FD15: =SUMPRODUCT((NOT(ISBLANK(FD$3:FD$6))*(FD$3:FD$6=$GX$3:$GX$6))+ISBLANK(FD$3:FD$6)) -> 0 | FE15: =SUMPRODUCT((NOT(ISBLANK(FE$3:FE$6))*(FE$3:FE$6=$GY$3:$GY$6))+ISBLANK(FE$3:FE$6)) -> 0 | FF15: =SUMPRODUCT((NOT(ISBLANK(FF$3:FF$6))*(FF$3:FF$6=$GZ$3:$GZ$6))+ISBLANK(FF$3:FF$6)) -> 0 | FG15: =SUMPRODUCT((NOT(ISBLANK(FG$3:FG$6))*(FG$3:FG$6=$GU$3:$GU$6))+ISBLANK(FG$3:FG$6)) -> 0 | FH15: =SUMPRODUCT((NOT(ISBLANK(FH$3:FH$6))*(FH$3:FH$6=$GV$3:$GV$6))+ISBLANK(FH$3:FH$6)) -> 0 | FJ15: =SUMPRODUCT((NOT(ISBLANK(FJ$3:FJ$6))*(FJ$3:FJ$6=$GW$3:$GW$6))+ISBLANK(FJ$3:FJ$6)) -> 0 | FK15: =SUMPRODUCT((NOT(ISBLANK(FK$3:FK$6))*(FK$3:FK$6=$GX$3:$GX$6))+ISBLANK(FK$3:FK$6)) -> 0 | FL15: =SUMPRODUCT((NOT(ISBLANK(FL$3:FL$6))*(FL$3:FL$6=$GY$3:$GY$6))+ISBLANK(FL$3:FL$6)) -> 0 | FM15: =SUMPRODUCT((NOT(ISBLANK(FM$3:FM$6))*(FM$3:FM$6=$GZ$3:$GZ$6))+ISBLANK(FM$3:FM$6)) -> 0 | FN15: =SUMPRODUCT((NOT(ISBLANK(FN$3:FN$6))*(FN$3:FN$6=$GU$3:$GU$6))+ISBLANK(FN$3:FN$6)) -> 0 | FO15: =SUMPRODUCT((NOT(ISBLANK(FO$3:FO$6))*(FO$3:FO$6=$GV$3:$GV$6))+ISBLANK(FO$3:FO$6)) -> 0 | FQ15: =SUMPRODUCT((NOT(ISBLANK(FQ$3:FQ$6))*(FQ$3:FQ$6=$GW$3:$GW$6))+ISBLANK(FQ$3:FQ$6)) -> 0 | FR15: =SUMPRODUCT((NOT(ISBLANK(FR$3:FR$6))*(FR$3:FR$6=$GX$3:$GX$6))+ISBLANK(FR$3:FR$6)) -> 0 | FS15: =SUMPRODUCT((NOT(ISBLANK(FS$3:FS$6))*(FS$3:FS$6=$GY$3:$GY$6))+ISBLANK(FS$3:FS$6)) -> 0 | FT15: =SUMPRODUCT((NOT(ISBLANK(FT$3:FT$6))*(FT$3:FT$6=$GZ$3:$GZ$6))+ISBLANK(FT$3:FT$6)) -> 0 | FU15: =SUMPRODUCT((NOT(ISBLANK(FU$3:FU$6))*(FU$3:FU$6=$GU$3:$GU$6))+ISBLANK(FU$3:FU$6)) -> 0 | FV15: =SUMPRODUCT((NOT(ISBLANK(FV$3:FV$6))*(FV$3:FV$6=$GV$3:$GV$6))+ISBLANK(FV$3:FV$6)) -> 0 | FX15: =SUMPRODUCT((NOT(ISBLANK(FX$3:FX$6))*(FX$3:FX$6=$GW$3:$GW$6))+ISBLANK(FX$3:FX$6)) -> 0 | FY15: =SUMPRODUCT((NOT(ISBLANK(FY$3:FY$6))*(FY$3:FY$6=$GX$3:$GX$6))+ISBLANK(FY$3:FY$6)) -> 0 | FZ15: =SUMPRODUCT((NOT(ISBLANK(FZ$3:FZ$6))*(FZ$3:FZ$6=$GY$3:$GY$6))+ISBLANK(FZ$3:FZ$6)) -> 0 | GA15: =SUMPRODUCT((NOT(ISBLANK(GA$3:GA$6))*(GA$3:GA$6=$GZ$3:$GZ$6))+ISBLANK(GA$3:GA$6)) -> 0 | GB15: =SUMPRODUCT((NOT(ISBLANK(GB$3:GB$6))*(GB$3:GB$6=$GU$3:$GU$6))+ISBLANK(GB$3:GB$6)) -> 0 | GC15: =SUMPRODUCT((NOT(ISBLANK(GC$3:GC$6))*(GC$3:GC$6=$GV$3:$GV$6))+ISBLANK(GC$3:GC$6)) -> 0 | GE15: =SUMPRODUCT((NOT(ISBLANK(GE$3:GE$6))*(GE$3:GE$6=$GW$3:$GW$6))+ISBLANK(GE$3:GE$6)) -> 0 | GF15: =SUMPRODUCT((NOT(ISBLANK(GF$3:GF$6))*(GF$3:GF$6=$GX$3:$GX$6))+ISBLANK(GF$3:GF$6)) -> 0 | GG15: =SUMPRODUCT((NOT(ISBLANK(GG$3:GG$6))*(GG$3:GG$6=$GY$3:$GY$6))+ISBLANK(GG$3:GG$6)) -> 0 | GH15: =SUMPRODUCT((NOT(ISBLANK(GH$3:GH$6))*(GH$3:GH$6=$GZ$3:$GZ$6))+ISBLANK(GH$3:GH$6)) -> 0

Sheet Merged Runs
A1: Merge criteria: | B1: memelingo-1/lambda-large_100_mlp-tplp-htc | I1: memelingo-1/lambda-large_100_mlp-tplp-htcdl | P1: memelingo-1/lambda-large_150_mlp-tplp-htc | W1: memelingo-1/lambda-large_150_mlp-tplp-htcdl | AD1: memelingo-1/lambda-large_200_mlp-tplp-htc | AK1: memelingo-1/lambda-large_200_mlp-tplp-htcdl | AR1: memelingo-1/lambda-small_20_mlp-tplp-ht | AY1: memelingo-1/lambda-small_20_mlp-tplp-htc | BF1: memelingo-1/lambda-small_20_mlp-tplp-htcdl | BM1: memelingo-1/lambda-small_25_mlp-tplp-ht | BT1: memelingo-1/lambda-small_25_mlp-tplp-htc | CA1: memelingo-1/lambda-small_25_mlp-tplp-htcdl | CH1: memelingo-1/lambda-small_30_mlp-tplp-ht | CO1: memelingo-1/lambda-small_30_mlp-tplp-htc | CV1: memelingo-1/lambda-small_30_mlp-tplp-htcdl | DC1: memelingo-1/lambda-small_35_mlp-tplp-ht | DJ1: memelingo-1/lambda-small_35_mlp-tplp-htc | DQ1: memelingo-1/lambda-small_35_mlp-tplp-htcdl | DX1: memelingo-1/lambda-small_40_mlp-tplp-ht | EE1: memelingo-1/lambda-small_40_mlp-tplp-htc | EL1: memelingo-1/lambda-small_40_mlp-tplp-htcdl | ES1: memelingo-1/lambda-small_45_mlp-tplp-ht | EZ1: memelingo-1/lambda-small_45_mlp-tplp-htc | FG1: memelingo-1/lambda-small_45_mlp-tplp-htcdl | FN1: memelingo-1/lambda-small_50_mlp-tplp-ht | FU1: memelingo-1/lambda-small_50_mlp-tplp-htc | GB1: memelingo-1/lambda-small_50_mlp-tplp-htcdl | GI1: min | GO1: median | GU1: max
A2: median | B2: time | C2: stime | D2: status | E2: rules | F2: ctime | G2: fmtime | H2: memout | I2: time | J2: stime | K2: status | L2: rules | M2: ctime | N2: fmtime | O2: memout | P2: time | Q2: stime | R2: status | S2: rules | T2: ctime | U2: fmtime | V2: memout | W2: time | X2: stime | Y2: status | Z2: rules | AA2: ctime | AB2: fmtime | AC2: memout | AD2: time | AE2: stime | AF2: status | AG2: rules | AH2: ctime | AI2: fmtime | AJ2: memout | AK2: time | AL2: stime | AM2: status | AN2: rules | AO2: ctime | AP2: fmtime | AQ2: memout | AR2: time | AS2: stime | AT2: status | AU2: rules | AV2: ctime | AW2: fmtime | AX2: memout | AY2: time | AZ2: stime | BA2: status | BB2: rules | BC2: ctime | BD2: fmtime | BE2: memout | BF2: time | BG2: stime | BH2: status | BI2: rules | BJ2: ctime | BK2: fmtime | BL2: memout | BM2: time | BN2: stime | BO2: status | BP2: rules | BQ2: ctime | BR2: fmtime | BS2: memout | BT2: time | BU2: stime | BV2: status | BW2: rules | BX2: ctime | BY2: fmtime | BZ2: memout | CA2: time | CB2: stime | CC2: status | CD2: rules | CE2: ctime | CF2: fmtime | CG2: memout | CH2: time | CI2: stime | CJ2: status | CK2: rules | CL2: ctime | CM2: fmtime | CN2: memout | CO2: time | CP2: stime | CQ2: status | CR2: rules | CS2: ctime | CT2: fmtime | CU2: memout | CV2: time | CW2: stime | CX2: status | CY2: rules | CZ2: ctime | DA2: fmtime | DB2: memout | DC2: time | DD2: stime | DE2: status | DF2: rules | DG2: ctime | DH2: fmtime | DI2: memout | DJ2: time | DK2: stime | DL2: status | DM2: rules | DN2: ctime | DO2: fmtime | DP2: memout | DQ2: time | DR2: stime | DS2: status | DT2: rules | DU2: ctime | DV2: fmtime | DW2: memout | DX2: time | DY2: stime | DZ2: status | EA2: rules | EB2: ctime | EC2: fmtime | ED2: memout | EE2: time | EF2: stime | EG2: status | EH2: rules | EI2: ctime | EJ2: fmtime | EK2: memout | EL2: time | EM2: stime | EN2: status | EO2: rules | EP2: ctime | EQ2: fmtime | ER2: memout | ES2: time | ET2: stime | EU2: status | EV2: rules | EW2: ctime | EX2: fmtime | EY2: memout | EZ2: time | FA2: stime | FB2: status | FC2: rules | FD2: ctime | FE2: fmtime | FF2: memout | FG2: time | FH2: stime | FI2: status | FJ2: rules | FK2: ctime | FL2: fmtime | FM2: memout | FN2: time | FO2: stime | FP2: status | FQ2: rules | FR2: ctime | FS2: fmtime | FT2: memout | FU2: time | FV2: stime | FW2: status | FX2: rules | FY2: ctime | FZ2: fmtime | GA2: memout | GB2: time | GC2: stime | GD2: status | GE2: rules | GF2: ctime | GG2: fmtime | GH2: memout | GI2: time | GJ2: stime | GK2: rules | GL2: ctime | GM2: fmtime | GN2: memout | GO2: time | GP2: stime | GQ2: rules | GR2: ctime | GS2: fmtime | GT2: memout | GU2: time | GV2: stime | GW2: rules | GX2: ctime | GY2: fmtime | GZ2: memout
A3: instances/ft06 | AR3: {=_xlfn.SWITCH($A$2,"average", AVERAGE(Instances!AR3:Instances!AR3),"median", MEDIAN(Instances!AR3:Instances!AR3),"min", MIN(Instances!AR3:Instances!AR3),"max", MAX(Instances!AR3:Instances!AR3),"diff", MAX(Instances!AR3:Instances!AR3)-MIN(Instances!AR3:Instances!AR3))} -> 0 | AX3: {=_xlfn.SWITCH($A$2,"average", AVERAGE(Instances!AX3:Instances!AX3),"median", MEDIAN(Instances!AX3:Instances!AX3),"min", MIN(Instances!AX3:Instances!AX3),"max", MAX(Instances!AX3:Instances!AX3),"diff", MAX(Instances!AX3:Instances!AX3)-MIN(Instances!AX3:Instances!AX3))} -> 0 | AY3: {=_xlfn.SWITCH($A$2,"average", AVERAGE(Instances!AY3:Instances!AY3),"median", MEDIAN(Instances!AY3:Instances!AY3),"min", MIN(Instances!AY3:Instances!AY3),"max", MAX(Instances!AY3:Instances!AY3),"diff", MAX(Instances!AY3:Instances!AY3)-MIN(Instances!AY3:Instances!AY3))} -> 0 | AZ3: {=_xlfn.SWITCH($A$2,"average", AVERAGE(Instances!AZ3:Instances!AZ3),"median", MEDIAN(Instances!AZ3:Instances!AZ3),"min", MIN(Instances!AZ3:Instances!AZ3),"max", MAX(Instances!AZ3:Instances!AZ3),"diff", MAX(Instances!AZ3:Instances!AZ3)-MIN(Instances!AZ3:Instances!AZ3))} -> 0 | BB3: {=_xlfn.SWITCH($A$2,"average", AVERAGE(Instances!BB3:Instances!BB3),"median", MEDIAN(Instances!BB3:Instances!BB3),"min", MIN(Instances!BB3:Instances!BB3),"max", MAX(Instances!BB3:Instances!BB3),"diff", MAX(Instances!BB3:Instances!BB3)-MIN(Instances!BB3:Instances!BB3))} -> 0 | BC3: {=_xlfn.SWITCH($A$2,"average", AVERAGE(Instances!BC3:Instances!BC3),"median", MEDIAN(Instances!BC3:Instances!BC3),"min", MIN(Instances!BC3:Instances!BC3),"max", MAX(Instances!BC3:Instances!BC3),"diff", MAX(Instances!BC3:Instances!BC3)-MIN(Instances!BC3:Instances!BC3))} -> 0 | BD3: {=_xlfn.SWITCH($A$2,"average", AVERAGE(Instances!BD3:Instances!BD3),"median", MEDIAN(Instances!BD3:Instances!BD3),"min", MIN(Instances!BD3:Instances!BD3),"max", MAX(Instances!BD3:Instances!BD3),"diff", MAX(Instances!BD3:Instances!BD3)-MIN(Instances!BD3:Instances!BD3))} -> 0 | BE3: {=_xlfn.SWITCH($A$2,"average", AVERAGE(Instances!BE3:Instances!BE3),"median", MEDIAN(Instances!BE3:Instances!BE3),"min", MIN(Instances!BE3:Instances!BE3),"max", MAX(Instances!BE3:Instances!BE3),"diff", MAX(Instances!BE3:Instances!BE3)-MIN(Instances!BE3:Instances!BE3))} -> 0 | BF3: {=_xlfn.SWITCH($A$2,"average", AVERAGE(Instances!BF3:Instances!BF3),"median", MEDIAN(Instances!BF3:Instances!BF3),"min", MIN(Instances!BF3:Instances!BF3),"max", MAX(Instances!BF3:Instances!BF3),"diff", MAX(Instances!BF3:Instances!BF3)-MIN(Instances!BF3:Instances!BF3))} -> 0 | BG3: {=_xlfn.SWITCH($A$2,"average", AVERAGE(Instances!BG3:Instances!BG3),"median", MEDIAN(Instances!BG3:Instances!BG3),"min", MIN(Instances!BG3:Instances!BG3),"max", MAX(Instances!BG3:Instances!BG3),"diff", MAX(Instances!BG3:Instances!BG3)-MIN(Instances!BG3:Instances!BG3))} -> 0 | BI3: {=_xlfn.SWITCH($A$2,"average", AVERAGE(Instances!BI3:Instances!BI3),"median", MEDIAN(Instances!BI3:Instances!BI3),"min", MIN(Instances!BI3:Instances!BI3),"max", MAX(Instances!BI3:Instances!BI3),"diff", MAX(Instances!BI3:Instances!BI3)-MIN(Instances!BI3:Instances!BI3))} -> 0 | BJ3: {=_xlfn.SWITCH($A$2,"average", AVERAGE(Instances!BJ3:Instances!BJ3),"median", MEDIAN(Instances!BJ3:Instances!BJ3),"min", MIN(Instances!BJ3:Instances!BJ3),"max", MAX(Instances!BJ3:Instances!BJ3),"diff", MAX(Instances!BJ3:Instances!BJ3)-MIN(Instances!BJ3:Instances!BJ3))} -> 0 | BK3: {=_xlfn.SWITCH($A$2,"average", AVERAGE(Instances!BK3:Instances!BK3),"median", MEDIAN(Instances!BK3:Instances!BK3),"min", MIN(Instances!BK3:Instances!BK3),"max", MAX(Instances!BK3:Instances!BK3),"diff", MAX(Instances!BK3:Instances!BK3)-MIN(Instances!BK3:Instances!BK3))} -> 0 | BL3: {=_xlfn.SWITCH($A$2,"average", AVERAGE(Instances!BL3:Instances!BL3),"median", MEDIAN(Instances!BL3:Instances!BL3),"min", MIN(Instances!BL3:Instances!BL3),"max", MAX(Instances!BL3:Instances!BL3),"diff", MAX(Instances!BL3:Instances!BL3)-MIN(Instances!BL3:Instances!BL3))} -> 0 | BM3: {=_xlfn.SWITCH($A$2,"average", AVERAGE(Instances!BM3:Instances!BM3),"median", MEDIAN(Instances!BM3:Instances!BM3),"min", MIN(Instances!BM3:Instances!BM3),"max", MAX(Instances!BM3:Instances!BM3),"diff", MAX(Instances!BM3:Instances!BM3)-MIN(Instances!BM3:Instances!BM3))} -> 0 | BN3: {=_xlfn.SWITCH($A$2,"average", AVERAGE(Instances!BN3:Instances!BN3),"median", MEDIAN(Instances!BN3:Instances!BN3),"min", MIN(Instances!BN3:Instances!BN3),"max", MAX(Instances!BN3:Instances!BN3),"diff", MAX(Instances!BN3:Instances!BN3)-MIN(Instances!BN3:Instances!BN3))} -> 0 | BP3: {=_xlfn.SWITCH($A$2,"average", AVERAGE(Instances!BP3:Instances!BP3),"median", MEDIAN(Instances!BP3:Instances!BP3),"min", MIN(Instances!BP3:Instances!BP3),"max", MAX(Instances!BP3:Instances!BP3),"diff", MAX(Instances!BP3:Instances!BP3)-MIN(Instances!BP3:Instances!BP3))} -> 0 | BQ3: {=_xlfn.SWITCH($A$2,"average", AVERAGE(Instances!BQ3:Instances!BQ3),"median", MEDIAN(Instances!BQ3:Instances!BQ3),"min", MIN(Instances!BQ3:Instances!BQ3),"max", MAX(Instances!BQ3:Instances!BQ3),"diff", MAX(Instances!BQ3:Instances!BQ3)-MIN(Instances!BQ3:Instances!BQ3))} -> 0 | BR3: {=_xlfn.SWITCH($A$2,"average", AVERAGE(Instances!BR3:Instances!BR3),"median", MEDIAN(Instances!BR3:Instances!BR3),"min", MIN(Instances!BR3:Instances!BR3),"max", MAX(Instances!BR3:Instances!BR3),"diff", MAX(Instances!BR3:Instances!BR3)-MIN(Instances!BR3:Instances!BR3))} -> 0 | BS3: {=_xlfn.SWITCH($A$2,"average", AVERAGE(Instances!BS3:Instances!BS3),"median", MEDIAN(Instances!BS3:Instances!BS3),"min", MIN(Instances!BS3:Instances!BS3),"max", MAX(Instances!BS3:Instances!BS3),"diff", MAX(Instances!BS3:Instances!BS3)-MIN(Instances!BS3:Instances!BS3))} -> 0 | BT3: {=_xlfn.SWITCH($A$2,"average", AVERAGE(Instances!BT3:Instances!BT3),"median", MEDIAN(Instances!BT3:Instances!BT3),"min", MIN(Instances!BT3:Instances!BT3),"max", MAX(Instances!BT3:Instances!BT3),"diff", MAX(Instances!BT3:Instances!BT3)-MIN(Instances!BT3:Instances!BT3))} -> 0 | BU3: {=_xlfn.SWITCH($A$2,"average", AVERAGE(Instances!BU3:Instances!BU3),"median", MEDIAN(Instances!BU3:Instances!BU3),"min", MIN(Instances!BU3:Instances!BU3),"max", MAX(Instances!BU3:Instances!BU3),"diff", MAX(Instances!BU3:Instances!BU3)-MIN(Instances!BU3:Instances!BU3))} -> 0 | BW3: {=_xlfn.SWITCH($A$2,"average", AVERAGE(Instances!BW3:Instances!BW3),"median", MEDIAN(Instances!BW3:Instances!BW3),"min", MIN(Instances!BW3:Instances!BW3),"max", MAX(Instances!BW3:Instances!BW3),"diff", MAX(Instances!BW3:Instances!BW3)-MIN(Instances!BW3:Instances!BW3))} -> 0 | BX3: {=_xlfn.SWITCH($A$2,"average", AVERAGE(Instances!BX3:Instances!BX3),"median", MEDIAN(Instances!BX3:Instances!BX3),"min", MIN(Instances!BX3:Instances!BX3),"max", MAX(Instances!BX3:Instances!BX3),"diff", MAX(Instances!BX3:Instances!BX3)-MIN(Instances!BX3:Instances!BX3))} -> 0 | BY3: {=_xlfn.SWITCH($A$2,"average", AVERAGE(Instances!BY3:Instances!BY3),"median", MEDIAN(Instances!BY3:Instances!BY3),"min", MIN(Instances!BY3:Instances!BY3),"max", MAX(Instances!BY3:Instances!BY3),"diff", MAX(Instances!BY3:Instances!BY3)-MIN(Instances!BY3:Instances!BY3))} -> 0 | BZ3: {=_xlfn.SWITCH($A$2,"average", AVERAGE(Instances!BZ3:Instances!BZ3),"median", MEDIAN(Instances!BZ3:Instances!BZ3),"min", MIN(Instances!BZ3:Instances!BZ3),"max", MAX(Instances!BZ3:Instances!BZ3),"diff", MAX(Instances!BZ3:Instances!BZ3)-MIN(Instances!BZ3:Instances!BZ3))} -> 0 | CA3: {=_xlfn.SWITCH($A$2,"average", AVERAGE(Instances!CA3:Instances!CA3),"median", MEDIAN(Instances!CA3:Instances!CA3),"min", MIN(Instances!CA3:Instances!CA3),"max", MAX(Instances!CA3:Instances!CA3),"diff", MAX(Instances!CA3:Instances!CA3)-MIN(Instances!CA3:Instances!CA3))} -> 0 | CB3: {=_xlfn.SWITCH($A$2,"average", AVERAGE(Instances!CB3:Instances!CB3),"median", MEDIAN(Instances!CB3:Instances!CB3),"min", MIN(Instances!CB3:Instances!CB3),"max", MAX(Instances!CB3:Instances!CB3),"diff", MAX(Instances!CB3:Instances!CB3)-MIN(Instances!CB3:Instances!CB3))} -> 0 | CD3: {=_xlfn.SWITCH($A$2,"average", AVERAGE(Instances!CD3:Instances!CD3),"median", MEDIAN(Instances!CD3:Instances!CD3),"min", MIN(Instances!CD3:Instances!CD3),"max", MAX(Instances!CD3:Instances!CD3),"diff", MAX(Instances!CD3:Instances!CD3)-MIN(Instances!CD3:Instances!CD3))} -> 0 | CE3: {=_xlfn.SWITCH($A$2,"average", AVERAGE(Instances!CE3:Instances!CE3),"median", MEDIAN(Instances!CE3:Instances!CE3),"min", MIN(Instances!CE3:Instances!CE3),"max", MAX(Instances!CE3:Instances!CE3),"diff", MAX(Instances!CE3:Instances!CE3)-MIN(Instances!CE3:Instances!CE3))} -> 0 | CF3: {=_xlfn.SWITCH($A$2,"average", AVERAGE(Instances!CF3:Instances!CF3),"median", MEDIAN(Instances!CF3:Instances!CF3),"min", MIN(Instances!CF3:Instances!CF3),"max", MAX(Instances!CF3:Instances!CF3),"diff", MAX(Instances!CF3:Instances!CF3)-MIN(Instances!CF3:Instances!CF3))} -> 0 | CG3: {=_xlfn.SWITCH($A$2,"average", AVERAGE(Instances!CG3:Instances!CG3),"median", MEDIAN(Instances!CG3:Instances!CG3),"min", MIN(Instances!CG3:Instances!CG3),"max", MAX(Instances!CG3:Instances!CG3),"diff", MAX(Instances!CG3:Instances!CG3)-MIN(Instances!CG3:Instances!CG3))} -> 0 | CH3: {=_xlfn.SWITCH($A$2,"average", AVERAGE(Instances!CH3:Instances!CH3),"median", MEDIAN(Instances!CH3:Instances!CH3),"min", MIN(Instances!CH3:Instances!CH3),"max", MAX(Instances!CH3:Instances!CH3),"diff", MAX(Instances!CH3:Instances!CH3)-MIN(Instances!CH3:Instances!CH3))} -> 0 | CN3: {=_xlfn.SWITCH($A$2,"average", AVERAGE(Instances!CN3:Instances!CN3),"median", MEDIAN(Instances!CN3:Instances!CN3),"min", MIN(Instances!CN3:Instances!CN3),"max", MAX(Instances!CN3:Instances!CN3),"diff", MAX(Instances!CN3:Instances!CN3)-MIN(Instances!CN3:Instances!CN3))} -> 0 | CO3: {=_xlfn.SWITCH($A$2,"average", AVERAGE(Instances!CO3:Instances!CO3),"median", MEDIAN(Instances!CO3:Instances!CO3),"min", MIN(Instances!CO3:Instances!CO3),"max", MAX(Instances!CO3:Instances!CO3),"diff", MAX(Instances!CO3:Instances!CO3)-MIN(Instances!CO3:Instances!CO3))} -> 0 | CP3: {=_xlfn.SWITCH($A$2,"average", AVERAGE(Instances!CP3:Instances!CP3),"median", MEDIAN(Instances!CP3:Instances!CP3),"min", MIN(Instances!CP3:Instances!CP3),"max", MAX(Instances!CP3:Instances!CP3),"diff", MAX(Instances!CP3:Instances!CP3)-MIN(Instances!CP3:Instances!CP3))} -> 0 | CR3: {=_xlfn.SWITCH($A$2,"average", AVERAGE(Instances!CR3:Instances!CR3),"median", MEDIAN(Instances!CR3:Instances!CR3),"min", MIN(Instances!CR3:Instances!CR3),"max", MAX(Instances!CR3:Instances!CR3),"diff", MAX(Instances!CR3:Instances!CR3)-MIN(Instances!CR3:Instances!CR3))} -> 0 | CS3: {=_xlfn.SWITCH($A$2,"average", AVERAGE(Instances!CS3:Instances!CS3),"median", MEDIAN(Instances!CS3:Instances!CS3),"min", MIN(Instances!CS3:Instances!CS3),"max", MAX(Instances!CS3:Instances!CS3),"diff", MAX(Instances!CS3:Instances!CS3)-MIN(Instances!CS3:Instances!CS3))} -> 0 | CT3: {=_xlfn.SWITCH($A$2,"average", AVERAGE(Instances!CT3:Instances!CT3),"median", MEDIAN(Instances!CT3:Instances!CT3),"min", MIN(Instances!CT3:Instances!CT3),"max", MAX(Instances!CT3:Instances!CT3),"diff", MAX(Instances!CT3:Instances!CT3)-MIN(Instances!CT3:Instances!CT3))} -> 0 | CU3: {=_xlfn.SWITCH($A$2,"average", AVERAGE(Instances!CU3:Instances!CU3),"median", MEDIAN(Instances!CU3:Instances!CU3),"min", MIN(Instances!CU3:Instances!CU3),"max", MAX(Instances!CU3:Instances!CU3),"diff", MAX(Instances!CU3:Instances!CU3)-MIN(Instances!CU3:Instances!CU3))} -> 0 | CV3: {=_xlfn.SWITCH($A$2,"average", AVERAGE(Instances!CV3:Instances!CV3),"median", MEDIAN(Instances!CV3:Instances!CV3),"min", MIN(Instances!CV3:Instances!CV3),"max", MAX(Instances!CV3:Instances!CV3),"diff", MAX(Instances!CV3:Instances!CV3)-MIN(Instances!CV3:Instances!CV3))} -> 0 | CW3: {=_xlfn.SWITCH($A$2,"average", AVERAGE(Instances!CW3:Instances!CW3),"median", MEDIAN(Instances!CW3:Instances!CW3),"min", MIN(Instances!CW3:Instances!CW3),"max", MAX(Instances!CW3:Instances!CW3),"diff", MAX(Instances!CW3:Instances!CW3)-MIN(Instances!CW3:Instances!CW3))} -> 0 | CY3: {=_xlfn.SWITCH($A$2,"average", AVERAGE(Instances!CY3:Instances!CY3),"median", MEDIAN(Instances!CY3:Instances!CY3),"min", MIN(Instances!CY3:Instances!CY3),"max", MAX(Instances!CY3:Instances!CY3),"diff", MAX(Instances!CY3:Instances!CY3)-MIN(Instances!CY3:Instances!CY3))} -> 0 | CZ3: {=_xlfn.SWITCH($A$2,"average", AVERAGE(Instances!CZ3:Instances!CZ3),"median", MEDIAN(Instances!CZ3:Instances!CZ3),"min", MIN(Instances!CZ3:Instances!CZ3),"max", MAX(Instances!CZ3:Instances!CZ3),"diff", MAX(Instances!CZ3:Instances!CZ3)-MIN(Instances!CZ3:Instances!CZ3))} -> 0 | DA3: {=_xlfn.SWITCH($A$2,"average", AVERAGE(Instances!DA3:Instances!DA3),"median", MEDIAN(Instances!DA3:Instances!DA3),"min", MIN(Instances!DA3:Instances!DA3),"max", MAX(Instances!DA3:Instances!DA3),"diff", MAX(Instances!DA3:Instances!DA3)-MIN(Instances!DA3:Instances!DA3))} -> 0 | DB3: {=_xlfn.SWITCH($A$2,"average", AVERAGE(Instances!DB3:Instances!DB3),"median", MEDIAN(Instances!DB3:Instances!DB3),"min", MIN(Instances!DB3:Instances!DB3),"max", MAX(Instances!DB3:Instances!DB3),"diff", MAX(Instances!DB3:Instances!DB3)-MIN(Instances!DB3:Instances!DB3))} -> 0 | DC3: {=_xlfn.SWITCH($A$2,"average", AVERAGE(Instances!DC3:Instances!DC3),"median", MEDIAN(Instances!DC3:Instances!DC3),"min", MIN(Instances!DC3:Instances!DC3),"max", MAX(Instances!DC3:Instances!DC3),"diff", MAX(Instances!DC3:Instances!DC3)-MIN(Instances!DC3:Instances!DC3))} -> 0 | DI3: {=_xlfn.SWITCH($A$2,"average", AVERAGE(Instances!DI3:Instances!DI3),"median", MEDIAN(Instances!DI3:Instances!DI3),"min", MIN(Instances!DI3:Instances!DI3),"max", MAX(Instances!DI3:Instances!DI3),"diff", MAX(Instances!DI3:Instances!DI3)-MIN(Instances!DI3:Instances!DI3))} -> 0 | DJ3: {=_xlfn.SWITCH($A$2,"average", AVERAGE(Instances!DJ3:Instances!DJ3),"median", MEDIAN(Instances!DJ3:Instances!DJ3),"min", MIN(Instances!DJ3:Instances!DJ3),"max", MAX(Instances!DJ3:Instances!DJ3),"diff", MAX(Instances!DJ3:Instances!DJ3)-MIN(Instances!DJ3:Instances!DJ3))} -> 0 | DK3: {=_xlfn.SWITCH($A$2,"average", AVERAGE(Instances!DK3:Instances!DK3),"median", MEDIAN(Instances!DK3:Instances!DK3),"min", MIN(Instances!DK3:Instances!DK3),"max", MAX(Instances!DK3:Instances!DK3),"diff", MAX(Instances!DK3:Instances!DK3)-MIN(Instances!DK3:Instances!DK3))} -> 0 | DM3: {=_xlfn.SWITCH($A$2,"average", AVERAGE(Instances!DM3:Instances!DM3),"median", MEDIAN(Instances!DM3:Instances!DM3),"min", MIN(Instances!DM3:Instances!DM3),"max", MAX(Instances!DM3:Instances!DM3),"diff", MAX(Instances!DM3:Instances!DM3)-MIN(Instances!DM3:Instances!DM3))} -> 0 | DN3: {=_xlfn.SWITCH($A$2,"average", AVERAGE(Instances!DN3:Instances!DN3),"median", MEDIAN(Instances!DN3:Instances!DN3),"min", MIN(Instances!DN3:Instances!DN3),"max", MAX(Instances!DN3:Instances!DN3),"diff", MAX(Instances!DN3:Instances!DN3)-MIN(Instances!DN3:Instances!DN3))} -> 0 | DO3: {=_xlfn.SWITCH($A$2,"average", AVERAGE(Instances!DO3:Instances!DO3),"median", MEDIAN(Instances!DO3:Instances!DO3),"min", MIN(Instances!DO3:Instances!DO3),"max", MAX(Instances!DO3:Instances!DO3),"diff", MAX(Instances!DO3:Instances!DO3)-MIN(Instances!DO3:Instances!DO3))} -> 0 | DP3: {=_xlfn.SWITCH($A$2,"average", AVERAGE(Instances!DP3:Instances!DP3),"median", MEDIAN(Instances!DP3:Instances!DP3),"min", MIN(Instances!DP3:Instances!DP3),"max", MAX(Instances!DP3:Instances!DP3),"diff", MAX(Instances!DP3:Instances!DP3)-MIN(Instances!DP3:Instances!DP3))} -> 0 | DQ3: {=_xlfn.SWITCH($A$2,"average", AVERAGE(Instances!DQ3:Instances!DQ3),"median", MEDIAN(Instances!DQ3:Instances!DQ3),"min", MIN(Instances!DQ3:Instances!DQ3),"max", MAX(Instances!DQ3:Instances!DQ3),"diff", MAX(Instances!DQ3:Instances!DQ3)-MIN(Instances!DQ3:Instances!DQ3))} -> 0 | DR3: {=_xlfn.SWITCH($A$2,"average", AVERAGE(Instances!DR3:Instances!DR3),"median", MEDIAN(Instances!DR3:Instances!DR3),"min", MIN(Instances!DR3:Instances!DR3),"max", MAX(Instances!DR3:Instances!DR3),"diff", MAX(Instances!DR3:Instances!DR3)-MIN(Instances!DR3:Instances!DR3))} -> 0 | DT3: {=_xlfn.SWITCH($A$2,"average", AVERAGE(Instances!DT3:Instances!DT3),"median", MEDIAN(Instances!DT3:Instances!DT3),"min", MIN(Instances!DT3:Instances!DT3),"max", MAX(Instances!DT3:Instances!DT3),"diff", MAX(Instances!DT3:Instances!DT3)-MIN(Instances!DT3:Instances!DT3))} -> 0 | DU3: {=_xlfn.SWITCH($A$2,"average", AVERAGE(Instances!DU3:Instances!DU3),"median", MEDIAN(Instances!DU3:Instances!DU3),"min", MIN(Instances!DU3:Instances!DU3),"max", MAX(Instances!DU3:Instances!DU3),"diff", MAX(Instances!DU3:Instances!DU3)-MIN(Instances!DU3:Instances!DU3))} -> 0 | DV3: {=_xlfn.SWITCH($A$2,"average", AVERAGE(Instances!DV3:Instances!DV3),"median", MEDIAN(Instances!DV3:Instances!DV3),"min", MIN(Instances!DV3:Instances!DV3),"max", MAX(Instances!DV3:Instances!DV3),"diff", MAX(Instances!DV3:Instances!DV3)-MIN(Instances!DV3:Instances!DV3))} -> 0 | DW3: {=_xlfn.SWITCH($A$2,"average", AVERAGE(Instances!DW3:Instances!DW3),"median", MEDIAN(Instances!DW3:Instances!DW3),"min", MIN(Instances!DW3:Instances!DW3),"max", MAX(Instances!DW3:Instances!DW3),"diff", MAX(Instances!DW3:Instances!DW3)-MIN(Instances!DW3:Instances!DW3))} -> 0 | DX3: {=_xlfn.SWITCH($A$2,"average", AVERAGE(Instances!DX3:Instances!DX3),"median", MEDIAN(Instances!DX3:Instances!DX3),"min", MIN(Instances!DX3:Instances!DX3),"max", MAX(Instances!DX3:Instances!DX3),"diff", MAX(Instances!DX3:Instances!DX3)-MIN(Instances!DX3:Instances!DX3))} -> 0 | DY3: {=_xlfn.SWITCH($A$2,"average", AVERAGE(Instances!DY3:Instances!DY3),"median", MEDIAN(Instances!DY3:Instances!DY3),"min", MIN(Instances!DY3:Instances!DY3),"max", MAX(Instances!DY3:Instances!DY3),"diff", MAX(Instances!DY3:Instances!DY3)-MIN(Instances!DY3:Instances!DY3))} -> 0 | EA3: {=_xlfn.SWITCH($A$2,"average", AVERAGE(Instances!EA3:Instances!EA3),"median", MEDIAN(Instances!EA3:Instances!EA3),"min", MIN(Instances!EA3:Instances!EA3),"max", MAX(Instances!EA3:Instances!EA3),"diff", MAX(Instances!EA3:Instances!EA3)-MIN(Instances!EA3:Instances!EA3))} -> 0 | EB3: {=_xlfn.SWITCH($A$2,"average", AVERAGE(Instances!EB3:Instances!EB3),"median", MEDIAN(Instances!EB3:Instances!EB3),"min", MIN(Instances!EB3:Instances!EB3),"max", MAX(Instances!EB3:Instances!EB3),"diff", MAX(Instances!EB3:Instances!EB3)-MIN(Instances!EB3:Instances!EB3))} -> 0 | EC3: {=_xlfn.SWITCH($A$2,"average", AVERAGE(Instances!EC3:Instances!EC3),"median", MEDIAN(Instances!EC3:Instances!EC3),"min", MIN(Instances!EC3:Instances!EC3),"max", MAX(Instances!EC3:Instances!EC3),"diff", MAX(Instances!EC3:Instances!EC3)-MIN(Instances!EC3:Instances!EC3))} -> 0 | ED3: {=_xlfn.SWITCH($A$2,"average", AVERAGE(Instances!ED3:Instances!ED3),"median", MEDIAN(Instances!ED3:Instances!ED3),"min", MIN(Instances!ED3:Instances!ED3),"max", MAX(Instances!ED3:Instances!ED3),"diff", MAX(Instances!ED3:Instances!ED3)-MIN(Instances!ED3:Instances!ED3))} -> 0 | EE3: {=_xlfn.SWITCH($A$2,"average", AVERAGE(Instances!EE3:Instances!EE3),"median", MEDIAN(Instances!EE3:Instances!EE3),"min", MIN(Instances!EE3:Instances!EE3),"max", MAX(Instances!EE3:Instances!EE3),"diff", MAX(Instances!EE3:Instances!EE3)-MIN(Instances!EE3:Instances!EE3))} -> 0 | EF3: {=_xlfn.SWITCH($A$2,"average", AVERAGE(Instances!EF3:Instances!EF3),"median", MEDIAN(Instances!EF3:Instances!EF3),"min", MIN(Instances!EF3:Instances!EF3),"max", MAX(Instances!EF3:Instances!EF3),"diff", MAX(Instances!EF3:Instances!EF3)-MIN(Instances!EF3:Instances!EF3))} -> 0 | EH3: {=_xlfn.SWITCH($A$2,"average", AVERAGE(Instances!EH3:Instances!EH3),"median", MEDIAN(Instances!EH3:Instances!EH3),"min", MIN(Instances!EH3:Instances!EH3),"max", MAX(Instances!EH3:Instances!EH3),"diff", MAX(Instances!EH3:Instances!EH3)-MIN(Instances!EH3:Instances!EH3))} -> 0 | EI3: {=_xlfn.SWITCH($A$2,"average", AVERAGE(Instances!EI3:Instances!EI3),"median", MEDIAN(Instances!EI3:Instances!EI3),"min", MIN(Instances!EI3:Instances!EI3),"max", MAX(Instances!EI3:Instances!EI3),"diff", MAX(Instances!EI3:Instances!EI3)-MIN(Instances!EI3:Instances!EI3))} -> 0 | EJ3: {=_xlfn.SWITCH($A$2,"average", AVERAGE(Instances!EJ3:Instances!EJ3),"median", MEDIAN(Instances!EJ3:Instances!EJ3),"min", MIN(Instances!EJ3:Instances!EJ3),"max", MAX(Instances!EJ3:Instances!EJ3),"diff", MAX(Instances!EJ3:Instances!EJ3)-MIN(Instances!EJ3:Instances!EJ3))} -> 0 | EK3: {=_xlfn.SWITCH($A$2,"average", AVERAGE(Instances!EK3:Instances!EK3),"median", MEDIAN(Instances!EK3:Instances!EK3),"min", MIN(Instances!EK3:Instances!EK3),"max", MAX(Instances!EK3:Instances!EK3),"diff", MAX(Instances!EK3:Instances!EK3)-MIN(Instances!EK3:Instances!EK3))} -> 0 | EL3: {=_xlfn.SWITCH($A$2,"average", AVERAGE(Instances!EL3:Instances!EL3),"median", MEDIAN(Instances!EL3:Instances!EL3),"min", MIN(Instances!EL3:Instances!EL3),"max", MAX(Instances!EL3:Instances!EL3),"diff", MAX(Instances!EL3:Instances!EL3)-MIN(Instances!EL3:Instances!EL3))} -> 0 | EM3: {=_xlfn.SWITCH($A$2,"average", AVERAGE(Instances!EM3:Instances!EM3),"median", MEDIAN(Instances!EM3:Instances!EM3),"min", MIN(Instances!EM3:Instances!EM3),"max", MAX(Instances!EM3:Instances!EM3),"diff", MAX(Instances!EM3:Instances!EM3)-MIN(Instances!EM3:Instances!EM3))} -> 0 | EO3: {=_xlfn.SWITCH($A$2,"average", AVERAGE(Instances!EO3:Instances!EO3),"median", MEDIAN(Instances!EO3:Instances!EO3),"min", MIN(Instances!EO3:Instances!EO3),"max", MAX(Instances!EO3:Instances!EO3),"diff", MAX(Instances!EO3:Instances!EO3)-MIN(Instances!EO3:Instances!EO3))} -> 0 | EP3: {=_xlfn.SWITCH($A$2,"average", AVERAGE(Instances!EP3:Instances!EP3),"median", MEDIAN(Instances!EP3:Instances!EP3),"min", MIN(Instances!EP3:Instances!EP3),"max", MAX(Instances!EP3:Instances!EP3),"diff", MAX(Instances!EP3:Instances!EP3)-MIN(Instances!EP3:Instances!EP3))} -> 0 | EQ3: {=_xlfn.SWITCH($A$2,"average", AVERAGE(Instances!EQ3:Instances!EQ3),"median", MEDIAN(Instances!EQ3:Instances!EQ3),"min", MIN(Instances!EQ3:Instances!EQ3),"max", MAX(Instances!EQ3:Instances!EQ3),"diff", MAX(Instances!EQ3:Instances!EQ3)-MIN(Instances!EQ3:Instances!EQ3))} -> 0 | ER3: {=_xlfn.SWITCH($A$2,"average", AVERAGE(Instances!ER3:Instances!ER3),"median", MEDIAN(Instances!ER3:Instances!ER3),"min", MIN(Instances!ER3:Instances!ER3),"max", MAX(Instances!ER3:Instances!ER3),"diff", MAX(Instances!ER3:Instances!ER3)-MIN(Instances!ER3:Instances!ER3))} -> 0 | ES3: {=_xlfn.SWITCH($A$2,"average", AVERAGE(Instances!ES3:Instances!ES3),"median", MEDIAN(Instances!ES3:Instances!ES3),"min", MIN(Instances!ES3:Instances!ES3),"max", MAX(Instances!ES3:Instances!ES3),"diff", MAX(Instances!ES3:Instances!ES3)-MIN(Instances!ES3:Instances!ES3))} -> 0 | ET3: {=_xlfn.SWITCH($A$2,"average", AVERAGE(Instances!ET3:Instances!ET3),"median", MEDIAN(Instances!ET3:Instances!ET3),"min", MIN(Instances!ET3:Instances!ET3),"max", MAX(Instances!ET3:Instances!ET3),"diff", MAX(Instances!ET3:Instances!ET3)-MIN(Instances!ET3:Instances!ET3))} -> 0 | EV3: {=_xlfn.SWITCH($A$2,"average", AVERAGE(Instances!EV3:Instances!EV3),"median", MEDIAN(Instances!EV3:Instances!EV3),"min", MIN(Instances!EV3:Instances!EV3),"max", MAX(Instances!EV3:Instances!EV3),"diff", MAX(Instances!EV3:Instances!EV3)-MIN(Instances!EV3:Instances!EV3))} -> 0 | EW3: {=_xlfn.SWITCH($A$2,"average", AVERAGE(Instances!EW3:Instances!EW3),"median", MEDIAN(Instances!EW3:Instances!EW3),"min", MIN(Instances!EW3:Instances!EW3),"max", MAX(Instances!EW3:Instances!EW3),"diff", MAX(Instances!EW3:Instances!EW3)-MIN(Instances!EW3:Instances!EW3))} -> 0 | EX3: {=_xlfn.SWITCH($A$2,"average", AVERAGE(Instances!EX3:Instances!EX3),"median", MEDIAN(Instances!EX3:Instances!EX3),"min", MIN(Instances!EX3:Instances!EX3),"max", MAX(Instances!EX3:Instances!EX3),"diff", MAX(Instances!EX3:Instances!EX3)-MIN(Instances!EX3:Instances!EX3))} -> 0 | EY3: {=_xlfn.SWITCH($A$2,"average", AVERAGE(Instances!EY3:Instances!EY3),"median", MEDIAN(Instances!EY3:Instances!EY3),"min", MIN(Instances!EY3:Instances!EY3),"max", MAX(Instances!EY3:Instances!EY3),"diff", MAX(Instances!EY3:Instances!EY3)-MIN(Instances!EY3:Instances!EY3))} -> 0 | EZ3: {=_xlfn.SWITCH($A$2,"average", AVERAGE(Instances!EZ3:Instances!EZ3),"median", MEDIAN(Instances!EZ3:Instances!EZ3),"min", MIN(Instances!EZ3:Instances!EZ3),"max", MAX(Instances!EZ3:Instances!EZ3),"diff", MAX(Instances!EZ3:Instances!EZ3)-MIN(Instances!EZ3:Instances!EZ3))} -> 0 | FA3: {=_xlfn.SWITCH($A$2,"average", AVERAGE(Instances!FA3:Instances!FA3),"median", MEDIAN(Instances!FA3:Instances!FA3),"min", MIN(Instances!FA3:Instances!FA3),"max", MAX(Instances!FA3:Instances!FA3),"diff", MAX(Instances!FA3:Instances!FA3)-MIN(Instances!FA3:Instances!FA3))} -> 0 | FC3: {=_xlfn.SWITCH($A$2,"average", AVERAGE(Instances!FC3:Instances!FC3),"median", MEDIAN(Instances!FC3:Instances!FC3),"min", MIN(Instances!FC3:Instances!FC3),"max", MAX(Instances!FC3:Instances!FC3),"diff", MAX(Instances!FC3:Instances!FC3)-MIN(Instances!FC3:Instances!FC3))} -> 0 | FD3: {=_xlfn.SWITCH($A$2,"average", AVERAGE(Instances!FD3:Instances!FD3),"median", MEDIAN(Instances!FD3:Instances!FD3),"min", MIN(Instances!FD3:Instances!FD3),"max", MAX(Instances!FD3:Instances!FD3),"diff", MAX(Instances!FD3:Instances!FD3)-MIN(Instances!FD3:Instances!FD3))} -> 0 | FE3: {=_xlfn.SWITCH($A$2,"average", AVERAGE(Instances!FE3:Instances!FE3),"median", MEDIAN(Instances!FE3:Instances!FE3),"min", MIN(Instances!FE3:Instances!FE3),"max", MAX(Instances!FE3:Instances!FE3),"diff", MAX(Instances!FE3:Instances!FE3)-MIN(Instances!FE3:Instances!FE3))} -> 0 | FF3: {=_xlfn.SWITCH($A$2,"average", AVERAGE(Instances!FF3:Instances!FF3),"median", MEDIAN(Instances!FF3:Instances!FF3),"min", MIN(Instances!FF3:Instances!FF3),"max", MAX(Instances!FF3:Instances!FF3),"diff", MAX(Instances!FF3:Instances!FF3)-MIN(Instances!FF3:Instances!FF3))} -> 0 | FG3: {=_xlfn.SWITCH($A$2,"average", AVERAGE(Instances!FG3:Instances!FG3),"median", MEDIAN(Instances!FG3:Instances!FG3),"min", MIN(Instances!FG3:Instances!FG3),"max", MAX(Instances!FG3:Instances!FG3),"diff", MAX(Instances!FG3:Instances!FG3)-MIN(Instances!FG3:Instances!FG3))} -> 0 | FH3: {=_xlfn.SWITCH($A$2,"average", AVERAGE(Instances!FH3:Instances!FH3),"median", MEDIAN(Instances!FH3:Instances!FH3),"min", MIN(Instances!FH3:Instances!FH3),"max", MAX(Instances!FH3:Instances!FH3),"diff", MAX(Instances!FH3:Instances!FH3)-MIN(Instances!FH3:Instances!FH3))} -> 0 | FJ3: {=_xlfn.SWITCH($A$2,"average", AVERAGE(Instances!FJ3:Instances!FJ3),"median", MEDIAN(Instances!FJ3:Instances!FJ3),"min", MIN(Instances!FJ3:Instances!FJ3),"max", MAX(Instances!FJ3:Instances!FJ3),"diff", MAX(Instances!FJ3:Instances!FJ3)-MIN(Instances!FJ3:Instances!FJ3))} -> 0 | FK3: {=_xlfn.SWITCH($A$2,"average", AVERAGE(Instances!FK3:Instances!FK3),"median", MEDIAN(Instances!FK3:Instances!FK3),"min", MIN(Instances!FK3:Instances!FK3),"max", MAX(Instances!FK3:Instances!FK3),"diff", MAX(Instances!FK3:Instances!FK3)-MIN(Instances!FK3:Instances!FK3))} -> 0 | FL3: {=_xlfn.SWITCH($A$2,"average", AVERAGE(Instances!FL3:Instances!FL3),"median", MEDIAN(Instances!FL3:Instances!FL3),"min", MIN(Instances!FL3:Instances!FL3),"max", MAX(Instances!FL3:Instances!FL3),"diff", MAX(Instances!FL3:Instances!FL3)-MIN(Instances!FL3:Instances!FL3))} -> 0 | FM3: {=_xlfn.SWITCH($A$2,"average", AVERAGE(Instances!FM3:Instances!FM3),"median", MEDIAN(Instances!FM3:Instances!FM3),"min", MIN(Instances!FM3:Instances!FM3),"max", MAX(Instances!FM3:Instances!FM3),"diff", MAX(Instances!FM3:Instances!FM3)-MIN(Instances!FM3:Instances!FM3))} -> 0 | FN3: {=_xlfn.SWITCH($A$2,"average", AVERAGE(Instances!FN3:Instances!FN3),"median", MEDIAN(Instances!FN3:Instances!FN3),"min", MIN(Instances!FN3:Instances!FN3),"max", MAX(Instances!FN3:Instances!FN3),"diff", MAX(Instances!FN3:Instances!FN3)-MIN(Instances!FN3:Instances!FN3))} -> 0 | FO3: {=_xlfn.SWITCH($A$2,"average", AVERAGE(Instances!FO3:Instances!FO3),"median", MEDIAN(Instances!FO3:Instances!FO3),"min", MIN(Instances!FO3:Instances!FO3),"max", MAX(Instances!FO3:Instances!FO3),"diff", MAX(Instances!FO3:Instances!FO3)-MIN(Instances!FO3:Instances!FO3))} -> 0 | FQ3: {=_xlfn.SWITCH($A$2,"average", AVERAGE(Instances!FQ3:Instances!FQ3),"median", MEDIAN(Instances!FQ3:Instances!FQ3),"min", MIN(Instances!FQ3:Instances!FQ3),"max", MAX(Instances!FQ3:Instances!FQ3),"diff", MAX(Instances!FQ3:Instances!FQ3)-MIN(Instances!FQ3:Instances!FQ3))} -> 0 | FR3: {=_xlfn.SWITCH($A$2,"average", AVERAGE(Instances!FR3:Instances!FR3),"median", MEDIAN(Instances!FR3:Instances!FR3),"min", MIN(Instances!FR3:Instances!FR3),"max", MAX(Instances!FR3:Instances!FR3),"diff", MAX(Instances!FR3:Instances!FR3)-MIN(Instances!FR3:Instances!FR3))} -> 0 | FS3: {=_xlfn.SWITCH($A$2,"average", AVERAGE(Instances!FS3:Instances!FS3),"median", MEDIAN(Instances!FS3:Instances!FS3),"min", MIN(Instances!FS3:Instances!FS3),"max", MAX(Instances!FS3:Instances!FS3),"diff", MAX(Instances!FS3:Instances!FS3)-MIN(Instances!FS3:Instances!FS3))} -> 0 | FT3: {=_xlfn.SWITCH($A$2,"average", AVERAGE(Instances!FT3:Instances!FT3),"median", MEDIAN(Instances!FT3:Instances!FT3),"min", MIN(Instances!FT3:Instances!FT3),"max", MAX(Instances!FT3:Instances!FT3),"diff", MAX(Instances!FT3:Instances!FT3)-MIN(Instances!FT3:Instances!FT3))} -> 0 | FU3: {=_xlfn.SWITCH($A$2,"average", AVERAGE(Instances!FU3:Instances!FU3),"median", MEDIAN(Instances!FU3:Instances!FU3),"min", MIN(Instances!FU3:Instances!FU3),"max", MAX(Instances!FU3:Instances!FU3),"diff", MAX(Instances!FU3:Instances!FU3)-MIN(Instances!FU3:Instances!FU3))} -> 0 | FV3: {=_xlfn.SWITCH($A$2,"average", AVERAGE(Instances!FV3:Instances!FV3),"median", MEDIAN(Instances!FV3:Instances!FV3),"min", MIN(Instances!FV3:Instances!FV3),"max", MAX(Instances!FV3:Instances!FV3),"diff", MAX(Instances!FV3:Instances!FV3)-MIN(Instances!FV3:Instances!FV3))} -> 0 | FX3: {=_xlfn.SWITCH($A$2,"average", AVERAGE(Instances!FX3:Instances!FX3),"median", MEDIAN(Instances!FX3:Instances!FX3),"min", MIN(Instances!FX3:Instances!FX3),"max", MAX(Instances!FX3:Instances!FX3),"diff", MAX(Instances!FX3:Instances!FX3)-MIN(Instances!FX3:Instances!FX3))} -> 0 | FY3: {=_xlfn.SWITCH($A$2,"average", AVERAGE(Instances!FY3:Instances!FY3),"median", MEDIAN(Instances!FY3:Instances!FY3),"min", MIN(Instances!FY3:Instances!FY3),"max", MAX(Instances!FY3:Instances!FY3),"diff", MAX(Instances!FY3:Instances!FY3)-MIN(Instances!FY3:Instances!FY3))} -> 0 | FZ3: {=_xlfn.SWITCH($A$2,"average", AVERAGE(Instances!FZ3:Instances!FZ3),"median", MEDIAN(Instances!FZ3:Instances!FZ3),"min", MIN(Instances!FZ3:Instances!FZ3),"max", MAX(Instances!FZ3:Instances!FZ3),"diff", MAX(Instances!FZ3:Instances!FZ3)-MIN(Instances!FZ3:Instances!FZ3))} -> 0 | GA3: {=_xlfn.SWITCH($A$2,"average", AVERAGE(Instances!GA3:Instances!GA3),"median", MEDIAN(Instances!GA3:Instances!GA3),"min", MIN(Instances!GA3:Instances!GA3),"max", MAX(Instances!GA3:Instances!GA3),"diff", MAX(Instances!GA3:Instances!GA3)-MIN(Instances!GA3:Instances!GA3))} -> 0 | GB3: {=_xlfn.SWITCH($A$2,"average", AVERAGE(Instances!GB3:Instances!GB3),"median", MEDIAN(Instances!GB3:Instances!GB3),"min", MIN(Instances!GB3:Instances!GB3),"max", MAX(Instances!GB3:Instances!GB3),"diff", MAX(Instances!GB3:Instances!GB3)-MIN(Instances!GB3:Instances!GB3))} -> 0 | GC3: {=_xlfn.SWITCH($A$2,"average", AVERAGE(Instances!GC3:Instances!GC3),"median", MEDIAN(Instances!GC3:Instances!GC3),"min", MIN(Instances!GC3:Instances!GC3),"max", MAX(Instances!GC3:Instances!GC3),"diff", MAX(Instances!GC3:Instances!GC3)-MIN(Instances!GC3:Instances!GC3))} -> 0 | GE3: {=_xlfn.SWITCH($A$2,"average", AVERAGE(Instances!GE3:Instances!GE3),"median", MEDIAN(Instances!GE3:Instances!GE3),"min", MIN(Instances!GE3:Instances!GE3),"max", MAX(Instances!GE3:Instances!GE3),"diff", MAX(Instances!GE3:Instances!GE3)-MIN(Instances!GE3:Instances!GE3))} -> 0 | GF3: {=_xlfn.SWITCH($A$2,"average", AVERAGE(Instances!GF3:Instances!GF3),"median", MEDIAN(Instances!GF3:Instances!GF3),"min", MIN(Instances!GF3:Instances!GF3),"max", MAX(Instances!GF3:Instances!GF3),"diff", MAX(Instances!GF3:Instances!GF3)-MIN(Instances!GF3:Instances!GF3))} -> 0 | GG3: {=_xlfn.SWITCH($A$2,"average", AVERAGE(Instances!GG3:Instances!GG3),"median", MEDIAN(Instances!GG3:Instances!GG3),"min", MIN(Instances!GG3:Instances!GG3),"max", MAX(Instances!GG3:Instances!GG3),"diff", MAX(Instances!GG3:Instances!GG3)-MIN(Instances!GG3:Instances!GG3))} -> 0 | GH3: {=_xlfn.SWITCH($A$2,"average", AVERAGE(Instances!GH3:Instances!GH3),"median", MEDIAN(Instances!GH3:Instances!GH3),"min", MIN(Instances!GH3:Instances!GH3),"max", MAX(Instances!GH3:Instances!GH3),"diff", MAX(Instances!GH3:Instances!GH3)-MIN(Instances!GH3:Instances!GH3))} -> 0 | GI3: =MIN($B3,$I3,$P3,$W3,$AD3,$AK3,$AR3,$AY3,$BF3,$BM3,$BT3,$CA3,$CH3,$CO3,$CV3,$DC3,$DJ3,$DQ3,$DX3,$EE3,$EL3,$ES3,$EZ3,$FG3,$FN3,$FU3,$GB3) -> 0 | GJ3: =MIN($C3,$J3,$Q3,$X3,$AE3,$AL3,$AS3,$AZ3,$BG3,$BN3,$BU3,$CB3,$CI3,$CP3,$CW3,$DD3,$DK3,$DR3,$DY3,$EF3,$EM3,$ET3,$FA3,$FH3,$FO3,$FV3,$GC3) -> 0 | GK3: =MIN($E3,$L3,$S3,$Z3,$AG3,$AN3,$AU3,$BB3,$BI3,$BP3,$BW3,$CD3,$CK3,$CR3,$CY3,$DF3,$DM3,$DT3,$EA3,$EH3,$EO3,$EV3,$FC3,$FJ3,$FQ3,$FX3,$GE3) -> 0 | GL3: =MIN($F3,$M3,$T3,$AA3,$AH3,$AO3,$AV3,$BC3,$BJ3,$BQ3,$BX3,$CE3,$CL3,$CS3,$CZ3,$DG3,$DN3,$DU3,$EB3,$EI3,$EP3,$EW3,$FD3,$FK3,$FR3,$FY3,$GF3) -> 0 | GM3: =MIN($G3,$N3,$U3,$AB3,$AI3,$AP3,$AW3,$BD3,$BK3,$BR3,$BY3,$CF3,$CM3,$CT3,$DA3,$DH3,$DO3,$DV3,$EC3,$EJ3,$EQ3,$EX3,$FE3,$FL3,$FS3,$FZ3,$GG3) -> 0 | GN3: =MIN($H3,$O3,$V3,$AC3,$AJ3,$AQ3,$AX3,$BE3,$BL3,$BS3,$BZ3,$CG3,$CN3,$CU3,$DB3,$DI3,$DP3,$DW3,$ED3,$EK3,$ER3,$EY3,$FF3,$FM3,$FT3,$GA3,$GH3) -> 0 | GO3: =MEDIAN($B3,$I3,$P3,$W3,$AD3,$AK3,$AR3,$AY3,$BF3,$BM3,$BT3,$CA3,$CH3,$CO3,$CV3,$DC3,$DJ3,$DQ3,$DX3,$EE3,$EL3,$ES3,$EZ3,$FG3,$FN3,$FU3,$GB3) -> 0 | GP3: =MEDIAN($C3,$J3,$Q3,$X3,$AE3,$AL3,$AS3,$AZ3,$BG3,$BN3,$BU3,$CB3,$CI3,$CP3,$CW3,$DD3,$DK3,$DR3,$DY3,$EF3,$EM3,$ET3,$FA3,$FH3,$FO3,$FV3,$GC3) -> 0 | GQ3: =MEDIAN($E3,$L3,$S3,$Z3,$AG3,$AN3,$AU3,$BB3,$BI3,$BP3,$BW3,$CD3,$CK3,$CR3,$CY3,$DF3,$DM3,$DT3,$EA3,$EH3,$EO3,$EV3,$FC3,$FJ3,$FQ3,$FX3,$GE3) -> 0 | GR3: =MEDIAN($F3,$M3,$T3,$AA3,$AH3,$AO3,$AV3,$BC3,$BJ3,$BQ3,$BX3,$CE3,$CL3,$CS3,$CZ3,$DG3,$DN3,$DU3,$EB3,$EI3,$EP3,$EW3,$FD3,$FK3,$FR3,$FY3,$GF3) -> 0 | GS3: =MEDIAN($G3,$N3,$U3,$AB3,$AI3,$AP3,$AW3,$BD3,$BK3,$BR3,$BY3,$CF3,$CM3,$CT3,$DA3,$DH3,$DO3,$DV3,$EC3,$EJ3,$EQ3,$EX3,$FE3,$FL3,$FS3,$FZ3,$GG3) -> 0 | GT3: =MEDIAN($H3,$O3,$V3,$AC3,$AJ3,$AQ3,$AX3,$BE3,$BL3,$BS3,$BZ3,$CG3,$CN3,$CU3,$DB3,$DI3,$DP3,$DW3,$ED3,$EK3,$ER3,$EY3,$FF3,$FM3,$FT3,$GA3,$GH3) -> 0 | GU3: =MAX($B3,$I3,$P3,$W3,$AD3,$AK3,$AR3,$AY3,$BF3,$BM3,$BT3,$CA3,$CH3,$CO3,$CV3,$DC3,$DJ3,$DQ3,$DX3,$EE3,$EL3,$ES3,$EZ3,$FG3,$FN3,$FU3,$GB3) -> 0 | GV3: =MAX($C3,$J3,$Q3,$X3,$AE3,$AL3,$AS3,$AZ3,$BG3,$BN3,$BU3,$CB3,$CI3,$CP3,$CW3,$DD3,$DK3,$DR3,$DY3,$EF3,$EM3,$ET3,$FA3,$FH3,$FO3,$FV3,$GC3) -> 0 | GW3: =MAX($E3,$L3,$S3,$Z3,$AG3,$AN3,$AU3,$BB3,$BI3,$BP3,$BW3,$CD3,$CK3,$CR3,$CY3,$DF3,$DM3,$DT3,$EA3,$EH3,$EO3,$EV3,$FC3,$FJ3,$FQ3,$FX3,$GE3) -> 0 | GX3: =MAX($F3,$M3,$T3,$AA3,$AH3,$AO3,$AV3,$BC3,$BJ3,$BQ3,$BX3,$CE3,$CL3,$CS3,$CZ3,$DG3,$DN3,$DU3,$EB3,$EI3,$EP3,$EW3,$FD3,$FK3,$FR3,$FY3,$GF3) -> 0 | GY3: =MAX($G3,$N3,$U3,$AB3,$AI3,$AP3,$AW3,$BD3,$BK3,$BR3,$BY3,$CF3,$CM3,$CT3,$DA3,$DH3,$DO3,$DV3,$EC3,$EJ3,$EQ3,$EX3,$FE3,$FL3,$FS3,$FZ3,$GG3) -> 0 | GZ3: =MAX($H3,$O3,$V3,$AC3,$AJ3,$AQ3,$AX3,$BE3,$BL3,$BS3,$BZ3,$CG3,$CN3,$CU3,$DB3,$DI3,$DP3,$DW3,$ED3,$EK3,$ER3,$EY3,$FF3,$FM3,$FT3,$GA3,$GH3) -> 0
A4: instances/ft10 | B4: {=_xlfn.SWITCH($A$2,"average", AVERAGE(Instances!B4:Instances!B4),"median", MEDIAN(Instances!B4:Instances!B4),"min", MIN(Instances!B4:Instances!B4),"max", MAX(Instances!B4:Instances!B4),"diff", MAX(Instances!B4:Instances!B4)-MIN(Instances!B4:Instances!B4))} -> 0 | H4: {=_xlfn.SWITCH($A$2,"average", AVERAGE(Instances!H4:Instances!H4),"median", MEDIAN(Instances!H4:Instances!H4),"min", MIN(Instances!H4:Instances!H4),"max", MAX(Instances!H4:Instances!H4),"diff", MAX(Instances!H4:Instances!H4)-MIN(Instances!H4:Instances!H4))} -> 0 | I4: {=_xlfn.SWITCH($A$2,"average", AVERAGE(Instances!I4:Instances!I4),"median", MEDIAN(Instances!I4:Instances!I4),"min", MIN(Instances!I4:Instances!I4),"max", MAX(Instances!I4:Instances!I4),"diff", MAX(Instances!I4:Instances!I4)-MIN(Instances!I4:Instances!I4))} -> 0 | O4: {=_xlfn.SWITCH($A$2,"average", AVERAGE(Instances!O4:Instances!O4),"median", MEDIAN(Instances!O4:Instances!O4),"min", MIN(Instances!O4:Instances!O4),"max", MAX(Instances!O4:Instances!O4),"diff", MAX(Instances!O4:Instances!O4)-MIN(Instances!O4:Instances!O4))} -> 0 | P4: {=_xlfn.SWITCH($A$2,"average", AVERAGE(Instances!P4:Instances!P4),"median", MEDIAN(Instances!P4:Instances!P4),"min", MIN(Instances!P4:Instances!P4),"max", MAX(Instances!P4:Instances!P4),"diff", MAX(Instances!P4:Instances!P4)-MIN(Instances!P4:Instances!P4))} -> 0 | V4: {=_xlfn.SWITCH($A$2,"average", AVERAGE(Instances!V4:Instances!V4),"median", MEDIAN(Instances!V4:Instances!V4),"min", MIN(Instances!V4:Instances!V4),"max", MAX(Instances!V4:Instances!V4),"diff", MAX(Instances!V4:Instances!V4)-MIN(Instances!V4:Instances!V4))} -> 0 | W4: {=_xlfn.SWITCH($A$2,"average", AVERAGE(Instances!W4:Instances!W4),"median", MEDIAN(Instances!W4:Instances!W4),"min", MIN(Instances!W4:Instances!W4),"max", MAX(Instances!W4:Instances!W4),"diff", MAX(Instances!W4:Instances!W4)-MIN(Instances!W4:Instances!W4))} -> 0 | AC4: {=_xlfn.SWITCH($A$2,"average", AVERAGE(Instances!AC4:Instances!AC4),"median", MEDIAN(Instances!AC4:Instances!AC4),"min", MIN(Instances!AC4:Instances!AC4),"max", MAX(Instances!AC4:Instances!AC4),"diff", MAX(Instances!AC4:Instances!AC4)-MIN(Instances!AC4:Instances!AC4))} -> 0 | AD4: {=_xlfn.SWITCH($A$2,"average", AVERAGE(Instances!AD4:Instances!AD4),"median", MEDIAN(Instances!AD4:Instances!AD4),"min", MIN(Instances!AD4:Instances!AD4),"max", MAX(Instances!AD4:Instances!AD4),"diff", MAX(Instances!AD4:Instances!AD4)-MIN(Instances!AD4:Instances!AD4))} -> 0 | AJ4: {=_xlfn.SWITCH($A$2,"average", AVERAGE(Instances!AJ4:Instances!AJ4),"median", MEDIAN(Instances!AJ4:Instances!AJ4),"min", MIN(Instances!AJ4:Instances!AJ4),"max", MAX(Instances!AJ4:Instances!AJ4),"diff", MAX(Instances!AJ4:Instances!AJ4)-MIN(Instances!AJ4:Instances!AJ4))} -> 0 | AK4: {=_xlfn.SWITCH($A$2,"average", AVERAGE(Instances!AK4:Instances!AK4),"median", MEDIAN(Instances!AK4:Instances!AK4),"min", MIN(Instances!AK4:Instances!AK4),"max", MAX(Instances!AK4:Instances!AK4),"diff", MAX(Instances!AK4:Instances!AK4)-MIN(Instances!AK4:Instances!AK4))} -> 0 | AQ4: {=_xlfn.SWITCH($A$2,"average", AVERAGE(Instances!AQ4:Instances!AQ4),"median", MEDIAN(Instances!AQ4:Instances!AQ4),"min", MIN(Instances!AQ4:Instances!AQ4),"max", MAX(Instances!AQ4:Instances!AQ4),"diff", MAX(Instances!AQ4:Instances!AQ4)-MIN(Instances!AQ4:Instances!AQ4))} -> 0 | GI4: =MIN($B4,$I4,$P4,$W4,$AD4,$AK4,$AR4,$AY4,$BF4,$BM4,$BT4,$CA4,$CH4,$CO4,$CV4,$DC4,$DJ4,$DQ4,$DX4,$EE4,$EL4,$ES4,$EZ4,$FG4,$FN4,$FU4,$GB4) -> 0 | GN4: =MIN($H4,$O4,$V4,$AC4,$AJ4,$AQ4,$AX4,$BE4,$BL4,$BS4,$BZ4,$CG4,$CN4,$CU4,$DB4,$DI4,$DP4,$DW4,$ED4,$EK4,$ER4,$EY4,$FF4,$FM4,$FT4,$GA4,$GH4) -> 0 | GO4: =MEDIAN($B4,$I4,$P4,$W4,$AD4,$AK4,$AR4,$AY4,$BF4,$BM4,$BT4,$CA4,$CH4,$CO4,$CV4,$DC4,$DJ4,$DQ4,$DX4,$EE4,$EL4,$ES4,$EZ4,$FG4,$FN4,$FU4,$GB4) -> 0 | GT4: =MEDIAN($H4,$O4,$V4,$AC4,$AJ4,$AQ4,$AX4,$BE4,$BL4,$BS4,$BZ4,$CG4,$CN4,$CU4,$DB4,$DI4,$DP4,$DW4,$ED4,$EK4,$ER4,$EY4,$FF4,$FM4,$FT4,$GA4,$GH4) -> 0 | GU4: =MAX($B4,$I4,$P4,$W4,$AD4,$AK4,$AR4,$AY4,$BF4,$BM4,$BT4,$CA4,$CH4,$CO4,$CV4,$DC4,$DJ4,$DQ4,$DX4,$EE4,$EL4,$ES4,$EZ4,$FG4,$FN4,$FU4,$GB4) -> 0 | GZ4: =MAX($H4,$O4,$V4,$AC4,$AJ4,$AQ4,$AX4,$BE4,$BL4,$BS4,$BZ4,$CG4,$CN4,$CU4,$DB4,$DI4,$DP4,$DW4,$ED4,$EK4,$ER4,$EY4,$FF4,$FM4,$FT4,$GA4,$GH4) -> 0
A5: instances/la01 | B5: {=_xlfn.SWITCH($A$2,"average", AVERAGE(Instances!B5:Instances!B5),"median", MEDIAN(Instances!B5:Instances!B5),"min", MIN(Instances!B5:Instances!B5),"max", MAX(Instances!B5:Instances!B5),"diff", MAX(Instances!B5:Instances!B5)-MIN(Instances!B5:Instances!B5))} -> 0 | H5: {=_xlfn.SWITCH($A$2,"average", AVERAGE(Instances!H5:Instances!H5),"median", MEDIAN(Instances!H5:Instances!H5),"min", MIN(Instances!H5:Instances!H5),"max", MAX(Instances!H5:Instances!H5),"diff", MAX(Instances!H5:Instances!H5)-MIN(Instances!H5:Instances!H5))} -> 0 | I5: {=_xlfn.SWITCH($A$2,"average", AVERAGE(Instances!I5:Instances!I5),"median", MEDIAN(Instances!I5:Instances!I5),"min", MIN(Instances!I5:Instances!I5),"max", MAX(Instances!I5:Instances!I5),"diff", MAX(Instances!I5:Instances!I5)-MIN(Instances!I5:Instances!I5))} -> 0 | O5: {=_xlfn.SWITCH($A$2,"average", AVERAGE(Instances!O5:Instances!O5),"median", MEDIAN(Instances!O5:Instances!O5),"min", MIN(Instances!O5:Instances!O5),"max", MAX(Instances!O5:Instances!O5),"diff", MAX(Instances!O5:Instances!O5)-MIN(Instances!O5:Instances!O5))} -> 0 | P5: {=_xlfn.SWITCH($A$2,"average", AVERAGE(Instances!P5:Instances!P5),"median", MEDIAN(Instances!P5:Instances!P5),"min", MIN(Instances!P5:Instances!P5),"max", MAX(Instances!P5:Instances!P5),"diff", MAX(Instances!P5:Instances!P5)-MIN(Instances!P5:Instances!P5))} -> 0 | V5: {=_xlfn.SWITCH($A$2,"average", AVERAGE(Instances!V5:Instances!V5),"median", MEDIAN(Instances!V5:Instances!V5),"min", MIN(Instances!V5:Instances!V5),"max", MAX(Instances!V5:Instances!V5),"diff", MAX(Instances!V5:Instances!V5)-MIN(Instances!V5:Instances!V5))} -> 0 | W5: {=_xlfn.SWITCH($A$2,"average", AVERAGE(Instances!W5:Instances!W5),"median", MEDIAN(Instances!W5:Instances!W5),"min", MIN(Instances!W5:Instances!W5),"max", MAX(Instances!W5:Instances!W5),"diff", MAX(Instances!W5:Instances!W5)-MIN(Instances!W5:Instances!W5))} -> 0 | AC5: {=_xlfn.SWITCH($A$2,"average", AVERAGE(Instances!AC5:Instances!AC5),"median", MEDIAN(Instances!AC5:Instances!AC5),"min", MIN(Instances!AC5:Instances!AC5),"max", MAX(Instances!AC5:Instances!AC5),"diff", MAX(Instances!AC5:Instances!AC5)-MIN(Instances!AC5:Instances!AC5))} -> 0 | AD5: {=_xlfn.SWITCH($A$2,"average", AVERAGE(Instances!AD5:Instances!AD5),"median", MEDIAN(Instances!AD5:Instances!AD5),"min", MIN(Instances!AD5:Instances!AD5),"max", MAX(Instances!AD5:Instances!AD5),"diff", MAX(Instances!AD5:Instances!AD5)-MIN(Instances!AD5:Instances!AD5))} -> 0 | AJ5: {=_xlfn.SWITCH($A$2,"average", AVERAGE(Instances!AJ5:Instances!AJ5),"median", MEDIAN(Instances!AJ5:Instances!AJ5),"min", MIN(Instances!AJ5:Instances!AJ5),"max", MAX(Instances!AJ5:Instances!AJ5),"diff", MAX(Instances!AJ5:Instances!AJ5)-MIN(Instances!AJ5:Instances!AJ5))} -> 0 | AK5: {=_xlfn.SWITCH($A$2,"average", AVERAGE(Instances!AK5:Instances!AK5),"median", MEDIAN(Instances!AK5:Instances!AK5),"min", MIN(Instances!AK5:Instances!AK5),"max", MAX(Instances!AK5:Instances!AK5),"diff", MAX(Instances!AK5:Instances!AK5)-MIN(Instances!AK5:Instances!AK5))} -> 0 | AQ5: {=_xlfn.SWITCH($A$2,"average", AVERAGE(Instances!AQ5:Instances!AQ5),"median", MEDIAN(Instances!AQ5:Instances!AQ5),"min", MIN(Instances!AQ5:Instances!AQ5),"max", MAX(Instances!AQ5:Instances!AQ5),"diff", MAX(Instances!AQ5:Instances!AQ5)-MIN(Instances!AQ5:Instances!AQ5))} -> 0 | GI5: =MIN($B5,$I5,$P5,$W5,$AD5,$AK5,$AR5,$AY5,$BF5,$BM5,$BT5,$CA5,$CH5,$CO5,$CV5,$DC5,$DJ5,$DQ5,$DX5,$EE5,$EL5,$ES5,$EZ5,$FG5,$FN5,$FU5,$GB5) -> 0 | GN5: =MIN($H5,$O5,$V5,$AC5,$AJ5,$AQ5,$AX5,$BE5,$BL5,$BS5,$BZ5,$CG5,$CN5,$CU5,$DB5,$DI5,$DP5,$DW5,$ED5,$EK5,$ER5,$EY5,$FF5,$FM5,$FT5,$GA5,$GH5) -> 0 | GO5: =MEDIAN($B5,$I5,$P5,$W5,$AD5,$AK5,$AR5,$AY5,$BF5,$BM5,$BT5,$CA5,$CH5,$CO5,$CV5,$DC5,$DJ5,$DQ5,$DX5,$EE5,$EL5,$ES5,$EZ5,$FG5,$FN5,$FU5,$GB5) -> 0 | GT5: =MEDIAN($H5,$O5,$V5,$AC5,$AJ5,$AQ5,$AX5,$BE5,$BL5,$BS5,$BZ5,$CG5,$CN5,$CU5,$DB5,$DI5,$DP5,$DW5,$ED5,$EK5,$ER5,$EY5,$FF5,$FM5,$FT5,$GA5,$GH5) -> 0 | GU5: =MAX($B5,$I5,$P5,$W5,$AD5,$AK5,$AR5,$AY5,$BF5,$BM5,$BT5,$CA5,$CH5,$CO5,$CV5,$DC5,$DJ5,$DQ5,$DX5,$EE5,$EL5,$ES5,$EZ5,$FG5,$FN5,$FU5,$GB5) -> 0 | GZ5: =MAX($H5,$O5,$V5,$AC5,$AJ5,$AQ5,$AX5,$BE5,$BL5,$BS5,$BZ5,$CG5,$CN5,$CU5,$DB5,$DI5,$DP5,$DW5,$ED5,$EK5,$ER5,$EY5,$FF5,$FM5,$FT5,$GA5,$GH5) -> 0
A6: instances/la02 | B6: {=_xlfn.SWITCH($A$2,"average", AVERAGE(Instances!B6:Instances!B6),"median", MEDIAN(Instances!B6:Instances!B6),"min", MIN(Instances!B6:Instances!B6),"max", MAX(Instances!B6:Instances!B6),"diff", MAX(Instances!B6:Instances!B6)-MIN(Instances!B6:Instances!B6))} -> 0 | H6: {=_xlfn.SWITCH($A$2,"average", AVERAGE(Instances!H6:Instances!H6),"median", MEDIAN(Instances!H6:Instances!H6),"min", MIN(Instances!H6:Instances!H6),"max", MAX(Instances!H6:Instances!H6),"diff", MAX(Instances!H6:Instances!H6)-MIN(Instances!H6:Instances!H6))} -> 0 | I6: {=_xlfn.SWITCH($A$2,"average", AVERAGE(Instances!I6:Instances!I6),"median", MEDIAN(Instances!I6:Instances!I6),"min", MIN(Instances!I6:Instances!I6),"max", MAX(Instances!I6:Instances!I6),"diff", MAX(Instances!I6:Instances!I6)-MIN(Instances!I6:Instances!I6))} -> 0 | O6: {=_xlfn.SWITCH($A$2,"average", AVERAGE(Instances!O6:Instances!O6),"median", MEDIAN(Instances!O6:Instances!O6),"min", MIN(Instances!O6:Instances!O6),"max", MAX(Instances!O6:Instances!O6),"diff", MAX(Instances!O6:Instances!O6)-MIN(Instances!O6:Instances!O6))} -> 0 | P6: {=_xlfn.SWITCH($A$2,"average", AVERAGE(Instances!P6:Instances!P6),"median", MEDIAN(Instances!P6:Instances!P6),"min", MIN(Instances!P6:Instances!P6),"max", MAX(Instances!P6:Instances!P6),"diff", MAX(Instances!P6:Instances!P6)-MIN(Instances!P6:Instances!P6))} -> 0 | V6: {=_xlfn.SWITCH($A$2,"average", AVERAGE(Instances!V6:Instances!V6),"median", MEDIAN(Instances!V6:Instances!V6),"min", MIN(Instances!V6:Instances!V6),"max", MAX(Instances!V6:Instances!V6),"diff", MAX(Instances!V6:Instances!V6)-MIN(Instances!V6:Instances!V6))} -> 0 | W6: {=_xlfn.SWITCH($A$2,"average", AVERAGE(Instances!W6:Instances!W6),"median", MEDIAN(Instances!W6:Instances!W6),"min", MIN(Instances!W6:Instances!W6),"max", MAX(Instances!W6:Instances!W6),"diff", MAX(Instances!W6:Instances!W6)-MIN(Instances!W6:Instances!W6))} -> 0 | AC6: {=_xlfn.SWITCH($A$2,"average", AVERAGE(Instances!AC6:Instances!AC6),"median", MEDIAN(Instances!AC6:Instances!AC6),"min", MIN(Instances!AC6:Instances!AC6),"max", MAX(Instances!AC6:Instances!AC6),"diff", MAX(Instances!AC6:Instances!AC6)-MIN(Instances!AC6:Instances!AC6))} -> 0 | AD6: {=_xlfn.SWITCH($A$2,"average", AVERAGE(Instances!AD6:Instances!AD6),"median", MEDIAN(Instances!AD6:Instances!AD6),"min", MIN(Instances!AD6:Instances!AD6),"max", MAX(Instances!AD6:Instances!AD6),"diff", MAX(Instances!AD6:Instances!AD6)-MIN(Instances!AD6:Instances!AD6))} -> 0 | AJ6: {=_xlfn.SWITCH($A$2,"average", AVERAGE(Instances!AJ6:Instances!AJ6),"median", MEDIAN(Instances!AJ6:Instances!AJ6),"min", MIN(Instances!AJ6:Instances!AJ6),"max", MAX(Instances!AJ6:Instances!AJ6),"diff", MAX(Instances!AJ6:Instances!AJ6)-MIN(Instances!AJ6:Instances!AJ6))} -> 0 | AK6: {=_xlfn.SWITCH($A$2,"average", AVERAGE(Instances!AK6:Instances!AK6),"median", MEDIAN(Instances!AK6:Instances!AK6),"min", MIN(Instances!AK6:Instances!AK6),"max", MAX(Instances!AK6:Instances!AK6),"diff", MAX(Instances!AK6:Instances!AK6)-MIN(Instances!AK6:Instances!AK6))} -> 0 | AQ6: {=_xlfn.SWITCH($A$2,"average", AVERAGE(Instances!AQ6:Instances!AQ6),"median", MEDIAN(Instances!AQ6:Instances!AQ6),"min", MIN(Instances!AQ6:Instances!AQ6),"max", MAX(Instances!AQ6:Instances!AQ6),"diff", MAX(Instances!AQ6:Instances!AQ6)-MIN(Instances!AQ6:Instances!AQ6))} -> 0 | GI6: =MIN($B6,$I6,$P6,$W6,$AD6,$AK6,$AR6,$AY6,$BF6,$BM6,$BT6,$CA6,$CH6,$CO6,$CV6,$DC6,$DJ6,$DQ6,$DX6,$EE6,$EL6,$ES6,$EZ6,$FG6,$FN6,$FU6,$GB6) -> 0 | GN6: =MIN($H6,$O6,$V6,$AC6,$AJ6,$AQ6,$AX6,$BE6,$BL6,$BS6,$BZ6,$CG6,$CN6,$CU6,$DB6,$DI6,$DP6,$DW6,$ED6,$EK6,$ER6,$EY6,$FF6,$FM6,$FT6,$GA6,$GH6) -> 0 | GO6: =MEDIAN($B6,$I6,$P6,$W6,$AD6,$AK6,$AR6,$AY6,$BF6,$BM6,$BT6,$CA6,$CH6,$CO6,$CV6,$DC6,$DJ6,$DQ6,$DX6,$EE6,$EL6,$ES6,$EZ6,$FG6,$FN6,$FU6,$GB6) -> 0 | GT6: =MEDIAN($H6,$O6,$V6,$AC6,$AJ6,$AQ6,$AX6,$BE6,$BL6,$BS6,$BZ6,$CG6,$CN6,$CU6,$DB6,$DI6,$DP6,$DW6,$ED6,$EK6,$ER6,$EY6,$FF6,$FM6,$FT6,$GA6,$GH6) -> 0 | GU6: =MAX($B6,$I6,$P6,$W6,$AD6,$AK6,$AR6,$AY6,$BF6,$BM6,$BT6,$CA6,$CH6,$CO6,$CV6,$DC6,$DJ6,$DQ6,$DX6,$EE6,$EL6,$ES6,$EZ6,$FG6,$FN6,$FU6,$GB6) -> 0 | GZ6: =MAX($H6,$O6,$V6,$AC6,$AJ6,$AQ6,$AX6,$BE6,$BL6,$BS6,$BZ6,$CG6,$CN6,$CU6,$DB6,$DI6,$DP6,$DW6,$ED6,$EK6,$ER6,$EY6,$FF6,$FM6,$FT6,$GA6,$GH6) -> 0
A8: SUM | B8: =SUM(B$3:B$6) -> 0 | H8: =SUM(H$3:H$6) -> 0 | I8: =SUM(I$3:I$6) -> 0 | O8: =SUM(O$3:O$6) -> 0 | P8: =SUM(P$3:P$6) -> 0 | V8: =SUM(V$3:V$6) -> 0 | W8: =SUM(W$3:W$6) -> 0 | AC8: =SUM(AC$3:AC$6) -> 0 | AD8: =SUM(AD$3:AD$6) -> 0 | AJ8: =SUM(AJ$3:AJ$6) -> 0 | AK8: =SUM(AK$3:AK$6) -> 0 | AQ8: =SUM(AQ$3:AQ$6) -> 0 | AR8: =SUM(AR$3:AR$6) -> 0 | AX8: =SUM(AX$3:AX$6) -> 0 | AY8: =SUM(AY$3:AY$6) -> 0 | AZ8: =SUM(AZ$3:AZ$6) -> 0 | BB8: =SUM(BB$3:BB$6) -> 0 | BC8: =SUM(BC$3:BC$6) -> 0 | BD8: =SUM(BD$3:BD$6) -> 0 | BE8: =SUM(BE$3:BE$6) -> 0 | BF8: =SUM(BF$3:BF$6) -> 0 | BG8: =SUM(BG$3:BG$6) -> 0 | BI8: =SUM(BI$3:BI$6) -> 0 | BJ8: =SUM(BJ$3:BJ$6) -> 0 | BK8: =SUM(BK$3:BK$6) -> 0 | BL8: =SUM(BL$3:BL$6) -> 0 | BM8: =SUM(BM$3:BM$6) -> 0 | BN8: =SUM(BN$3:BN$6) -> 0 | BP8: =SUM(BP$3:BP$6) -> 0 | BQ8: =SUM(BQ$3:BQ$6) -> 0 | BR8: =SUM(BR$3:BR$6) -> 0 | BS8: =SUM(BS$3:BS$6) -> 0 | BT8: =SUM(BT$3:BT$6) -> 0 | BU8: =SUM(BU$3:BU$6) -> 0 | BW8: =SUM(BW$3:BW$6) -> 0 | BX8: =SUM(BX$3:BX$6) -> 0 | BY8: =SUM(BY$3:BY$6) -> 0 | BZ8: =SUM(BZ$3:BZ$6) -> 0 | CA8: =SUM(CA$3:CA$6) -> 0 | CB8: =SUM(CB$3:CB$6) -> 0 | CD8: =SUM(CD$3:CD$6) -> 0 | CE8: =SUM(CE$3:CE$6) -> 0 | CF8: =SUM(CF$3:CF$6) -> 0 | CG8: =SUM(CG$3:CG$6) -> 0 | CH8: =SUM(CH$3:CH$6) -> 0 | CN8: =SUM(CN$3:CN$6) -> 0 | CO8: =SUM(CO$3:CO$6) -> 0 | CP8: =SUM(CP$3:CP$6) -> 0 | CR8: =SUM(CR$3:CR$6) -> 0 | CS8: =SUM(CS$3:CS$6) -> 0 | CT8: =SUM(CT$3:CT$6) -> 0 | CU8: =SUM(CU$3:CU$6) -> 0 | CV8: =SUM(CV$3:CV$6) -> 0 | CW8: =SUM(CW$3:CW$6) -> 0 | CY8: =SUM(CY$3:CY$6) -> 0 | CZ8: =SUM(CZ$3:CZ$6) -> 0 | DA8: =SUM(DA$3:DA$6) -> 0 | DB8: =SUM(DB$3:DB$6) -> 0 | DC8: =SUM(DC$3:DC$6) -> 0 | DI8: =SUM(DI$3:DI$6) -> 0 | DJ8: =SUM(DJ$3:DJ$6) -> 0 | DK8: =SUM(DK$3:DK$6) -> 0 | DM8: =SUM(DM$3:DM$6) -> 0 | DN8: =SUM(DN$3:DN$6) -> 0 | DO8: =SUM(DO$3:DO$6) -> 0 | DP8: =SUM(DP$3:DP$6) -> 0 | DQ8: =SUM(DQ$3:DQ$6) -> 0 | DR8: =SUM(DR$3:DR$6) -> 0 | DT8: =SUM(DT$3:DT$6) -> 0 | DU8: =SUM(DU$3:DU$6) -> 0 | DV8: =SUM(DV$3:DV$6) -> 0 | DW8: =SUM(DW$3:DW$6) -> 0 | DX8: =SUM(DX$3:DX$6) -> 0 | DY8: =SUM(DY$3:DY$6) -> 0 | EA8: =SUM(EA$3:EA$6) -> 0 | EB8: =SUM(EB$3:EB$6) -> 0 | EC8: =SUM(EC$3:EC$6) -> 0 | ED8: =SUM(ED$3:ED$6) -> 0 | EE8: =SUM(EE$3:EE$6) -> 0 | EF8: =SUM(EF$3:EF$6) -> 0 | EH8: =SUM(EH$3:EH$6) -> 0 | EI8: =SUM(EI$3:EI$6) -> 0 | EJ8: =SUM(EJ$3:EJ$6) -> 0 | EK8: =SUM(EK$3:EK$6) -> 0 | EL8: =SUM(EL$3:EL$6) -> 0 | EM8: =SUM(EM$3:EM$6) -> 0 | EO8: =SUM(EO$3:EO$6) -> 0 | EP8: =SUM(EP$3:EP$6) -> 0 | EQ8: =SUM(EQ$3:EQ$6) -> 0 | ER8: =SUM(ER$3:ER$6) -> 0 | ES8: =SUM(ES$3:ES$6) -> 0 | ET8: =SUM(ET$3:ET$6) -> 0 | EV8: =SUM(EV$3:EV$6) -> 0 | EW8: =SUM(EW$3:EW$6) -> 0 | EX8: =SUM(EX$3:EX$6) -> 0 | EY8: =SUM(EY$3:EY$6) -> 0 | EZ8: =SUM(EZ$3:EZ$6) -> 0 | FA8: =SUM(FA$3:FA$6) -> 0 | FC8: =SUM(FC$3:FC$6) -> 0 | FD8: =SUM(FD$3:FD$6) -> 0 | FE8: =SUM(FE$3:FE$6) -> 0 | FF8: =SUM(FF$3:FF$6) -> 0 | FG8: =SUM(FG$3:FG$6) -> 0 | FH8: =SUM(FH$3:FH$6) -> 0 | FJ8: =SUM(FJ$3:FJ$6) -> 0 | FK8: =SUM(FK$3:FK$6) -> 0 | FL8: =SUM(FL$3:FL$6) -> 0 | FM8: =SUM(FM$3:FM$6) -> 0 | FN8: =SUM(FN$3:FN$6) -> 0 | FO8: =SUM(FO$3:FO$6) -> 0 | FQ8: =SUM(FQ$3:FQ$6) -> 0 | FR8: =SUM(FR$3:FR$6) -> 0 | FS8: =SUM(FS$3:FS$6) -> 0 | FT8: =SUM(FT$3:FT$6) -> 0 | FU8: =SUM(FU$3:FU$6) -> 0 | FV8: =SUM(FV$3:FV$6) -> 0 | FX8: =SUM(FX$3:FX$6) -> 0 | FY8: =SUM(FY$3:FY$6) -> 0 | FZ8: =SUM(FZ$3:FZ$6) -> 0 | GA8: =SUM(GA$3:GA$6) -> 0 | GB8: =SUM(GB$3:GB$6) -> 0 | GC8: =SUM(GC$3:GC$6) -> 0 | GE8: =SUM(GE$3:GE$6) -> 0 | GF8: =SUM(GF$3:GF$6) -> 0 | GG8: =SUM(GG$3:GG$6) -> 0 | GH8: =SUM(GH$3:GH$6) -> 0 | GI8: =SUM(GI$3:GI$6) -> 0 | GJ8: =SUM(GJ$3:GJ$6) -> 0 | GK8: =SUM(GK$3:GK$6) -> 0 | GL8: =SUM(GL$3:GL$6) -> 0 | ... GZ8: =SUM(GZ$3:GZ$6) -> 0
A9: AVG | B9: =AVERAGE(B$3:B$6) -> 0 | H9: =AVERAGE(H$3:H$6) -> 0 | I9: =AVERAGE(I$3:I$6) -> 0 | O9: =AVERAGE(O$3:O$6) -> 0 | P9: =AVERAGE(P$3:P$6) -> 0 | V9: =AVERAGE(V$3:V$6) -> 0 | W9: =AVERAGE(W$3:W$6) -> 0 | AC9: =AVERAGE(AC$3:AC$6) -> 0 | AD9: =AVERAGE(AD$3:AD$6) -> 0 | AJ9: =AVERAGE(AJ$3:AJ$6) -> 0 | AK9: =AVERAGE(AK$3:AK$6) -> 0 | AQ9: =AVERAGE(AQ$3:AQ$6) -> 0 | AR9: =AVERAGE(AR$3:AR$6) -> 0 | AX9: =AVERAGE(AX$3:AX$6) -> 0 | AY9: =AVERAGE(AY$3:AY$6) -> 0 | AZ9: =AVERAGE(AZ$3:AZ$6) -> 0 | BB9: =AVERAGE(BB$3:BB$6) -> 0 | BC9: =AVERAGE(BC$3:BC$6) -> 0 | BD9: =AVERAGE(BD$3:BD$6) -> 0 | BE9: =AVERAGE(BE$3:BE$6) -> 0 | BF9: =AVERAGE(BF$3:BF$6) -> 0 | BG9: =AVERAGE(BG$3:BG$6) -> 0 | BI9: =AVERAGE(BI$3:BI$6) -> 0 | BJ9: =AVERAGE(BJ$3:BJ$6) -> 0 | BK9: =AVERAGE(BK$3:BK$6) -> 0 | BL9: =AVERAGE(BL$3:BL$6) -> 0 | BM9: =AVERAGE(BM$3:BM$6) -> 0 | BN9: =AVERAGE(BN$3:BN$6) -> 0 | BP9: =AVERAGE(BP$3:BP$6) -> 0 | BQ9: =AVERAGE(BQ$3:BQ$6) -> 0 | BR9: =AVERAGE(BR$3:BR$6) -> 0 | BS9: =AVERAGE(BS$3:BS$6) -> 0 | BT9: =AVERAGE(BT$3:BT$6) -> 0 | BU9: =AVERAGE(BU$3:BU$6) -> 0 | BW9: =AVERAGE(BW$3:BW$6) -> 0 | BX9: =AVERAGE(BX$3:BX$6) -> 0 | BY9: =AVERAGE(BY$3:BY$6) -> 0 | BZ9: =AVERAGE(BZ$3:BZ$6) -> 0 | CA9: =AVERAGE(CA$3:CA$6) -> 0 | CB9: =AVERAGE(CB$3:CB$6) -> 0 | CD9: =AVERAGE(CD$3:CD$6) -> 0 | CE9: =AVERAGE(CE$3:CE$6) -> 0 | CF9: =AVERAGE(CF$3:CF$6) -> 0 | CG9: =AVERAGE(CG$3:CG$6) -> 0 | CH9: =AVERAGE(CH$3:CH$6) -> 0 | CN9: =AVERAGE(CN$3:CN$6) -> 0 | CO9: =AVERAGE(CO$3:CO$6) -> 0 | CP9: =AVERAGE(CP$3:CP$6) -> 0 | CR9: =AVERAGE(CR$3:CR$6) -> 0 | CS9: =AVERAGE(CS$3:CS$6) -> 0 | CT9: =AVERAGE(CT$3:CT$6) -> 0 | CU9: =AVERAGE(CU$3:CU$6) -> 0 | CV9: =AVERAGE(CV$3:CV$6) -> 0 | CW9: =AVERAGE(CW$3:CW$6) -> 0 | CY9: =AVERAGE(CY$3:CY$6) -> 0 | CZ9: =AVERAGE(CZ$3:CZ$6) -> 0 | DA9: =AVERAGE(DA$3:DA$6) -> 0 | DB9: =AVERAGE(DB$3:DB$6) -> 0 | DC9: =AVERAGE(DC$3:DC$6) -> 0 | DI9: =AVERAGE(DI$3:DI$6) -> 0 | DJ9: =AVERAGE(DJ$3:DJ$6) -> 0 | DK9: =AVERAGE(DK$3:DK$6) -> 0 | DM9: =AVERAGE(DM$3:DM$6) -> 0 | DN9: =AVERAGE(DN$3:DN$6) -> 0 | DO9: =AVERAGE(DO$3:DO$6) -> 0 | DP9: =AVERAGE(DP$3:DP$6) -> 0 | DQ9: =AVERAGE(DQ$3:DQ$6) -> 0 | DR9: =AVERAGE(DR$3:DR$6) -> 0 | DT9: =AVERAGE(DT$3:DT$6) -> 0 | DU9: =AVERAGE(DU$3:DU$6) -> 0 | DV9: =AVERAGE(DV$3:DV$6) -> 0 | DW9: =AVERAGE(DW$3:DW$6) -> 0 | DX9: =AVERAGE(DX$3:DX$6) -> 0 | DY9: =AVERAGE(DY$3:DY$6) -> 0 | EA9: =AVERAGE(EA$3:EA$6) -> 0 | EB9: =AVERAGE(EB$3:EB$6) -> 0 | EC9: =AVERAGE(EC$3:EC$6) -> 0 | ED9: =AVERAGE(ED$3:ED$6) -> 0 | EE9: =AVERAGE(EE$3:EE$6) -> 0 | EF9: =AVERAGE(EF$3:EF$6) -> 0 | EH9: =AVERAGE(EH$3:EH$6) -> 0 | EI9: =AVERAGE(EI$3:EI$6) -> 0 | EJ9: =AVERAGE(EJ$3:EJ$6) -> 0 | EK9: =AVERAGE(EK$3:EK$6) -> 0 | EL9: =AVERAGE(EL$3:EL$6) -> 0 | EM9: =AVERAGE(EM$3:EM$6) -> 0 | EO9: =AVERAGE(EO$3:EO$6) -> 0 | EP9: =AVERAGE(EP$3:EP$6) -> 0 | EQ9: =AVERAGE(EQ$3:EQ$6) -> 0 | ER9: =AVERAGE(ER$3:ER$6) -> 0 | ES9: =AVERAGE(ES$3:ES$6) -> 0 | ET9: =AVERAGE(ET$3:ET$6) -> 0 | EV9: =AVERAGE(EV$3:EV$6) -> 0 | EW9: =AVERAGE(EW$3:EW$6) -> 0 | EX9: =AVERAGE(EX$3:EX$6) -> 0 | EY9: =AVERAGE(EY$3:EY$6) -> 0 | EZ9: =AVERAGE(EZ$3:EZ$6) -> 0 | FA9: =AVERAGE(FA$3:FA$6) -> 0 | FC9: =AVERAGE(FC$3:FC$6) -> 0 | FD9: =AVERAGE(FD$3:FD$6) -> 0 | FE9: =AVERAGE(FE$3:FE$6) -> 0 | FF9: =AVERAGE(FF$3:FF$6) -> 0 | FG9: =AVERAGE(FG$3:FG$6) -> 0 | FH9: =AVERAGE(FH$3:FH$6) -> 0 | FJ9: =AVERAGE(FJ$3:FJ$6) -> 0 | FK9: =AVERAGE(FK$3:FK$6) -> 0 | FL9: =AVERAGE(FL$3:FL$6) -> 0 | FM9: =AVERAGE(FM$3:FM$6) -> 0 | FN9: =AVERAGE(FN$3:FN$6) -> 0 | FO9: =AVERAGE(FO$3:FO$6) -> 0 | FQ9: =AVERAGE(FQ$3:FQ$6) -> 0 | FR9: =AVERAGE(FR$3:FR$6) -> 0 | FS9: =AVERAGE(FS$3:FS$6) -> 0 | FT9: =AVERAGE(FT$3:FT$6) -> 0 | FU9: =AVERAGE(FU$3:FU$6) -> 0 | FV9: =AVERAGE(FV$3:FV$6) -> 0 | FX9: =AVERAGE(FX$3:FX$6) -> 0 | FY9: =AVERAGE(FY$3:FY$6) -> 0 | FZ9: =AVERAGE(FZ$3:FZ$6) -> 0 | GA9: =AVERAGE(GA$3:GA$6) -> 0 | GB9: =AVERAGE(GB$3:GB$6) -> 0 | GC9: =AVERAGE(GC$3:GC$6) -> 0 | GE9: =AVERAGE(GE$3:GE$6) -> 0 | GF9: =AVERAGE(GF$3:GF$6) -> 0 | GG9: =AVERAGE(GG$3:GG$6) -> 0 | GH9: =AVERAGE(GH$3:GH$6) -> 0 | GI9: =AVERAGE(GI$3:GI$6) -> 0 | GJ9: =AVERAGE(GJ$3:GJ$6) -> 0 | GK9: =AVERAGE(GK$3:GK$6) -> 0 | GL9: =AVERAGE(GL$3:GL$6) -> 0 | ... GZ9: =AVERAGE(GZ$3:GZ$6) -> 0
A10: DEV | B10: =STDEV(B$3:B$6) -> 0 | H10: =STDEV(H$3:H$6) -> 0 | I10: =STDEV(I$3:I$6) -> 0 | O10: =STDEV(O$3:O$6) -> 0 | P10: =STDEV(P$3:P$6) -> 0 | V10: =STDEV(V$3:V$6) -> 0 | W10: =STDEV(W$3:W$6) -> 0 | AC10: =STDEV(AC$3:AC$6) -> 0 | AD10: =STDEV(AD$3:AD$6) -> 0 | AJ10: =STDEV(AJ$3:AJ$6) -> 0 | AK10: =STDEV(AK$3:AK$6) -> 0 | AQ10: =STDEV(AQ$3:AQ$6) -> 0 | AR10: =STDEV(AR$3:AR$6) -> 0 | AX10: =STDEV(AX$3:AX$6) -> 0 | AY10: =STDEV(AY$3:AY$6) -> 0 | AZ10: =STDEV(AZ$3:AZ$6) -> 0 | BB10: =STDEV(BB$3:BB$6) -> 0 | BC10: =STDEV(BC$3:BC$6) -> 0 | BD10: =STDEV(BD$3:BD$6) -> 0 | BE10: =STDEV(BE$3:BE$6) -> 0 | BF10: =STDEV(BF$3:BF$6) -> 0 | BG10: =STDEV(BG$3:BG$6) -> 0 | BI10: =STDEV(BI$3:BI$6) -> 0 | BJ10: =STDEV(BJ$3:BJ$6) -> 0 | BK10: =STDEV(BK$3:BK$6) -> 0 | BL10: =STDEV(BL$3:BL$6) -> 0 | BM10: =STDEV(BM$3:BM$6) -> 0 | BN10: =STDEV(BN$3:BN$6) -> 0 | BP10: =STDEV(BP$3:BP$6) -> 0 | BQ10: =STDEV(BQ$3:BQ$6) -> 0 | BR10: =STDEV(BR$3:BR$6) -> 0 | BS10: =STDEV(BS$3:BS$6) -> 0 | BT10: =STDEV(BT$3:BT$6) -> 0 | BU10: =STDEV(BU$3:BU$6) -> 0 | BW10: =STDEV(BW$3:BW$6) -> 0 | BX10: =STDEV(BX$3:BX$6) -> 0 | BY10: =STDEV(BY$3:BY$6) -> 0 | BZ10: =STDEV(BZ$3:BZ$6) -> 0 | CA10: =STDEV(CA$3:CA$6) -> 0 | CB10: =STDEV(CB$3:CB$6) -> 0 | CD10: =STDEV(CD$3:CD$6) -> 0 | CE10: =STDEV(CE$3:CE$6) -> 0 | CF10: =STDEV(CF$3:CF$6) -> 0 | CG10: =STDEV(CG$3:CG$6) -> 0 | CH10: =STDEV(CH$3:CH$6) -> 0 | CN10: =STDEV(CN$3:CN$6) -> 0 | CO10: =STDEV(CO$3:CO$6) -> 0 | CP10: =STDEV(CP$3:CP$6) -> 0 | CR10: =STDEV(CR$3:CR$6) -> 0 | CS10: =STDEV(CS$3:CS$6) -> 0 | CT10: =STDEV(CT$3:CT$6) -> 0 | CU10: =STDEV(CU$3:CU$6) -> 0 | CV10: =STDEV(CV$3:CV$6) -> 0 | CW10: =STDEV(CW$3:CW$6) -> 0 | CY10: =STDEV(CY$3:CY$6) -> 0 | CZ10: =STDEV(CZ$3:CZ$6) -> 0 | DA10: =STDEV(DA$3:DA$6) -> 0 | DB10: =STDEV(DB$3:DB$6) -> 0 | DC10: =STDEV(DC$3:DC$6) -> 0 | DI10: =STDEV(DI$3:DI$6) -> 0 | DJ10: =STDEV(DJ$3:DJ$6) -> 0 | DK10: =STDEV(DK$3:DK$6) -> 0 | DM10: =STDEV(DM$3:DM$6) -> 0 | DN10: =STDEV(DN$3:DN$6) -> 0 | DO10: =STDEV(DO$3:DO$6) -> 0 | DP10: =STDEV(DP$3:DP$6) -> 0 | DQ10: =STDEV(DQ$3:DQ$6) -> 0 | DR10: =STDEV(DR$3:DR$6) -> 0 | DT10: =STDEV(DT$3:DT$6) -> 0 | DU10: =STDEV(DU$3:DU$6) -> 0 | DV10: =STDEV(DV$3:DV$6) -> 0 | DW10: =STDEV(DW$3:DW$6) -> 0 | DX10: =STDEV(DX$3:DX$6) -> 0 | DY10: =STDEV(DY$3:DY$6) -> 0 | EA10: =STDEV(EA$3:EA$6) -> 0 | EB10: =STDEV(EB$3:EB$6) -> 0 | EC10: =STDEV(EC$3:EC$6) -> 0 | ED10: =STDEV(ED$3:ED$6) -> 0 | EE10: =STDEV(EE$3:EE$6) -> 0 | EF10: =STDEV(EF$3:EF$6) -> 0 | EH10: =STDEV(EH$3:EH$6) -> 0 | EI10: =STDEV(EI$3:EI$6) -> 0 | EJ10: =STDEV(EJ$3:EJ$6) -> 0 | EK10: =STDEV(EK$3:EK$6) -> 0 | EL10: =STDEV(EL$3:EL$6) -> 0 | EM10: =STDEV(EM$3:EM$6) -> 0 | EO10: =STDEV(EO$3:EO$6) -> 0 | EP10: =STDEV(EP$3:EP$6) -> 0 | EQ10: =STDEV(EQ$3:EQ$6) -> 0 | ER10: =STDEV(ER$3:ER$6) -> 0 | ES10: =STDEV(ES$3:ES$6) -> 0 | ET10: =STDEV(ET$3:ET$6) -> 0 | EV10: =STDEV(EV$3:EV$6) -> 0 | EW10: =STDEV(EW$3:EW$6) -> 0 | EX10: =STDEV(EX$3:EX$6) -> 0 | EY10: =STDEV(EY$3:EY$6) -> 0 | EZ10: =STDEV(EZ$3:EZ$6) -> 0 | FA10: =STDEV(FA$3:FA$6) -> 0 | FC10: =STDEV(FC$3:FC$6) -> 0 | FD10: =STDEV(FD$3:FD$6) -> 0 | FE10: =STDEV(FE$3:FE$6) -> 0 | FF10: =STDEV(FF$3:FF$6) -> 0 | FG10: =STDEV(FG$3:FG$6) -> 0 | FH10: =STDEV(FH$3:FH$6) -> 0 | FJ10: =STDEV(FJ$3:FJ$6) -> 0 | FK10: =STDEV(FK$3:FK$6) -> 0 | FL10: =STDEV(FL$3:FL$6) -> 0 | FM10: =STDEV(FM$3:FM$6) -> 0 | FN10: =STDEV(FN$3:FN$6) -> 0 | FO10: =STDEV(FO$3:FO$6) -> 0 | FQ10: =STDEV(FQ$3:FQ$6) -> 0 | FR10: =STDEV(FR$3:FR$6) -> 0 | FS10: =STDEV(FS$3:FS$6) -> 0 | FT10: =STDEV(FT$3:FT$6) -> 0 | FU10: =STDEV(FU$3:FU$6) -> 0 | FV10: =STDEV(FV$3:FV$6) -> 0 | FX10: =STDEV(FX$3:FX$6) -> 0 | FY10: =STDEV(FY$3:FY$6) -> 0 | FZ10: =STDEV(FZ$3:FZ$6) -> 0 | GA10: =STDEV(GA$3:GA$6) -> 0 | GB10: =STDEV(GB$3:GB$6) -> 0 | GC10: =STDEV(GC$3:GC$6) -> 0 | GE10: =STDEV(GE$3:GE$6) -> 0 | GF10: =STDEV(GF$3:GF$6) -> 0 | GG10: =STDEV(GG$3:GG$6) -> 0 | GH10: =STDEV(GH$3:GH$6) -> 0 | GI10: =STDEV(GI$3:GI$6) -> 0 | GJ10: =STDEV(GJ$3:GJ$6) -> 0 | GK10: =STDEV(GK$3:GK$6) -> 0 | GL10: =STDEV(GL$3:GL$6) -> 0 | ... GZ10: =STDEV(GZ$3:GZ$6) -> 0
A11: DST | B11: =SUMPRODUCT(--(B$3:B$6-$GI$3:$GI$6)^2)^0.5 -> 0 | H11: =SUMPRODUCT(--(H$3:H$6-$GN$3:$GN$6)^2)^0.5 -> 0 | I11: =SUMPRODUCT(--(I$3:I$6-$GI$3:$GI$6)^2)^0.5 -> 0 | O11: =SUMPRODUCT(--(O$3:O$6-$GN$3:$GN$6)^2)^0.5 -> 0 | P11: =SUMPRODUCT(--(P$3:P$6-$GI$3:$GI$6)^2)^0.5 -> 0 | V11: =SUMPRODUCT(--(V$3:V$6-$GN$3:$GN$6)^2)^0.5 -> 0 | W11: =SUMPRODUCT(--(W$3:W$6-$GI$3:$GI$6)^2)^0.5 -> 0 | AC11: =SUMPRODUCT(--(AC$3:AC$6-$GN$3:$GN$6)^2)^0.5 -> 0 | AD11: =SUMPRODUCT(--(AD$3:AD$6-$GI$3:$GI$6)^2)^0.5 -> 0 | AJ11: =SUMPRODUCT(--(AJ$3:AJ$6-$GN$3:$GN$6)^2)^0.5 -> 0 | AK11: =SUMPRODUCT(--(AK$3:AK$6-$GI$3:$GI$6)^2)^0.5 -> 0 | AQ11: =SUMPRODUCT(--(AQ$3:AQ$6-$GN$3:$GN$6)^2)^0.5 -> 0 | AR11: =SUMPRODUCT(--(AR$3:AR$6-$GI$3:$GI$6)^2)^0.5 -> 0 | AX11: =SUMPRODUCT(--(AX$3:AX$6-$GN$3:$GN$6)^2)^0.5 -> 0 | AY11: =SUMPRODUCT(--(AY$3:AY$6-$GI$3:$GI$6)^2)^0.5 -> 0 | AZ11: =SUMPRODUCT(--(AZ$3:AZ$6-$GJ$3:$GJ$6)^2)^0.5 -> 0 | BB11: =SUMPRODUCT(--(BB$3:BB$6-$GK$3:$GK$6)^2)^0.5 -> 0 | BC11: =SUMPRODUCT(--(BC$3:BC$6-$GL$3:$GL$6)^2)^0.5 -> 0 | BD11: =SUMPRODUCT(--(BD$3:BD$6-$GM$3:$GM$6)^2)^0.5 -> 0 | BE11: =SUMPRODUCT(--(BE$3:BE$6-$GN$3:$GN$6)^2)^0.5 -> 0 | BF11: =SUMPRODUCT(--(BF$3:BF$6-$GI$3:$GI$6)^2)^0.5 -> 0 | BG11: =SUMPRODUCT(--(BG$3:BG$6-$GJ$3:$GJ$6)^2)^0.5 -> 0 | BI11: =SUMPRODUCT(--(BI$3:BI$6-$GK$3:$GK$6)^2)^0.5 -> 0 | BJ11: =SUMPRODUCT(--(BJ$3:BJ$6-$GL$3:$GL$6)^2)^0.5 -> 0 | BK11: =SUMPRODUCT(--(BK$3:BK$6-$GM$3:$GM$6)^2)^0.5 -> 0 | BL11: =SUMPRODUCT(--(BL$3:BL$6-$GN$3:$GN$6)^2)^0.5 -> 0 | BM11: =SUMPRODUCT(--(BM$3:BM$6-$GI$3:$GI$6)^2)^0.5 -> 0 | BN11: =SUMPRODUCT(--(BN$3:BN$6-$GJ$3:$GJ$6)^2)^0.5 -> 0 | BP11: =SUMPRODUCT(--(BP$3:BP$6-$GK$3:$GK$6)^2)^0.5 -> 0 | BQ11: =SUMPRODUCT(--(BQ$3:BQ$6-$GL$3:$GL$6)^2)^0.5 -> 0 | BR11: =SUMPRODUCT(--(BR$3:BR$6-$GM$3:$GM$6)^2)^0.5 -> 0 | BS11: =SUMPRODUCT(--(BS$3:BS$6-$GN$3:$GN$6)^2)^0.5 -> 0 | BT11: =SUMPRODUCT(--(BT$3:BT$6-$GI$3:$GI$6)^2)^0.5 -> 0 | BU11: =SUMPRODUCT(--(BU$3:BU$6-$GJ$3:$GJ$6)^2)^0.5 -> 0 | BW11: =SUMPRODUCT(--(BW$3:BW$6-$GK$3:$GK$6)^2)^0.5 -> 0 | BX11: =SUMPRODUCT(--(BX$3:BX$6-$GL$3:$GL$6)^2)^0.5 -> 0 | BY11: =SUMPRODUCT(--(BY$3:BY$6-$GM$3:$GM$6)^2)^0.5 -> 0 | BZ11: =SUMPRODUCT(--(BZ$3:BZ$6-$GN$3:$GN$6)^2)^0.5 -> 0 | CA11: =SUMPRODUCT(--(CA$3:CA$6-$GI$3:$GI$6)^2)^0.5 -> 0 | CB11: =SUMPRODUCT(--(CB$3:CB$6-$GJ$3:$GJ$6)^2)^0.5 -> 0 | CD11: =SUMPRODUCT(--(CD$3:CD$6-$GK$3:$GK$6)^2)^0.5 -> 0 | CE11: =SUMPRODUCT(--(CE$3:CE$6-$GL$3:$GL$6)^2)^0.5 -> 0 | CF11: =SUMPRODUCT(--(CF$3:CF$6-$GM$3:$GM$6)^2)^0.5 -> 0 | CG11: =SUMPRODUCT(--(CG$3:CG$6-$GN$3:$GN$6)^2)^0.5 -> 0 | CH11: =SUMPRODUCT(--(CH$3:CH$6-$GI$3:$GI$6)^2)^0.5 -> 0 | CN11: =SUMPRODUCT(--(CN$3:CN$6-$GN$3:$GN$6)^2)^0.5 -> 0 | CO11: =SUMPRODUCT(--(CO$3:CO$6-$GI$3:$GI$6)^2)^0.5 -> 0 | CP11: =SUMPRODUCT(--(CP$3:CP$6-$GJ$3:$GJ$6)^2)^0.5 -> 0 | CR11: =SUMPRODUCT(--(CR$3:CR$6-$GK$3:$GK$6)^2)^0.5 -> 0 | CS11: =SUMPRODUCT(--(CS$3:CS$6-$GL$3:$GL$6)^2)^0.5 -> 0 | CT11: =SUMPRODUCT(--(CT$3:CT$6-$GM$3:$GM$6)^2)^0.5 -> 0 | CU11: =SUMPRODUCT(--(CU$3:CU$6-$GN$3:$GN$6)^2)^0.5 -> 0 | CV11: =SUMPRODUCT(--(CV$3:CV$6-$GI$3:$GI$6)^2)^0.5 -> 0 | CW11: =SUMPRODUCT(--(CW$3:CW$6-$GJ$3:$GJ$6)^2)^0.5 -> 0 | CY11: =SUMPRODUCT(--(CY$3:CY$6-$GK$3:$GK$6)^2)^0.5 -> 0 | CZ11: =SUMPRODUCT(--(CZ$3:CZ$6-$GL$3:$GL$6)^2)^0.5 -> 0 | DA11: =SUMPRODUCT(--(DA$3:DA$6-$GM$3:$GM$6)^2)^0.5 -> 0 | DB11: =SUMPRODUCT(--(DB$3:DB$6-$GN$3:$GN$6)^2)^0.5 -> 0 | DC11: =SUMPRODUCT(--(DC$3:DC$6-$GI$3:$GI$6)^2)^0.5 -> 0 | DI11: =SUMPRODUCT(--(DI$3:DI$6-$GN$3:$GN$6)^2)^0.5 -> 0 | DJ11: =SUMPRODUCT(--(DJ$3:DJ$6-$GI$3:$GI$6)^2)^0.5 -> 0 | DK11: =SUMPRODUCT(--(DK$3:DK$6-$GJ$3:$GJ$6)^2)^0.5 -> 0 | DM11: =SUMPRODUCT(--(DM$3:DM$6-$GK$3:$GK$6)^2)^0.5 -> 0 | DN11: =SUMPRODUCT(--(DN$3:DN$6-$GL$3:$GL$6)^2)^0.5 -> 0 | DO11: =SUMPRODUCT(--(DO$3:DO$6-$GM$3:$GM$6)^2)^0.5 -> 0 | DP11: =SUMPRODUCT(--(DP$3:DP$6-$GN$3:$GN$6)^2)^0.5 -> 0 | DQ11: =SUMPRODUCT(--(DQ$3:DQ$6-$GI$3:$GI$6)^2)^0.5 -> 0 | DR11: =SUMPRODUCT(--(DR$3:DR$6-$GJ$3:$GJ$6)^2)^0.5 -> 0 | DT11: =SUMPRODUCT(--(DT$3:DT$6-$GK$3:$GK$6)^2)^0.5 -> 0 | DU11: =SUMPRODUCT(--(DU$3:DU$6-$GL$3:$GL$6)^2)^0.5 -> 0 | DV11: =SUMPRODUCT(--(DV$3:DV$6-$GM$3:$GM$6)^2)^0.5 -> 0 | DW11: =SUMPRODUCT(--(DW$3:DW$6-$GN$3:$GN$6)^2)^0.5 -> 0 | DX11: =SUMPRODUCT(--(DX$3:DX$6-$GI$3:$GI$6)^2)^0.5 -> 0 | DY11: =SUMPRODUCT(--(DY$3:DY$6-$GJ$3:$GJ$6)^2)^0.5 -> 0 | EA11: =SUMPRODUCT(--(EA$3:EA$6-$GK$3:$GK$6)^2)^0.5 -> 0 | EB11: =SUMPRODUCT(--(EB$3:EB$6-$GL$3:$GL$6)^2)^0.5 -> 0 | EC11: =SUMPRODUCT(--(EC$3:EC$6-$GM$3:$GM$6)^2)^0.5 -> 0 | ED11: =SUMPRODUCT(--(ED$3:ED$6-$GN$3:$GN$6)^2)^0.5 -> 0 | EE11: =SUMPRODUCT(--(EE$3:EE$6-$GI$3:$GI$6)^2)^0.5 -> 0 | EF11: =SUMPRODUCT(--(EF$3:EF$6-$GJ$3:$GJ$6)^2)^0.5 -> 0 | EH11: =SUMPRODUCT(--(EH$3:EH$6-$GK$3:$GK$6)^2)^0.5 -> 0 | EI11: =SUMPRODUCT(--(EI$3:EI$6-$GL$3:$GL$6)^2)^0.5 -> 0 | EJ11: =SUMPRODUCT(--(EJ$3:EJ$6-$GM$3:$GM$6)^2)^0.5 -> 0 | EK11: =SUMPRODUCT(--(EK$3:EK$6-$GN$3:$GN$6)^2)^0.5 -> 0 | EL11: =SUMPRODUCT(--(EL$3:EL$6-$GI$3:$GI$6)^2)^0.5 -> 0 | EM11: =SUMPRODUCT(--(EM$3:EM$6-$GJ$3:$GJ$6)^2)^0.5 -> 0 | EO11: =SUMPRODUCT(--(EO$3:EO$6-$GK$3:$GK$6)^2)^0.5 -> 0 | EP11: =SUMPRODUCT(--(EP$3:EP$6-$GL$3:$GL$6)^2)^0.5 -> 0 | EQ11: =SUMPRODUCT(--(EQ$3:EQ$6-$GM$3:$GM$6)^2)^0.5 -> 0 | ER11: =SUMPRODUCT(--(ER$3:ER$6-$GN$3:$GN$6)^2)^0.5 -> 0 | ES11: =SUMPRODUCT(--(ES$3:ES$6-$GI$3:$GI$6)^2)^0.5 -> 0 | ET11: =SUMPRODUCT(--(ET$3:ET$6-$GJ$3:$GJ$6)^2)^0.5 -> 0 | EV11: =SUMPRODUCT(--(EV$3:EV$6-$GK$3:$GK$6)^2)^0.5 -> 0 | EW11: =SUMPRODUCT(--(EW$3:EW$6-$GL$3:$GL$6)^2)^0.5 -> 0 | EX11: =SUMPRODUCT(--(EX$3:EX$6-$GM$3:$GM$6)^2)^0.5 -> 0 | EY11: =SUMPRODUCT(--(EY$3:EY$6-$GN$3:$GN$6)^2)^0.5 -> 0 | EZ11: =SUMPRODUCT(--(EZ$3:EZ$6-$GI$3:$GI$6)^2)^0.5 -> 0 | FA11: =SUMPRODUCT(--(FA$3:FA$6-$GJ$3:$GJ$6)^2)^0.5 -> 0 | FC11: =SUMPRODUCT(--(FC$3:FC$6-$GK$3:$GK$6)^2)^0.5 -> 0 | FD11: =SUMPRODUCT(--(FD$3:FD$6-$GL$3:$GL$6)^2)^0.5 -> 0 | FE11: =SUMPRODUCT(--(FE$3:FE$6-$GM$3:$GM$6)^2)^0.5 -> 0 | FF11: =SUMPRODUCT(--(FF$3:FF$6-$GN$3:$GN$6)^2)^0.5 -> 0 | FG11: =SUMPRODUCT(--(FG$3:FG$6-$GI$3:$GI$6)^2)^0.5 -> 0 | FH11: =SUMPRODUCT(--(FH$3:FH$6-$GJ$3:$GJ$6)^2)^0.5 -> 0 | FJ11: =SUMPRODUCT(--(FJ$3:FJ$6-$GK$3:$GK$6)^2)^0.5 -> 0 | FK11: =SUMPRODUCT(--(FK$3:FK$6-$GL$3:$GL$6)^2)^0.5 -> 0 | FL11: =SUMPRODUCT(--(FL$3:FL$6-$GM$3:$GM$6)^2)^0.5 -> 0 | FM11: =SUMPRODUCT(--(FM$3:FM$6-$GN$3:$GN$6)^2)^0.5 -> 0 | FN11: =SUMPRODUCT(--(FN$3:FN$6-$GI$3:$GI$6)^2)^0.5 -> 0 | FO11: =SUMPRODUCT(--(FO$3:FO$6-$GJ$3:$GJ$6)^2)^0.5 -> 0 | FQ11: =SUMPRODUCT(--(FQ$3:FQ$6-$GK$3:$GK$6)^2)^0.5 -> 0 | FR11: =SUMPRODUCT(--(FR$3:FR$6-$GL$3:$GL$6)^2)^0.5 -> 0 | FS11: =SUMPRODUCT(--(FS$3:FS$6-$GM$3:$GM$6)^2)^0.5 -> 0 | FT11: =SUMPRODUCT(--(FT$3:FT$6-$GN$3:$GN$6)^2)^0.5 -> 0 | FU11: =SUMPRODUCT(--(FU$3:FU$6-$GI$3:$GI$6)^2)^0.5 -> 0 | FV11: =SUMPRODUCT(--(FV$3:FV$6-$GJ$3:$GJ$6)^2)^0.5 -> 0 | FX11: =SUMPRODUCT(--(FX$3:FX$6-$GK$3:$GK$6)^2)^0.5 -> 0 | FY11: =SUMPRODUCT(--(FY$3:FY$6-$GL$3:$GL$6)^2)^0.5 -> 0 | FZ11: =SUMPRODUCT(--(FZ$3:FZ$6-$GM$3:$GM$6)^2)^0.5 -> 0 | GA11: =SUMPRODUCT(--(GA$3:GA$6-$GN$3:$GN$6)^2)^0.5 -> 0 | GB11: =SUMPRODUCT(--(GB$3:GB$6-$GI$3:$GI$6)^2)^0.5 -> 0 | GC11: =SUMPRODUCT(--(GC$3:GC$6-$GJ$3:$GJ$6)^2)^0.5 -> 0 | GE11: =SUMPRODUCT(--(GE$3:GE$6-$GK$3:$GK$6)^2)^0.5 -> 0 | GF11: =SUMPRODUCT(--(GF$3:GF$6-$GL$3:$GL$6)^2)^0.5 -> 0 | GG11: =SUMPRODUCT(--(GG$3:GG$6-$GM$3:$GM$6)^2)^0.5 -> 0 | GH11: =SUMPRODUCT(--(GH$3:GH$6-$GN$3:$GN$6)^2)^0.5 -> 0
A12: BEST | B12: =SUMPRODUCT(NOT(ISBLANK(B$3:B$6))*(B$3:B$6=$GI$3:$GI$6)) -> 0 | H12: =SUMPRODUCT(NOT(ISBLANK(H$3:H$6))*(H$3:H$6=$GN$3:$GN$6)) -> 0 | I12: =SUMPRODUCT(NOT(ISBLANK(I$3:I$6))*(I$3:I$6=$GI$3:$GI$6)) -> 0 | O12: =SUMPRODUCT(NOT(ISBLANK(O$3:O$6))*(O$3:O$6=$GN$3:$GN$6)) -> 0 | P12: =SUMPRODUCT(NOT(ISBLANK(P$3:P$6))*(P$3:P$6=$GI$3:$GI$6)) -> 0 | V12: =SUMPRODUCT(NOT(ISBLANK(V$3:V$6))*(V$3:V$6=$GN$3:$GN$6)) -> 0 | W12: =SUMPRODUCT(NOT(ISBLANK(W$3:W$6))*(W$3:W$6=$GI$3:$GI$6)) -> 0 | AC12: =SUMPRODUCT(NOT(ISBLANK(AC$3:AC$6))*(AC$3:AC$6=$GN$3:$GN$6)) -> 0 | AD12: =SUMPRODUCT(NOT(ISBLANK(AD$3:AD$6))*(AD$3:AD$6=$GI$3:$GI$6)) -> 0 | AJ12: =SUMPRODUCT(NOT(ISBLANK(AJ$3:AJ$6))*(AJ$3:AJ$6=$GN$3:$GN$6)) -> 0 | AK12: =SUMPRODUCT(NOT(ISBLANK(AK$3:AK$6))*(AK$3:AK$6=$GI$3:$GI$6)) -> 0 | AQ12: =SUMPRODUCT(NOT(ISBLANK(AQ$3:AQ$6))*(AQ$3:AQ$6=$GN$3:$GN$6)) -> 0 | AR12: =SUMPRODUCT(NOT(ISBLANK(AR$3:AR$6))*(AR$3:AR$6=$GI$3:$GI$6)) -> 0 | AX12: =SUMPRODUCT(NOT(ISBLANK(AX$3:AX$6))*(AX$3:AX$6=$GN$3:$GN$6)) -> 0 | AY12: =SUMPRODUCT(NOT(ISBLANK(AY$3:AY$6))*(AY$3:AY$6=$GI$3:$GI$6)) -> 0 | AZ12: =SUMPRODUCT(NOT(ISBLANK(AZ$3:AZ$6))*(AZ$3:AZ$6=$GJ$3:$GJ$6)) -> 0 | BB12: =SUMPRODUCT(NOT(ISBLANK(BB$3:BB$6))*(BB$3:BB$6=$GK$3:$GK$6)) -> 0 | BC12: =SUMPRODUCT(NOT(ISBLANK(BC$3:BC$6))*(BC$3:BC$6=$GL$3:$GL$6)) -> 0 | BD12: =SUMPRODUCT(NOT(ISBLANK(BD$3:BD$6))*(BD$3:BD$6=$GM$3:$GM$6)) -> 0 | BE12: =SUMPRODUCT(NOT(ISBLANK(BE$3:BE$6))*(BE$3:BE$6=$GN$3:$GN$6)) -> 0 | BF12: =SUMPRODUCT(NOT(ISBLANK(BF$3:BF$6))*(BF$3:BF$6=$GI$3:$GI$6)) -> 0 | BG12: =SUMPRODUCT(NOT(ISBLANK(BG$3:BG$6))*(BG$3:BG$6=$GJ$3:$GJ$6)) -> 0 | BI12: =SUMPRODUCT(NOT(ISBLANK(BI$3:BI$6))*(BI$3:BI$6=$GK$3:$GK$6)) -> 0 | BJ12: =SUMPRODUCT(NOT(ISBLANK(BJ$3:BJ$6))*(BJ$3:BJ$6=$GL$3:$GL$6)) -> 0 | BK12: =SUMPRODUCT(NOT(ISBLANK(BK$3:BK$6))*(BK$3:BK$6=$GM$3:$GM$6)) -> 0 | BL12: =SUMPRODUCT(NOT(ISBLANK(BL$3:BL$6))*(BL$3:BL$6=$GN$3:$GN$6)) -> 0 | BM12: =SUMPRODUCT(NOT(ISBLANK(BM$3:BM$6))*(BM$3:BM$6=$GI$3:$GI$6)) -> 0 | BN12: =SUMPRODUCT(NOT(ISBLANK(BN$3:BN$6))*(BN$3:BN$6=$GJ$3:$GJ$6)) -> 0 | BP12: =SUMPRODUCT(NOT(ISBLANK(BP$3:BP$6))*(BP$3:BP$6=$GK$3:$GK$6)) -> 0 | BQ12: =SUMPRODUCT(NOT(ISBLANK(BQ$3:BQ$6))*(BQ$3:BQ$6=$GL$3:$GL$6)) -> 0 | BR12: =SUMPRODUCT(NOT(ISBLANK(BR$3:BR$6))*(BR$3:BR$6=$GM$3:$GM$6)) -> 0 | BS12: =SUMPRODUCT(NOT(ISBLANK(BS$3:BS$6))*(BS$3:BS$6=$GN$3:$GN$6)) -> 0 | BT12: =SUMPRODUCT(NOT(ISBLANK(BT$3:BT$6))*(BT$3:BT$6=$GI$3:$GI$6)) -> 0 | BU12: =SUMPRODUCT(NOT(ISBLANK(BU$3:BU$6))*(BU$3:BU$6=$GJ$3:$GJ$6)) -> 0 | BW12: =SUMPRODUCT(NOT(ISBLANK(BW$3:BW$6))*(BW$3:BW$6=$GK$3:$GK$6)) -> 0 | BX12: =SUMPRODUCT(NOT(ISBLANK(BX$3:BX$6))*(BX$3:BX$6=$GL$3:$GL$6)) -> 0 | BY12: =SUMPRODUCT(NOT(ISBLANK(BY$3:BY$6))*(BY$3:BY$6=$GM$3:$GM$6)) -> 0 | BZ12: =SUMPRODUCT(NOT(ISBLANK(BZ$3:BZ$6))*(BZ$3:BZ$6=$GN$3:$GN$6)) -> 0 | CA12: =SUMPRODUCT(NOT(ISBLANK(CA$3:CA$6))*(CA$3:CA$6=$GI$3:$GI$6)) -> 0 | CB12: =SUMPRODUCT(NOT(ISBLANK(CB$3:CB$6))*(CB$3:CB$6=$GJ$3:$GJ$6)) -> 0 | CD12: =SUMPRODUCT(NOT(ISBLANK(CD$3:CD$6))*(CD$3:CD$6=$GK$3:$GK$6)) -> 0 | CE12: =SUMPRODUCT(NOT(ISBLANK(CE$3:CE$6))*(CE$3:CE$6=$GL$3:$GL$6)) -> 0 | CF12: =SUMPRODUCT(NOT(ISBLANK(CF$3:CF$6))*(CF$3:CF$6=$GM$3:$GM$6)) -> 0 | CG12: =SUMPRODUCT(NOT(ISBLANK(CG$3:CG$6))*(CG$3:CG$6=$GN$3:$GN$6)) -> 0 | CH12: =SUMPRODUCT(NOT(ISBLANK(CH$3:CH$6))*(CH$3:CH$6=$GI$3:$GI$6)) -> 0 | CN12: =SUMPRODUCT(NOT(ISBLANK(CN$3:CN$6))*(CN$3:CN$6=$GN$3:$GN$6)) -> 0 | CO12: =SUMPRODUCT(NOT(ISBLANK(CO$3:CO$6))*(CO$3:CO$6=$GI$3:$GI$6)) -> 0 | CP12: =SUMPRODUCT(NOT(ISBLANK(CP$3:CP$6))*(CP$3:CP$6=$GJ$3:$GJ$6)) -> 0 | CR12: =SUMPRODUCT(NOT(ISBLANK(CR$3:CR$6))*(CR$3:CR$6=$GK$3:$GK$6)) -> 0 | CS12: =SUMPRODUCT(NOT(ISBLANK(CS$3:CS$6))*(CS$3:CS$6=$GL$3:$GL$6)) -> 0 | CT12: =SUMPRODUCT(NOT(ISBLANK(CT$3:CT$6))*(CT$3:CT$6=$GM$3:$GM$6)) -> 0 | CU12: =SUMPRODUCT(NOT(ISBLANK(CU$3:CU$6))*(CU$3:CU$6=$GN$3:$GN$6)) -> 0 | CV12: =SUMPRODUCT(NOT(ISBLANK(CV$3:CV$6))*(CV$3:CV$6=$GI$3:$GI$6)) -> 0 | CW12: =SUMPRODUCT(NOT(ISBLANK(CW$3:CW$6))*(CW$3:CW$6=$GJ$3:$GJ$6)) -> 0 | CY12: =SUMPRODUCT(NOT(ISBLANK(CY$3:CY$6))*(CY$3:CY$6=$GK$3:$GK$6)) -> 0 | CZ12: =SUMPRODUCT(NOT(ISBLANK(CZ$3:CZ$6))*(CZ$3:CZ$6=$GL$3:$GL$6)) -> 0 | DA12: =SUMPRODUCT(NOT(ISBLANK(DA$3:DA$6))*(DA$3:DA$6=$GM$3:$GM$6)) -> 0 | DB12: =SUMPRODUCT(NOT(ISBLANK(DB$3:DB$6))*(DB$3:DB$6=$GN$3:$GN$6)) -> 0 | DC12: =SUMPRODUCT(NOT(ISBLANK(DC$3:DC$6))*(DC$3:DC$6=$GI$3:$GI$6)) -> 0 | DI12: =SUMPRODUCT(NOT(ISBLANK(DI$3:DI$6))*(DI$3:DI$6=$GN$3:$GN$6)) -> 0 | DJ12: =SUMPRODUCT(NOT(ISBLANK(DJ$3:DJ$6))*(DJ$3:DJ$6=$GI$3:$GI$6)) -> 0 | DK12: =SUMPRODUCT(NOT(ISBLANK(DK$3:DK$6))*(DK$3:DK$6=$GJ$3:$GJ$6)) -> 0 | DM12: =SUMPRODUCT(NOT(ISBLANK(DM$3:DM$6))*(DM$3:DM$6=$GK$3:$GK$6)) -> 0 | DN12: =SUMPRODUCT(NOT(ISBLANK(DN$3:DN$6))*(DN$3:DN$6=$GL$3:$GL$6)) -> 0 | DO12: =SUMPRODUCT(NOT(ISBLANK(DO$3:DO$6))*(DO$3:DO$6=$GM$3:$GM$6)) -> 0 | DP12: =SUMPRODUCT(NOT(ISBLANK(DP$3:DP$6))*(DP$3:DP$6=$GN$3:$GN$6)) -> 0 | DQ12: =SUMPRODUCT(NOT(ISBLANK(DQ$3:DQ$6))*(DQ$3:DQ$6=$GI$3:$GI$6)) -> 0 | DR12: =SUMPRODUCT(NOT(ISBLANK(DR$3:DR$6))*(DR$3:DR$6=$GJ$3:$GJ$6)) -> 0 | DT12: =SUMPRODUCT(NOT(ISBLANK(DT$3:DT$6))*(DT$3:DT$6=$GK$3:$GK$6)) -> 0 | DU12: =SUMPRODUCT(NOT(ISBLANK(DU$3:DU$6))*(DU$3:DU$6=$GL$3:$GL$6)) -> 0 | DV12: =SUMPRODUCT(NOT(ISBLANK(DV$3:DV$6))*(DV$3:DV$6=$GM$3:$GM$6)) -> 0 | DW12: =SUMPRODUCT(NOT(ISBLANK(DW$3:DW$6))*(DW$3:DW$6=$GN$3:$GN$6)) -> 0 | DX12: =SUMPRODUCT(NOT(ISBLANK(DX$3:DX$6))*(DX$3:DX$6=$GI$3:$GI$6)) -> 0 | DY12: =SUMPRODUCT(NOT(ISBLANK(DY$3:DY$6))*(DY$3:DY$6=$GJ$3:$GJ$6)) -> 0 | EA12: =SUMPRODUCT(NOT(ISBLANK(EA$3:EA$6))*(EA$3:EA$6=$GK$3:$GK$6)) -> 0 | EB12: =SUMPRODUCT(NOT(ISBLANK(EB$3:EB$6))*(EB$3:EB$6=$GL$3:$GL$6)) -> 0 | EC12: =SUMPRODUCT(NOT(ISBLANK(EC$3:EC$6))*(EC$3:EC$6=$GM$3:$GM$6)) -> 0 | ED12: =SUMPRODUCT(NOT(ISBLANK(ED$3:ED$6))*(ED$3:ED$6=$GN$3:$GN$6)) -> 0 | EE12: =SUMPRODUCT(NOT(ISBLANK(EE$3:EE$6))*(EE$3:EE$6=$GI$3:$GI$6)) -> 0 | EF12: =SUMPRODUCT(NOT(ISBLANK(EF$3:EF$6))*(EF$3:EF$6=$GJ$3:$GJ$6)) -> 0 | EH12: =SUMPRODUCT(NOT(ISBLANK(EH$3:EH$6))*(EH$3:EH$6=$GK$3:$GK$6)) -> 0 | EI12: =SUMPRODUCT(NOT(ISBLANK(EI$3:EI$6))*(EI$3:EI$6=$GL$3:$GL$6)) -> 0 | EJ12: =SUMPRODUCT(NOT(ISBLANK(EJ$3:EJ$6))*(EJ$3:EJ$6=$GM$3:$GM$6)) -> 0 | EK12: =SUMPRODUCT(NOT(ISBLANK(EK$3:EK$6))*(EK$3:EK$6=$GN$3:$GN$6)) -> 0 | EL12: =SUMPRODUCT(NOT(ISBLANK(EL$3:EL$6))*(EL$3:EL$6=$GI$3:$GI$6)) -> 0 | EM12: =SUMPRODUCT(NOT(ISBLANK(EM$3:EM$6))*(EM$3:EM$6=$GJ$3:$GJ$6)) -> 0 | EO12: =SUMPRODUCT(NOT(ISBLANK(EO$3:EO$6))*(EO$3:EO$6=$GK$3:$GK$6)) -> 0 | EP12: =SUMPRODUCT(NOT(ISBLANK(EP$3:EP$6))*(EP$3:EP$6=$GL$3:$GL$6)) -> 0 | EQ12: =SUMPRODUCT(NOT(ISBLANK(EQ$3:EQ$6))*(EQ$3:EQ$6=$GM$3:$GM$6)) -> 0 | ER12: =SUMPRODUCT(NOT(ISBLANK(ER$3:ER$6))*(ER$3:ER$6=$GN$3:$GN$6)) -> 0 | ES12: =SUMPRODUCT(NOT(ISBLANK(ES$3:ES$6))*(ES$3:ES$6=$GI$3:$GI$6)) -> 0 | ET12: =SUMPRODUCT(NOT(ISBLANK(ET$3:ET$6))*(ET$3:ET$6=$GJ$3:$GJ$6)) -> 0 | EV12: =SUMPRODUCT(NOT(ISBLANK(EV$3:EV$6))*(EV$3:EV$6=$GK$3:$GK$6)) -> 0 | EW12: =SUMPRODUCT(NOT(ISBLANK(EW$3:EW$6))*(EW$3:EW$6=$GL$3:$GL$6)) -> 0 | EX12: =SUMPRODUCT(NOT(ISBLANK(EX$3:EX$6))*(EX$3:EX$6=$GM$3:$GM$6)) -> 0 | EY12: =SUMPRODUCT(NOT(ISBLANK(EY$3:EY$6))*(EY$3:EY$6=$GN$3:$GN$6)) -> 0 | EZ12: =SUMPRODUCT(NOT(ISBLANK(EZ$3:EZ$6))*(EZ$3:EZ$6=$GI$3:$GI$6)) -> 0 | FA12: =SUMPRODUCT(NOT(ISBLANK(FA$3:FA$6))*(FA$3:FA$6=$GJ$3:$GJ$6)) -> 0 | FC12: =SUMPRODUCT(NOT(ISBLANK(FC$3:FC$6))*(FC$3:FC$6=$GK$3:$GK$6)) -> 0 | FD12: =SUMPRODUCT(NOT(ISBLANK(FD$3:FD$6))*(FD$3:FD$6=$GL$3:$GL$6)) -> 0 | FE12: =SUMPRODUCT(NOT(ISBLANK(FE$3:FE$6))*(FE$3:FE$6=$GM$3:$GM$6)) -> 0 | FF12: =SUMPRODUCT(NOT(ISBLANK(FF$3:FF$6))*(FF$3:FF$6=$GN$3:$GN$6)) -> 0 | FG12: =SUMPRODUCT(NOT(ISBLANK(FG$3:FG$6))*(FG$3:FG$6=$GI$3:$GI$6)) -> 0 | FH12: =SUMPRODUCT(NOT(ISBLANK(FH$3:FH$6))*(FH$3:FH$6=$GJ$3:$GJ$6)) -> 0 | FJ12: =SUMPRODUCT(NOT(ISBLANK(FJ$3:FJ$6))*(FJ$3:FJ$6=$GK$3:$GK$6)) -> 0 | FK12: =SUMPRODUCT(NOT(ISBLANK(FK$3:FK$6))*(FK$3:FK$6=$GL$3:$GL$6)) -> 0 | FL12: =SUMPRODUCT(NOT(ISBLANK(FL$3:FL$6))*(FL$3:FL$6=$GM$3:$GM$6)) -> 0 | FM12: =SUMPRODUCT(NOT(ISBLANK(FM$3:FM$6))*(FM$3:FM$6=$GN$3:$GN$6)) -> 0 | FN12: =SUMPRODUCT(NOT(ISBLANK(FN$3:FN$6))*(FN$3:FN$6=$GI$3:$GI$6)) -> 0 | FO12: =SUMPRODUCT(NOT(ISBLANK(FO$3:FO$6))*(FO$3:FO$6=$GJ$3:$GJ$6)) -> 0 | FQ12: =SUMPRODUCT(NOT(ISBLANK(FQ$3:FQ$6))*(FQ$3:FQ$6=$GK$3:$GK$6)) -> 0 | FR12: =SUMPRODUCT(NOT(ISBLANK(FR$3:FR$6))*(FR$3:FR$6=$GL$3:$GL$6)) -> 0 | FS12: =SUMPRODUCT(NOT(ISBLANK(FS$3:FS$6))*(FS$3:FS$6=$GM$3:$GM$6)) -> 0 | FT12: =SUMPRODUCT(NOT(ISBLANK(FT$3:FT$6))*(FT$3:FT$6=$GN$3:$GN$6)) -> 0 | FU12: =SUMPRODUCT(NOT(ISBLANK(FU$3:FU$6))*(FU$3:FU$6=$GI$3:$GI$6)) -> 0 | FV12: =SUMPRODUCT(NOT(ISBLANK(FV$3:FV$6))*(FV$3:FV$6=$GJ$3:$GJ$6)) -> 0 | FX12: =SUMPRODUCT(NOT(ISBLANK(FX$3:FX$6))*(FX$3:FX$6=$GK$3:$GK$6)) -> 0 | FY12: =SUMPRODUCT(NOT(ISBLANK(FY$3:FY$6))*(FY$3:FY$6=$GL$3:$GL$6)) -> 0 | FZ12: =SUMPRODUCT(NOT(ISBLANK(FZ$3:FZ$6))*(FZ$3:FZ$6=$GM$3:$GM$6)) -> 0 | GA12: =SUMPRODUCT(NOT(ISBLANK(GA$3:GA$6))*(GA$3:GA$6=$GN$3:$GN$6)) -> 0 | GB12: =SUMPRODUCT(NOT(ISBLANK(GB$3:GB$6))*(GB$3:GB$6=$GI$3:$GI$6)) -> 0 | GC12: =SUMPRODUCT(NOT(ISBLANK(GC$3:GC$6))*(GC$3:GC$6=$GJ$3:$GJ$6)) -> 0 | GE12: =SUMPRODUCT(NOT(ISBLANK(GE$3:GE$6))*(GE$3:GE$6=$GK$3:$GK$6)) -> 0 | GF12: =SUMPRODUCT(NOT(ISBLANK(GF$3:GF$6))*(GF$3:GF$6=$GL$3:$GL$6)) -> 0 | GG12: =SUMPRODUCT(NOT(ISBLANK(GG$3:GG$6))*(GG$3:GG$6=$GM$3:$GM$6)) -> 0 | GH12: =SUMPRODUCT(NOT(ISBLANK(GH$3:GH$6))*(GH$3:GH$6=$GN$3:$GN$6)) -> 0
A13: BETTER | B13: =SUMPRODUCT(NOT(ISBLANK(B$3:B$6))*(B$3:B$6<$GO$3:$GO$6)) -> 0 | H13: =SUMPRODUCT(NOT(ISBLANK(H$3:H$6))*(H$3:H$6<$GT$3:$GT$6)) -> 0 | I13: =SUMPRODUCT(NOT(ISBLANK(I$3:I$6))*(I$3:I$6<$GO$3:$GO$6)) -> 0 | O13: =SUMPRODUCT(NOT(ISBLANK(O$3:O$6))*(O$3:O$6<$GT$3:$GT$6)) -> 0 | P13: =SUMPRODUCT(NOT(ISBLANK(P$3:P$6))*(P$3:P$6<$GO$3:$GO$6)) -> 0 | V13: =SUMPRODUCT(NOT(ISBLANK(V$3:V$6))*(V$3:V$6<$GT$3:$GT$6)) -> 0 | W13: =SUMPRODUCT(NOT(ISBLANK(W$3:W$6))*(W$3:W$6<$GO$3:$GO$6)) -> 0 | AC13: =SUMPRODUCT(NOT(ISBLANK(AC$3:AC$6))*(AC$3:AC$6<$GT$3:$GT$6)) -> 0 | AD13: =SUMPRODUCT(NOT(ISBLANK(AD$3:AD$6))*(AD$3:AD$6<$GO$3:$GO$6)) -> 0 | AJ13: =SUMPRODUCT(NOT(ISBLANK(AJ$3:AJ$6))*(AJ$3:AJ$6<$GT$3:$GT$6)) -> 0 | AK13: =SUMPRODUCT(NOT(ISBLANK(AK$3:AK$6))*(AK$3:AK$6<$GO$3:$GO$6)) -> 0 | AQ13: =SUMPRODUCT(NOT(ISBLANK(AQ$3:AQ$6))*(AQ$3:AQ$6<$GT$3:$GT$6)) -> 0 | AR13: =SUMPRODUCT(NOT(ISBLANK(AR$3:AR$6))*(AR$3:AR$6<$GO$3:$GO$6)) -> 0 | AX13: =SUMPRODUCT(NOT(ISBLANK(AX$3:AX$6))*(AX$3:AX$6<$GT$3:$GT$6)) -> 0 | AY13: =SUMPRODUCT(NOT(ISBLANK(AY$3:AY$6))*(AY$3:AY$6<$GO$3:$GO$6)) -> 0 | AZ13: =SUMPRODUCT(NOT(ISBLANK(AZ$3:AZ$6))*(AZ$3:AZ$6<$GP$3:$GP$6)) -> 0 | BB13: =SUMPRODUCT(NOT(ISBLANK(BB$3:BB$6))*(BB$3:BB$6<$GQ$3:$GQ$6)) -> 0 | BC13: =SUMPRODUCT(NOT(ISBLANK(BC$3:BC$6))*(BC$3:BC$6<$GR$3:$GR$6)) -> 0 | BD13: =SUMPRODUCT(NOT(ISBLANK(BD$3:BD$6))*(BD$3:BD$6<$GS$3:$GS$6)) -> 0 | BE13: =SUMPRODUCT(NOT(ISBLANK(BE$3:BE$6))*(BE$3:BE$6<$GT$3:$GT$6)) -> 0 | BF13: =SUMPRODUCT(NOT(ISBLANK(BF$3:BF$6))*(BF$3:BF$6<$GO$3:$GO$6)) -> 0 | BG13: =SUMPRODUCT(NOT(ISBLANK(BG$3:BG$6))*(BG$3:BG$6<$GP$3:$GP$6)) -> 0 | BI13: =SUMPRODUCT(NOT(ISBLANK(BI$3:BI$6))*(BI$3:BI$6<$GQ$3:$GQ$6)) -> 0 | BJ13: =SUMPRODUCT(NOT(ISBLANK(BJ$3:BJ$6))*(BJ$3:BJ$6<$GR$3:$GR$6)) -> 0 | BK13: =SUMPRODUCT(NOT(ISBLANK(BK$3:BK$6))*(BK$3:BK$6<$GS$3:$GS$6)) -> 0 | BL13: =SUMPRODUCT(NOT(ISBLANK(BL$3:BL$6))*(BL$3:BL$6<$GT$3:$GT$6)) -> 0 | BM13: =SUMPRODUCT(NOT(ISBLANK(BM$3:BM$6))*(BM$3:BM$6<$GO$3:$GO$6)) -> 0 | BN13: =SUMPRODUCT(NOT(ISBLANK(BN$3:BN$6))*(BN$3:BN$6<$GP$3:$GP$6)) -> 0 | BP13: =SUMPRODUCT(NOT(ISBLANK(BP$3:BP$6))*(BP$3:BP$6<$GQ$3:$GQ$6)) -> 0 | BQ13: =SUMPRODUCT(NOT(ISBLANK(BQ$3:BQ$6))*(BQ$3:BQ$6<$GR$3:$GR$6)) -> 0 | BR13: =SUMPRODUCT(NOT(ISBLANK(BR$3:BR$6))*(BR$3:BR$6<$GS$3:$GS$6)) -> 0 | BS13: =SUMPRODUCT(NOT(ISBLANK(BS$3:BS$6))*(BS$3:BS$6<$GT$3:$GT$6)) -> 0 | BT13: =SUMPRODUCT(NOT(ISBLANK(BT$3:BT$6))*(BT$3:BT$6<$GO$3:$GO$6)) -> 0 | BU13: =SUMPRODUCT(NOT(ISBLANK(BU$3:BU$6))*(BU$3:BU$6<$GP$3:$GP$6)) -> 0 | BW13: =SUMPRODUCT(NOT(ISBLANK(BW$3:BW$6))*(BW$3:BW$6<$GQ$3:$GQ$6)) -> 0 | BX13: =SUMPRODUCT(NOT(ISBLANK(BX$3:BX$6))*(BX$3:BX$6<$GR$3:$GR$6)) -> 0 | BY13: =SUMPRODUCT(NOT(ISBLANK(BY$3:BY$6))*(BY$3:BY$6<$GS$3:$GS$6)) -> 0 | BZ13: =SUMPRODUCT(NOT(ISBLANK(BZ$3:BZ$6))*(BZ$3:BZ$6<$GT$3:$GT$6)) -> 0 | CA13: =SUMPRODUCT(NOT(ISBLANK(CA$3:CA$6))*(CA$3:CA$6<$GO$3:$GO$6)) -> 0 | CB13: =SUMPRODUCT(NOT(ISBLANK(CB$3:CB$6))*(CB$3:CB$6<$GP$3:$GP$6)) -> 0 | CD13: =SUMPRODUCT(NOT(ISBLANK(CD$3:CD$6))*(CD$3:CD$6<$GQ$3:$GQ$6)) -> 0 | CE13: =SUMPRODUCT(NOT(ISBLANK(CE$3:CE$6))*(CE$3:CE$6<$GR$3:$GR$6)) -> 0 | CF13: =SUMPRODUCT(NOT(ISBLANK(CF$3:CF$6))*(CF$3:CF$6<$GS$3:$GS$6)) -> 0 | CG13: =SUMPRODUCT(NOT(ISBLANK(CG$3:CG$6))*(CG$3:CG$6<$GT$3:$GT$6)) -> 0 | CH13: =SUMPRODUCT(NOT(ISBLANK(CH$3:CH$6))*(CH$3:CH$6<$GO$3:$GO$6)) -> 0 | CN13: =SUMPRODUCT(NOT(ISBLANK(CN$3:CN$6))*(CN$3:CN$6<$GT$3:$GT$6)) -> 0 | CO13: =SUMPRODUCT(NOT(ISBLANK(CO$3:CO$6))*(CO$3:CO$6<$GO$3:$GO$6)) -> 0 | CP13: =SUMPRODUCT(NOT(ISBLANK(CP$3:CP$6))*(CP$3:CP$6<$GP$3:$GP$6)) -> 0 | CR13: =SUMPRODUCT(NOT(ISBLANK(CR$3:CR$6))*(CR$3:CR$6<$GQ$3:$GQ$6)) -> 0 | CS13: =SUMPRODUCT(NOT(ISBLANK(CS$3:CS$6))*(CS$3:CS$6<$GR$3:$GR$6)) -> 0 | CT13: =SUMPRODUCT(NOT(ISBLANK(CT$3:CT$6))*(CT$3:CT$6<$GS$3:$GS$6)) -> 0 | CU13: =SUMPRODUCT(NOT(ISBLANK(CU$3:CU$6))*(CU$3:CU$6<$GT$3:$GT$6)) -> 0 | CV13: =SUMPRODUCT(NOT(ISBLANK(CV$3:CV$6))*(CV$3:CV$6<$GO$3:$GO$6)) -> 0 | CW13: =SUMPRODUCT(NOT(ISBLANK(CW$3:CW$6))*(CW$3:CW$6<$GP$3:$GP$6)) -> 0 | CY13: =SUMPRODUCT(NOT(ISBLANK(CY$3:CY$6))*(CY$3:CY$6<$GQ$3:$GQ$6)) -> 0 | CZ13: =SUMPRODUCT(NOT(ISBLANK(CZ$3:CZ$6))*(CZ$3:CZ$6<$GR$3:$GR$6)) -> 0 | DA13: =SUMPRODUCT(NOT(ISBLANK(DA$3:DA$6))*(DA$3:DA$6<$GS$3:$GS$6)) -> 0 | DB13: =SUMPRODUCT(NOT(ISBLANK(DB$3:DB$6))*(DB$3:DB$6<$GT$3:$GT$6)) -> 0 | DC13: =SUMPRODUCT(NOT(ISBLANK(DC$3:DC$6))*(DC$3:DC$6<$GO$3:$GO$6)) -> 0 | DI13: =SUMPRODUCT(NOT(ISBLANK(DI$3:DI$6))*(DI$3:DI$6<$GT$3:$GT$6)) -> 0 | DJ13: =SUMPRODUCT(NOT(ISBLANK(DJ$3:DJ$6))*(DJ$3:DJ$6<$GO$3:$GO$6)) -> 0 | DK13: =SUMPRODUCT(NOT(ISBLANK(DK$3:DK$6))*(DK$3:DK$6<$GP$3:$GP$6)) -> 0 | DM13: =SUMPRODUCT(NOT(ISBLANK(DM$3:DM$6))*(DM$3:DM$6<$GQ$3:$GQ$6)) -> 0 | DN13: =SUMPRODUCT(NOT(ISBLANK(DN$3:DN$6))*(DN$3:DN$6<$GR$3:$GR$6)) -> 0 | DO13: =SUMPRODUCT(NOT(ISBLANK(DO$3:DO$6))*(DO$3:DO$6<$GS$3:$GS$6)) -> 0 | DP13: =SUMPRODUCT(NOT(ISBLANK(DP$3:DP$6))*(DP$3:DP$6<$GT$3:$GT$6)) -> 0 | DQ13: =SUMPRODUCT(NOT(ISBLANK(DQ$3:DQ$6))*(DQ$3:DQ$6<$GO$3:$GO$6)) -> 0 | DR13: =SUMPRODUCT(NOT(ISBLANK(DR$3:DR$6))*(DR$3:DR$6<$GP$3:$GP$6)) -> 0 | DT13: =SUMPRODUCT(NOT(ISBLANK(DT$3:DT$6))*(DT$3:DT$6<$GQ$3:$GQ$6)) -> 0 | DU13: =SUMPRODUCT(NOT(ISBLANK(DU$3:DU$6))*(DU$3:DU$6<$GR$3:$GR$6)) -> 0 | DV13: =SUMPRODUCT(NOT(ISBLANK(DV$3:DV$6))*(DV$3:DV$6<$GS$3:$GS$6)) -> 0 | DW13: =SUMPRODUCT(NOT(ISBLANK(DW$3:DW$6))*(DW$3:DW$6<$GT$3:$GT$6)) -> 0 | DX13: =SUMPRODUCT(NOT(ISBLANK(DX$3:DX$6))*(DX$3:DX$6<$GO$3:$GO$6)) -> 0 | DY13: =SUMPRODUCT(NOT(ISBLANK(DY$3:DY$6))*(DY$3:DY$6<$GP$3:$GP$6)) -> 0 | EA13: =SUMPRODUCT(NOT(ISBLANK(EA$3:EA$6))*(EA$3:EA$6<$GQ$3:$GQ$6)) -> 0 | EB13: =SUMPRODUCT(NOT(ISBLANK(EB$3:EB$6))*(EB$3:EB$6<$GR$3:$GR$6)) -> 0 | EC13: =SUMPRODUCT(NOT(ISBLANK(EC$3:EC$6))*(EC$3:EC$6<$GS$3:$GS$6)) -> 0 | ED13: =SUMPRODUCT(NOT(ISBLANK(ED$3:ED$6))*(ED$3:ED$6<$GT$3:$GT$6)) -> 0 | EE13: =SUMPRODUCT(NOT(ISBLANK(EE$3:EE$6))*(EE$3:EE$6<$GO$3:$GO$6)) -> 0 | EF13: =SUMPRODUCT(NOT(ISBLANK(EF$3:EF$6))*(EF$3:EF$6<$GP$3:$GP$6)) -> 0 | EH13: =SUMPRODUCT(NOT(ISBLANK(EH$3:EH$6))*(EH$3:EH$6<$GQ$3:$GQ$6)) -> 0 | EI13: =SUMPRODUCT(NOT(ISBLANK(EI$3:EI$6))*(EI$3:EI$6<$GR$3:$GR$6)) -> 0 | EJ13: =SUMPRODUCT(NOT(ISBLANK(EJ$3:EJ$6))*(EJ$3:EJ$6<$GS$3:$GS$6)) -> 0 | EK13: =SUMPRODUCT(NOT(ISBLANK(EK$3:EK$6))*(EK$3:EK$6<$GT$3:$GT$6)) -> 0 | EL13: =SUMPRODUCT(NOT(ISBLANK(EL$3:EL$6))*(EL$3:EL$6<$GO$3:$GO$6)) -> 0 | EM13: =SUMPRODUCT(NOT(ISBLANK(EM$3:EM$6))*(EM$3:EM$6<$GP$3:$GP$6)) -> 0 | EO13: =SUMPRODUCT(NOT(ISBLANK(EO$3:EO$6))*(EO$3:EO$6<$GQ$3:$GQ$6)) -> 0 | EP13: =SUMPRODUCT(NOT(ISBLANK(EP$3:EP$6))*(EP$3:EP$6<$GR$3:$GR$6)) -> 0 | EQ13: =SUMPRODUCT(NOT(ISBLANK(EQ$3:EQ$6))*(EQ$3:EQ$6<$GS$3:$GS$6)) -> 0 | ER13: =SUMPRODUCT(NOT(ISBLANK(ER$3:ER$6))*(ER$3:ER$6<$GT$3:$GT$6)) -> 0 | ES13: =SUMPRODUCT(NOT(ISBLANK(ES$3:ES$6))*(ES$3:ES$6<$GO$3:$GO$6)) -> 0 | ET13: =SUMPRODUCT(NOT(ISBLANK(ET$3:ET$6))*(ET$3:ET$6<$GP$3:$GP$6)) -> 0 | EV13: =SUMPRODUCT(NOT(ISBLANK(EV$3:EV$6))*(EV$3:EV$6<$GQ$3:$GQ$6)) -> 0 | EW13: =SUMPRODUCT(NOT(ISBLANK(EW$3:EW$6))*(EW$3:EW$6<$GR$3:$GR$6)) -> 0 | EX13: =SUMPRODUCT(NOT(ISBLANK(EX$3:EX$6))*(EX$3:EX$6<$GS$3:$GS$6)) -> 0 | EY13: =SUMPRODUCT(NOT(ISBLANK(EY$3:EY$6))*(EY$3:EY$6<$GT$3:$GT$6)) -> 0 | EZ13: =SUMPRODUCT(NOT(ISBLANK(EZ$3:EZ$6))*(EZ$3:EZ$6<$GO$3:$GO$6)) -> 0 | FA13: =SUMPRODUCT(NOT(ISBLANK(FA$3:FA$6))*(FA$3:FA$6<$GP$3:$GP$6)) -> 0 | FC13: =SUMPRODUCT(NOT(ISBLANK(FC$3:FC$6))*(FC$3:FC$6<$GQ$3:$GQ$6)) -> 0 | FD13: =SUMPRODUCT(NOT(ISBLANK(FD$3:FD$6))*(FD$3:FD$6<$GR$3:$GR$6)) -> 0 | FE13: =SUMPRODUCT(NOT(ISBLANK(FE$3:FE$6))*(FE$3:FE$6<$GS$3:$GS$6)) -> 0 | FF13: =SUMPRODUCT(NOT(ISBLANK(FF$3:FF$6))*(FF$3:FF$6<$GT$3:$GT$6)) -> 0 | FG13: =SUMPRODUCT(NOT(ISBLANK(FG$3:FG$6))*(FG$3:FG$6<$GO$3:$GO$6)) -> 0 | FH13: =SUMPRODUCT(NOT(ISBLANK(FH$3:FH$6))*(FH$3:FH$6<$GP$3:$GP$6)) -> 0 | FJ13: =SUMPRODUCT(NOT(ISBLANK(FJ$3:FJ$6))*(FJ$3:FJ$6<$GQ$3:$GQ$6)) -> 0 | FK13: =SUMPRODUCT(NOT(ISBLANK(FK$3:FK$6))*(FK$3:FK$6<$GR$3:$GR$6)) -> 0 | FL13: =SUMPRODUCT(NOT(ISBLANK(FL$3:FL$6))*(FL$3:FL$6<$GS$3:$GS$6)) -> 0 | FM13: =SUMPRODUCT(NOT(ISBLANK(FM$3:FM$6))*(FM$3:FM$6<$GT$3:$GT$6)) -> 0 | FN13: =SUMPRODUCT(NOT(ISBLANK(FN$3:FN$6))*(FN$3:FN$6<$GO$3:$GO$6)) -> 0 | FO13: =SUMPRODUCT(NOT(ISBLANK(FO$3:FO$6))*(FO$3:FO$6<$GP$3:$GP$6)) -> 0 | FQ13: =SUMPRODUCT(NOT(ISBLANK(FQ$3:FQ$6))*(FQ$3:FQ$6<$GQ$3:$GQ$6)) -> 0 | FR13: =SUMPRODUCT(NOT(ISBLANK(FR$3:FR$6))*(FR$3:FR$6<$GR$3:$GR$6)) -> 0 | FS13: =SUMPRODUCT(NOT(ISBLANK(FS$3:FS$6))*(FS$3:FS$6<$GS$3:$GS$6)) -> 0 | FT13: =SUMPRODUCT(NOT(ISBLANK(FT$3:FT$6))*(FT$3:FT$6<$GT$3:$GT$6)) -> 0 | FU13: =SUMPRODUCT(NOT(ISBLANK(FU$3:FU$6))*(FU$3:FU$6<$GO$3:$GO$6)) -> 0 | FV13: =SUMPRODUCT(NOT(ISBLANK(FV$3:FV$6))*(FV$3:FV$6<$GP$3:$GP$6)) -> 0 | FX13: =SUMPRODUCT(NOT(ISBLANK(FX$3:FX$6))*(FX$3:FX$6<$GQ$3:$GQ$6)) -> 0 | FY13: =SUMPRODUCT(NOT(ISBLANK(FY$3:FY$6))*(FY$3:FY$6<$GR$3:$GR$6)) -> 0 | FZ13: =SUMPRODUCT(NOT(ISBLANK(FZ$3:FZ$6))*(FZ$3:FZ$6<$GS$3:$GS$6)) -> 0 | GA13: =SUMPRODUCT(NOT(ISBLANK(GA$3:GA$6))*(GA$3:GA$6<$GT$3:$GT$6)) -> 0 | GB13: =SUMPRODUCT(NOT(ISBLANK(GB$3:GB$6))*(GB$3:GB$6<$GO$3:$GO$6)) -> 0 | GC13: =SUMPRODUCT(NOT(ISBLANK(GC$3:GC$6))*(GC$3:GC$6<$GP$3:$GP$6)) -> 0 | GE13: =SUMPRODUCT(NOT(ISBLANK(GE$3:GE$6))*(GE$3:GE$6<$GQ$3:$GQ$6)) -> 0 | GF13: =SUMPRODUCT(NOT(ISBLANK(GF$3:GF$6))*(GF$3:GF$6<$GR$3:$GR$6)) -> 0 | GG13: =SUMPRODUCT(NOT(ISBLANK(GG$3:GG$6))*(GG$3:GG$6<$GS$3:$GS$6)) -> 0 | GH13: =SUMPRODUCT(NOT(ISBLANK(GH$3:GH$6))*(GH$3:GH$6<$GT$3:$GT$6)) -> 0
A14: WORSE | B14: =SUMPRODUCT((NOT(ISBLANK(B$3:B$6))*(B$3:B$6>$GO$3:$GO$6))+ISBLANK(B$3:B$6)) -> 0 | H14: =SUMPRODUCT((NOT(ISBLANK(H$3:H$6))*(H$3:H$6>$GT$3:$GT$6))+ISBLANK(H$3:H$6)) -> 0 | I14: =SUMPRODUCT((NOT(ISBLANK(I$3:I$6))*(I$3:I$6>$GO$3:$GO$6))+ISBLANK(I$3:I$6)) -> 0 | O14: =SUMPRODUCT((NOT(ISBLANK(O$3:O$6))*(O$3:O$6>$GT$3:$GT$6))+ISBLANK(O$3:O$6)) -> 0 | P14: =SUMPRODUCT((NOT(ISBLANK(P$3:P$6))*(P$3:P$6>$GO$3:$GO$6))+ISBLANK(P$3:P$6)) -> 0 | V14: =SUMPRODUCT((NOT(ISBLANK(V$3:V$6))*(V$3:V$6>$GT$3:$GT$6))+ISBLANK(V$3:V$6)) -> 0 | W14: =SUMPRODUCT((NOT(ISBLANK(W$3:W$6))*(W$3:W$6>$GO$3:$GO$6))+ISBLANK(W$3:W$6)) -> 0 | AC14: =SUMPRODUCT((NOT(ISBLANK(AC$3:AC$6))*(AC$3:AC$6>$GT$3:$GT$6))+ISBLANK(AC$3:AC$6)) -> 0 | AD14: =SUMPRODUCT((NOT(ISBLANK(AD$3:AD$6))*(AD$3:AD$6>$GO$3:$GO$6))+ISBLANK(AD$3:AD$6)) -> 0 | AJ14: =SUMPRODUCT((NOT(ISBLANK(AJ$3:AJ$6))*(AJ$3:AJ$6>$GT$3:$GT$6))+ISBLANK(AJ$3:AJ$6)) -> 0 | AK14: =SUMPRODUCT((NOT(ISBLANK(AK$3:AK$6))*(AK$3:AK$6>$GO$3:$GO$6))+ISBLANK(AK$3:AK$6)) -> 0 | AQ14: =SUMPRODUCT((NOT(ISBLANK(AQ$3:AQ$6))*(AQ$3:AQ$6>$GT$3:$GT$6))+ISBLANK(AQ$3:AQ$6)) -> 0 | AR14: =SUMPRODUCT((NOT(ISBLANK(AR$3:AR$6))*(AR$3:AR$6>$GO$3:$GO$6))+ISBLANK(AR$3:AR$6)) -> 0 | AX14: =SUMPRODUCT((NOT(ISBLANK(AX$3:AX$6))*(AX$3:AX$6>$GT$3:$GT$6))+ISBLANK(AX$3:AX$6)) -> 0 | AY14: =SUMPRODUCT((NOT(ISBLANK(AY$3:AY$6))*(AY$3:AY$6>$GO$3:$GO$6))+ISBLANK(AY$3:AY$6)) -> 0 | AZ14: =SUMPRODUCT((NOT(ISBLANK(AZ$3:AZ$6))*(AZ$3:AZ$6>$GP$3:$GP$6))+ISBLANK(AZ$3:AZ$6)) -> 0 | BB14: =SUMPRODUCT((NOT(ISBLANK(BB$3:BB$6))*(BB$3:BB$6>$GQ$3:$GQ$6))+ISBLANK(BB$3:BB$6)) -> 0 | BC14: =SUMPRODUCT((NOT(ISBLANK(BC$3:BC$6))*(BC$3:BC$6>$GR$3:$GR$6))+ISBLANK(BC$3:BC$6)) -> 0 | BD14: =SUMPRODUCT((NOT(ISBLANK(BD$3:BD$6))*(BD$3:BD$6>$GS$3:$GS$6))+ISBLANK(BD$3:BD$6)) -> 0 | BE14: =SUMPRODUCT((NOT(ISBLANK(BE$3:BE$6))*(BE$3:BE$6>$GT$3:$GT$6))+ISBLANK(BE$3:BE$6)) -> 0 | BF14: =SUMPRODUCT((NOT(ISBLANK(BF$3:BF$6))*(BF$3:BF$6>$GO$3:$GO$6))+ISBLANK(BF$3:BF$6)) -> 0 | BG14: =SUMPRODUCT((NOT(ISBLANK(BG$3:BG$6))*(BG$3:BG$6>$GP$3:$GP$6))+ISBLANK(BG$3:BG$6)) -> 0 | BI14: =SUMPRODUCT((NOT(ISBLANK(BI$3:BI$6))*(BI$3:BI$6>$GQ$3:$GQ$6))+ISBLANK(BI$3:BI$6)) -> 0 | BJ14: =SUMPRODUCT((NOT(ISBLANK(BJ$3:BJ$6))*(BJ$3:BJ$6>$GR$3:$GR$6))+ISBLANK(BJ$3:BJ$6)) -> 0 | BK14: =SUMPRODUCT((NOT(ISBLANK(BK$3:BK$6))*(BK$3:BK$6>$GS$3:$GS$6))+ISBLANK(BK$3:BK$6)) -> 0 | BL14: =SUMPRODUCT((NOT(ISBLANK(BL$3:BL$6))*(BL$3:BL$6>$GT$3:$GT$6))+ISBLANK(BL$3:BL$6)) -> 0 | BM14: =SUMPRODUCT((NOT(ISBLANK(BM$3:BM$6))*(BM$3:BM$6>$GO$3:$GO$6))+ISBLANK(BM$3:BM$6)) -> 0 | BN14: =SUMPRODUCT((NOT(ISBLANK(BN$3:BN$6))*(BN$3:BN$6>$GP$3:$GP$6))+ISBLANK(BN$3:BN$6)) -> 0 | BP14: =SUMPRODUCT((NOT(ISBLANK(BP$3:BP$6))*(BP$3:BP$6>$GQ$3:$GQ$6))+ISBLANK(BP$3:BP$6)) -> 0 | BQ14: =SUMPRODUCT((NOT(ISBLANK(BQ$3:BQ$6))*(BQ$3:BQ$6>$GR$3:$GR$6))+ISBLANK(BQ$3:BQ$6)) -> 0 | BR14: =SUMPRODUCT((NOT(ISBLANK(BR$3:BR$6))*(BR$3:BR$6>$GS$3:$GS$6))+ISBLANK(BR$3:BR$6)) -> 0 | BS14: =SUMPRODUCT((NOT(ISBLANK(BS$3:BS$6))*(BS$3:BS$6>$GT$3:$GT$6))+ISBLANK(BS$3:BS$6)) -> 0 | BT14: =SUMPRODUCT((NOT(ISBLANK(BT$3:BT$6))*(BT$3:BT$6>$GO$3:$GO$6))+ISBLANK(BT$3:BT$6)) -> 0 | BU14: =SUMPRODUCT((NOT(ISBLANK(BU$3:BU$6))*(BU$3:BU$6>$GP$3:$GP$6))+ISBLANK(BU$3:BU$6)) -> 0 | BW14: =SUMPRODUCT((NOT(ISBLANK(BW$3:BW$6))*(BW$3:BW$6>$GQ$3:$GQ$6))+ISBLANK(BW$3:BW$6)) -> 0 | BX14: =SUMPRODUCT((NOT(ISBLANK(BX$3:BX$6))*(BX$3:BX$6>$GR$3:$GR$6))+ISBLANK(BX$3:BX$6)) -> 0 | BY14: =SUMPRODUCT((NOT(ISBLANK(BY$3:BY$6))*(BY$3:BY$6>$GS$3:$GS$6))+ISBLANK(BY$3:BY$6)) -> 0 | BZ14: =SUMPRODUCT((NOT(ISBLANK(BZ$3:BZ$6))*(BZ$3:BZ$6>$GT$3:$GT$6))+ISBLANK(BZ$3:BZ$6)) -> 0 | CA14: =SUMPRODUCT((NOT(ISBLANK(CA$3:CA$6))*(CA$3:CA$6>$GO$3:$GO$6))+ISBLANK(CA$3:CA$6)) -> 0 | CB14: =SUMPRODUCT((NOT(ISBLANK(CB$3:CB$6))*(CB$3:CB$6>$GP$3:$GP$6))+ISBLANK(CB$3:CB$6)) -> 0 | CD14: =SUMPRODUCT((NOT(ISBLANK(CD$3:CD$6))*(CD$3:CD$6>$GQ$3:$GQ$6))+ISBLANK(CD$3:CD$6)) -> 0 | CE14: =SUMPRODUCT((NOT(ISBLANK(CE$3:CE$6))*(CE$3:CE$6>$GR$3:$GR$6))+ISBLANK(CE$3:CE$6)) -> 0 | CF14: =SUMPRODUCT((NOT(ISBLANK(CF$3:CF$6))*(CF$3:CF$6>$GS$3:$GS$6))+ISBLANK(CF$3:CF$6)) -> 0 | CG14: =SUMPRODUCT((NOT(ISBLANK(CG$3:CG$6))*(CG$3:CG$6>$GT$3:$GT$6))+ISBLANK(CG$3:CG$6)) -> 0 | CH14: =SUMPRODUCT((NOT(ISBLANK(CH$3:CH$6))*(CH$3:CH$6>$GO$3:$GO$6))+ISBLANK(CH$3:CH$6)) -> 0 | CN14: =SUMPRODUCT((NOT(ISBLANK(CN$3:CN$6))*(CN$3:CN$6>$GT$3:$GT$6))+ISBLANK(CN$3:CN$6)) -> 0 | CO14: =SUMPRODUCT((NOT(ISBLANK(CO$3:CO$6))*(CO$3:CO$6>$GO$3:$GO$6))+ISBLANK(CO$3:CO$6)) -> 0 | CP14: =SUMPRODUCT((NOT(ISBLANK(CP$3:CP$6))*(CP$3:CP$6>$GP$3:$GP$6))+ISBLANK(CP$3:CP$6)) -> 0 | CR14: =SUMPRODUCT((NOT(ISBLANK(CR$3:CR$6))*(CR$3:CR$6>$GQ$3:$GQ$6))+ISBLANK(CR$3:CR$6)) -> 0 | CS14: =SUMPRODUCT((NOT(ISBLANK(CS$3:CS$6))*(CS$3:CS$6>$GR$3:$GR$6))+ISBLANK(CS$3:CS$6)) -> 0 | CT14: =SUMPRODUCT((NOT(ISBLANK(CT$3:CT$6))*(CT$3:CT$6>$GS$3:$GS$6))+ISBLANK(CT$3:CT$6)) -> 0 | CU14: =SUMPRODUCT((NOT(ISBLANK(CU$3:CU$6))*(CU$3:CU$6>$GT$3:$GT$6))+ISBLANK(CU$3:CU$6)) -> 0 | CV14: =SUMPRODUCT((NOT(ISBLANK(CV$3:CV$6))*(CV$3:CV$6>$GO$3:$GO$6))+ISBLANK(CV$3:CV$6)) -> 0 | CW14: =SUMPRODUCT((NOT(ISBLANK(CW$3:CW$6))*(CW$3:CW$6>$GP$3:$GP$6))+ISBLANK(CW$3:CW$6)) -> 0 | CY14: =SUMPRODUCT((NOT(ISBLANK(CY$3:CY$6))*(CY$3:CY$6>$GQ$3:$GQ$6))+ISBLANK(CY$3:CY$6)) -> 0 | CZ14: =SUMPRODUCT((NOT(ISBLANK(CZ$3:CZ$6))*(CZ$3:CZ$6>$GR$3:$GR$6))+ISBLANK(CZ$3:CZ$6)) -> 0 | DA14: =SUMPRODUCT((NOT(ISBLANK(DA$3:DA$6))*(DA$3:DA$6>$GS$3:$GS$6))+ISBLANK(DA$3:DA$6)) -> 0 | DB14: =SUMPRODUCT((NOT(ISBLANK(DB$3:DB$6))*(DB$3:DB$6>$GT$3:$GT$6))+ISBLANK(DB$3:DB$6)) -> 0 | DC14: =SUMPRODUCT((NOT(ISBLANK(DC$3:DC$6))*(DC$3:DC$6>$GO$3:$GO$6))+ISBLANK(DC$3:DC$6)) -> 0 | DI14: =SUMPRODUCT((NOT(ISBLANK(DI$3:DI$6))*(DI$3:DI$6>$GT$3:$GT$6))+ISBLANK(DI$3:DI$6)) -> 0 | DJ14: =SUMPRODUCT((NOT(ISBLANK(DJ$3:DJ$6))*(DJ$3:DJ$6>$GO$3:$GO$6))+ISBLANK(DJ$3:DJ$6)) -> 0 | DK14: =SUMPRODUCT((NOT(ISBLANK(DK$3:DK$6))*(DK$3:DK$6>$GP$3:$GP$6))+ISBLANK(DK$3:DK$6)) -> 0 | DM14: =SUMPRODUCT((NOT(ISBLANK(DM$3:DM$6))*(DM$3:DM$6>$GQ$3:$GQ$6))+ISBLANK(DM$3:DM$6)) -> 0 | DN14: =SUMPRODUCT((NOT(ISBLANK(DN$3:DN$6))*(DN$3:DN$6>$GR$3:$GR$6))+ISBLANK(DN$3:DN$6)) -> 0 | DO14: =SUMPRODUCT((NOT(ISBLANK(DO$3:DO$6))*(DO$3:DO$6>$GS$3:$GS$6))+ISBLANK(DO$3:DO$6)) -> 0 | DP14: =SUMPRODUCT((NOT(ISBLANK(DP$3:DP$6))*(DP$3:DP$6>$GT$3:$GT$6))+ISBLANK(DP$3:DP$6)) -> 0 | DQ14: =SUMPRODUCT((NOT(ISBLANK(DQ$3:DQ$6))*(DQ$3:DQ$6>$GO$3:$GO$6))+ISBLANK(DQ$3:DQ$6)) -> 0 | DR14: =SUMPRODUCT((NOT(ISBLANK(DR$3:DR$6))*(DR$3:DR$6>$GP$3:$GP$6))+ISBLANK(DR$3:DR$6)) -> 0 | DT14: =SUMPRODUCT((NOT(ISBLANK(DT$3:DT$6))*(DT$3:DT$6>$GQ$3:$GQ$6))+ISBLANK(DT$3:DT$6)) -> 0 | DU14: =SUMPRODUCT((NOT(ISBLANK(DU$3:DU$6))*(DU$3:DU$6>$GR$3:$GR$6))+ISBLANK(DU$3:DU$6)) -> 0 | DV14: =SUMPRODUCT((NOT(ISBLANK(DV$3:DV$6))*(DV$3:DV$6>$GS$3:$GS$6))+ISBLANK(DV$3:DV$6)) -> 0 | DW14: =SUMPRODUCT((NOT(ISBLANK(DW$3:DW$6))*(DW$3:DW$6>$GT$3:$GT$6))+ISBLANK(DW$3:DW$6)) -> 0 | DX14: =SUMPRODUCT((NOT(ISBLANK(DX$3:DX$6))*(DX$3:DX$6>$GO$3:$GO$6))+ISBLANK(DX$3:DX$6)) -> 0 | DY14: =SUMPRODUCT((NOT(ISBLANK(DY$3:DY$6))*(DY$3:DY$6>$GP$3:$GP$6))+ISBLANK(DY$3:DY$6)) -> 0 | EA14: =SUMPRODUCT((NOT(ISBLANK(EA$3:EA$6))*(EA$3:EA$6>$GQ$3:$GQ$6))+ISBLANK(EA$3:EA$6)) -> 0 | EB14: =SUMPRODUCT((NOT(ISBLANK(EB$3:EB$6))*(EB$3:EB$6>$GR$3:$GR$6))+ISBLANK(EB$3:EB$6)) -> 0 | EC14: =SUMPRODUCT((NOT(ISBLANK(EC$3:EC$6))*(EC$3:EC$6>$GS$3:$GS$6))+ISBLANK(EC$3:EC$6)) -> 0 | ED14: =SUMPRODUCT((NOT(ISBLANK(ED$3:ED$6))*(ED$3:ED$6>$GT$3:$GT$6))+ISBLANK(ED$3:ED$6)) -> 0 | EE14: =SUMPRODUCT((NOT(ISBLANK(EE$3:EE$6))*(EE$3:EE$6>$GO$3:$GO$6))+ISBLANK(EE$3:EE$6)) -> 0 | EF14: =SUMPRODUCT((NOT(ISBLANK(EF$3:EF$6))*(EF$3:EF$6>$GP$3:$GP$6))+ISBLANK(EF$3:EF$6)) -> 0 | EH14: =SUMPRODUCT((NOT(ISBLANK(EH$3:EH$6))*(EH$3:EH$6>$GQ$3:$GQ$6))+ISBLANK(EH$3:EH$6)) -> 0 | EI14: =SUMPRODUCT((NOT(ISBLANK(EI$3:EI$6))*(EI$3:EI$6>$GR$3:$GR$6))+ISBLANK(EI$3:EI$6)) -> 0 | EJ14: =SUMPRODUCT((NOT(ISBLANK(EJ$3:EJ$6))*(EJ$3:EJ$6>$GS$3:$GS$6))+ISBLANK(EJ$3:EJ$6)) -> 0 | EK14: =SUMPRODUCT((NOT(ISBLANK(EK$3:EK$6))*(EK$3:EK$6>$GT$3:$GT$6))+ISBLANK(EK$3:EK$6)) -> 0 | EL14: =SUMPRODUCT((NOT(ISBLANK(EL$3:EL$6))*(EL$3:EL$6>$GO$3:$GO$6))+ISBLANK(EL$3:EL$6)) -> 0 | EM14: =SUMPRODUCT((NOT(ISBLANK(EM$3:EM$6))*(EM$3:EM$6>$GP$3:$GP$6))+ISBLANK(EM$3:EM$6)) -> 0 | EO14: =SUMPRODUCT((NOT(ISBLANK(EO$3:EO$6))*(EO$3:EO$6>$GQ$3:$GQ$6))+ISBLANK(EO$3:EO$6)) -> 0 | EP14: =SUMPRODUCT((NOT(ISBLANK(EP$3:EP$6))*(EP$3:EP$6>$GR$3:$GR$6))+ISBLANK(EP$3:EP$6)) -> 0 | EQ14: =SUMPRODUCT((NOT(ISBLANK(EQ$3:EQ$6))*(EQ$3:EQ$6>$GS$3:$GS$6))+ISBLANK(EQ$3:EQ$6)) -> 0 | ER14: =SUMPRODUCT((NOT(ISBLANK(ER$3:ER$6))*(ER$3:ER$6>$GT$3:$GT$6))+ISBLANK(ER$3:ER$6)) -> 0 | ES14: =SUMPRODUCT((NOT(ISBLANK(ES$3:ES$6))*(ES$3:ES$6>$GO$3:$GO$6))+ISBLANK(ES$3:ES$6)) -> 0 | ET14: =SUMPRODUCT((NOT(ISBLANK(ET$3:ET$6))*(ET$3:ET$6>$GP$3:$GP$6))+ISBLANK(ET$3:ET$6)) -> 0 | EV14: =SUMPRODUCT((NOT(ISBLANK(EV$3:EV$6))*(EV$3:EV$6>$GQ$3:$GQ$6))+ISBLANK(EV$3:EV$6)) -> 0 | EW14: =SUMPRODUCT((NOT(ISBLANK(EW$3:EW$6))*(EW$3:EW$6>$GR$3:$GR$6))+ISBLANK(EW$3:EW$6)) -> 0 | EX14: =SUMPRODUCT((NOT(ISBLANK(EX$3:EX$6))*(EX$3:EX$6>$GS$3:$GS$6))+ISBLANK(EX$3:EX$6)) -> 0 | EY14: =SUMPRODUCT((NOT(ISBLANK(EY$3:EY$6))*(EY$3:EY$6>$GT$3:$GT$6))+ISBLANK(EY$3:EY$6)) -> 0 | EZ14: =SUMPRODUCT((NOT(ISBLANK(EZ$3:EZ$6))*(EZ$3:EZ$6>$GO$3:$GO$6))+ISBLANK(EZ$3:EZ$6)) -> 0 | FA14: =SUMPRODUCT((NOT(ISBLANK(FA$3:FA$6))*(FA$3:FA$6>$GP$3:$GP$6))+ISBLANK(FA$3:FA$6)) -> 0 | FC14: =SUMPRODUCT((NOT(ISBLANK(FC$3:FC$6))*(FC$3:FC$6>$GQ$3:$GQ$6))+ISBLANK(FC$3:FC$6)) -> 0 | FD14: =SUMPRODUCT((NOT(ISBLANK(FD$3:FD$6))*(FD$3:FD$6>$GR$3:$GR$6))+ISBLANK(FD$3:FD$6)) -> 0 | FE14: =SUMPRODUCT((NOT(ISBLANK(FE$3:FE$6))*(FE$3:FE$6>$GS$3:$GS$6))+ISBLANK(FE$3:FE$6)) -> 0 | FF14: =SUMPRODUCT((NOT(ISBLANK(FF$3:FF$6))*(FF$3:FF$6>$GT$3:$GT$6))+ISBLANK(FF$3:FF$6)) -> 0 | FG14: =SUMPRODUCT((NOT(ISBLANK(FG$3:FG$6))*(FG$3:FG$6>$GO$3:$GO$6))+ISBLANK(FG$3:FG$6)) -> 0 | FH14: =SUMPRODUCT((NOT(ISBLANK(FH$3:FH$6))*(FH$3:FH$6>$GP$3:$GP$6))+ISBLANK(FH$3:FH$6)) -> 0 | FJ14: =SUMPRODUCT((NOT(ISBLANK(FJ$3:FJ$6))*(FJ$3:FJ$6>$GQ$3:$GQ$6))+ISBLANK(FJ$3:FJ$6)) -> 0 | FK14: =SUMPRODUCT((NOT(ISBLANK(FK$3:FK$6))*(FK$3:FK$6>$GR$3:$GR$6))+ISBLANK(FK$3:FK$6)) -> 0 | FL14: =SUMPRODUCT((NOT(ISBLANK(FL$3:FL$6))*(FL$3:FL$6>$GS$3:$GS$6))+ISBLANK(FL$3:FL$6)) -> 0 | FM14: =SUMPRODUCT((NOT(ISBLANK(FM$3:FM$6))*(FM$3:FM$6>$GT$3:$GT$6))+ISBLANK(FM$3:FM$6)) -> 0 | FN14: =SUMPRODUCT((NOT(ISBLANK(FN$3:FN$6))*(FN$3:FN$6>$GO$3:$GO$6))+ISBLANK(FN$3:FN$6)) -> 0 | FO14: =SUMPRODUCT((NOT(ISBLANK(FO$3:FO$6))*(FO$3:FO$6>$GP$3:$GP$6))+ISBLANK(FO$3:FO$6)) -> 0 | FQ14: =SUMPRODUCT((NOT(ISBLANK(FQ$3:FQ$6))*(FQ$3:FQ$6>$GQ$3:$GQ$6))+ISBLANK(FQ$3:FQ$6)) -> 0 | FR14: =SUMPRODUCT((NOT(ISBLANK(FR$3:FR$6))*(FR$3:FR$6>$GR$3:$GR$6))+ISBLANK(FR$3:FR$6)) -> 0 | FS14: =SUMPRODUCT((NOT(ISBLANK(FS$3:FS$6))*(FS$3:FS$6>$GS$3:$GS$6))+ISBLANK(FS$3:FS$6)) -> 0 | FT14: =SUMPRODUCT((NOT(ISBLANK(FT$3:FT$6))*(FT$3:FT$6>$GT$3:$GT$6))+ISBLANK(FT$3:FT$6)) -> 0 | FU14: =SUMPRODUCT((NOT(ISBLANK(FU$3:FU$6))*(FU$3:FU$6>$GO$3:$GO$6))+ISBLANK(FU$3:FU$6)) -> 0 | FV14: =SUMPRODUCT((NOT(ISBLANK(FV$3:FV$6))*(FV$3:FV$6>$GP$3:$GP$6))+ISBLANK(FV$3:FV$6)) -> 0 | FX14: =SUMPRODUCT((NOT(ISBLANK(FX$3:FX$6))*(FX$3:FX$6>$GQ$3:$GQ$6))+ISBLANK(FX$3:FX$6)) -> 0 | FY14: =SUMPRODUCT((NOT(ISBLANK(FY$3:FY$6))*(FY$3:FY$6>$GR$3:$GR$6))+ISBLANK(FY$3:FY$6)) -> 0 | FZ14: =SUMPRODUCT((NOT(ISBLANK(FZ$3:FZ$6))*(FZ$3:FZ$6>$GS$3:$GS$6))+ISBLANK(FZ$3:FZ$6)) -> 0 | GA14: =SUMPRODUCT((NOT(ISBLANK(GA$3:GA$6))*(GA$3:GA$6>$GT$3:$GT$6))+ISBLANK(GA$3:GA$6)) -> 0 | GB14: =SUMPRODUCT((NOT(ISBLANK(GB$3:GB$6))*(GB$3:GB$6>$GO$3:$GO$6))+ISBLANK(GB$3:GB$6)) -> 0 | GC14: =SUMPRODUCT((NOT(ISBLANK(GC$3:GC$6))*(GC$3:GC$6>$GP$3:$GP$6))+ISBLANK(GC$3:GC$6)) -> 0 | GE14: =SUMPRODUCT((NOT(ISBLANK(GE$3:GE$6))*(GE$3:GE$6>$GQ$3:$GQ$6))+ISBLANK(GE$3:GE$6)) -> 0 | GF14: =SUMPRODUCT((NOT(ISBLANK(GF$3:GF$6))*(GF$3:GF$6>$GR$3:$GR$6))+ISBLANK(GF$3:GF$6)) -> 0 | GG14: =SUMPRODUCT((NOT(ISBLANK(GG$3:GG$6))*(GG$3:GG$6>$GS$3:$GS$6))+ISBLANK(GG$3:GG$6)) -> 0 | GH14: =SUMPRODUCT((NOT(ISBLANK(GH$3:GH$6))*(GH$3:GH$6>$GT$3:$GT$6))+ISBLANK(GH$3:GH$6)) -> 0
A15: WORST | B15: =SUMPRODUCT((NOT(ISBLANK(B$3:B$6))*(B$3:B$6=$GU$3:$GU$6))+ISBLANK(B$3:B$6)) -> 0 | H15: =SUMPRODUCT((NOT(ISBLANK(H$3:H$6))*(H$3:H$6=$GZ$3:$GZ$6))+ISBLANK(H$3:H$6)) -> 0 | I15: =SUMPRODUCT((NOT(ISBLANK(I$3:I$6))*(I$3:I$6=$GU$3:$GU$6))+ISBLANK(I$3:I$6)) -> 0 | O15: =SUMPRODUCT((NOT(ISBLANK(O$3:O$6))*(O$3:O$6=$GZ$3:$GZ$6))+ISBLANK(O$3:O$6)) -> 0 | P15: =SUMPRODUCT((NOT(ISBLANK(P$3:P$6))*(P$3:P$6=$GU$3:$GU$6))+ISBLANK(P$3:P$6)) -> 0 | V15: =SUMPRODUCT((NOT(ISBLANK(V$3:V$6))*(V$3:V$6=$GZ$3:$GZ$6))+ISBLANK(V$3:V$6)) -> 0 | W15: =SUMPRODUCT((NOT(ISBLANK(W$3:W$6))*(W$3:W$6=$GU$3:$GU$6))+ISBLANK(W$3:W$6)) -> 0 | AC15: =SUMPRODUCT((NOT(ISBLANK(AC$3:AC$6))*(AC$3:AC$6=$GZ$3:$GZ$6))+ISBLANK(AC$3:AC$6)) -> 0 | AD15: =SUMPRODUCT((NOT(ISBLANK(AD$3:AD$6))*(AD$3:AD$6=$GU$3:$GU$6))+ISBLANK(AD$3:AD$6)) -> 0 | AJ15: =SUMPRODUCT((NOT(ISBLANK(AJ$3:AJ$6))*(AJ$3:AJ$6=$GZ$3:$GZ$6))+ISBLANK(AJ$3:AJ$6)) -> 0 | AK15: =SUMPRODUCT((NOT(ISBLANK(AK$3:AK$6))*(AK$3:AK$6=$GU$3:$GU$6))+ISBLANK(AK$3:AK$6)) -> 0 | AQ15: =SUMPRODUCT((NOT(ISBLANK(AQ$3:AQ$6))*(AQ$3:AQ$6=$GZ$3:$GZ$6))+ISBLANK(AQ$3:AQ$6)) -> 0 | AR15: =SUMPRODUCT((NOT(ISBLANK(AR$3:AR$6))*(AR$3:AR$6=$GU$3:$GU$6))+ISBLANK(AR$3:AR$6)) -> 0 | AX15: =SUMPRODUCT((NOT(ISBLANK(AX$3:AX$6))*(AX$3:AX$6=$GZ$3:$GZ$6))+ISBLANK(AX$3:AX$6)) -> 0 | AY15: =SUMPRODUCT((NOT(ISBLANK(AY$3:AY$6))*(AY$3:AY$6=$GU$3:$GU$6))+ISBLANK(AY$3:AY$6)) -> 0 | AZ15: =SUMPRODUCT((NOT(ISBLANK(AZ$3:AZ$6))*(AZ$3:AZ$6=$GV$3:$GV$6))+ISBLANK(AZ$3:AZ$6)) -> 0 | BB15: =SUMPRODUCT((NOT(ISBLANK(BB$3:BB$6))*(BB$3:BB$6=$GW$3:$GW$6))+ISBLANK(BB$3:BB$6)) -> 0 | BC15: =SUMPRODUCT((NOT(ISBLANK(BC$3:BC$6))*(BC$3:BC$6=$GX$3:$GX$6))+ISBLANK(BC$3:BC$6)) -> 0 | BD15: =SUMPRODUCT((NOT(ISBLANK(BD$3:BD$6))*(BD$3:BD$6=$GY$3:$GY$6))+ISBLANK(BD$3:BD$6)) -> 0 | BE15: =SUMPRODUCT((NOT(ISBLANK(BE$3:BE$6))*(BE$3:BE$6=$GZ$3:$GZ$6))+ISBLANK(BE$3:BE$6)) -> 0 | BF15: =SUMPRODUCT((NOT(ISBLANK(BF$3:BF$6))*(BF$3:BF$6=$GU$3:$GU$6))+ISBLANK(BF$3:BF$6)) -> 0 | BG15: =SUMPRODUCT((NOT(ISBLANK(BG$3:BG$6))*(BG$3:BG$6=$GV$3:$GV$6))+ISBLANK(BG$3:BG$6)) -> 0 | BI15: =SUMPRODUCT((NOT(ISBLANK(BI$3:BI$6))*(BI$3:BI$6=$GW$3:$GW$6))+ISBLANK(BI$3:BI$6)) -> 0 | BJ15: =SUMPRODUCT((NOT(ISBLANK(BJ$3:BJ$6))*(BJ$3:BJ$6=$GX$3:$GX$6))+ISBLANK(BJ$3:BJ$6)) -> 0 | BK15: =SUMPRODUCT((NOT(ISBLANK(BK$3:BK$6))*(BK$3:BK$6=$GY$3:$GY$6))+ISBLANK(BK$3:BK$6)) -> 0 | BL15: =SUMPRODUCT((NOT(ISBLANK(BL$3:BL$6))*(BL$3:BL$6=$GZ$3:$GZ$6))+ISBLANK(BL$3:BL$6)) -> 0 | BM15: =SUMPRODUCT((NOT(ISBLANK(BM$3:BM$6))*(BM$3:BM$6=$GU$3:$GU$6))+ISBLANK(BM$3:BM$6)) -> 0 | BN15: =SUMPRODUCT((NOT(ISBLANK(BN$3:BN$6))*(BN$3:BN$6=$GV$3:$GV$6))+ISBLANK(BN$3:BN$6)) -> 0 | BP15: =SUMPRODUCT((NOT(ISBLANK(BP$3:BP$6))*(BP$3:BP$6=$GW$3:$GW$6))+ISBLANK(BP$3:BP$6)) -> 0 | BQ15: =SUMPRODUCT((NOT(ISBLANK(BQ$3:BQ$6))*(BQ$3:BQ$6=$GX$3:$GX$6))+ISBLANK(BQ$3:BQ$6)) -> 0 | BR15: =SUMPRODUCT((NOT(ISBLANK(BR$3:BR$6))*(BR$3:BR$6=$GY$3:$GY$6))+ISBLANK(BR$3:BR$6)) -> 0 | BS15: =SUMPRODUCT((NOT(ISBLANK(BS$3:BS$6))*(BS$3:BS$6=$GZ$3:$GZ$6))+ISBLANK(BS$3:BS$6)) -> 0 | BT15: =SUMPRODUCT((NOT(ISBLANK(BT$3:BT$6))*(BT$3:BT$6=$GU$3:$GU$6))+ISBLANK(BT$3:BT$6)) -> 0 | BU15: =SUMPRODUCT((NOT(ISBLANK(BU$3:BU$6))*(BU$3:BU$6=$GV$3:$GV$6))+ISBLANK(BU$3:BU$6)) -> 0 | BW15: =SUMPRODUCT((NOT(ISBLANK(BW$3:BW$6))*(BW$3:BW$6=$GW$3:$GW$6))+ISBLANK(BW$3:BW$6)) -> 0 | BX15: =SUMPRODUCT((NOT(ISBLANK(BX$3:BX$6))*(BX$3:BX$6=$GX$3:$GX$6))+ISBLANK(BX$3:BX$6)) -> 0 | BY15: =SUMPRODUCT((NOT(ISBLANK(BY$3:BY$6))*(BY$3:BY$6=$GY$3:$GY$6))+ISBLANK(BY$3:BY$6)) -> 0 | BZ15: =SUMPRODUCT((NOT(ISBLANK(BZ$3:BZ$6))*(BZ$3:BZ$6=$GZ$3:$GZ$6))+ISBLANK(BZ$3:BZ$6)) -> 0 | CA15: =SUMPRODUCT((NOT(ISBLANK(CA$3:CA$6))*(CA$3:CA$6=$GU$3:$GU$6))+ISBLANK(CA$3:CA$6)) -> 0 | CB15: =SUMPRODUCT((NOT(ISBLANK(CB$3:CB$6))*(CB$3:CB$6=$GV$3:$GV$6))+ISBLANK(CB$3:CB$6)) -> 0 | CD15: =SUMPRODUCT((NOT(ISBLANK(CD$3:CD$6))*(CD$3:CD$6=$GW$3:$GW$6))+ISBLANK(CD$3:CD$6)) -> 0 | CE15: =SUMPRODUCT((NOT(ISBLANK(CE$3:CE$6))*(CE$3:CE$6=$GX$3:$GX$6))+ISBLANK(CE$3:CE$6)) -> 0 | CF15: =SUMPRODUCT((NOT(ISBLANK(CF$3:CF$6))*(CF$3:CF$6=$GY$3:$GY$6))+ISBLANK(CF$3:CF$6)) -> 0 | CG15: =SUMPRODUCT((NOT(ISBLANK(CG$3:CG$6))*(CG$3:CG$6=$GZ$3:$GZ$6))+ISBLANK(CG$3:CG$6)) -> 0 | CH15: =SUMPRODUCT((NOT(ISBLANK(CH$3:CH$6))*(CH$3:CH$6=$GU$3:$GU$6))+ISBLANK(CH$3:CH$6)) -> 0 | CN15: =SUMPRODUCT((NOT(ISBLANK(CN$3:CN$6))*(CN$3:CN$6=$GZ$3:$GZ$6))+ISBLANK(CN$3:CN$6)) -> 0 | CO15: =SUMPRODUCT((NOT(ISBLANK(CO$3:CO$6))*(CO$3:CO$6=$GU$3:$GU$6))+ISBLANK(CO$3:CO$6)) -> 0 | CP15: =SUMPRODUCT((NOT(ISBLANK(CP$3:CP$6))*(CP$3:CP$6=$GV$3:$GV$6))+ISBLANK(CP$3:CP$6)) -> 0 | CR15: =SUMPRODUCT((NOT(ISBLANK(CR$3:CR$6))*(CR$3:CR$6=$GW$3:$GW$6))+ISBLANK(CR$3:CR$6)) -> 0 | CS15: =SUMPRODUCT((NOT(ISBLANK(CS$3:CS$6))*(CS$3:CS$6=$GX$3:$GX$6))+ISBLANK(CS$3:CS$6)) -> 0 | CT15: =SUMPRODUCT((NOT(ISBLANK(CT$3:CT$6))*(CT$3:CT$6=$GY$3:$GY$6))+ISBLANK(CT$3:CT$6)) -> 0 | CU15: =SUMPRODUCT((NOT(ISBLANK(CU$3:CU$6))*(CU$3:CU$6=$GZ$3:$GZ$6))+ISBLANK(CU$3:CU$6)) -> 0 | CV15: =SUMPRODUCT((NOT(ISBLANK(CV$3:CV$6))*(CV$3:CV$6=$GU$3:$GU$6))+ISBLANK(CV$3:CV$6)) -> 0 | CW15: =SUMPRODUCT((NOT(ISBLANK(CW$3:CW$6))*(CW$3:CW$6=$GV$3:$GV$6))+ISBLANK(CW$3:CW$6)) -> 0 | CY15: =SUMPRODUCT((NOT(ISBLANK(CY$3:CY$6))*(CY$3:CY$6=$GW$3:$GW$6))+ISBLANK(CY$3:CY$6)) -> 0 | CZ15: =SUMPRODUCT((NOT(ISBLANK(CZ$3:CZ$6))*(CZ$3:CZ$6=$GX$3:$GX$6))+ISBLANK(CZ$3:CZ$6)) -> 0 | DA15: =SUMPRODUCT((NOT(ISBLANK(DA$3:DA$6))*(DA$3:DA$6=$GY$3:$GY$6))+ISBLANK(DA$3:DA$6)) -> 0 | DB15: =SUMPRODUCT((NOT(ISBLANK(DB$3:DB$6))*(DB$3:DB$6=$GZ$3:$GZ$6))+ISBLANK(DB$3:DB$6)) -> 0 | DC15: =SUMPRODUCT((NOT(ISBLANK(DC$3:DC$6))*(DC$3:DC$6=$GU$3:$GU$6))+ISBLANK(DC$3:DC$6)) -> 0 | DI15: =SUMPRODUCT((NOT(ISBLANK(DI$3:DI$6))*(DI$3:DI$6=$GZ$3:$GZ$6))+ISBLANK(DI$3:DI$6)) -> 0 | DJ15: =SUMPRODUCT((NOT(ISBLANK(DJ$3:DJ$6))*(DJ$3:DJ$6=$GU$3:$GU$6))+ISBLANK(DJ$3:DJ$6)) -> 0 | DK15: =SUMPRODUCT((NOT(ISBLANK(DK$3:DK$6))*(DK$3:DK$6=$GV$3:$GV$6))+ISBLANK(DK$3:DK$6)) -> 0 | DM15: =SUMPRODUCT((NOT(ISBLANK(DM$3:DM$6))*(DM$3:DM$6=$GW$3:$GW$6))+ISBLANK(DM$3:DM$6)) -> 0 | DN15: =SUMPRODUCT((NOT(ISBLANK(DN$3:DN$6))*(DN$3:DN$6=$GX$3:$GX$6))+ISBLANK(DN$3:DN$6)) -> 0 | DO15: =SUMPRODUCT((NOT(ISBLANK(DO$3:DO$6))*(DO$3:DO$6=$GY$3:$GY$6))+ISBLANK(DO$3:DO$6)) -> 0 | DP15: =SUMPRODUCT((NOT(ISBLANK(DP$3:DP$6))*(DP$3:DP$6=$GZ$3:$GZ$6))+ISBLANK(DP$3:DP$6)) -> 0 | DQ15: =SUMPRODUCT((NOT(ISBLANK(DQ$3:DQ$6))*(DQ$3:DQ$6=$GU$3:$GU$6))+ISBLANK(DQ$3:DQ$6)) -> 0 | DR15: =SUMPRODUCT((NOT(ISBLANK(DR$3:DR$6))*(DR$3:DR$6=$GV$3:$GV$6))+ISBLANK(DR$3:DR$6)) -> 0 | DT15: =SUMPRODUCT((NOT(ISBLANK(DT$3:DT$6))*(DT$3:DT$6=$GW$3:$GW$6))+ISBLANK(DT$3:DT$6)) -> 0 | DU15: =SUMPRODUCT((NOT(ISBLANK(DU$3:DU$6))*(DU$3:DU$6=$GX$3:$GX$6))+ISBLANK(DU$3:DU$6)) -> 0 | DV15: =SUMPRODUCT((NOT(ISBLANK(DV$3:DV$6))*(DV$3:DV$6=$GY$3:$GY$6))+ISBLANK(DV$3:DV$6)) -> 0 | DW15: =SUMPRODUCT((NOT(ISBLANK(DW$3:DW$6))*(DW$3:DW$6=$GZ$3:$GZ$6))+ISBLANK(DW$3:DW$6)) -> 0 | DX15: =SUMPRODUCT((NOT(ISBLANK(DX$3:DX$6))*(DX$3:DX$6=$GU$3:$GU$6))+ISBLANK(DX$3:DX$6)) -> 0 | DY15: =SUMPRODUCT((NOT(ISBLANK(DY$3:DY$6))*(DY$3:DY$6=$GV$3:$GV$6))+ISBLANK(DY$3:DY$6)) -> 0 | EA15: =SUMPRODUCT((NOT(ISBLANK(EA$3:EA$6))*(EA$3:EA$6=$GW$3:$GW$6))+ISBLANK(EA$3:EA$6)) -> 0 | EB15: =SUMPRODUCT((NOT(ISBLANK(EB$3:EB$6))*(EB$3:EB$6=$GX$3:$GX$6))+ISBLANK(EB$3:EB$6)) -> 0 | EC15: =SUMPRODUCT((NOT(ISBLANK(EC$3:EC$6))*(EC$3:EC$6=$GY$3:$GY$6))+ISBLANK(EC$3:EC$6)) -> 0 | ED15: =SUMPRODUCT((NOT(ISBLANK(ED$3:ED$6))*(ED$3:ED$6=$GZ$3:$GZ$6))+ISBLANK(ED$3:ED$6)) -> 0 | EE15: =SUMPRODUCT((NOT(ISBLANK(EE$3:EE$6))*(EE$3:EE$6=$GU$3:$GU$6))+ISBLANK(EE$3:EE$6)) -> 0 | EF15: =SUMPRODUCT((NOT(ISBLANK(EF$3:EF$6))*(EF$3:EF$6=$GV$3:$GV$6))+ISBLANK(EF$3:EF$6)) -> 0 | EH15: =SUMPRODUCT((NOT(ISBLANK(EH$3:EH$6))*(EH$3:EH$6=$GW$3:$GW$6))+ISBLANK(EH$3:EH$6)) -> 0 | EI15: =SUMPRODUCT((NOT(ISBLANK(EI$3:EI$6))*(EI$3:EI$6=$GX$3:$GX$6))+ISBLANK(EI$3:EI$6)) -> 0 | EJ15: =SUMPRODUCT((NOT(ISBLANK(EJ$3:EJ$6))*(EJ$3:EJ$6=$GY$3:$GY$6))+ISBLANK(EJ$3:EJ$6)) -> 0 | EK15: =SUMPRODUCT((NOT(ISBLANK(EK$3:EK$6))*(EK$3:EK$6=$GZ$3:$GZ$6))+ISBLANK(EK$3:EK$6)) -> 0 | EL15: =SUMPRODUCT((NOT(ISBLANK(EL$3:EL$6))*(EL$3:EL$6=$GU$3:$GU$6))+ISBLANK(EL$3:EL$6)) -> 0 | EM15: =SUMPRODUCT((NOT(ISBLANK(EM$3:EM$6))*(EM$3:EM$6=$GV$3:$GV$6))+ISBLANK(EM$3:EM$6)) -> 0 | EO15: =SUMPRODUCT((NOT(ISBLANK(EO$3:EO$6))*(EO$3:EO$6=$GW$3:$GW$6))+ISBLANK(EO$3:EO$6)) -> 0 | EP15: =SUMPRODUCT((NOT(ISBLANK(EP$3:EP$6))*(EP$3:EP$6=$GX$3:$GX$6))+ISBLANK(EP$3:EP$6)) -> 0 | EQ15: =SUMPRODUCT((NOT(ISBLANK(EQ$3:EQ$6))*(EQ$3:EQ$6=$GY$3:$GY$6))+ISBLANK(EQ$3:EQ$6)) -> 0 | ER15: =SUMPRODUCT((NOT(ISBLANK(ER$3:ER$6))*(ER$3:ER$6=$GZ$3:$GZ$6))+ISBLANK(ER$3:ER$6)) -> 0 | ES15: =SUMPRODUCT((NOT(ISBLANK(ES$3:ES$6))*(ES$3:ES$6=$GU$3:$GU$6))+ISBLANK(ES$3:ES$6)) -> 0 | ET15: =SUMPRODUCT((NOT(ISBLANK(ET$3:ET$6))*(ET$3:ET$6=$GV$3:$GV$6))+ISBLANK(ET$3:ET$6)) -> 0 | EV15: =SUMPRODUCT((NOT(ISBLANK(EV$3:EV$6))*(EV$3:EV$6=$GW$3:$GW$6))+ISBLANK(EV$3:EV$6)) -> 0 | EW15: =SUMPRODUCT((NOT(ISBLANK(EW$3:EW$6))*(EW$3:EW$6=$GX$3:$GX$6))+ISBLANK(EW$3:EW$6)) -> 0 | EX15: =SUMPRODUCT((NOT(ISBLANK(EX$3:EX$6))*(EX$3:EX$6=$GY$3:$GY$6))+ISBLANK(EX$3:EX$6)) -> 0 | EY15: =SUMPRODUCT((NOT(ISBLANK(EY$3:EY$6))*(EY$3:EY$6=$GZ$3:$GZ$6))+ISBLANK(EY$3:EY$6)) -> 0 | EZ15: =SUMPRODUCT((NOT(ISBLANK(EZ$3:EZ$6))*(EZ$3:EZ$6=$GU$3:$GU$6))+ISBLANK(EZ$3:EZ$6)) -> 0 | FA15: =SUMPRODUCT((NOT(ISBLANK(FA$3:FA$6))*(FA$3:FA$6=$GV$3:$GV$6))+ISBLANK(FA$3:FA$6)) -> 0 | FC15: =SUMPRODUCT((NOT(ISBLANK(FC$3:FC$6))*(FC$3:FC$6=$GW$3:$GW$6))+ISBLANK(FC$3:FC$6)) -> 0 | FD15: =SUMPRODUCT((NOT(ISBLANK(FD$3:FD$6))*(FD$3:FD$6=$GX$3:$GX$6))+ISBLANK(FD$3:FD$6)) -> 0 | FE15: =SUMPRODUCT((NOT(ISBLANK(FE$3:FE$6))*(FE$3:FE$6=$GY$3:$GY$6))+ISBLANK(FE$3:FE$6)) -> 0 | FF15: =SUMPRODUCT((NOT(ISBLANK(FF$3:FF$6))*(FF$3:FF$6=$GZ$3:$GZ$6))+ISBLANK(FF$3:FF$6)) -> 0 | FG15: =SUMPRODUCT((NOT(ISBLANK(FG$3:FG$6))*(FG$3:FG$6=$GU$3:$GU$6))+ISBLANK(FG$3:FG$6)) -> 0 | FH15: =SUMPRODUCT((NOT(ISBLANK(FH$3:FH$6))*(FH$3:FH$6=$GV$3:$GV$6))+ISBLANK(FH$3:FH$6)) -> 0 | FJ15: =SUMPRODUCT((NOT(ISBLANK(FJ$3:FJ$6))*(FJ$3:FJ$6=$GW$3:$GW$6))+ISBLANK(FJ$3:FJ$6)) -> 0 | FK15: =SUMPRODUCT((NOT(ISBLANK(FK$3:FK$6))*(FK$3:FK$6=$GX$3:$GX$6))+ISBLANK(FK$3:FK$6)) -> 0 | FL15: =SUMPRODUCT((NOT(ISBLANK(FL$3:FL$6))*(FL$3:FL$6=$GY$3:$GY$6))+ISBLANK(FL$3:FL$6)) -> 0 | FM15: =SUMPRODUCT((NOT(ISBLANK(FM$3:FM$6))*(FM$3:FM$6=$GZ$3:$GZ$6))+ISBLANK(FM$3:FM$6)) -> 0 | FN15: =SUMPRODUCT((NOT(ISBLANK(FN$3:FN$6))*(FN$3:FN$6=$GU$3:$GU$6))+ISBLANK(FN$3:FN$6)) -> 0 | FO15: =SUMPRODUCT((NOT(ISBLANK(FO$3:FO$6))*(FO$3:FO$6=$GV$3:$GV$6))+ISBLANK(FO$3:FO$6)) -> 0 | FQ15: =SUMPRODUCT((NOT(ISBLANK(FQ$3:FQ$6))*(FQ$3:FQ$6=$GW$3:$GW$6))+ISBLANK(FQ$3:FQ$6)) -> 0 | FR15: =SUMPRODUCT((NOT(ISBLANK(FR$3:FR$6))*(FR$3:FR$6=$GX$3:$GX$6))+ISBLANK(FR$3:FR$6)) -> 0 | FS15: =SUMPRODUCT((NOT(ISBLANK(FS$3:FS$6))*(FS$3:FS$6=$GY$3:$GY$6))+ISBLANK(FS$3:FS$6)) -> 0 | FT15: =SUMPRODUCT((NOT(ISBLANK(FT$3:FT$6))*(FT$3:FT$6=$GZ$3:$GZ$6))+ISBLANK(FT$3:FT$6)) -> 0 | FU15: =SUMPRODUCT((NOT(ISBLANK(FU$3:FU$6))*(FU$3:FU$6=$GU$3:$GU$6))+ISBLANK(FU$3:FU$6)) -> 0 | FV15: =SUMPRODUCT((NOT(ISBLANK(FV$3:FV$6))*(FV$3:FV$6=$GV$3:$GV$6))+ISBLANK(FV$3:FV$6)) -> 0 | FX15: =SUMPRODUCT((NOT(ISBLANK(FX$3:FX$6))*(FX$3:FX$6=$GW$3:$GW$6))+ISBLANK(FX$3:FX$6)) -> 0 | FY15: =SUMPRODUCT((NOT(ISBLANK(FY$3:FY$6))*(FY$3:FY$6=$GX$3:$GX$6))+ISBLANK(FY$3:FY$6)) -> 0 | FZ15: =SUMPRODUCT((NOT(ISBLANK(FZ$3:FZ$6))*(FZ$3:FZ$6=$GY$3:$GY$6))+ISBLANK(FZ$3:FZ$6)) -> 0 | GA15: =SUMPRODUCT((NOT(ISBLANK(GA$3:GA$6))*(GA$3:GA$6=$GZ$3:$GZ$6))+ISBLANK(GA$3:GA$6)) -> 0 | GB15: =SUMPRODUCT((NOT(ISBLANK(GB$3:GB$6))*(GB$3:GB$6=$GU$3:$GU$6))+ISBLANK(GB$3:GB$6)) -> 0 | GC15: =SUMPRODUCT((NOT(ISBLANK(GC$3:GC$6))*(GC$3:GC$6=$GV$3:$GV$6))+ISBLANK(GC$3:GC$6)) -> 0 | GE15: =SUMPRODUCT((NOT(ISBLANK(GE$3:GE$6))*(GE$3:GE$6=$GW$3:$GW$6))+ISBLANK(GE$3:GE$6)) -> 0 | GF15: =SUMPRODUCT((NOT(ISBLANK(GF$3:GF$6))*(GF$3:GF$6=$GX$3:$GX$6))+ISBLANK(GF$3:GF$6)) -> 0 | GG15: =SUMPRODUCT((NOT(ISBLANK(GG$3:GG$6))*(GG$3:GG$6=$GY$3:$GY$6))+ISBLANK(GG$3:GG$6)) -> 0 | GH15: =SUMPRODUCT((NOT(ISBLANK(GH$3:GH$6))*(GH$3:GH$6=$GZ$3:$GZ$6))+ISBLANK(GH$3:GH$6)) -> 0

Sheet Classes
B1: memelingo-1/lambda-large_100_mlp-tplp-htc | I1: memelingo-1/lambda-large_100_mlp-tplp-htcdl | P1: memelingo-1/lambda-large_150_mlp-tplp-htc | W1: memelingo-1/lambda-large_150_mlp-tplp-htcdl | AD1: memelingo-1/lambda-large_200_mlp-tplp-htc | AK1: memelingo-1/lambda-large_200_mlp-tplp-htcdl | AR1: memelingo-1/lambda-small_20_mlp-tplp-ht | AY1: memelingo-1/lambda-small_20_mlp-tplp-htc | BF1: memelingo-1/lambda-small_20_mlp-tplp-htcdl | BM1: memelingo-1/lambda-small_25_mlp-tplp-ht | BT1: memelingo-1/lambda-small_25_mlp-tplp-htc | CA1: memelingo-1/lambda-small_25_mlp-tplp-htcdl | CH1: memelingo-1/lambda-small_30_mlp-tplp-ht | CO1: memelingo-1/lambda-small_30_mlp-tplp-htc | CV1: memelingo-1/lambda-small_30_mlp-tplp-htcdl | DC1: memelingo-1/lambda-small_35_mlp-tplp-ht | DJ1: memelingo-1/lambda-small_35_mlp-tplp-htc | DQ1: memelingo-1/lambda-small_35_mlp-tplp-htcdl | DX1: memelingo-1/lambda-small_40_mlp-tplp-ht | EE1: memelingo-1/lambda-small_40_mlp-tplp-htc | EL1: memelingo-1/lambda-small_40_mlp-tplp-htcdl | ES1: memelingo-1/lambda-small_45_mlp-tplp-ht | EZ1: memelingo-1/lambda-small_45_mlp-tplp-htc | FG1: memelingo-1/lambda-small_45_mlp-tplp-htcdl | FN1: memelingo-1/lambda-small_50_mlp-tplp-ht | FU1: memelingo-1/lambda-small_50_mlp-tplp-htc | GB1: memelingo-1/lambda-small_50_mlp-tplp-htcdl | GI1: min | GO1: median | GU1: max
B2: time | C2: stime | D2: status | E2: rules | F2: ctime | G2: fmtime | H2: memout | I2: time | J2: stime | K2: status | L2: rules | M2: ctime | N2: fmtime | O2: memout | P2: time | Q2: stime | R2: status | S2: rules | T2: ctime | U2: fmtime | V2: memout | W2: time | X2: stime | Y2: status | Z2: rules | AA2: ctime | AB2: fmtime | AC2: memout | AD2: time | AE2: stime | AF2: status | AG2: rules | AH2: ctime | AI2: fmtime | AJ2: memout | AK2: time | AL2: stime | AM2: status | AN2: rules | AO2: ctime | AP2: fmtime | AQ2: memout | AR2: time | AS2: stime | AT2: status | AU2: rules | AV2: ctime | AW2: fmtime | AX2: memout | AY2: time | AZ2: stime | BA2: status | BB2: rules | BC2: ctime | BD2: fmtime | BE2: memout | BF2: time | BG2: stime | BH2: status | BI2: rules | BJ2: ctime | BK2: fmtime | BL2: memout | BM2: time | BN2: stime | BO2: status | BP2: rules | BQ2: ctime | BR2: fmtime | BS2: memout | BT2: time | BU2: stime | BV2: status | BW2: rules | BX2: ctime | BY2: fmtime | BZ2: memout | CA2: time | CB2: stime | CC2: status | CD2: rules | CE2: ctime | CF2: fmtime | CG2: memout | CH2: time | CI2: stime | CJ2: status | CK2: rules | CL2: ctime | CM2: fmtime | CN2: memout | CO2: time | CP2: stime | CQ2: status | CR2: rules | CS2: ctime | CT2: fmtime | CU2: memout | CV2: time | CW2: stime | CX2: status | CY2: rules | CZ2: ctime | DA2: fmtime | DB2: memout | DC2: time | DD2: stime | DE2: status | DF2: rules | DG2: ctime | DH2: fmtime | DI2: memout | DJ2: time | DK2: stime | DL2: status | DM2: rules | DN2: ctime | DO2: fmtime | DP2: memout | DQ2: time | DR2: stime | DS2: status | DT2: rules | DU2: ctime | DV2: fmtime | DW2: memout | DX2: time | DY2: stime | DZ2: status | EA2: rules | EB2: ctime | EC2: fmtime | ED2: memout | EE2: time | EF2: stime | EG2: status | EH2: rules | EI2: ctime | EJ2: fmtime | EK2: memout | EL2: time | EM2: stime | EN2: status | EO2: rules | EP2: ctime | EQ2: fmtime | ER2: memout | ES2: time | ET2: stime | EU2: status | EV2: rules | EW2: ctime | EX2: fmtime | EY2: memout | EZ2: time | FA2: stime | FB2: status | FC2: rules | FD2: ctime | FE2: fmtime | FF2: memout | FG2: time | FH2: stime | FI2: status | FJ2: rules | FK2: ctime | FL2: fmtime | FM2: memout | FN2: time | FO2: stime | FP2: status | FQ2: rules | FR2: ctime | FS2: fmtime | FT2: memout | FU2: time | FV2: stime | FW2: status | FX2: rules | FY2: ctime | FZ2: fmtime | GA2: memout | GB2: time | GC2: stime | GD2: status | GE2: rules | GF2: ctime | GG2: fmtime | GH2: memout | GI2: time | GJ2: stime | GK2: rules | GL2: ctime | GM2: fmtime | GN2: memout | GO2: time | GP2: stime | GQ2: rules | GR2: ctime | GS2: fmtime | GT2: memout | GU2: time | GV2: stime | GW2: rules | GX2: ctime | GY2: fmtime | GZ2: memout
A3: instances | AR3: =AVERAGE(Instances!AR3:Instances!AR3) -> 0 | AX3: =AVERAGE(Instances!AX3:Instances!AX3) -> 0 | AY3: =AVERAGE(Instances!AY3:Instances!AY3) -> 0 | AZ3: =AVERAGE(Instances!AZ3:Instances!AZ3) -> 0 | BB3: =AVERAGE(Instances!BB3:Instances!BB3) -> 0 | BC3: =AVERAGE(Instances!BC3:Instances!BC3) -> 0 | BD3: =AVERAGE(Instances!BD3:Instances!BD3) -> 0 | BE3: =AVERAGE(Instances!BE3:Instances!BE3) -> 0 | BF3: =AVERAGE(Instances!BF3:Instances!BF3) -> 0 | BG3: =AVERAGE(Instances!BG3:Instances!BG3) -> 0 | BI3: =AVERAGE(Instances!BI3:Instances!BI3) -> 0 | BJ3: =AVERAGE(Instances!BJ3:Instances!BJ3) -> 0 | BK3: =AVERAGE(Instances!BK3:Instances!BK3) -> 0 | BL3: =AVERAGE(Instances!BL3:Instances!BL3) -> 0 | BM3: =AVERAGE(Instances!BM3:Instances!BM3) -> 0 | BN3: =AVERAGE(Instances!BN3:Instances!BN3) -> 0 | BP3: =AVERAGE(Instances!BP3:Instances!BP3) -> 0 | BQ3: =AVERAGE(Instances!BQ3:Instances!BQ3) -> 0 | BR3: =AVERAGE(Instances!BR3:Instances!BR3) -> 0 | BS3: =AVERAGE(Instances!BS3:Instances!BS3) -> 0 | BT3: =AVERAGE(Instances!BT3:Instances!BT3) -> 0 | BU3: =AVERAGE(Instances!BU3:Instances!BU3) -> 0 | BW3: =AVERAGE(Instances!BW3:Instances!BW3) -> 0 | BX3: =AVERAGE(Instances!BX3:Instances!BX3) -> 0 | BY3: =AVERAGE(Instances!BY3:Instances!BY3) -> 0 | BZ3: =AVERAGE(Instances!BZ3:Instances!BZ3) -> 0 | CA3: =AVERAGE(Instances!CA3:Instances!CA3) -> 0 | CB3: =AVERAGE(Instances!CB3:Instances!CB3) -> 0 | CD3: =AVERAGE(Instances!CD3:Instances!CD3) -> 0 | CE3: =AVERAGE(Instances!CE3:Instances!CE3) -> 0 | CF3: =AVERAGE(Instances!CF3:Instances!CF3) -> 0 | CG3: =AVERAGE(Instances!CG3:Instances!CG3) -> 0 | CH3: =AVERAGE(Instances!CH3:Instances!CH3) -> 0 | CN3: =AVERAGE(Instances!CN3:Instances!CN3) -> 0 | CO3: =AVERAGE(Instances!CO3:Instances!CO3) -> 0 | CP3: =AVERAGE(Instances!CP3:Instances!CP3) -> 0 | CR3: =AVERAGE(Instances!CR3:Instances!CR3) -> 0 | CS3: =AVERAGE(Instances!CS3:Instances!CS3) -> 0 | CT3: =AVERAGE(Instances!CT3:Instances!CT3) -> 0 | CU3: =AVERAGE(Instances!CU3:Instances!CU3) -> 0 | CV3: =AVERAGE(Instances!CV3:Instances!CV3) -> 0 | CW3: =AVERAGE(Instances!CW3:Instances!CW3) -> 0 | CY3: =AVERAGE(Instances!CY3:Instances!CY3) -> 0 | CZ3: =AVERAGE(Instances!CZ3:Instances!CZ3) -> 0 | DA3: =AVERAGE(Instances!DA3:Instances!DA3) -> 0 | DB3: =AVERAGE(Instances!DB3:Instances!DB3) -> 0 | DC3: =AVERAGE(Instances!DC3:Instances!DC3) -> 0 | DI3: =AVERAGE(Instances!DI3:Instances!DI3) -> 0 | DJ3: =AVERAGE(Instances!DJ3:Instances!DJ3) -> 0 | DK3: =AVERAGE(Instances!DK3:Instances!DK3) -> 0 | DM3: =AVERAGE(Instances!DM3:Instances!DM3) -> 0 | DN3: =AVERAGE(Instances!DN3:Instances!DN3) -> 0 | DO3: =AVERAGE(Instances!DO3:Instances!DO3) -> 0 | DP3: =AVERAGE(Instances!DP3:Instances!DP3) -> 0 | DQ3: =AVERAGE(Instances!DQ3:Instances!DQ3) -> 0 | DR3: =AVERAGE(Instances!DR3:Instances!DR3) -> 0 | DT3: =AVERAGE(Instances!DT3:Instances!DT3) -> 0 | DU3: =AVERAGE(Instances!DU3:Instances!DU3) -> 0 | DV3: =AVERAGE(Instances!DV3:Instances!DV3) -> 0 | DW3: =AVERAGE(Instances!DW3:Instances!DW3) -> 0 | DX3: =AVERAGE(Instances!DX3:Instances!DX3) -> 0 | DY3: =AVERAGE(Instances!DY3:Instances!DY3) -> 0 | EA3: =AVERAGE(Instances!EA3:Instances!EA3) -> 0 | EB3: =AVERAGE(Instances!EB3:Instances!EB3) -> 0 | EC3: =AVERAGE(Instances!EC3:Instances!EC3) -> 0 | ED3: =AVERAGE(Instances!ED3:Instances!ED3) -> 0 | EE3: =AVERAGE(Instances!EE3:Instances!EE3) -> 0 | EF3: =AVERAGE(Instances!EF3:Instances!EF3) -> 0 | EH3: =AVERAGE(Instances!EH3:Instances!EH3) -> 0 | EI3: =AVERAGE(Instances!EI3:Instances!EI3) -> 0 | EJ3: =AVERAGE(Instances!EJ3:Instances!EJ3) -> 0 | EK3: =AVERAGE(Instances!EK3:Instances!EK3) -> 0 | EL3: =AVERAGE(Instances!EL3:Instances!EL3) -> 0 | EM3: =AVERAGE(Instances!EM3:Instances!EM3) -> 0 | EO3: =AVERAGE(Instances!EO3:Instances!EO3) -> 0 | EP3: =AVERAGE(Instances!EP3:Instances!EP3) -> 0 | EQ3: =AVERAGE(Instances!EQ3:Instances!EQ3) -> 0 | ER3: =AVERAGE(Instances!ER3:Instances!ER3) -> 0 | ES3: =AVERAGE(Instances!ES3:Instances!ES3) -> 0 | ET3: =AVERAGE(Instances!ET3:Instances!ET3) -> 0 | EV3: =AVERAGE(Instances!EV3:Instances!EV3) -> 0 | EW3: =AVERAGE(Instances!EW3:Instances!EW3) -> 0 | EX3: =AVERAGE(Instances!EX3:Instances!EX3) -> 0 | EY3: =AVERAGE(Instances!EY3:Instances!EY3) -> 0 | EZ3: =AVERAGE(Instances!EZ3:Instances!EZ3) -> 0 | FA3: =AVERAGE(Instances!FA3:Instances!FA3) -> 0 | FC3: =AVERAGE(Instances!FC3:Instances!FC3) -> 0 | FD3: =AVERAGE(Instances!FD3:Instances!FD3) -> 0 | FE3: =AVERAGE(Instances!FE3:Instances!FE3) -> 0 | FF3: =AVERAGE(Instances!FF3:Instances!FF3) -> 0 | FG3: =AVERAGE(Instances!FG3:Instances!FG3) -> 0 | FH3: =AVERAGE(Instances!FH3:Instances!FH3) -> 0 | FJ3: =AVERAGE(Instances!FJ3:Instances!FJ3) -> 0 | FK3: =AVERAGE(Instances!FK3:Instances!FK3) -> 0 | FL3: =AVERAGE(Instances!FL3:Instances!FL3) -> 0 | FM3: =AVERAGE(Instances!FM3:Instances!FM3) -> 0 | FN3: =AVERAGE(Instances!FN3:Instances!FN3) -> 0 | FO3: =AVERAGE(Instances!FO3:Instances!FO3) -> 0 | FQ3: =AVERAGE(Instances!FQ3:Instances!FQ3) -> 0 | FR3: =AVERAGE(Instances!FR3:Instances!FR3) -> 0 | FS3: =AVERAGE(Instances!FS3:Instances!FS3) -> 0 | FT3: =AVERAGE(Instances!FT3:Instances!FT3) -> 0 | FU3: =AVERAGE(Instances!FU3:Instances!FU3) -> 0 | FV3: =AVERAGE(Instances!FV3:Instances!FV3) -> 0 | FX3: =AVERAGE(Instances!FX3:Instances!FX3) -> 0 | FY3: =AVERAGE(Instances!FY3:Instances!FY3) -> 0 | FZ3: =AVERAGE(Instances!FZ3:Instances!FZ3) -> 0 | GA3: =AVERAGE(Instances!GA3:Instances!GA3) -> 0 | GB3: =AVERAGE(Instances!GB3:Instances!GB3) -> 0 | GC3: =AVERAGE(Instances!GC3:Instances!GC3) -> 0 | GE3: =AVERAGE(Instances!GE3:Instances!GE3) -> 0 | GF3: =AVERAGE(Instances!GF3:Instances!GF3) -> 0 | GG3: =AVERAGE(Instances!GG3:Instances!GG3) -> 0 | GH3: =AVERAGE(Instances!GH3:Instances!GH3) -> 0 | GI3: =MIN($B3,$I3,$P3,$W3,$AD3,$AK3,$AR3,$AY3,$BF3,$BM3,$BT3,$CA3,$CH3,$CO3,$CV3,$DC3,$DJ3,$DQ3,$DX3,$EE3,$EL3,$ES3,$EZ3,$FG3,$FN3,$FU3,$GB3) -> 0 | GJ3: =MIN($C3,$J3,$Q3,$X3,$AE3,$AL3,$AS3,$AZ3,$BG3,$BN3,$BU3,$CB3,$CI3,$CP3,$CW3,$DD3,$DK3,$DR3,$DY3,$EF3,$EM3,$ET3,$FA3,$FH3,$FO3,$FV3,$GC3) -> 0 | GK3: =MIN($E3,$L3,$S3,$Z3,$AG3,$AN3,$AU3,$BB3,$BI3,$BP3,$BW3,$CD3,$CK3,$CR3,$CY3,$DF3,$DM3,$DT3,$EA3,$EH3,$EO3,$EV3,$FC3,$FJ3,$FQ3,$FX3,$GE3) -> 0 | GL3: =MIN($F3,$M3,$T3,$AA3,$AH3,$AO3,$AV3,$BC3,$BJ3,$BQ3,$BX3,$CE3,$CL3,$CS3,$CZ3,$DG3,$DN3,$DU3,$EB3,$EI3,$EP3,$EW3,$FD3,$FK3,$FR3,$FY3,$GF3) -> 0 | GM3: =MIN($G3,$N3,$U3,$AB3,$AI3,$AP3,$AW3,$BD3,$BK3,$BR3,$BY3,$CF3,$CM3,$CT3,$DA3,$DH3,$DO3,$DV3,$EC3,$EJ3,$EQ3,$EX3,$FE3,$FL3,$FS3,$FZ3,$GG3) -> 0 | GN3: =MIN($H3,$O3,$V3,$AC3,$AJ3,$AQ3,$AX3,$BE3,$BL3,$BS3,$BZ3,$CG3,$CN3,$CU3,$DB3,$DI3,$DP3,$DW3,$ED3,$EK3,$ER3,$EY3,$FF3,$FM3,$FT3,$GA3,$GH3) -> 0 | GO3: =MEDIAN($B3,$I3,$P3,$W3,$AD3,$AK3,$AR3,$AY3,$BF3,$BM3,$BT3,$CA3,$CH3,$CO3,$CV3,$DC3,$DJ3,$DQ3,$DX3,$EE3,$EL3,$ES3,$EZ3,$FG3,$FN3,$FU3,$GB3) -> 0 | GP3: =MEDIAN($C3,$J3,$Q3,$X3,$AE3,$AL3,$AS3,$AZ3,$BG3,$BN3,$BU3,$CB3,$CI3,$CP3,$CW3,$DD3,$DK3,$DR3,$DY3,$EF3,$EM3,$ET3,$FA3,$FH3,$FO3,$FV3,$GC3) -> 0 | GQ3: =MEDIAN($E3,$L3,$S3,$Z3,$AG3,$AN3,$AU3,$BB3,$BI3,$BP3,$BW3,$CD3,$CK3,$CR3,$CY3,$DF3,$DM3,$DT3,$EA3,$EH3,$EO3,$EV3,$FC3,$FJ3,$FQ3,$FX3,$GE3) -> 0 | GR3: =MEDIAN($F3,$M3,$T3,$AA3,$AH3,$AO3,$AV3,$BC3,$BJ3,$BQ3,$BX3,$CE3,$CL3,$CS3,$CZ3,$DG3,$DN3,$DU3,$EB3,$EI3,$EP3,$EW3,$FD3,$FK3,$FR3,$FY3,$GF3) -> 0 | GS3: =MEDIAN($G3,$N3,$U3,$AB3,$AI3,$AP3,$AW3,$BD3,$BK3,$BR3,$BY3,$CF3,$CM3,$CT3,$DA3,$DH3,$DO3,$DV3,$EC3,$EJ3,$EQ3,$EX3,$FE3,$FL3,$FS3,$FZ3,$GG3) -> 0 | GT3: =MEDIAN($H3,$O3,$V3,$AC3,$AJ3,$AQ3,$AX3,$BE3,$BL3,$BS3,$BZ3,$CG3,$CN3,$CU3,$DB3,$DI3,$DP3,$DW3,$ED3,$EK3,$ER3,$EY3,$FF3,$FM3,$FT3,$GA3,$GH3) -> 0 | GU3: =MAX($B3,$I3,$P3,$W3,$AD3,$AK3,$AR3,$AY3,$BF3,$BM3,$BT3,$CA3,$CH3,$CO3,$CV3,$DC3,$DJ3,$DQ3,$DX3,$EE3,$EL3,$ES3,$EZ3,$FG3,$FN3,$FU3,$GB3) -> 0 | GV3: =MAX($C3,$J3,$Q3,$X3,$AE3,$AL3,$AS3,$AZ3,$BG3,$BN3,$BU3,$CB3,$CI3,$CP3,$CW3,$DD3,$DK3,$DR3,$DY3,$EF3,$EM3,$ET3,$FA3,$FH3,$FO3,$FV3,$GC3) -> 0 | GW3: =MAX($E3,$L3,$S3,$Z3,$AG3,$AN3,$AU3,$BB3,$BI3,$BP3,$BW3,$CD3,$CK3,$CR3,$CY3,$DF3,$DM3,$DT3,$EA3,$EH3,$EO3,$EV3,$FC3,$FJ3,$FQ3,$FX3,$GE3) -> 0 | GX3: =MAX($F3,$M3,$T3,$AA3,$AH3,$AO3,$AV3,$BC3,$BJ3,$BQ3,$BX3,$CE3,$CL3,$CS3,$CZ3,$DG3,$DN3,$DU3,$EB3,$EI3,$EP3,$EW3,$FD3,$FK3,$FR3,$FY3,$GF3) -> 0 | GY3: =MAX($G3,$N3,$U3,$AB3,$AI3,$AP3,$AW3,$BD3,$BK3,$BR3,$BY3,$CF3,$CM3,$CT3,$DA3,$DH3,$DO3,$DV3,$EC3,$EJ3,$EQ3,$EX3,$FE3,$FL3,$FS3,$FZ3,$GG3) -> 0 | GZ3: =MAX($H3,$O3,$V3,$AC3,$AJ3,$AQ3,$AX3,$BE3,$BL3,$BS3,$BZ3,$CG3,$CN3,$CU3,$DB3,$DI3,$DP3,$DW3,$ED3,$EK3,$ER3,$EY3,$FF3,$FM3,$FT3,$GA3,$GH3) -> 0
