Workbook

Sheet Instances
B1: memelingo-1/goal_mlp-tplp-ht | F1: memelingo-1/goal_mlp-tplp-htc | J1: memelingo-1/goal_mlp-tplp-htcdl | N1: min | Q1: median | T1: max
B2: time | C2: stime | D2: status | E2: rules | F2: time | G2: stime | H2: status | I2: rules | J2: time | K2: stime | L2: status | M2: rules | N2: time | O2: stime | P2: rules | Q2: time | R2: stime | S2: rules | T2: time | U2: stime | V2: rules
A3: instances/size-1 | B3: 9.29 | C3: 0.03 | D3: SATISFIABLE | E3: 376978 | F3: 6.73 | G3: 0 | H3: SATISFIABLE | I3: 2408 | J3: 6.77 | K3: 0 | L3: SATISFIABLE | M3: 2408 | N3: =MIN($B3,$F3,$J3) -> 0 | O3: =MIN($C3,$G3,$K3) -> 0 | P3: =MIN($E3,$I3,$M3) -> 0 | Q3: =MEDIAN($B3,$F3,$J3) -> 0 | R3: =MEDIAN($C3,$G3,$K3) -> 0 | S3: =MEDIAN($E3,$I3,$M3) -> 0 | T3: =MAX($B3,$F3,$J3) -> 0 | U3: =MAX($C3,$G3,$K3) -> 0 | V3: =MAX($E3,$I3,$M3) -> 0
A4: instances/size-10 | B4: 1200 | C4: 0 | D4: UNKNOWN | E4: 0 | F4: 6.96 | G4: 0.01 | H4: SATISFIABLE | I4: 2408 | J4: 7.1 | K4: 0 | L4: SATISFIABLE | M4: 2408 | N4: =MIN($B4,$F4,$J4) -> 0 | O4: =MIN($C4,$G4,$K4) -> 0 | P4: =MIN($E4,$I4,$M4) -> 0 | Q4: =MEDIAN($B4,$F4,$J4) -> 0 | R4: =MEDIAN($C4,$G4,$K4) -> 0 | S4: =MEDIAN($E4,$I4,$M4) -> 0 | T4: =MAX($B4,$F4,$J4) -> 0 | U4: =MAX($C4,$G4,$K4) -> 0 | V4: =MAX($E4,$I4,$M4) -> 0
A5: instances/size-5 | B5: 83.31 | C5: 3.25 | D5: SATISFIABLE | E5: 9527538 | F5: 6.53 | G5: 0 | H5: SATISFIABLE | I5: 2408 | J5: 6.68 | K5: 0 | L5: SATISFIABLE | M5: 2408 | N5: =MIN($B5,$F5,$J5) -> 0 | O5: =MIN($C5,$G5,$K5) -> 0 | P5: =MIN($E5,$I5,$M5) -> 0 | Q5: =MEDIAN($B5,$F5,$J5) -> 0 | R5: =MEDIAN($C5,$G5,$K5) -> 0 | S5: =MEDIAN($E5,$I5,$M5) -> 0 | T5: =MAX($B5,$F5,$J5) -> 0 | U5: =MAX($C5,$G5,$K5) -> 0 | V5: =MAX($E5,$I5,$M5) -> 0
A6: instances/size-7 | B6: 187.77 | C6: 21.53 | D6: SATISFIABLE | E6: 18694018 | F6: 7.14 | G6: 0.01 | H6: SATISFIABLE | I6: 2408 | J6: 6.65 | K6: 0 | L6: SATISFIABLE | M6: 2408 | N6: =MIN($B6,$F6,$J6) -> 0 | O6: =MIN($C6,$G6,$K6) -> 0 | P6: =MIN($E6,$I6,$M6) -> 0 | Q6: =MEDIAN($B6,$F6,$J6) -> 0 | R6: =MEDIAN($C6,$G6,$K6) -> 0 | S6: =MEDIAN($E6,$I6,$M6) -> 0 | T6: =MAX($B6,$F6,$J6) -> 0 | U6: =MAX($C6,$G6,$K6) -> 0 | V6: =MAX($E6,$I6,$M6) -> 0
A8: SUM | B8: =SUM(B$3:B$6) -> 0 | C8: =SUM(C$3:C$6) -> 0 | E8: =SUM(E$3:E$6) -> 0 | F8: =SUM(F$3:F$6) -> 0 | G8: =SUM(G$3:G$6) -> 0 | I8: =SUM(I$3:I$6) -> 0 | J8: =SUM(J$3:J$6) -> 0 | K8: =SUM(K$3:K$6) -> 0 | M8: =SUM(M$3:M$6) -> 0 | N8: =SUM(N$3:N$6) -> 0 | O8: =SUM(O$3:O$6) -> 0 | P8: =SUM(P$3:P$6) -> 0 | Q8: =SUM(Q$3:Q$6) -> 0 | R8: =SUM(R$3:R$6) -> 0 | S8: =SUM(S$3:S$6) -> 0 | T8: =SUM(T$3:T$6) -> 0 | ... V8: =SUM(V$3:V$6) -> 0
A9: AVG | B9: =AVERAGE(B$3:B$6) -> 0 | C9: =AVERAGE(C$3:C$6) -> 0 | E9: =AVERAGE(E$3:E$6) -> 0 | F9: =AVERAGE(F$3:F$6) -> 0 | G9: =AVERAGE(G$3:G$6) -> 0 | I9: =AVERAGE(I$3:I$6) -> 0 | J9: =AVERAGE(J$3:J$6) -> 0 | K9: =AVERAGE(K$3:K$6) -> 0 | M9: =AVERAGE(M$3:M$6) -> 0 | N9: =AVERAGE(N$3:N$6) -> 0 | O9: =AVERAGE(O$3:O$6) -> 0 | P9: =AVERAGE(P$3:P$6) -> 0 | Q9: =AVERAGE(Q$3:Q$6) -> 0 | R9: =AVERAGE(R$3:R$6) -> 0 | S9: =AVERAGE(S$3:S$6) -> 0 | T9: =AVERAGE(T$3:T$6) -> 0 | ... V9: =AVERAGE(V$3:V$6) -> 0
A10: DEV | B10: =STDEV(B$3:B$6) -> 0 | C10: =STDEV(C$3:C$6) -> 0 | E10: =STDEV(E$3:E$6) -> 0 | F10: =STDEV(F$3:F$6) -> 0 | G10: =STDEV(G$3:G$6) -> 0 | I10: =STDEV(I$3:I$6) -> 0 | J10: =STDEV(J$3:J$6) -> 0 | K10: =STDEV(K$3:K$6) -> 0 | M10: =STDEV(M$3:M$6) -> 0 | N10: =STDEV(N$3:N$6) -> 0 | O10: =STDEV(O$3:O$6) -> 0 | P10: =STDEV(P$3:P$6) -> 0 | Q10: =STDEV(Q$3:Q$6) -> 0 | R10: =STDEV(R$3:R$6) -> 0 | S10: =STDEV(S$3:S$6) -> 0 | T10: =STDEV(T$3:T$6) -> 0 | ... V10: =STDEV(V$3:V$6) -> 0
A11: DST | B11: =SUMPRODUCT(--(B$3:B$6-$N$3:$N$6)^2)^0.5 -> 0 | C11: =SUMPRODUCT(--(C$3:C$6-$O$3:$O$6)^2)^0.5 -> 0 | E11: =SUMPRODUCT(--(E$3:E$6-$P$3:$P$6)^2)^0.5 -> 0 | F11: =SUMPRODUCT(--(F$3:F$6-$N$3:$N$6)^2)^0.5 -> 0 | G11: =SUMPRODUCT(--(G$3:G$6-$O$3:$O$6)^2)^0.5 -> 0 | I11: =SUMPRODUCT(--(I$3:I$6-$P$3:$P$6)^2)^0.5 -> 0 | J11: =SUMPRODUCT(--(J$3:J$6-$N$3:$N$6)^2)^0.5 -> 0 | K11: =SUMPRODUCT(--(K$3:K$6-$O$3:$O$6)^2)^0.5 -> 0 | M11: =SUMPRODUCT(--(M$3:M$6-$P$3:$P$6)^2)^0.5 -> 0
A12: BEST | B12: =SUMPRODUCT(NOT(ISBLANK(B$3:B$6))*(B$3:B$6=$N$3:$N$6)) -> 0 | C12: =SUMPRODUCT(NOT(ISBLANK(C$3:C$6))*(C$3:C$6=$O$3:$O$6)) -> 0 | E12: =SUMPRODUCT(NOT(ISBLANK(E$3:E$6))*(E$3:E$6=$P$3:$P$6)) -> 0 | F12: =SUMPRODUCT(NOT(ISBLANK(F$3:F$6))*(F$3:F$6=$N$3:$N$6)) -> 0 | G12: =SUMPRODUCT(NOT(ISBLANK(G$3:G$6))*(G$3:G$6=$O$3:$O$6)) -> 0 | I12: =SUMPRODUCT(NOT(ISBLANK(I$3:I$6))*(I$3:I$6=$P$3:$P$6)) -> 0 | J12: =SUMPRODUCT(NOT(ISBLANK(J$3:J$6))*(J$3:J$6=$N$3:$N$6)) -> 0 | K12: =SUMPRODUCT(NOT(ISBLANK(K$3:K$6))*(K$3:K$6=$O$3:$O$6)) -> 0 | M12: =SUMPRODUCT(NOT(ISBLANK(M$3:M$6))*(M$3:M$6=$P$3:$P$6)) -> 0
A13: BETTER | B13: =SUMPRODUCT(NOT(ISBLANK(B$3:B$6))*(B$3:B$6<$Q$3:$Q$6)) -> 0 | C13: =SUMPRODUCT(NOT(ISBLANK(C$3:C$6))*(C$3:C$6<$R$3:$R$6)) -> 0 | E13: =SUMPRODUCT(NOT(ISBLANK(E$3:E$6))*(E$3:E$6<$S$3:$S$6)) -> 0 | F13: =SUMPRODUCT(NOT(ISBLANK(F$3:F$6))*(F$3:F$6<$Q$3:$Q$6)) -> 0 | G13: =SUMPRODUCT(NOT(ISBLANK(G$3:G$6))*(G$3:G$6<$R$3:$R$6)) -> 0 | I13: =SUMPRODUCT(NOT(ISBLANK(I$3:I$6))*(I$3:I$6<$S$3:$S$6)) -> 0 | J13: =SUMPRODUCT(NOT(ISBLANK(J$3:J$6))*(J$3:J$6<$Q$3:$Q$6)) -> 0 | K13: =SUMPRODUCT(NOT(ISBLANK(K$3:K$6))*(K$3:K$6<$R$3:$R$6)) -> 0 | M13: =SUMPRODUCT(NOT(ISBLANK(M$3:M$6))*(M$3:M$6<$S$3:$S$6)) -> 0
A14: WORSE | B14: =SUMPRODUCT((NOT(ISBLANK(B$3:B$6))*(B$3:B$6>$Q$3:$Q$6))+ISBLANK(B$3:B$6)) -> 0 | C14: =SUMPRODUCT((NOT(ISBLANK(C$3:C$6))*(C$3:C$6>$R$3:$R$6))+ISBLANK(C$3:C$6)) -> 0 | E14: =SUMPRODUCT((NOT(ISBLANK(E$3:E$6))*(E$3:E$6>$S$3:$S$6))+ISBLANK(E$3:E$6)) -> 0 | F14: =SUMPRODUCT((NOT(ISBLANK(F$3:F$6))*(F$3:F$6>$Q$3:$Q$6))+ISBLANK(F$3:F$6)) -> 0 | G14: =SUMPRODUCT((NOT(ISBLANK(G$3:G$6))*(G$3:G$6>$R$3:$R$6))+ISBLANK(G$3:G$6)) -> 0 | I14: =SUMPRODUCT((NOT(ISBLANK(I$3:I$6))*(I$3:I$6>$S$3:$S$6))+ISBLANK(I$3:I$6)) -> 0 | J14: =SUMPRODUCT((NOT(ISBLANK(J$3:J$6))*(J$3:J$6>$Q$3:$Q$6))+ISBLANK(J$3:J$6)) -> 0 | K14: =SUMPRODUCT((NOT(ISBLANK(K$3:K$6))*(K$3:K$6>$R$3:$R$6))+ISBLANK(K$3:K$6)) -> 0 | M14: =SUMPRODUCT((NOT(ISBLANK(M$3:M$6))*(M$3:M$6>$S$3:$S$6))+ISBLANK(M$3:M$6)) -> 0
A15: WORST | B15: =SUMPRODUCT((NOT(ISBLANK(B$3:B$6))*(B$3:B$6=$T$3:$T$6))+ISBLANK(B$3:B$6)) -> 0 | C15: =SUMPRODUCT((NOT(ISBLANK(C$3:C$6))*(C$3:C$6=$U$3:$U$6))+ISBLANK(C$3:C$6)) -> 0 | E15: =SUMPRODUCT((NOT(ISBLANK(E$3:E$6))*(E$3:E$6=$V$3:$V$6))+ISBLANK(E$3:E$6)) -> 0 | F15: =SUMPRODUCT((NOT(ISBLANK(F$3:F$6))*(F$3:F$6=$T$3:$T$6))+ISBLANK(F$3:F$6)) -> 0 | G15: =SUMPRODUCT((NOT(ISBLANK(G$3:G$6))*(G$3:G$6=$U$3:$U$6))+ISBLANK(G$3:G$6)) -> 0 | I15: =SUMPRODUCT((NOT(ISBLANK(I$3:I$6))*(I$3:I$6=$V$3:$V$6))+ISBLANK(I$3:I$6)) -> 0 | J15: =SUMPRODUCT((NOT(ISBLANK(J$3:J$6))*(J$3:J$6=$T$3:$T$6))+ISBLANK(J$3:J$6)) -> 0 | K15: =SUMPRODUCT((NOT(ISBLANK(K$3:K$6))*(K$3:K$6=$U$3:$U$6))+ISBLANK(K$3:K$6)) -> 0 | M15: =SUMPRODUCT((NOT(ISBLANK(M$3:M$6))*(M$3:M$6=$V$3:$V$6))+ISBLANK(M$3:M$6)) -> 0

Sheet Merged Runs
A1: Merge criteria: | B1: memelingo-1/goal_mlp-tplp-ht | F1: memelingo-1/goal_mlp-tplp-htc | J1: memelingo-1/goal_mlp-tplp-htcdl | N1: min | Q1: median | T1: max
A2: median | B2: time | C2: stime | D2: status | E2: rules | F2: time | G2: stime | H2: status | I2: rules | J2: time | K2: stime | L2: status | M2: rules | N2: time | O2: stime | P2: rules | Q2: time | R2: stime | S2: rules | T2: time | U2: stime | V2: rules
A3: instances/size-1 | B3: {=_xlfn.SWITCH($A$2,"average", AVERAGE(Instances!B3:Instances!B3),"median", MEDIAN(Instances!B3:Instances!B3),"min", MIN(Instances!B3:Instances!B3),"max", MAX(Instances!B3:Instances!B3),"diff", MAX(Instances!B3:Instances!B3)-MIN(Instances!B3:Instances!B3))} -> 0 | C3: {=_xlfn.SWITCH($A$2,"average", AVERAGE(Instances!C3:Instances!C3),"median", MEDIAN(Instances!C3:Instances!C3),"min", MIN(Instances!C3:Instances!C3),"max", MAX(Instances!C3:Instances!C3),"diff", MAX(Instances!C3:Instances!C3)-MIN(Instances!C3:Instances!C3))} -> 0 | E3: {=_xlfn.SWITCH($A$2,"average", AVERAGE(Instances!E3:Instances!E3),"median", MEDIAN(Instances!E3:Instances!E3),"min", MIN(Instances!E3:Instances!E3),"max", MAX(Instances!E3:Instances!E3),"diff", MAX(Instances!E3:Instances!E3)-MIN(Instances!E3:Instances!E3))} -> 0 | F3: {=_xlfn.SWITCH($A$2,"average", AVERAGE(Instances!F3:Instances!F3),"median", MEDIAN(Instances!F3:Instances!F3),"min", MIN(Instances!F3:Instances!F3),"max", MAX(Instances!F3:Instances!F3),"diff", MAX(Instances!F3:Instances!F3)-MIN(Instances!F3:Instances!F3))} -> 0 | G3: {=_xlfn.SWITCH($A$2,"average", AVERAGE(Instances!G3:Instances!G3),"median", MEDIAN(Instances!G3:Instances!G3),"min", MIN(Instances!G3:Instances!G3),"max", MAX(Instances!G3:Instances!G3),"diff", MAX(Instances!G3:Instances!G3)-MIN(Instances!G3:Instances!G3))} -> 0 | I3: {=_xlfn.SWITCH($A$2,"average", AVERAGE(Instances!I3:Instances!I3),"median", MEDIAN(Instances!I3:Instances!I3),"min", MIN(Instances!I3:Instances!I3),"max", MAX(Instances!I3:Instances!I3),"diff", MAX(Instances!I3:Instances!I3)-MIN(Instances!I3:Instances!I3))} -> 0 | J3: {=_xlfn.SWITCH($A$2,"average", AVERAGE(Instances!J3:Instances!J3),"median", MEDIAN(Instances!J3:Instances!J3),"min", MIN(Instances!J3:Instances!J3),"max", MAX(Instances!J3:Instances!J3),"diff", MAX(Instances!J3:Instances!J3)-MIN(Instances!J3:Instances!J3))} -> 0 | K3: {=_xlfn.SWITCH($A$2,"average", AVERAGE(Instances!K3:Instances!K3),"median", MEDIAN(Instances!K3:Instances!K3),"min", MIN(Instances!K3:Instances!K3),"max", MAX(Instances!K3:Instances!K3),"diff", MAX(Instances!K3:Instances!K3)-MIN(Instances!K3:Instances!K3))} -> 0 | M3: {=_xlfn.SWITCH($A$2,"average", AVERAGE(Instances!M3:Instances!M3),"median", MEDIAN(Instances!M3:Instances!M3),"min", MIN(Instances!M3:Instances!M3),"max", MAX(Instances!M3:Instances!M3),"diff", MAX(Instances!M3:Instances!M3)-MIN(Instances!M3:Instances!M3))} -> 0 | N3: =MIN($B3,$F3,$J3) -> 0 | O3: =MIN($C3,$G3,$K3) -> 0 | P3: =MIN($E3,$I3,$M3) -> 0 | Q3: =MEDIAN($B3,$F3,$J3) -> 0 | R3: =MEDIAN($C3,$G3,$K3) -> 0 | S3: =MEDIAN($E3,$I3,$M3) -> 0 | T3: =MAX($B3,$F3,$J3) -> 0 | U3: =MAX($C3,$G3,$K3) -> 0 | V3: =MAX($E3,$I3,$M3) -> 0
A4: instances/size-10 | B4: {=_xlfn.SWITCH($A$2,"average", AVERAGE(Instances!B4:Instances!B4),"median", MEDIAN(Instances!B4:Instances!B4),"min", MIN(Instances!B4:Instances!B4),"max", MAX(Instances!B4:Instances!B4),"diff", MAX(Instances!B4:Instances!B4)-MIN(Instances!B4:Instances!B4))} -> 0 | C4: {=_xlfn.SWITCH($A$2,"average", AVERAGE(Instances!C4:Instances!C4),"median", MEDIAN(Instances!C4:Instances!C4),"min", MIN(Instances!C4:Instances!C4),"max", MAX(Instances!C4:Instances!C4),"diff", MAX(Instances!C4:Instances!C4)-MIN(Instances!C4:Instances!C4))} -> 0 | E4: {=_xlfn.SWITCH($A$2,"average", AVERAGE(Instances!E4:Instances!E4),"median", MEDIAN(Instances!E4:Instances!E4),"min", MIN(Instances!E4:Instances!E4),"max", MAX(Instances!E4:Instances!E4),"diff", MAX(Instances!E4:Instances!E4)-MIN(Instances!E4:Instances!E4))} -> 0 | F4: {=_xlfn.SWITCH($A$2,"average", AVERAGE(Instances!F4:Instances!F4),"median", MEDIAN(Instances!F4:Instances!F4),"min", MIN(Instances!F4:Instances!F4),"max", MAX(Instances!F4:Instances!F4),"diff", MAX(Instances!F4:Instances!F4)-MIN(Instances!F4:Instances!F4))} -> 0 | G4: {=_xlfn.SWITCH($A$2,"average", AVERAGE(Instances!G4:Instances!G4),"median", MEDIAN(Instances!G4:Instances!G4),"min", MIN(Instances!G4:Instances!G4),"max", MAX(Instances!G4:Instances!G4),"diff", MAX(Instances!G4:Instances!G4)-MIN(Instances!G4:Instances!G4))} -> 0 | I4: {=_xlfn.SWITCH($A$2,"average", AVERAGE(Instances!I4:Instances!I4),"median", MEDIAN(Instances!I4:Instances!I4),"min", MIN(Instances!I4:Instances!I4),"max", MAX(Instances!I4:Instances!I4),"diff", MAX(Instances!I4:Instances!I4)-MIN(Instances!I4:Instances!I4))} -> 0 | J4: {=_xlfn.SWITCH($A$2,"average", AVERAGE(Instances!J4:Instances!J4),"median", MEDIAN(Instances!J4:Instances!J4),"min", MIN(Instances!J4:Instances!J4),"max", MAX(Instances!J4:Instances!J4),"diff", MAX(Instances!J4:Instances!J4)-MIN(Instances!J4:Instances!J4))} -> 0 | K4: {=_xlfn.SWITCH($A$2,"average", AVERAGE(Instances!K4:Instances!K4),"median", MEDIAN(Instances!K4:Instances!K4),"min", MIN(Instances!K4:Instances!K4),"max", MAX(Instances!K4:Instances!K4),"diff", MAX(Instances!K4:Instances!K4)-MIN(Instances!K4:Instances!K4))} -> 0 | M4: {=_xlfn.SWITCH($A$2,"average", AVERAGE(Instances!M4:Instances!M4),"median", MEDIAN(Instances!M4:Instances!M4),"min", MIN(Instances!M4:Instances!M4),"max", MAX(Instances!M4:Instances!M4),"diff", MAX(Instances!M4:Instances!M4)-MIN(Instances!M4:Instances!M4))} -> 0 | N4: =MIN($B4,$F4,$J4) -> 0 | O4: =MIN($C4,$G4,$K4) -> 0 | P4: =MIN($E4,$I4,$M4) -> 0 | Q4: =MEDIAN($B4,$F4,$J4) -> 0 | R4: =MEDIAN($C4,$G4,$K4) -> 0 | S4: =MEDIAN($E4,$I4,$M4) -> 0 | T4: =MAX($B4,$F4,$J4) -> 0 | U4: =MAX($C4,$G4,$K4) -> 0 | V4: =MAX($E4,$I4,$M4) -> 0
A5: instances/size-5 | B5: {=_xlfn.SWITCH($A$2,"average", AVERAGE(Instances!B5:Instances!B5),"median", MEDIAN(Instances!B5:Instances!B5),"min", MIN(Instances!B5:Instances!B5),"max", MAX(Instances!B5:Instances!B5),"diff", MAX(Instances!B5:Instances!B5)-MIN(Instances!B5:Instances!B5))} -> 0 | C5: {=_xlfn.SWITCH($A$2,"average", AVERAGE(Instances!C5:Instances!C5),"median", MEDIAN(Instances!C5:Instances!C5),"min", MIN(Instances!C5:Instances!C5),"max", MAX(Instances!C5:Instances!C5),"diff", MAX(Instances!C5:Instances!C5)-MIN(Instances!C5:Instances!C5))} -> 0 | E5: {=_xlfn.SWITCH($A$2,"average", AVERAGE(Instances!E5:Instances!E5),"median", MEDIAN(Instances!E5:Instances!E5),"min", MIN(Instances!E5:Instances!E5),"max", MAX(Instances!E5:Instances!E5),"diff", MAX(Instances!E5:Instances!E5)-MIN(Instances!E5:Instances!E5))} -> 0 | F5: {=_xlfn.SWITCH($A$2,"average", AVERAGE(Instances!F5:Instances!F5),"median", MEDIAN(Instances!F5:Instances!F5),"min", MIN(Instances!F5:Instances!F5),"max", MAX(Instances!F5:Instances!F5),"diff", MAX(Instances!F5:Instances!F5)-MIN(Instances!F5:Instances!F5))} -> 0 | G5: {=_xlfn.SWITCH($A$2,"average", AVERAGE(Instances!G5:Instances!G5),"median", MEDIAN(Instances!G5:Instances!G5),"min", MIN(Instances!G5:Instances!G5),"max", MAX(Instances!G5:Instances!G5),"diff", MAX(Instances!G5:Instances!G5)-MIN(Instances!G5:Instances!G5))} -> 0 | I5: {=_xlfn.SWITCH($A$2,"average", AVERAGE(Instances!I5:Instances!I5),"median", MEDIAN(Instances!I5:Instances!I5),"min", MIN(Instances!I5:Instances!I5),"max", MAX(Instances!I5:Instances!I5),"diff", MAX(Instances!I5:Instances!I5)-MIN(Instances!I5:Instances!I5))} -> 0 | J5: {=_xlfn.SWITCH($A$2,"average", AVERAGE(Instances!J5:Instances!J5),"median", MEDIAN(Instances!J5:Instances!J5),"min", MIN(Instances!J5:Instances!J5),"max", MAX(Instances!J5:Instances!J5),"diff", MAX(Instances!J5:Instances!J5)-MIN(Instances!J5:Instances!J5))} -> 0 | K5: {=_xlfn.SWITCH($A$2,"average", AVERAGE(Instances!K5:Instances!K5),"median", MEDIAN(Instances!K5:Instances!K5),"min", MIN(Instances!K5:Instances!K5),"max", MAX(Instances!K5:Instances!K5),"diff", MAX(Instances!K5:Instances!K5)-MIN(Instances!K5:Instances!K5))} -> 0 | M5: {=_xlfn.SWITCH($A$2,"average", AVERAGE(Instances!M5:Instances!M5),"median", MEDIAN(Instances!M5:Instances!M5),"min", MIN(Instances!M5:Instances!M5),"max", MAX(Instances!M5:Instances!M5),"diff", MAX(Instances!M5:Instances!M5)-MIN(Instances!M5:Instances!M5))} -> 0 | N5: =MIN($B5,$F5,$J5) -> 0 | O5: =MIN($C5,$G5,$K5) -> 0 | P5: =MIN($E5,$I5,$M5) -> 0 | Q5: =MEDIAN($B5,$F5,$J5) -> 0 | R5: =MEDIAN($C5,$G5,$K5) -> 0 | S5: =MEDIAN($E5,$I5,$M5) -> 0 | T5: =MAX($B5,$F5,$J5) -> 0 | U5: =MAX($C5,$G5,$K5) -> 0 | V5: =MAX($E5,$I5,$M5) -> 0
A6: instances/size-7 | B6: {=_xlfn.SWITCH($A$2,"average", AVERAGE(Instances!B6:Instances!B6),"median", MEDIAN(Instances!B6:Instances!B6),"min", MIN(Instances!B6:Instances!B6),"max", MAX(Instances!B6:Instances!B6),"diff", MAX(Instances!B6:Instances!B6)-MIN(Instances!B6:Instances!B6))} -> 0 | C6: {=_xlfn.SWITCH($A$2,"average", AVERAGE(Instances!C6:Instances!C6),"median", MEDIAN(Instances!C6:Instances!C6),"min", MIN(Instances!C6:Instances!C6),"max", MAX(Instances!C6:Instances!C6),"diff", MAX(Instances!C6:Instances!C6)-MIN(Instances!C6:Instances!C6))} -> 0 | E6: {=_xlfn.SWITCH($A$2,"average", AVERAGE(Instances!E6:Instances!E6),"median", MEDIAN(Instances!E6:Instances!E6),"min", MIN(Instances!E6:Instances!E6),"max", MAX(Instances!E6:Instances!E6),"diff", MAX(Instances!E6:Instances!E6)-MIN(Instances!E6:Instances!E6))} -> 0 | F6: {=_xlfn.SWITCH($A$2,"average", AVERAGE(Instances!F6:Instances!F6),"median", MEDIAN(Instances!F6:Instances!F6),"min", MIN(Instances!F6:Instances!F6),"max", MAX(Instances!F6:Instances!F6),"diff", MAX(Instances!F6:Instances!F6)-MIN(Instances!F6:Instances!F6))} -> 0 | G6: {=_xlfn.SWITCH($A$2,"average", AVERAGE(Instances!G6:Instances!G6),"median", MEDIAN(Instances!G6:Instances!G6),"min", MIN(Instances!G6:Instances!G6),"max", MAX(Instances!G6:Instances!G6),"diff", MAX(Instances!G6:Instances!G6)-MIN(Instances!G6:Instances!G6))} -> 0 | I6: {=_xlfn.SWITCH($A$2,"average", AVERAGE(Instances!I6:Instances!I6),"median", MEDIAN(Instances!I6:Instances!I6),"min", MIN(Instances!I6:Instances!I6),"max", MAX(Instances!I6:Instances!I6),"diff", MAX(Instances!I6:Instances!I6)-MIN(Instances!I6:Instances!I6))} -> 0 | J6: {=_xlfn.SWITCH($A$2,"average", AVERAGE(Instances!J6:Instances!J6),"median", MEDIAN(Instances!J6:Instances!J6),"min", MIN(Instances!J6:Instances!J6),"max", MAX(Instances!J6:Instances!J6),"diff", MAX(Instances!J6:Instances!J6)-MIN(Instances!J6:Instances!J6))} -> 0 | K6: {=_xlfn.SWITCH($A$2,"average", AVERAGE(Instances!K6:Instances!K6),"median", MEDIAN(Instances!K6:Instances!K6),"min", MIN(Instances!K6:Instances!K6),"max", MAX(Instances!K6:Instances!K6),"diff", MAX(Instances!K6:Instances!K6)-MIN(Instances!K6:Instances!K6))} -> 0 | M6: {=_xlfn.SWITCH($A$2,"average", AVERAGE(Instances!M6:Instances!M6),"median", MEDIAN(Instances!M6:Instances!M6),"min", MIN(Instances!M6:Instances!M6),"max", MAX(Instances!M6:Instances!M6),"diff", MAX(Instances!M6:Instances!M6)-MIN(Instances!M6:Instances!M6))} -> 0 | N6: =MIN($B6,$F6,$J6) -> 0 | O6: =MIN($C6,$G6,$K6) -> 0 | P6: =MIN($E6,$I6,$M6) -> 0 | Q6: =MEDIAN($B6,$F6,$J6) -> 0 | R6: =MEDIAN($C6,$G6,$K6) -> 0 | S6: =MEDIAN($E6,$I6,$M6) -> 0 | T6: =MAX($B6,$F6,$J6) -> 0 | U6: =MAX($C6,$G6,$K6) -> 0 | V6: =MAX($E6,$I6,$M6) -> 0
A8: SUM | B8: =SUM(B$3:B$6) -> 0 | C8: =SUM(C$3:C$6) -> 0 | E8: =SUM(E$3:E$6) -> 0 | F8: =SUM(F$3:F$6) -> 0 | G8: =SUM(G$3:G$6) -> 0 | I8: =SUM(I$3:I$6) -> 0 | J8: =SUM(J$3:J$6) -> 0 | K8: =SUM(K$3:K$6) -> 0 | M8: =SUM(M$3:M$6) -> 0 | N8: =SUM(N$3:N$6) -> 0 | O8: =SUM(O$3:O$6) -> 0 | P8: =SUM(P$3:P$6) -> 0 | Q8: =SUM(Q$3:Q$6) -> 0 | R8: =SUM(R$3:R$6) -> 0 | S8: =SUM(S$3:S$6) -> 0 | T8: =SUM(T$3:T$6) -> 0 | ... V8: =SUM(V$3:V$6) -> 0
A9: AVG | B9: =AVERAGE(B$3:B$6) -> 0 | C9: =AVERAGE(C$3:C$6) -> 0 | E9: =AVERAGE(E$3:E$6) -> 0 | F9: =AVERAGE(F$3:F$6) -> 0 | G9: =AVERAGE(G$3:G$6) -> 0 | I9: =AVERAGE(I$3:I$6) -> 0 | J9: =AVERAGE(J$3:J$6) -> 0 | K9: =AVERAGE(K$3:K$6) -> 0 | M9: =AVERAGE(M$3:M$6) -> 0 | N9: =AVERAGE(N$3:N$6) -> 0 | O9: =AVERAGE(O$3:O$6) -> 0 | P9: =AVERAGE(P$3:P$6) -> 0 | Q9: =AVERAGE(Q$3:Q$6) -> 0 | R9: =AVERAGE(R$3:R$6) -> 0 | S9: =AVERAGE(S$3:S$6) -> 0 | T9: =AVERAGE(T$3:T$6) -> 0 | ... V9: =AVERAGE(V$3:V$6) -> 0
A10: DEV | B10: =STDEV(B$3:B$6) -> 0 | C10: =STDEV(C$3:C$6) -> 0 | E10: =STDEV(E$3:E$6) -> 0 | F10: =STDEV(F$3:F$6) -> 0 | G10: =STDEV(G$3:G$6) -> 0 | I10: =STDEV(I$3:I$6) -> 0 | J10: =STDEV(J$3:J$6) -> 0 | K10: =STDEV(K$3:K$6) -> 0 | M10: =STDEV(M$3:M$6) -> 0 | N10: =STDEV(N$3:N$6) -> 0 | O10: =STDEV(O$3:O$6) -> 0 | P10: =STDEV(P$3:P$6) -> 0 | Q10: =STDEV(Q$3:Q$6) -> 0 | R10: =STDEV(R$3:R$6) -> 0 | S10: =STDEV(S$3:S$6) -> 0 | T10: =STDEV(T$3:T$6) -> 0 | ... V10: =STDEV(V$3:V$6) -> 0
A11: DST | B11: =SUMPRODUCT(--(B$3:B$6-$N$3:$N$6)^2)^0.5 -> 0 | C11: =SUMPRODUCT(--(C$3:C$6-$O$3:$O$6)^2)^0.5 -> 0 | E11: =SUMPRODUCT(--(E$3:E$6-$P$3:$P$6)^2)^0.5 -> 0 | F11: =SUMPRODUCT(--(F$3:F$6-$N$3:$N$6)^2)^0.5 -> 0 | G11: =SUMPRODUCT(--(G$3:G$6-$O$3:$O$6)^2)^0.5 -> 0 | I11: =SUMPRODUCT(--(I$3:I$6-$P$3:$P$6)^2)^0.5 -> 0 | J11: =SUMPRODUCT(--(J$3:J$6-$N$3:$N$6)^2)^0.5 -> 0 | K11: =SUMPRODUCT(--(K$3:K$6-$O$3:$O$6)^2)^0.5 -> 0 | M11: =SUMPRODUCT(--(M$3:M$6-$P$3:$P$6)^2)^0.5 -> 0
A12: BEST | B12: =SUMPRODUCT(NOT(ISBLANK(B$3:B$6))*(B$3:B$6=$N$3:$N$6)) -> 0 | C12: =SUMPRODUCT(NOT(ISBLANK(C$3:C$6))*(C$3:C$6=$O$3:$O$6)) -> 0 | E12: =SUMPRODUCT(NOT(ISBLANK(E$3:E$6))*(E$3:E$6=$P$3:$P$6)) -> 0 | F12: =SUMPRODUCT(NOT(ISBLANK(F$3:F$6))*(F$3:F$6=$N$3:$N$6)) -> 0 | G12: =SUMPRODUCT(NOT(ISBLANK(G$3:G$6))*(G$3:G$6=$O$3:$O$6)) -> 0 | I12: =SUMPRODUCT(NOT(ISBLANK(I$3:I$6))*(I$3:I$6=$P$3:$P$6)) -> 0 | J12: =SUMPRODUCT(NOT(ISBLANK(J$3:J$6))*(J$3:J$6=$N$3:$N$6)) -> 0 | K12: =SUMPRODUCT(NOT(ISBLANK(K$3:K$6))*(K$3:K$6=$O$3:$O$6)) -> 0 | M12: =SUMPRODUCT(NOT(ISBLANK(M$3:M$6))*(M$3:M$6=$P$3:$P$6)) -> 0
A13: BETTER | B13: =SUMPRODUCT(NOT(ISBLANK(B$3:B$6))*(B$3:B$6<$Q$3:$Q$6)) -> 0 | C13: =SUMPRODUCT(NOT(ISBLANK(C$3:C$6))*(C$3:C$6<$R$3:$R$6)) -> 0 | E13: =SUMPRODUCT(NOT(ISBLANK(E$3:E$6))*(E$3:E$6<$S$3:$S$6)) -> 0 | F13: =SUMPRODUCT(NOT(ISBLANK(F$3:F$6))*(F$3:F$6<$Q$3:$Q$6)) -> 0 | G13: =SUMPRODUCT(NOT(ISBLANK(G$3:G$6))*(G$3:G$6<$R$3:$R$6)) -> 0 | I13: =SUMPRODUCT(NOT(ISBLANK(I$3:I$6))*(I$3:I$6<$S$3:$S$6)) -> 0 | J13: =SUMPRODUCT(NOT(ISBLANK(J$3:J$6))*(J$3:J$6<$Q$3:$Q$6)) -> 0 | K13: =SUMPRODUCT(NOT(ISBLANK(K$3:K$6))*(K$3:K$6<$R$3:$R$6)) -> 0 | M13: =SUMPRODUCT(NOT(ISBLANK(M$3:M$6))*(M$3:M$6<$S$3:$S$6)) -> 0
A14: WORSE | B14: =SUMPRODUCT((NOT(ISBLANK(B$3:B$6))*(B$3:B$6>$Q$3:$Q$6))+ISBLANK(B$3:B$6)) -> 0 | C14: =SUMPRODUCT((NOT(ISBLANK(C$3:C$6))*(C$3:C$6>$R$3:$R$6))+ISBLANK(C$3:C$6)) -> 0 | E14: =SUMPRODUCT((NOT(ISBLANK(E$3:E$6))*(E$3:E$6>$S$3:$S$6))+ISBLANK(E$3:E$6)) -> 0 | F14: =SUMPRODUCT((NOT(ISBLANK(F$3:F$6))*(F$3:F$6>$Q$3:$Q$6))+ISBLANK(F$3:F$6)) -> 0 | G14: =SUMPRODUCT((NOT(ISBLANK(G$3:G$6))*(G$3:G$6>$R$3:$R$6))+ISBLANK(G$3:G$6)) -> 0 | I14: =SUMPRODUCT((NOT(ISBLANK(I$3:I$6))*(I$3:I$6>$S$3:$S$6))+ISBLANK(I$3:I$6)) -> 0 | J14: =SUMPRODUCT((NOT(ISBLANK(J$3:J$6))*(J$3:J$6>$Q$3:$Q$6))+ISBLANK(J$3:J$6)) -> 0 | K14: =SUMPRODUCT((NOT(ISBLANK(K$3:K$6))*(K$3:K$6>$R$3:$R$6))+ISBLANK(K$3:K$6)) -> 0 | M14: =SUMPRODUCT((NOT(ISBLANK(M$3:M$6))*(M$3:M$6>$S$3:$S$6))+ISBLANK(M$3:M$6)) -> 0
A15: WORST | B15: =SUMPRODUCT((NOT(ISBLANK(B$3:B$6))*(B$3:B$6=$T$3:$T$6))+ISBLANK(B$3:B$6)) -> 0 | C15: =SUMPRODUCT((NOT(ISBLANK(C$3:C$6))*(C$3:C$6=$U$3:$U$6))+ISBLANK(C$3:C$6)) -> 0 | E15: =SUMPRODUCT((NOT(ISBLANK(E$3:E$6))*(E$3:E$6=$V$3:$V$6))+ISBLANK(E$3:E$6)) -> 0 | F15: =SUMPRODUCT((NOT(ISBLANK(F$3:F$6))*(F$3:F$6=$T$3:$T$6))+ISBLANK(F$3:F$6)) -> 0 | G15: =SUMPRODUCT((NOT(ISBLANK(G$3:G$6))*(G$3:G$6=$U$3:$U$6))+ISBLANK(G$3:G$6)) -> 0 | I15: =SUMPRODUCT((NOT(ISBLANK(I$3:I$6))*(I$3:I$6=$V$3:$V$6))+ISBLANK(I$3:I$6)) -> 0 | J15: =SUMPRODUCT((NOT(ISBLANK(J$3:J$6))*(J$3:J$6=$T$3:$T$6))+ISBLANK(J$3:J$6)) -> 0 | K15: =SUMPRODUCT((NOT(ISBLANK(K$3:K$6))*(K$3:K$6=$U$3:$U$6))+ISBLANK(K$3:K$6)) -> 0 | M15: =SUMPRODUCT((NOT(ISBLANK(M$3:M$6))*(M$3:M$6=$V$3:$V$6))+ISBLANK(M$3:M$6)) -> 0

Sheet Classes
B1: memelingo-1/goal_mlp-tplp-ht | F1: memelingo-1/goal_mlp-tplp-htc | J1: memelingo-1/goal_mlp-tplp-htcdl | N1: min | Q1: median | T1: max
B2: time | C2: stime | D2: status | E2: rules | F2: time | G2: stime | H2: status | I2: rules | J2: time | K2: stime | L2: status | M2: rules | N2: time | O2: stime | P2: rules | Q2: time | R2: stime | S2: rules | T2: time | U2: stime | V2: rules
A3: instances | B3: =AVERAGE(Instances!B3:Instances!B6) -> 0 | C3: =AVERAGE(Instances!C3:Instances!C6) -> 0 | E3: =AVERAGE(Instances!E3:Instances!E6) -> 0 | F3: =AVERAGE(Instances!F3:Instances!F6) -> 0 | G3: =AVERAGE(Instances!G3:Instances!G6) -> 0 | I3: =AVERAGE(Instances!I3:Instances!I6) -> 0 | J3: =AVERAGE(Instances!J3:Instances!J6) -> 0 | K3: =AVERAGE(Instances!K3:Instances!K6) -> 0 | M3: =AVERAGE(Instances!M3:Instances!M6) -> 0 | N3: =MIN($B3,$F3,$J3) -> 0 | O3: =MIN($C3,$G3,$K3) -> 0 | P3: =MIN($E3,$I3,$M3) -> 0 | Q3: =MEDIAN($B3,$F3,$J3) -> 0 | R3: =MEDIAN($C3,$G3,$K3) -> 0 | S3: =MEDIAN($E3,$I3,$M3) -> 0 | T3: =MAX($B3,$F3,$J3) -> 0 | U3: =MAX($C3,$G3,$K3) -> 0 | V3: =MAX($E3,$I3,$M3) -> 0
A5: SUM | B5: =SUM(B$3:B$3) -> 0 | C5: =SUM(C$3:C$3) -> 0 | E5: =SUM(E$3:E$3) -> 0 | F5: =SUM(F$3:F$3) -> 0 | G5: =SUM(G$3:G$3) -> 0 | I5: =SUM(I$3:I$3) -> 0 | J5: =SUM(J$3:J$3) -> 0 | K5: =SUM(K$3:K$3) -> 0 | M5: =SUM(M$3:M$3) -> 0 | N5: =SUM(N$3:N$3) -> 0 | O5: =SUM(O$3:O$3) -> 0 | P5: =SUM(P$3:P$3) -> 0 | Q5: =SUM(Q$3:Q$3) -> 0 | R5: =SUM(R$3:R$3) -> 0 | S5: =SUM(S$3:S$3) -> 0 | T5: =SUM(T$3:T$3) -> 0 | ... V5: =SUM(V$3:V$3) -> 0
A6: AVG | B6: =AVERAGE(B$3:B$3) -> 0 | C6: =AVERAGE(C$3:C$3) -> 0 | E6: =AVERAGE(E$3:E$3) -> 0 | F6: =AVERAGE(F$3:F$3) -> 0 | G6: =AVERAGE(G$3:G$3) -> 0 | I6: =AVERAGE(I$3:I$3) -> 0 | J6: =AVERAGE(J$3:J$3) -> 0 | K6: =AVERAGE(K$3:K$3) -> 0 | M6: =AVERAGE(M$3:M$3) -> 0 | N6: =AVERAGE(N$3:N$3) -> 0 | O6: =AVERAGE(O$3:O$3) -> 0 | P6: =AVERAGE(P$3:P$3) -> 0 | Q6: =AVERAGE(Q$3:Q$3) -> 0 | R6: =AVERAGE(R$3:R$3) -> 0 | S6: =AVERAGE(S$3:S$3) -> 0 | T6: =AVERAGE(T$3:T$3) -> 0 | ... V6: =AVERAGE(V$3:V$3) -> 0
A7: DEV | B7: =STDEV(B$3:B$3) -> 0 | C7: =STDEV(C$3:C$3) -> 0 | E7: =STDEV(E$3:E$3) -> 0 | F7: =STDEV(F$3:F$3) -> 0 | G7: =STDEV(G$3:G$3) -> 0 | I7: =STDEV(I$3:I$3) -> 0 | J7: =STDEV(J$3:J$3) -> 0 | K7: =STDEV(K$3:K$3) -> 0 | M7: =STDEV(M$3:M$3) -> 0 | N7: =STDEV(N$3:N$3) -> 0 | O7: =STDEV(O$3:O$3) -> 0 | P7: =STDEV(P$3:P$3) -> 0 | Q7: =STDEV(Q$3:Q$3) -> 0 | R7: =STDEV(R$3:R$3) -> 0 | S7: =STDEV(S$3:S$3) -> 0 | T7: =STDEV(T$3:T$3) -> 0 | ... V7: =STDEV(V$3:V$3) -> 0
A8: DST | B8: =SUMPRODUCT(--(B$3:B$3-$N$3:$N$3)^2)^0.5 -> 0 | C8: =SUMPRODUCT(--(C$3:C$3-$O$3:$O$3)^2)^0.5 -> 0 | E8: =SUMPRODUCT(--(E$3:E$3-$P$3:$P$3)^2)^0.5 -> 0 | F8: =SUMPRODUCT(--(F$3:F$3-$N$3:$N$3)^2)^0.5 -> 0 | G8: =SUMPRODUCT(--(G$3:G$3-$O$3:$O$3)^2)^0.5 -> 0 | I8: =SUMPRODUCT(--(I$3:I$3-$P$3:$P$3)^2)^0.5 -> 0 | J8: =SUMPRODUCT(--(J$3:J$3-$N$3:$N$3)^2)^0.5 -> 0 | K8: =SUMPRODUCT(--(K$3:K$3-$O$3:$O$3)^2)^0.5 -> 0 | M8: =SUMPRODUCT(--(M$3:M$3-$P$3:$P$3)^2)^0.5 -> 0
A9: BEST | B9: =SUMPRODUCT(NOT(ISBLANK(B$3:B$3))*(B$3:B$3=$N$3:$N$3)) -> 0 | C9: =SUMPRODUCT(NOT(ISBLANK(C$3:C$3))*(C$3:C$3=$O$3:$O$3)) -> 0 | E9: =SUMPRODUCT(NOT(ISBLANK(E$3:E$3))*(E$3:E$3=$P$3:$P$3)) -> 0 | F9: =SUMPRODUCT(NOT(ISBLANK(F$3:F$3))*(F$3:F$3=$N$3:$N$3)) -> 0 | G9: =SUMPRODUCT(NOT(ISBLANK(G$3:G$3))*(G$3:G$3=$O$3:$O$3)) -> 0 | I9: =SUMPRODUCT(NOT(ISBLANK(I$3:I$3))*(I$3:I$3=$P$3:$P$3)) -> 0 | J9: =SUMPRODUCT(NOT(ISBLANK(J$3:J$3))*(J$3:J$3=$N$3:$N$3)) -> 0 | K9: =SUMPRODUCT(NOT(ISBLANK(K$3:K$3))*(K$3:K$3=$O$3:$O$3)) -> 0 | M9: =SUMPRODUCT(NOT(ISBLANK(M$3:M$3))*(M$3:M$3=$P$3:$P$3)) -> 0
A10: BETTER | B10: =SUMPRODUCT(NOT(ISBLANK(B$3:B$3))*(B$3:B$3<$Q$3:$Q$3)) -> 0 | C10: =SUMPRODUCT(NOT(ISBLANK(C$3:C$3))*(C$3:C$3<$R$3:$R$3)) -> 0 | E10: =SUMPRODUCT(NOT(ISBLANK(E$3:E$3))*(E$3:E$3<$S$3:$S$3)) -> 0 | F10: =SUMPRODUCT(NOT(ISBLANK(F$3:F$3))*(F$3:F$3<$Q$3:$Q$3)) -> 0 | G10: =SUMPRODUCT(NOT(ISBLANK(G$3:G$3))*(G$3:G$3<$R$3:$R$3)) -> 0 | I10: =SUMPRODUCT(NOT(ISBLANK(I$3:I$3))*(I$3:I$3<$S$3:$S$3)) -> 0 | J10: =SUMPRODUCT(NOT(ISBLANK(J$3:J$3))*(J$3:J$3<$Q$3:$Q$3)) -> 0 | K10: =SUMPRODUCT(NOT(ISBLANK(K$3:K$3))*(K$3:K$3<$R$3:$R$3)) -> 0 | M10: =SUMPRODUCT(NOT(ISBLANK(M$3:M$3))*(M$3:M$3<$S$3:$S$3)) -> 0
A11: WORSE | B11: =SUMPRODUCT((NOT(ISBLANK(B$3:B$3))*(B$3:B$3>$Q$3:$Q$3))+ISBLANK(B$3:B$3)) -> 0 | C11: =SUMPRODUCT((NOT(ISBLANK(C$3:C$3))*(C$3:C$3>$R$3:$R$3))+ISBLANK(C$3:C$3)) -> 0 | E11: =SUMPRODUCT((NOT(ISBLANK(E$3:E$3))*(E$3:E$3>$S$3:$S$3))+ISBLANK(E$3:E$3)) -> 0 | F11: =SUMPRODUCT((NOT(ISBLANK(F$3:F$3))*(F$3:F$3>$Q$3:$Q$3))+ISBLANK(F$3:F$3)) -> 0 | G11: =SUMPRODUCT((NOT(ISBLANK(G$3:G$3))*(G$3:G$3>$R$3:$R$3))+ISBLANK(G$3:G$3)) -> 0 | I11: =SUMPRODUCT((NOT(ISBLANK(I$3:I$3))*(I$3:I$3>$S$3:$S$3))+ISBLANK(I$3:I$3)) -> 0 | J11: =SUMPRODUCT((NOT(ISBLANK(J$3:J$3))*(J$3:J$3>$Q$3:$Q$3))+ISBLANK(J$3:J$3)) -> 0 | K11: =SUMPRODUCT((NOT(ISBLANK(K$3:K$3))*(K$3:K$3>$R$3:$R$3))+ISBLANK(K$3:K$3)) -> 0 | M11: =SUMPRODUCT((NOT(ISBLANK(M$3:M$3))*(M$3:M$3>$S$3:$S$3))+ISBLANK(M$3:M$3)) -> 0
A12: WORST | B12: =SUMPRODUCT((NOT(ISBLANK(B$3:B$3))*(B$3:B$3=$T$3:$T$3))+ISBLANK(B$3:B$3)) -> 0 | C12: =SUMPRODUCT((NOT(ISBLANK(C$3:C$3))*(C$3:C$3=$U$3:$U$3))+ISBLANK(C$3:C$3)) -> 0 | E12: =SUMPRODUCT((NOT(ISBLANK(E$3:E$3))*(E$3:E$3=$V$3:$V$3))+ISBLANK(E$3:E$3)) -> 0 | F12: =SUMPRODUCT((NOT(ISBLANK(F$3:F$3))*(F$3:F$3=$T$3:$T$3))+ISBLANK(F$3:F$3)) -> 0 | G12: =SUMPRODUCT((NOT(ISBLANK(G$3:G$3))*(G$3:G$3=$U$3:$U$3))+ISBLANK(G$3:G$3)) -> 0 | I12: =SUMPRODUCT((NOT(ISBLANK(I$3:I$3))*(I$3:I$3=$V$3:$V$3))+ISBLANK(I$3:I$3)) -> 0 | J12: =SUMPRODUCT((NOT(ISBLANK(J$3:J$3))*(J$3:J$3=$T$3:$T$3))+ISBLANK(J$3:J$3)) -> 0 | K12: =SUMPRODUCT((NOT(ISBLANK(K$3:K$3))*(K$3:K$3=$U$3:$U$3))+ISBLANK(K$3:K$3)) -> 0 | M12: =SUMPRODUCT((NOT(ISBLANK(M$3:M$3))*(M$3:M$3=$V$3:$V$3))+ISBLANK(M$3:M$3)) -> 0
