Workbook

Sheet Instances
B1: memelingo-1/all-opts_mlp-tplp-ht_15_100 | I1: memelingo-1/all-opts_mlp-tplp-ht_15_150 | P1: memelingo-1/all-opts_mlp-tplp-ht_15_30 | W1: memelingo-1/all-opts_mlp-tplp-ht_15_50 | AD1: memelingo-1/all-opts_mlp-tplp-ht_20_100 | AK1: memelingo-1/all-opts_mlp-tplp-ht_20_150 | AR1: memelingo-1/all-opts_mlp-tplp-ht_20_30 | AY1: memelingo-1/all-opts_mlp-tplp-ht_20_50 | BF1: memelingo-1/all-opts_mlp-tplp-ht_25_100 | BM1: memelingo-1/all-opts_mlp-tplp-ht_25_150 | BT1: memelingo-1/all-opts_mlp-tplp-ht_25_30 | CA1: memelingo-1/all-opts_mlp-tplp-ht_25_50 | CH1: memelingo-1/all-opts_mlp-tplp-ht_30_100 | CO1: memelingo-1/all-opts_mlp-tplp-ht_30_150 | CV1: memelingo-1/all-opts_mlp-tplp-ht_30_30 | DC1: memelingo-1/all-opts_mlp-tplp-ht_30_50 | DJ1: memelingo-1/all-opts_mlp-tplp-ht_35_100 | DQ1: memelingo-1/all-opts_mlp-tplp-ht_35_150 | DX1: memelingo-1/all-opts_mlp-tplp-ht_35_30 | EE1: memelingo-1/all-opts_mlp-tplp-ht_35_50 | EL1: memelingo-1/all-opts_mlp-tplp-ht_40_100 | ES1: memelingo-1/all-opts_mlp-tplp-ht_40_150 | EZ1: memelingo-1/all-opts_mlp-tplp-ht_40_30 | FG1: memelingo-1/all-opts_mlp-tplp-ht_40_50 | FN1: memelingo-1/all-opts_mlp-tplp-ht_45_100 | FU1: memelingo-1/all-opts_mlp-tplp-ht_45_150 | GB1: memelingo-1/all-opts_mlp-tplp-ht_45_30 | GI1: memelingo-1/all-opts_mlp-tplp-ht_45_50 | GP1: memelingo-1/all-opts_mlp-tplp-htc_15_100 | GW1: memelingo-1/all-opts_mlp-tplp-htc_15_150 | HD1: memelingo-1/all-opts_mlp-tplp-htc_15_30 | HK1: memelingo-1/all-opts_mlp-tplp-htc_15_50 | HR1: memelingo-1/all-opts_mlp-tplp-htc_20_100 | HY1: memelingo-1/all-opts_mlp-tplp-htc_20_150 | IF1: memelingo-1/all-opts_mlp-tplp-htc_20_30 | IM1: memelingo-1/all-opts_mlp-tplp-htc_20_50 | IT1: memelingo-1/all-opts_mlp-tplp-htc_25_100 | JA1: memelingo-1/all-opts_mlp-tplp-htc_25_150 | JH1: memelingo-1/all-opts_mlp-tplp-htc_25_30 | JO1: memelingo-1/all-opts_mlp-tplp-htc_25_50 | JV1: memelingo-1/all-opts_mlp-tplp-htc_30_100 | KC1: memelingo-1/all-opts_mlp-tplp-htc_30_150 | KJ1: memelingo-1/all-opts_mlp-tplp-htc_30_30 | KQ1: memelingo-1/all-opts_mlp-tplp-htc_30_50 | KX1: memelingo-1/all-opts_mlp-tplp-htc_35_100 | LE1: memelingo-1/all-opts_mlp-tplp-htc_35_150 | LL1: memelingo-1/all-opts_mlp-tplp-htc_35_30 | LS1: memelingo-1/all-opts_mlp-tplp-htc_35_50 | LZ1: memelingo-1/all-opts_mlp-tplp-htc_40_100 | MG1: memelingo-1/all-opts_mlp-tplp-htc_40_150 | MN1: memelingo-1/all-opts_mlp-tplp-htc_40_30 | MU1: memelingo-1/all-opts_mlp-tplp-htc_40_50 | NB1: memelingo-1/all-opts_mlp-tplp-htc_45_100 | NI1: memelingo-1/all-opts_mlp-tplp-htc_45_150 | NP1: memelingo-1/all-opts_mlp-tplp-htc_45_30 | NW1: memelingo-1/all-opts_mlp-tplp-htc_45_50 | OD1: memelingo-1/all-opts_mlp-tplp-htcdl_15_100 | OK1: memelingo-1/all-opts_mlp-tplp-htcdl_15_150 | OR1: memelingo-1/all-opts_mlp-tplp-htcdl_15_30 | OY1: memelingo-1/all-opts_mlp-tplp-htcdl_15_50 | PF1: memelingo-1/all-opts_mlp-tplp-htcdl_20_100 | PM1: memelingo-1/all-opts_mlp-tplp-htcdl_20_150 | PT1: memelingo-1/all-opts_mlp-tplp-htcdl_20_30 | QA1: memelingo-1/all-opts_mlp-tplp-htcdl_20_50 | QH1: memelingo-1/all-opts_mlp-tplp-htcdl_25_100 | QO1: memelingo-1/all-opts_mlp-tplp-htcdl_25_150 | QV1: memelingo-1/all-opts_mlp-tplp-htcdl_25_30 | RC1: memelingo-1/all-opts_mlp-tplp-htcdl_25_50 | RJ1: memelingo-1/all-opts_mlp-tplp-htcdl_30_100 | RQ1: memelingo-1/all-opts_mlp-tplp-htcdl_30_150 | RX1: memelingo-1/all-opts_mlp-tplp-htcdl_30_30 | SE1: memelingo-1/all-opts_mlp-tplp-htcdl_30_50 | SL1: memelingo-1/all-opts_mlp-tplp-htcdl_35_100 | SS1: memelingo-1/all-opts_mlp-tplp-htcdl_35_150 | SZ1: memelingo-1/all-opts_mlp-tplp-htcdl_35_30 | TG1: memelingo-1/all-opts_mlp-tplp-htcdl_35_50 | TN1: memelingo-1/all-opts_mlp-tplp-htcdl_40_100 | TU1: memelingo-1/all-opts_mlp-tplp-htcdl_40_150 | UB1: memelingo-1/all-opts_mlp-tplp-htcdl_40_30 | UI1: memelingo-1/all-opts_mlp-tplp-htcdl_40_50 | UP1: memelingo-1/all-opts_mlp-tplp-htcdl_45_100 | UW1: memelingo-1/all-opts_mlp-tplp-htcdl_45_150 | VD1: memelingo-1/all-opts_mlp-tplp-htcdl_45_30 | VK1: memelingo-1/all-opts_mlp-tplp-htcdl_45_50 | VR1: min | VX1: median | WD1: max
B2: time | C2: stime | D2: status | E2: rules | F2: ctime | G2: fmtime | H2: memout | I2: time | J2: stime | K2: status | L2: rules | M2: ctime | N2: fmtime | O2: memout | P2: time | Q2: stime | R2: status | S2: rules | T2: ctime | U2: fmtime | V2: memout | W2: time | X2: stime | Y2: status | Z2: rules | AA2: ctime | AB2: fmtime | AC2: memout | AD2: time | AE2: stime | AF2: status | AG2: rules | AH2: ctime | AI2: fmtime | AJ2: memout | AK2: time | AL2: stime | AM2: status | AN2: rules | AO2: ctime | AP2: fmtime | AQ2: memout | AR2: time | AS2: stime | AT2: status | AU2: rules | AV2: ctime | AW2: fmtime | AX2: memout | AY2: time | AZ2: stime | BA2: status | BB2: rules | BC2: ctime | BD2: fmtime | BE2: memout | BF2: time | BG2: stime | BH2: status | BI2: rules | BJ2: ctime | BK2: fmtime | BL2: memout | BM2: time | BN2: stime | BO2: status | BP2: rules | BQ2: ctime | BR2: fmtime | BS2: memout | BT2: time | BU2: stime | BV2: status | BW2: rules | BX2: ctime | BY2: fmtime | BZ2: memout | CA2: time | CB2: stime | CC2: status | CD2: rules | CE2: ctime | CF2: fmtime | CG2: memout | CH2: time | CI2: stime | CJ2: status | CK2: rules | CL2: ctime | CM2: fmtime | CN2: memout | CO2: time | CP2: stime | CQ2: status | CR2: rules | CS2: ctime | CT2: fmtime | CU2: memout | CV2: time | CW2: stime | CX2: status | CY2: rules | CZ2: ctime | DA2: fmtime | DB2: memout | DC2: time | DD2: stime | DE2: status | DF2: rules | DG2: ctime | DH2: fmtime | DI2: memout | DJ2: time | DK2: stime | DL2: status | DM2: rules | DN2: ctime | DO2: fmtime | DP2: memout | DQ2: time | DR2: stime | DS2: status | DT2: rules | DU2: ctime | DV2: fmtime | DW2: memout | DX2: time | DY2: stime | DZ2: status | EA2: rules | EB2: ctime | EC2: fmtime | ED2: memout | EE2: time | EF2: stime | EG2: status | EH2: rules | EI2: ctime | EJ2: fmtime | EK2: memout | EL2: time | EM2: stime | EN2: status | EO2: rules | EP2: ctime | EQ2: fmtime | ER2: memout | ES2: time | ET2: stime | EU2: status | EV2: rules | EW2: ctime | EX2: fmtime | EY2: memout | EZ2: time | FA2: stime | FB2: status | FC2: rules | FD2: ctime | FE2: fmtime | FF2: memout | FG2: time | FH2: stime | FI2: status | FJ2: rules | FK2: ctime | FL2: fmtime | FM2: memout | FN2: time | FO2: stime | FP2: status | FQ2: rules | FR2: ctime | FS2: fmtime | FT2: memout | FU2: time | FV2: stime | FW2: status | FX2: rules | FY2: ctime | FZ2: fmtime | GA2: memout | GB2: time | GC2: stime | GD2: status | GE2: rules | GF2: ctime | GG2: fmtime | GH2: memout | GI2: time | GJ2: stime | GK2: status | GL2: rules | GM2: ctime | GN2: fmtime | GO2: memout | GP2: time | GQ2: stime | GR2: status | GS2: rules | GT2: ctime | GU2: fmtime | GV2: memout | GW2: time | GX2: stime | GY2: status | GZ2: rules | HA2: ctime | HB2: fmtime | HC2: memout | HD2: time | HE2: stime | HF2: status | HG2: rules | HH2: ctime | HI2: fmtime | HJ2: memout | HK2: time | HL2: stime | HM2: status | HN2: rules | HO2: ctime | HP2: fmtime | HQ2: memout | HR2: time | HS2: stime | HT2: status | HU2: rules | HV2: ctime | HW2: fmtime | HX2: memout | HY2: time | HZ2: stime | IA2: status | IB2: rules | IC2: ctime | ID2: fmtime | IE2: memout | IF2: time | IG2: stime | IH2: status | II2: rules | IJ2: ctime | IK2: fmtime | IL2: memout | IM2: time | IN2: stime | IO2: status | IP2: rules | IQ2: ctime | IR2: fmtime | IS2: memout | IT2: time | IU2: stime | IV2: status | IW2: rules | IX2: ctime | IY2: fmtime | IZ2: memout | JA2: time | JB2: stime | JC2: status | JD2: rules | JE2: ctime | JF2: fmtime | JG2: memout | JH2: time | JI2: stime | JJ2: status | JK2: rules | JL2: ctime | JM2: fmtime | JN2: memout | JO2: time | JP2: stime | JQ2: status | JR2: rules | JS2: ctime | JT2: fmtime | JU2: memout | JV2: time | JW2: stime | JX2: status | JY2: rules | JZ2: ctime | KA2: fmtime | KB2: memout | KC2: time | KD2: stime | KE2: status | KF2: rules | KG2: ctime | KH2: fmtime | KI2: memout | KJ2: time | KK2: stime | KL2: status | KM2: rules | KN2: ctime | KO2: fmtime | KP2: memout | KQ2: time | KR2: stime | KS2: status | KT2: rules | KU2: ctime | KV2: fmtime | KW2: memout | KX2: time | KY2: stime | KZ2: status | LA2: rules | LB2: ctime | LC2: fmtime | LD2: memout | LE2: time | LF2: stime | LG2: status | LH2: rules | LI2: ctime | LJ2: fmtime | LK2: memout | LL2: time | LM2: stime | LN2: status | LO2: rules | LP2: ctime | LQ2: fmtime | LR2: memout | LS2: time | LT2: stime | LU2: status | LV2: rules | LW2: ctime | LX2: fmtime | LY2: memout | LZ2: time | MA2: stime | MB2: status | MC2: rules | MD2: ctime | ME2: fmtime | MF2: memout | MG2: time | MH2: stime | MI2: status | MJ2: rules | MK2: ctime | ML2: fmtime | MM2: memout | MN2: time | MO2: stime | MP2: status | MQ2: rules | MR2: ctime | MS2: fmtime | MT2: memout | MU2: time | MV2: stime | MW2: status | MX2: rules | MY2: ctime | MZ2: fmtime | NA2: memout | NB2: time | NC2: stime | ND2: status | NE2: rules | NF2: ctime | NG2: fmtime | NH2: memout | NI2: time | NJ2: stime | NK2: status | NL2: rules | NM2: ctime | NN2: fmtime | NO2: memout | NP2: time | NQ2: stime | NR2: status | NS2: rules | NT2: ctime | NU2: fmtime | NV2: memout | NW2: time | NX2: stime | NY2: status | NZ2: rules | OA2: ctime | OB2: fmtime | OC2: memout | OD2: time | OE2: stime | OF2: status | OG2: rules | OH2: ctime | OI2: fmtime | OJ2: memout | OK2: time | OL2: stime | OM2: status | ON2: rules | OO2: ctime | OP2: fmtime | OQ2: memout | OR2: time | OS2: stime | OT2: status | OU2: rules | OV2: ctime | OW2: fmtime | OX2: memout | OY2: time | OZ2: stime | PA2: status | PB2: rules | PC2: ctime | PD2: fmtime | PE2: memout | PF2: time | PG2: stime | PH2: status | PI2: rules | PJ2: ctime | PK2: fmtime | PL2: memout | PM2: time | PN2: stime | PO2: status | PP2: rules | PQ2: ctime | PR2: fmtime | PS2: memout | PT2: time | PU2: stime | PV2: status | PW2: rules | PX2: ctime | PY2: fmtime | PZ2: memout | QA2: time | QB2: stime | QC2: status | QD2: rules | QE2: ctime | QF2: fmtime | QG2: memout | QH2: time | QI2: stime | QJ2: status | QK2: rules | QL2: ctime | QM2: fmtime | QN2: memout | QO2: time | QP2: stime | QQ2: status | QR2: rules | QS2: ctime | QT2: fmtime | QU2: memout | QV2: time | QW2: stime | QX2: status | QY2: rules | QZ2: ctime | RA2: fmtime | RB2: memout | RC2: time | RD2: stime | RE2: status | RF2: rules | RG2: ctime | RH2: fmtime | RI2: memout | RJ2: time | RK2: stime | RL2: status | RM2: rules | RN2: ctime | RO2: fmtime | RP2: memout | RQ2: time | RR2: stime | RS2: status | RT2: rules | RU2: ctime | RV2: fmtime | RW2: memout | RX2: time | RY2: stime | RZ2: status | SA2: rules | SB2: ctime | SC2: fmtime | SD2: memout | SE2: time | SF2: stime | SG2: status | SH2: rules | SI2: ctime | SJ2: fmtime | SK2: memout | SL2: time | SM2: stime | SN2: status | SO2: rules | SP2: ctime | SQ2: fmtime | SR2: memout | SS2: time | ST2: stime | SU2: status | SV2: rules | SW2: ctime | SX2: fmtime | SY2: memout | SZ2: time | TA2: stime | TB2: status | TC2: rules | TD2: ctime | TE2: fmtime | TF2: memout | TG2: time | TH2: stime | TI2: status | TJ2: rules | TK2: ctime | TL2: fmtime | TM2: memout | TN2: time | TO2: stime | TP2: status | TQ2: rules | TR2: ctime | TS2: fmtime | TT2: memout | TU2: time | TV2: stime | TW2: status | TX2: rules | TY2: ctime | TZ2: fmtime | UA2: memout | UB2: time | UC2: stime | UD2: status | UE2: rules | UF2: ctime | UG2: fmtime | UH2: memout | UI2: time | UJ2: stime | UK2: status | UL2: rules | UM2: ctime | UN2: fmtime | UO2: memout | UP2: time | UQ2: stime | UR2: status | US2: rules | UT2: ctime | UU2: fmtime | UV2: memout | UW2: time | UX2: stime | UY2: status | UZ2: rules | VA2: ctime | VB2: fmtime | VC2: memout | VD2: time | VE2: stime | VF2: status | VG2: rules | VH2: ctime | VI2: fmtime | VJ2: memout | VK2: time | VL2: stime | VM2: status | VN2: rules | VO2: ctime | VP2: fmtime | VQ2: memout | VR2: time | VS2: stime | VT2: rules | VU2: ctime | VV2: fmtime | VW2: memout | VX2: time | VY2: stime | VZ2: rules | WA2: ctime | WB2: fmtime | WC2: memout | WD2: time | WE2: stime | WF2: rules | WG2: ctime | WH2: fmtime | WI2: memout
A3: instances/random_x8_y8_a3 | B3: 1200 | C3: 1167.59 | D3: UNKNOWN | E3: 9474720 | F3: 1199.086 | G3: 0 | H3: 0 | I3: 1200 | J3: 1138.57 | K3: UNKNOWN | L3: 21288420 | M3: 1199.231 | N3: 0 | O3: 0 | P3: 1200 | Q3: 1184.33 | R3: UNKNOWN | S3: 1369140 | T3: 1199.122 | U3: 0 | V3: 0 | W3: 1200 | X3: 1182.4 | Y3: UNKNOWN | Z3: 2681020 | AA3: 1199.156 | AB3: 0 | AC3: 0 | AD3: 1200 | AJ3: 0 | AK3: 1200 | AQ3: 0 | AR3: 1200 | AX3: 0 | AY3: 1200 | BE3: 0 | BF3: 1200 | BL3: 0 | BM3: 1200 | BS3: 0 | BT3: 1200 | BZ3: 0 | CA3: 1200 | CG3: 0 | CH3: 1200 | CN3: 0 | CO3: 1200 | CU3: 0 | CV3: 1200 | DB3: 0 | DC3: 1200 | DI3: 0 | DJ3: 1200 | DP3: 0 | DQ3: 1200 | DR3: 412.02 | DS3: UNKNOWN | DT3: 102408790 | DU3: 1199.395 | DV3: 0 | DW3: 0 | DX3: 1200 | ED3: 0 | EE3: 1200 | EK3: 0 | EL3: 904.23 | EM3: 59.57 | EN3: SATISFIABLE | EO3: 51133870 | EP3: 901.396 | EQ3: 59.48 | ER3: 0 | ES3: 1200 | ET3: 195.21 | EU3: UNKNOWN | EV3: 129055070 | EW3: 1199.338 | EX3: 0 | EY3: 0 | EZ3: 17.62 | FA3: 0 | FB3: UNSATISFIABLE | FC3: 8662126 | FD3: 15.59 | FE3: 0 | FF3: 0 | FG3: 1200 | FH3: 433.09 | FI3: UNKNOWN | FJ3: 10357670 | FK3: 1199.066 | FL3: 0 | FM3: 0 | FN3: 1200 | FT3: 0 | FU3: 1200 | GA3: 0 | GB3: 1200 | GH3: 0 | GI3: 1200 | GO3: 0 | GP3: 1200 | GV3: 0 | GW3: 1200 | HC3: 0 | HD3: 1200 | HJ3: 0 | HK3: 1200 | HQ3: 0 | HR3: 1200 | HX3: 0 | HY3: 1200 | IE3: 0 | IF3: 1200 | IL3: 0 | IM3: 1200 | IS3: 0 | IT3: 672.96 | IU3: 571.65 | IV3: SATISFIABLE | IW3: 1735278 | IX3: 671.4 | IY3: 571.62 | IZ3: 0 | JA3: 324.6 | JB3: 227.62 | JC3: SATISFIABLE | JD3: 1735278 | JE3: 322.871 | JF3: 227.6 | JG3: 0 | JH3: 1200 | JN3: 0 | JO3: 1200 | JU3: 0 | JV3: 789.53 | JW3: 539.02 | JX3: SATISFIABLE | JY3: 2284058 | JZ3: 787.648 | KA3: 538.98 | KB3: 0 | KC3: 638.48 | KD3: 390.11 | KE3: SATISFIABLE | KF3: 2284058 | KG3: 636.633 | KH3: 390.08 | KI3: 0 | KJ3: 241.33 | KK3: 8.57 | KL3: UNSATISFIABLE | KM3: 2284058 | KN3: 239.311 | KO3: 0 | KP3: 0 | KQ3: 380.3 | KR3: 126.14 | KS3: SATISFIABLE | KT3: 2284058 | KU3: 378.267 | KV3: 126.1 | KW3: 0 | KX3: 1200 | LD3: 0 | LE3: 1200 | LK3: 0 | LL3: 498.74 | LM3: 0 | LN3: UNSATISFIABLE | LO3: 5812426 | LP3: 496.387 | LQ3: 0 | LR3: 0 | LS3: 523.48 | LT3: 64.37 | LU3: SATISFIABLE | LV3: 2906213 | LW3: 521.328 | LX3: 64.34 | LY3: 0 | LZ3: 1200 | MF3: 0 | MG3: 1200 | MM3: 0 | MN3: 1200 | MT3: 0 | MU3: 1200 | NA3: 0 | NB3: 1200 | NH3: 0 | NI3: 1200 | NO3: 0 | NP3: 1200 | NV3: 0 | NW3: 1200 | OC3: 0 | OD3: 392.08 | OE3: 372.25 | OF3: SATISFIABLE | OG3: 857843 | OH3: 390.805 | OI3: 372.23 | OJ3: 0 | OK3: 395.52 | OL3: 378.25 | OM3: SATISFIABLE | ON3: 857843 | OO3: 394.23 | OP3: 378.24 | OQ3: 0 | OR3: 1200 | OX3: 0 | OY3: 277.42 | OZ3: 260.66 | PA3: SATISFIABLE | PB3: 857843 | PC3: 276.165 | PD3: 260.65 | PE3: 0 | PF3: 461.78 | PG3: 412.72 | PH3: SATISFIABLE | PI3: 1259873 | PJ3: 460.25 | PK3: 412.71 | PL3: 0 | PM3: 414.8 | PN3: 374.76 | PO3: SATISFIABLE | PP3: 1259873 | PQ3: 413.387 | PR3: 374.75 | PS3: 0 | PT3: 1200 | PU3: 1160.23 | PV3: UNKNOWN | PW3: 1259873 | PX3: 1199.095 | PY3: 0 | PZ3: 0 | QA3: 684.57 | QB3: 636.42 | QC3: SATISFIABLE | QD3: 1259873 | QE3: 683.164 | QF3: 636.41 | QG3: 0 | QH3: 375.27 | QI3: 280.38 | QJ3: SATISFIABLE | QK3: 1735278 | QL3: 373.774 | QM3: 280.37 | QN3: 0 | QO3: 197.6 | QP3: 84.56 | QQ3: SATISFIABLE | QR3: 1735278 | QS3: 195.669 | QT3: 84.54 | QU3: 0 | QV3: 1200 | QW3: 1098.14 | QX3: UNKNOWN | QY3: 1735278 | QZ3: 1199.037 | RA3: 0 | RB3: 0 | RC3: 685.76 | RD3: 580.04 | RE3: SATISFIABLE | RF3: 1735278 | RG3: 684.117 | RH3: 580.02 | RI3: 0 | RJ3: 1200 | RP3: 0 | RQ3: 1200 | RW3: 0 | RX3: 1200 | SD3: 0 | SE3: 1200 | SK3: 0 | SL3: 1200 | SR3: 0 | SS3: 1200 | SY3: 0 | SZ3: 1200 | TF3: 0 | TG3: 1200 | TM3: 0 | TN3: 730.19 | TO3: 121.49 | TP3: SATISFIABLE | TQ3: 3601743 | TR3: 728.03 | TS3: 121.46 | TT3: 0 | TU3: 699.45 | TV3: 92.24 | TW3: SATISFIABLE | TX3: 3601743 | TY3: 697.21 | TZ3: 92.21 | UA3: 0 | UB3: 604.84 | UC3: 0 | UD3: UNSATISFIABLE | UE3: 3601743 | UF3: 602.328 | UG3: 0 | UH3: 0 | UI3: 975.87 | UJ3: 362.19 | UK3: SATISFIABLE | UL3: 3601743 | UM3: 973.857 | UN3: 362.17 | UO3: 0 | UP3: 841.92 | UQ3: 80.34 | UR3: SATISFIABLE | US3: 4370648 | UT3: 839.496 | UU3: 80.31 | UV3: 0 | UW3: 849.09 | UX3: 86.49 | UY3: SATISFIABLE | UZ3: 4370648 | VA3: 846.717 | VB3: 86.46 | VC3: 0 | VD3: 762.11 | VE3: 0 | VF3: UNSATISFIABLE | VG3: 4370648 | VH3: 759.445 | VI3: 0 | VJ3: 0 | VK3: 1193.06 | VL3: 432.07 | VM3: SATISFIABLE | VN3: 4370648 | VO3: 1190.858 | VP3: 432.04 | VQ3: 0 | VR3: =MIN($B3,$I3,$P3,$W3,$AD3,$AK3,$AR3,$AY3,$BF3,$BM3,$BT3,$CA3,$CH3,$CO3,$CV3,$DC3,$DJ3,$DQ3,$DX3,$EE3,$EL3,$ES3,$EZ3,$FG3,$FN3,$FU3,$GB3,$GI3,$GP3,$GW3,$HD3,$HK3,$HR3,$HY3,$IF3,$IM3,$IT3,$JA3,$JH3,$JO3,$JV3,$KC3,$KJ3,$KQ3,$KX3,$LE3,$LL3,$LS3,$LZ3,$MG3,$MN3,$MU3,$NB3,$NI3,$NP3,$NW3,$OD3,$OK3,$OR3,$OY3,$PF3,$PM3,$PT3,$QA3,$QH3,$QO3,$QV3,$RC3,$RJ3,$RQ3,$RX3,$SE3,$SL3,$SS3,$SZ3,$TG3,$TN3,$TU3,$UB3,$UI3,$UP3,$UW3,$VD3,$VK3) -> 0 | VS3: =MIN($C3,$J3,$Q3,$X3,$AE3,$AL3,$AS3,$AZ3,$BG3,$BN3,$BU3,$CB3,$CI3,$CP3,$CW3,$DD3,$DK3,$DR3,$DY3,$EF3,$EM3,$ET3,$FA3,$FH3,$FO3,$FV3,$GC3,$GJ3,$GQ3,$GX3,$HE3,$HL3,$HS3,$HZ3,$IG3,$IN3,$IU3,$JB3,$JI3,$JP3,$JW3,$KD3,$KK3,$KR3,$KY3,$LF3,$LM3,$LT3,$MA3,$MH3,$MO3,$MV3,$NC3,$NJ3,$NQ3,$NX3,$OE3,$OL3,$OS3,$OZ3,$PG3,$PN3,$PU3,$QB3,$QI3,$QP3,$QW3,$RD3,$RK3,$RR3,$RY3,$SF3,$SM3,$ST3,$TA3,$TH3,$TO3,$TV3,$UC3,$UJ3,$UQ3,$UX3,$VE3,$VL3) -> 0 | VT3: =MIN($E3,$L3,$S3,$Z3,$AG3,$AN3,$AU3,$BB3,$BI3,$BP3,$BW3,$CD3,$CK3,$CR3,$CY3,$DF3,$DM3,$DT3,$EA3,$EH3,$EO3,$EV3,$FC3,$FJ3,$FQ3,$FX3,$GE3,$GL3,$GS3,$GZ3,$HG3,$HN3,$HU3,$IB3,$II3,$IP3,$IW3,$JD3,$JK3,$JR3,$JY3,$KF3,$KM3,$KT3,$LA3,$LH3,$LO3,$LV3,$MC3,$MJ3,$MQ3,$MX3,$NE3,$NL3,$NS3,$NZ3,$OG3,$ON3,$OU3,$PB3,$PI3,$PP3,$PW3,$QD3,$QK3,$QR3,$QY3,$RF3,$RM3,$RT3,$SA3,$SH3,$SO3,$SV3,$TC3,$TJ3,$TQ3,$TX3,$UE3,$UL3,$US3,$UZ3,$VG3,$VN3) -> 0 | VU3: =MIN($F3,$M3,$T3,$AA3,$AH3,$AO3,$AV3,$BC3,$BJ3,$BQ3,$BX3,$CE3,$CL3,$CS3,$CZ3,$DG3,$DN3,$DU3,$EB3,$EI3,$EP3,$EW3,$FD3,$FK3,$FR3,$FY3,$GF3,$GM3,$GT3,$HA3,$HH3,$HO3,$HV3,$IC3,$IJ3,$IQ3,$IX3,$JE3,$JL3,$JS3,$JZ3,$KG3,$KN3,$KU3,$LB3,$LI3,$LP3,$LW3,$MD3,$MK3,$MR3,$MY3,$NF3,$NM3,$NT3,$OA3,$OH3,$OO3,$OV3,$PC3,$PJ3,$PQ3,$PX3,$QE3,$QL3,$QS3,$QZ3,$RG3,$RN3,$RU3,$SB3,$SI3,$SP3,$SW3,$TD3,$TK3,$TR3,$TY3,$UF3,$UM3,$UT3,$VA3,$VH3,$VO3) -> 0 | VV3: =MIN($G3,$N3,$U3,$AB3,$AI3,$AP3,$AW3,$BD3,$BK3,$BR3,$BY3,$CF3,$CM3,$CT3,$DA3,$DH3,$DO3,$DV3,$EC3,$EJ3,$EQ3,$EX3,$FE3,$FL3,$FS3,$FZ3,$GG3,$GN3,$GU3,$HB3,$HI3,$HP3,$HW3,$ID3,$IK3,$IR3,$IY3,$JF3,$JM3,$JT3,$KA3,$KH3,$KO3,$KV3,$LC3,$LJ3,$LQ3,$LX3,$ME3,$ML3,$MS3,$MZ3,$NG3,$NN3,$NU3,$OB3,$OI3,$OP3,$OW3,$PD3,$PK3,$PR3,$PY3,$QF3,$QM3,$QT3,$RA3,$RH3,$RO3,$RV3,$SC3,$SJ3,$SQ3,$SX3,$TE3,$TL3,$TS3,$TZ3,$UG3,$UN3,$UU3,$VB3,$VI3,$VP3) -> 0 | VW3: =MIN($H3,$O3,$V3,$AC3,$AJ3,$AQ3,$AX3,$BE3,$BL3,$BS3,$BZ3,$CG3,$CN3,$CU3,$DB3,$DI3,$DP3,$DW3,$ED3,$EK3,$ER3,$EY3,$FF3,$FM3,$FT3,$GA3,$GH3,$GO3,$GV3,$HC3,$HJ3,$HQ3,$HX3,$IE3,$IL3,$IS3,$IZ3,$JG3,$JN3,$JU3,$KB3,$KI3,$KP3,$KW3,$LD3,$LK3,$LR3,$LY3,$MF3,$MM3,$MT3,$NA3,$NH3,$NO3,$NV3,$OC3,$OJ3,$OQ3,$OX3,$PE3,$PL3,$PS3,$PZ3,$QG3,$QN3,$QU3,$RB3,$RI3,$RP3,$RW3,$SD3,$SK3,$SR3,$SY3,$TF3,$TM3,$TT3,$UA3,$UH3,$UO3,$UV3,$VC3,$VJ3,$VQ3) -> 0 | VX3: =MEDIAN($B3,$I3,$P3,$W3,$AD3,$AK3,$AR3,$AY3,$BF3,$BM3,$BT3,$CA3,$CH3,$CO3,$CV3,$DC3,$DJ3,$DQ3,$DX3,$EE3,$EL3,$ES3,$EZ3,$FG3,$FN3,$FU3,$GB3,$GI3,$GP3,$GW3,$HD3,$HK3,$HR3,$HY3,$IF3,$IM3,$IT3,$JA3,$JH3,$JO3,$JV3,$KC3,$KJ3,$KQ3,$KX3,$LE3,$LL3,$LS3,$LZ3,$MG3,$MN3,$MU3,$NB3,$NI3,$NP3,$NW3,$OD3,$OK3,$OR3,$OY3,$PF3,$PM3,$PT3,$QA3,$QH3,$QO3,$QV3,$RC3,$RJ3,$RQ3,$RX3,$SE3,$SL3,$SS3,$SZ3,$TG3,$TN3,$TU3,$UB3,$UI3,$UP3,$UW3,$VD3,$VK3) -> 0 | VY3: =MEDIAN($C3,$J3,$Q3,$X3,$AE3,$AL3,$AS3,$AZ3,$BG3,$BN3,$BU3,$CB3,$CI3,$CP3,$CW3,$DD3,$DK3,$DR3,$DY3,$EF3,$EM3,$ET3,$FA3,$FH3,$FO3,$FV3,$GC3,$GJ3,$GQ3,$GX3,$HE3,$HL3,$HS3,$HZ3,$IG3,$IN3,$IU3,$JB3,$JI3,$JP3,$JW3,$KD3,$KK3,$KR3,$KY3,$LF3,$LM3,$LT3,$MA3,$MH3,$MO3,$MV3,$NC3,$NJ3,$NQ3,$NX3,$OE3,$OL3,$OS3,$OZ3,$PG3,$PN3,$PU3,$QB3,$QI3,$QP3,$QW3,$RD3,$RK3,$RR3,$RY3,$SF3,$SM3,$ST3,$TA3,$TH3,$TO3,$TV3,$UC3,$UJ3,$UQ3,$UX3,$VE3,$VL3) -> 0 | VZ3: =MEDIAN($E3,$L3,$S3,$Z3,$AG3,$AN3,$AU3,$BB3,$BI3,$BP3,$BW3,$CD3,$CK3,$CR3,$CY3,$DF3,$DM3,$DT3,$EA3,$EH3,$EO3,$EV3,$FC3,$FJ3,$FQ3,$FX3,$GE3,$GL3,$GS3,$GZ3,$HG3,$HN3,$HU3,$IB3,$II3,$IP3,$IW3,$JD3,$JK3,$JR3,$JY3,$KF3,$KM3,$KT3,$LA3,$LH3,$LO3,$LV3,$MC3,$MJ3,$MQ3,$MX3,$NE3,$NL3,$NS3,$NZ3,$OG3,$ON3,$OU3,$PB3,$PI3,$PP3,$PW3,$QD3,$QK3,$QR3,$QY3,$RF3,$RM3,$RT3,$SA3,$SH3,$SO3,$SV3,$TC3,$TJ3,$TQ3,$TX3,$UE3,$UL3,$US3,$UZ3,$VG3,$VN3) -> 0 | WA3: =MEDIAN($F3,$M3,$T3,$AA3,$AH3,$AO3,$AV3,$BC3,$BJ3,$BQ3,$BX3,$CE3,$CL3,$CS3,$CZ3,$DG3,$DN3,$DU3,$EB3,$EI3,$EP3,$EW3,$FD3,$FK3,$FR3,$FY3,$GF3,$GM3,$GT3,$HA3,$HH3,$HO3,$HV3,$IC3,$IJ3,$IQ3,$IX3,$JE3,$JL3,$JS3,$JZ3,$KG3,$KN3,$KU3,$LB3,$LI3,$LP3,$LW3,$MD3,$MK3,$MR3,$MY3,$NF3,$NM3,$NT3,$OA3,$OH3,$OO3,$OV3,$PC3,$PJ3,$PQ3,$PX3,$QE3,$QL3,$QS3,$QZ3,$RG3,$RN3,$RU3,$SB3,$SI3,$SP3,$SW3,$TD3,$TK3,$TR3,$TY3,$UF3,$UM3,$UT3,$VA3,$VH3,$VO3) -> 0 | WB3: =MEDIAN($G3,$N3,$U3,$AB3,$AI3,$AP3,$AW3,$BD3,$BK3,$BR3,$BY3,$CF3,$CM3,$CT3,$DA3,$DH3,$DO3,$DV3,$EC3,$EJ3,$EQ3,$EX3,$FE3,$FL3,$FS3,$FZ3,$GG3,$GN3,$GU3,$HB3,$HI3,$HP3,$HW3,$ID3,$IK3,$IR3,$IY3,$JF3,$JM3,$JT3,$KA3,$KH3,$KO3,$KV3,$LC3,$LJ3,$LQ3,$LX3,$ME3,$ML3,$MS3,$MZ3,$NG3,$NN3,$NU3,$OB3,$OI3,$OP3,$OW3,$PD3,$PK3,$PR3,$PY3,$QF3,$QM3,$QT3,$RA3,$RH3,$RO3,$RV3,$SC3,$SJ3,$SQ3,$SX3,$TE3,$TL3,$TS3,$TZ3,$UG3,$UN3,$UU3,$VB3,$VI3,$VP3) -> 0 | WC3: =MEDIAN($H3,$O3,$V3,$AC3,$AJ3,$AQ3,$AX3,$BE3,$BL3,$BS3,$BZ3,$CG3,$CN3,$CU3,$DB3,$DI3,$DP3,$DW3,$ED3,$EK3,$ER3,$EY3,$FF3,$FM3,$FT3,$GA3,$GH3,$GO3,$GV3,$HC3,$HJ3,$HQ3,$HX3,$IE3,$IL3,$IS3,$IZ3,$JG3,$JN3,$JU3,$KB3,$KI3,$KP3,$KW3,$LD3,$LK3,$LR3,$LY3,$MF3,$MM3,$MT3,$NA3,$NH3,$NO3,$NV3,$OC3,$OJ3,$OQ3,$OX3,$PE3,$PL3,$PS3,$PZ3,$QG3,$QN3,$QU3,$RB3,$RI3,$RP3,$RW3,$SD3,$SK3,$SR3,$SY3,$TF3,$TM3,$TT3,$UA3,$UH3,$UO3,$UV3,$VC3,$VJ3,$VQ3) -> 0 | WD3: =MAX($B3,$I3,$P3,$W3,$AD3,$AK3,$AR3,$AY3,$BF3,$BM3,$BT3,$CA3,$CH3,$CO3,$CV3,$DC3,$DJ3,$DQ3,$DX3,$EE3,$EL3,$ES3,$EZ3,$FG3,$FN3,$FU3,$GB3,$GI3,$GP3,$GW3,$HD3,$HK3,$HR3,$HY3,$IF3,$IM3,$IT3,$JA3,$JH3,$JO3,$JV3,$KC3,$KJ3,$KQ3,$KX3,$LE3,$LL3,$LS3,$LZ3,$MG3,$MN3,$MU3,$NB3,$NI3,$NP3,$NW3,$OD3,$OK3,$OR3,$OY3,$PF3,$PM3,$PT3,$QA3,$QH3,$QO3,$QV3,$RC3,$RJ3,$RQ3,$RX3,$SE3,$SL3,$SS3,$SZ3,$TG3,$TN3,$TU3,$UB3,$UI3,$UP3,$UW3,$VD3,$VK3) -> 0 | WE3: =MAX($C3,$J3,$Q3,$X3,$AE3,$AL3,$AS3,$AZ3,$BG3,$BN3,$BU3,$CB3,$CI3,$CP3,$CW3,$DD3,$DK3,$DR3,$DY3,$EF3,$EM3,$ET3,$FA3,$FH3,$FO3,$FV3,$GC3,$GJ3,$GQ3,$GX3,$HE3,$HL3,$HS3,$HZ3,$IG3,$IN3,$IU3,$JB3,$JI3,$JP3,$JW3,$KD3,$KK3,$KR3,$KY3,$LF3,$LM3,$LT3,$MA3,$MH3,$MO3,$MV3,$NC3,$NJ3,$NQ3,$NX3,$OE3,$OL3,$OS3,$OZ3,$PG3,$PN3,$PU3,$QB3,$QI3,$QP3,$QW3,$RD3,$RK3,$RR3,$RY3,$SF3,$SM3,$ST3,$TA3,$TH3,$TO3,$TV3,$UC3,$UJ3,$UQ3,$UX3,$VE3,$VL3) -> 0 | WF3: =MAX($E3,$L3,$S3,$Z3,$AG3,$AN3,$AU3,$BB3,$BI3,$BP3,$BW3,$CD3,$CK3,$CR3,$CY3,$DF3,$DM3,$DT3,$EA3,$EH3,$EO3,$EV3,$FC3,$FJ3,$FQ3,$FX3,$GE3,$GL3,$GS3,$GZ3,$HG3,$HN3,$HU3,$IB3,$II3,$IP3,$IW3,$JD3,$JK3,$JR3,$JY3,$KF3,$KM3,$KT3,$LA3,$LH3,$LO3,$LV3,$MC3,$MJ3,$MQ3,$MX3,$NE3,$NL3,$NS3,$NZ3,$OG3,$ON3,$OU3,$PB3,$PI3,$PP3,$PW3,$QD3,$QK3,$QR3,$QY3,$RF3,$RM3,$RT3,$SA3,$SH3,$SO3,$SV3,$TC3,$TJ3,$TQ3,$TX3,$UE3,$UL3,$US3,$UZ3,$VG3,$VN3) -> 0 | WG3: =MAX($F3,$M3,$T3,$AA3,$AH3,$AO3,$AV3,$BC3,$BJ3,$BQ3,$BX3,$CE3,$CL3,$CS3,$CZ3,$DG3,$DN3,$DU3,$EB3,$EI3,$EP3,$EW3,$FD3,$FK3,$FR3,$FY3,$GF3,$GM3,$GT3,$HA3,$HH3,$HO3,$HV3,$IC3,$IJ3,$IQ3,$IX3,$JE3,$JL3,$JS3,$JZ3,$KG3,$KN3,$KU3,$LB3,$LI3,$LP3,$LW3,$MD3,$MK3,$MR3,$MY3,$NF3,$NM3,$NT3,$OA3,$OH3,$OO3,$OV3,$PC3,$PJ3,$PQ3,$PX3,$QE3,$QL3,$QS3,$QZ3,$RG3,$RN3,$RU3,$SB3,$SI3,$SP3,$SW3,$TD3,$TK3,$TR3,$TY3,$UF3,$UM3,$UT3,$VA3,$VH3,$VO3) -> 0 | WH3: =MAX($G3,$N3,$U3,$AB3,$AI3,$AP3,$AW3,$BD3,$BK3,$BR3,$BY3,$CF3,$CM3,$CT3,$DA3,$DH3,$DO3,$DV3,$EC3,$EJ3,$EQ3,$EX3,$FE3,$FL3,$FS3,$FZ3,$GG3,$GN3,$GU3,$HB3,$HI3,$HP3,$HW3,$ID3,$IK3,$IR3,$IY3,$JF3,$JM3,$JT3,$KA3,$KH3,$KO3,$KV3,$LC3,$LJ3,$LQ3,$LX3,$ME3,$ML3,$MS3,$MZ3,$NG3,$NN3,$NU3,$OB3,$OI3,$OP3,$OW3,$PD3,$PK3,$PR3,$PY3,$QF3,$QM3,$QT3,$RA3,$RH3,$RO3,$RV3,$SC3,$SJ3,$SQ3,$SX3,$TE3,$TL3,$TS3,$TZ3,$UG3,$UN3,$UU3,$VB3,$VI3,$VP3) -> 0 | WI3: =MAX($H3,$O3,$V3,$AC3,$AJ3,$AQ3,$AX3,$BE3,$BL3,$BS3,$BZ3,$CG3,$CN3,$CU3,$DB3,$DI3,$DP3,$DW3,$ED3,$EK3,$ER3,$EY3,$FF3,$FM3,$FT3,$GA3,$GH3,$GO3,$GV3,$HC3,$HJ3,$HQ3,$HX3,$IE3,$IL3,$IS3,$IZ3,$JG3,$JN3,$JU3,$KB3,$KI3,$KP3,$KW3,$LD3,$LK3,$LR3,$LY3,$MF3,$MM3,$MT3,$NA3,$NH3,$NO3,$NV3,$OC3,$OJ3,$OQ3,$OX3,$PE3,$PL3,$PS3,$PZ3,$QG3,$QN3,$QU3,$RB3,$RI3,$RP3,$RW3,$SD3,$SK3,$SR3,$SY3,$TF3,$TM3,$TT3,$UA3,$UH3,$UO3,$UV3,$VC3,$VJ3,$VQ3) -> 0
A4: instances/room_x8_y8_a3 | B4: 81.8 | C4: 46.03 | D4: SATISFIABLE | E4: 9601168 | F4: 80.288 | G4: 46 | H4: 0 | I4: 407.11 | J4: 335.12 | K4: SATISFIABLE | L4: 21414868 | M4: 405.654 | N4: 335.07 | O4: 0 | P4: 63 | Q4: 42.97 | R4: SATISFIABLE | S4: 1495588 | T4: 61.55 | U4: 42.96 | V4: 0 | W4: 115.62 | X4: 91.08 | Y4: SATISFIABLE | Z4: 2807468 | AA4: 113.994 | AB4: 91.07 | AC4: 0 | AD4: 1200 | AJ4: 0 | AK4: 1200 | AQ4: 0 | AR4: 1200 | AX4: 0 | AY4: 1200 | BE4: 0 | BF4: 1200 | BL4: 0 | BM4: 1200 | BS4: 0 | BT4: 1200 | BZ4: 0 | CA4: 1200 | CG4: 0 | CH4: 1200 | CN4: 0 | CO4: 1200 | CU4: 0 | CV4: 1200 | DB4: 0 | DC4: 1200 | DI4: 0 | DJ4: 1200 | DP4: 0 | DQ4: 1200 | DR4: 240.8 | DS4: UNKNOWN | DT4: 102831098 | DU4: 1199.126 | DV4: 0 | DW4: 0 | DX4: 1200 | ED4: 0 | EE4: 1200 | EK4: 0 | EL4: 1200 | EM4: 326.4 | EN4: UNKNOWN | EO4: 51657143 | EP4: 1199.161 | EQ4: 0 | ER4: 0 | ES4: 1200 | EY4: 0 | EZ4: 20.1 | FA4: 0 | FB4: UNSATISFIABLE | FC4: 9638682 | FD4: 17.798 | FE4: 0 | FF4: 0 | FG4: 1200 | FH4: 428.06 | FI4: UNKNOWN | FJ4: 10880943 | FK4: 1199.139 | FL4: 0 | FM4: 0 | FN4: 1200 | FT4: 0 | FU4: 1200 | GA4: 0 | GB4: 1200 | GH4: 0 | GI4: 1200 | GO4: 0 | GP4: 1200 | GV4: 0 | GW4: 1200 | HC4: 0 | HD4: 1200 | HJ4: 0 | HK4: 1200 | HQ4: 0 | HR4: 1200 | HX4: 0 | HY4: 1200 | IE4: 0 | IF4: 1200 | IL4: 0 | IM4: 1200 | IS4: 0 | IT4: 252.04 | IU4: 101.89 | IV4: SATISFIABLE | IW4: 1989199 | IX4: 249.925 | IY4: 101.86 | IZ4: 0 | JA4: 206.6 | JB4: 56.49 | JC4: SATISFIABLE | JD4: 1989199 | JE4: 204.478 | JF4: 56.45 | JG4: 0 | JH4: 1200 | JN4: 0 | JO4: 1200 | JU4: 0 | JV4: 353.24 | JW4: 32.91 | JX4: SATISFIABLE | JY4: 2617344 | JZ4: 350.893 | KA4: 32.86 | KB4: 0 | KC4: 392.87 | KD4: 46.35 | KE4: SATISFIABLE | KF4: 2617344 | KG4: 390.19 | KH4: 46.31 | KI4: 0 | KJ4: 382.76 | KK4: 37.36 | KL4: SATISFIABLE | KM4: 2617344 | KN4: 380.213 | KO4: 37.34 | KP4: 0 | KQ4: 597.27 | KR4: 268.77 | KS4: SATISFIABLE | KT4: 2617344 | KU4: 595.346 | KV4: 268.73 | KW4: 0 | KX4: 1200 | LD4: 0 | LE4: 1200 | LK4: 0 | LL4: 607.43 | LM4: 0 | LN4: UNSATISFIABLE | LO4: 6659328 | LP4: 605.208 | LQ4: 0 | LR4: 0 | LS4: 1200 | LT4: 588.2 | LU4: UNKNOWN | LV4: 3329664 | LW4: 1199.057 | LX4: 0 | LY4: 0 | LZ4: 1200 | MF4: 0 | MG4: 1200 | MM4: 0 | MN4: 1200 | MT4: 0 | MU4: 1200 | NA4: 0 | NB4: 1200 | NH4: 0 | NI4: 1200 | NO4: 0 | NP4: 1200 | NV4: 0 | NW4: 1200 | OC4: 0 | OD4: 66.78 | OE4: 40.48 | OF4: SATISFIABLE | OG4: 985434 | OH4: 65.42 | OI4: 40.47 | OJ4: 0 | OK4: 69.98 | OL4: 43.96 | OM4: SATISFIABLE | ON4: 985434 | OO4: 68.578 | OP4: 43.95 | OQ4: 0 | OR4: 1200 | OX4: 0 | OY4: 40.92 | OZ4: 16.63 | PA4: SATISFIABLE | PB4: 985434 | PC4: 39.345 | PD4: 16.62 | PE4: 0 | PF4: 80.6 | PG4: 28.46 | PH4: SATISFIABLE | PI4: 1445229 | PJ4: 78.821 | PK4: 28.45 | PL4: 0 | PM4: 92.92 | PN4: 31.21 | PO4: SATISFIABLE | PP4: 1445229 | PQ4: 91.091 | PR4: 31.19 | PS4: 0 | PT4: 79.02 | PU4: 29.05 | PV4: SATISFIABLE | PW4: 1445229 | PX4: 77.084 | PY4: 29.03 | PZ4: 0 | QA4: 80.12 | QB4: 17.76 | QC4: SATISFIABLE | QD4: 1445229 | QE4: 78.233 | QF4: 17.74 | QG4: 0 | QH4: 177.19 | QI4: 35.14 | QJ4: SATISFIABLE | QK4: 1989199 | QL4: 175.006 | QM4: 35.12 | QN4: 0 | QO4: 190.91 | QP4: 29.46 | QQ4: SATISFIABLE | QR4: 1989199 | QS4: 189.028 | QT4: 29.45 | QU4: 0 | QV4: 161.5 | QW4: 10.44 | QX4: SATISFIABLE | QY4: 1989199 | QZ4: 159.676 | RA4: 10.42 | RB4: 0 | RC4: 171.94 | RD4: 29.1 | RE4: SATISFIABLE | RF4: 1989199 | RG4: 169.903 | RH4: 29.08 | RI4: 0 | RJ4: 1200 | RP4: 0 | RQ4: 1200 | RW4: 0 | RX4: 1200 | SD4: 0 | SE4: 1200 | SK4: 0 | SL4: 1200 | SR4: 0 | SS4: 1200 | SY4: 0 | SZ4: 1200 | TF4: 0 | TG4: 1200 | TM4: 0 | TN4: 831.62 | TO4: 71.74 | TP4: SATISFIABLE | TQ4: 4126159 | TR4: 829.174 | TS4: 71.7 | TT4: 0 | TU4: 839.33 | TV4: 82.52 | TW4: SATISFIABLE | TX4: 4126159 | TY4: 837.037 | TZ4: 82.5 | UA4: 0 | UB4: 756.94 | UC4: 0 | UD4: UNSATISFIABLE | UE4: 4126159 | UF4: 754.424 | UG4: 0 | UH4: 0 | UI4: 1200 | UJ4: 442.74 | UK4: UNKNOWN | UL4: 4126159 | UM4: 1198.822 | UN4: 0 | UO4: 0 | UP4: 1177.15 | UQ4: 408.63 | UR4: SATISFIABLE | US4: 5006829 | UT4: 1174.712 | UU4: 408.59 | UV4: 0 | UW4: 948.12 | UX4: 178.17 | UY4: SATISFIABLE | UZ4: 5006829 | VA4: 945.493 | VB4: 178.13 | VC4: 0 | VD4: 769.39 | VE4: 0 | VF4: UNSATISFIABLE | VG4: 5006829 | VH4: 766.355 | VI4: 0 | VJ4: 0 | VK4: 816.63 | VL4: 46.53 | VM4: SATISFIABLE | VN4: 5006829 | VO4: 813.858 | VP4: 46.48 | VQ4: 0 | VR4: =MIN($B4,$I4,$P4,$W4,$AD4,$AK4,$AR4,$AY4,$BF4,$BM4,$BT4,$CA4,$CH4,$CO4,$CV4,$DC4,$DJ4,$DQ4,$DX4,$EE4,$EL4,$ES4,$EZ4,$FG4,$FN4,$FU4,$GB4,$GI4,$GP4,$GW4,$HD4,$HK4,$HR4,$HY4,$IF4,$IM4,$IT4,$JA4,$JH4,$JO4,$JV4,$KC4,$KJ4,$KQ4,$KX4,$LE4,$LL4,$LS4,$LZ4,$MG4,$MN4,$MU4,$NB4,$NI4,$NP4,$NW4,$OD4,$OK4,$OR4,$OY4,$PF4,$PM4,$PT4,$QA4,$QH4,$QO4,$QV4,$RC4,$RJ4,$RQ4,$RX4,$SE4,$SL4,$SS4,$SZ4,$TG4,$TN4,$TU4,$UB4,$UI4,$UP4,$UW4,$VD4,$VK4) -> 0 | VS4: =MIN($C4,$J4,$Q4,$X4,$AE4,$AL4,$AS4,$AZ4,$BG4,$BN4,$BU4,$CB4,$CI4,$CP4,$CW4,$DD4,$DK4,$DR4,$DY4,$EF4,$EM4,$ET4,$FA4,$FH4,$FO4,$FV4,$GC4,$GJ4,$GQ4,$GX4,$HE4,$HL4,$HS4,$HZ4,$IG4,$IN4,$IU4,$JB4,$JI4,$JP4,$JW4,$KD4,$KK4,$KR4,$KY4,$LF4,$LM4,$LT4,$MA4,$MH4,$MO4,$MV4,$NC4,$NJ4,$NQ4,$NX4,$OE4,$OL4,$OS4,$OZ4,$PG4,$PN4,$PU4,$QB4,$QI4,$QP4,$QW4,$RD4,$RK4,$RR4,$RY4,$SF4,$SM4,$ST4,$TA4,$TH4,$TO4,$TV4,$UC4,$UJ4,$UQ4,$UX4,$VE4,$VL4) -> 0 | VT4: =MIN($E4,$L4,$S4,$Z4,$AG4,$AN4,$AU4,$BB4,$BI4,$BP4,$BW4,$CD4,$CK4,$CR4,$CY4,$DF4,$DM4,$DT4,$EA4,$EH4,$EO4,$EV4,$FC4,$FJ4,$FQ4,$FX4,$GE4,$GL4,$GS4,$GZ4,$HG4,$HN4,$HU4,$IB4,$II4,$IP4,$IW4,$JD4,$JK4,$JR4,$JY4,$KF4,$KM4,$KT4,$LA4,$LH4,$LO4,$LV4,$MC4,$MJ4,$MQ4,$MX4,$NE4,$NL4,$NS4,$NZ4,$OG4,$ON4,$OU4,$PB4,$PI4,$PP4,$PW4,$QD4,$QK4,$QR4,$QY4,$RF4,$RM4,$RT4,$SA4,$SH4,$SO4,$SV4,$TC4,$TJ4,$TQ4,$TX4,$UE4,$UL4,$US4,$UZ4,$VG4,$VN4) -> 0 | VU4: =MIN($F4,$M4,$T4,$AA4,$AH4,$AO4,$AV4,$BC4,$BJ4,$BQ4,$BX4,$CE4,$CL4,$CS4,$CZ4,$DG4,$DN4,$DU4,$EB4,$EI4,$EP4,$EW4,$FD4,$FK4,$FR4,$FY4,$GF4,$GM4,$GT4,$HA4,$HH4,$HO4,$HV4,$IC4,$IJ4,$IQ4,$IX4,$JE4,$JL4,$JS4,$JZ4,$KG4,$KN4,$KU4,$LB4,$LI4,$LP4,$LW4,$MD4,$MK4,$MR4,$MY4,$NF4,$NM4,$NT4,$OA4,$OH4,$OO4,$OV4,$PC4,$PJ4,$PQ4,$PX4,$QE4,$QL4,$QS4,$QZ4,$RG4,$RN4,$RU4,$SB4,$SI4,$SP4,$SW4,$TD4,$TK4,$TR4,$TY4,$UF4,$UM4,$UT4,$VA4,$VH4,$VO4) -> 0 | VV4: =MIN($G4,$N4,$U4,$AB4,$AI4,$AP4,$AW4,$BD4,$BK4,$BR4,$BY4,$CF4,$CM4,$CT4,$DA4,$DH4,$DO4,$DV4,$EC4,$EJ4,$EQ4,$EX4,$FE4,$FL4,$FS4,$FZ4,$GG4,$GN4,$GU4,$HB4,$HI4,$HP4,$HW4,$ID4,$IK4,$IR4,$IY4,$JF4,$JM4,$JT4,$KA4,$KH4,$KO4,$KV4,$LC4,$LJ4,$LQ4,$LX4,$ME4,$ML4,$MS4,$MZ4,$NG4,$NN4,$NU4,$OB4,$OI4,$OP4,$OW4,$PD4,$PK4,$PR4,$PY4,$QF4,$QM4,$QT4,$RA4,$RH4,$RO4,$RV4,$SC4,$SJ4,$SQ4,$SX4,$TE4,$TL4,$TS4,$TZ4,$UG4,$UN4,$UU4,$VB4,$VI4,$VP4) -> 0 | VW4: =MIN($H4,$O4,$V4,$AC4,$AJ4,$AQ4,$AX4,$BE4,$BL4,$BS4,$BZ4,$CG4,$CN4,$CU4,$DB4,$DI4,$DP4,$DW4,$ED4,$EK4,$ER4,$EY4,$FF4,$FM4,$FT4,$GA4,$GH4,$GO4,$GV4,$HC4,$HJ4,$HQ4,$HX4,$IE4,$IL4,$IS4,$IZ4,$JG4,$JN4,$JU4,$KB4,$KI4,$KP4,$KW4,$LD4,$LK4,$LR4,$LY4,$MF4,$MM4,$MT4,$NA4,$NH4,$NO4,$NV4,$OC4,$OJ4,$OQ4,$OX4,$PE4,$PL4,$PS4,$PZ4,$QG4,$QN4,$QU4,$RB4,$RI4,$RP4,$RW4,$SD4,$SK4,$SR4,$SY4,$TF4,$TM4,$TT4,$UA4,$UH4,$UO4,$UV4,$VC4,$VJ4,$VQ4) -> 0 | VX4: =MEDIAN($B4,$I4,$P4,$W4,$AD4,$AK4,$AR4,$AY4,$BF4,$BM4,$BT4,$CA4,$CH4,$CO4,$CV4,$DC4,$DJ4,$DQ4,$DX4,$EE4,$EL4,$ES4,$EZ4,$FG4,$FN4,$FU4,$GB4,$GI4,$GP4,$GW4,$HD4,$HK4,$HR4,$HY4,$IF4,$IM4,$IT4,$JA4,$JH4,$JO4,$JV4,$KC4,$KJ4,$KQ4,$KX4,$LE4,$LL4,$LS4,$LZ4,$MG4,$MN4,$MU4,$NB4,$NI4,$NP4,$NW4,$OD4,$OK4,$OR4,$OY4,$PF4,$PM4,$PT4,$QA4,$QH4,$QO4,$QV4,$RC4,$RJ4,$RQ4,$RX4,$SE4,$SL4,$SS4,$SZ4,$TG4,$TN4,$TU4,$UB4,$UI4,$UP4,$UW4,$VD4,$VK4) -> 0 | VY4: =MEDIAN($C4,$J4,$Q4,$X4,$AE4,$AL4,$AS4,$AZ4,$BG4,$BN4,$BU4,$CB4,$CI4,$CP4,$CW4,$DD4,$DK4,$DR4,$DY4,$EF4,$EM4,$ET4,$FA4,$FH4,$FO4,$FV4,$GC4,$GJ4,$GQ4,$GX4,$HE4,$HL4,$HS4,$HZ4,$IG4,$IN4,$IU4,$JB4,$JI4,$JP4,$JW4,$KD4,$KK4,$KR4,$KY4,$LF4,$LM4,$LT4,$MA4,$MH4,$MO4,$MV4,$NC4,$NJ4,$NQ4,$NX4,$OE4,$OL4,$OS4,$OZ4,$PG4,$PN4,$PU4,$QB4,$QI4,$QP4,$QW4,$RD4,$RK4,$RR4,$RY4,$SF4,$SM4,$ST4,$TA4,$TH4,$TO4,$TV4,$UC4,$UJ4,$UQ4,$UX4,$VE4,$VL4) -> 0 | VZ4: =MEDIAN($E4,$L4,$S4,$Z4,$AG4,$AN4,$AU4,$BB4,$BI4,$BP4,$BW4,$CD4,$CK4,$CR4,$CY4,$DF4,$DM4,$DT4,$EA4,$EH4,$EO4,$EV4,$FC4,$FJ4,$FQ4,$FX4,$GE4,$GL4,$GS4,$GZ4,$HG4,$HN4,$HU4,$IB4,$II4,$IP4,$IW4,$JD4,$JK4,$JR4,$JY4,$KF4,$KM4,$KT4,$LA4,$LH4,$LO4,$LV4,$MC4,$MJ4,$MQ4,$MX4,$NE4,$NL4,$NS4,$NZ4,$OG4,$ON4,$OU4,$PB4,$PI4,$PP4,$PW4,$QD4,$QK4,$QR4,$QY4,$RF4,$RM4,$RT4,$SA4,$SH4,$SO4,$SV4,$TC4,$TJ4,$TQ4,$TX4,$UE4,$UL4,$US4,$UZ4,$VG4,$VN4) -> 0 | WA4: =MEDIAN($F4,$M4,$T4,$AA4,$AH4,$AO4,$AV4,$BC4,$BJ4,$BQ4,$BX4,$CE4,$CL4,$CS4,$CZ4,$DG4,$DN4,$DU4,$EB4,$EI4,$EP4,$EW4,$FD4,$FK4,$FR4,$FY4,$GF4,$GM4,$GT4,$HA4,$HH4,$HO4,$HV4,$IC4,$IJ4,$IQ4,$IX4,$JE4,$JL4,$JS4,$JZ4,$KG4,$KN4,$KU4,$LB4,$LI4,$LP4,$LW4,$MD4,$MK4,$MR4,$MY4,$NF4,$NM4,$NT4,$OA4,$OH4,$OO4,$OV4,$PC4,$PJ4,$PQ4,$PX4,$QE4,$QL4,$QS4,$QZ4,$RG4,$RN4,$RU4,$SB4,$SI4,$SP4,$SW4,$TD4,$TK4,$TR4,$TY4,$UF4,$UM4,$UT4,$VA4,$VH4,$VO4) -> 0 | WB4: =MEDIAN($G4,$N4,$U4,$AB4,$AI4,$AP4,$AW4,$BD4,$BK4,$BR4,$BY4,$CF4,$CM4,$CT4,$DA4,$DH4,$DO4,$DV4,$EC4,$EJ4,$EQ4,$EX4,$FE4,$FL4,$FS4,$FZ4,$GG4,$GN4,$GU4,$HB4,$HI4,$HP4,$HW4,$ID4,$IK4,$IR4,$IY4,$JF4,$JM4,$JT4,$KA4,$KH4,$KO4,$KV4,$LC4,$LJ4,$LQ4,$LX4,$ME4,$ML4,$MS4,$MZ4,$NG4,$NN4,$NU4,$OB4,$OI4,$OP4,$OW4,$PD4,$PK4,$PR4,$PY4,$QF4,$QM4,$QT4,$RA4,$RH4,$RO4,$RV4,$SC4,$SJ4,$SQ4,$SX4,$TE4,$TL4,$TS4,$TZ4,$UG4,$UN4,$UU4,$VB4,$VI4,$VP4) -> 0 | WC4: =MEDIAN($H4,$O4,$V4,$AC4,$AJ4,$AQ4,$AX4,$BE4,$BL4,$BS4,$BZ4,$CG4,$CN4,$CU4,$DB4,$DI4,$DP4,$DW4,$ED4,$EK4,$ER4,$EY4,$FF4,$FM4,$FT4,$GA4,$GH4,$GO4,$GV4,$HC4,$HJ4,$HQ4,$HX4,$IE4,$IL4,$IS4,$IZ4,$JG4,$JN4,$JU4,$KB4,$KI4,$KP4,$KW4,$LD4,$LK4,$LR4,$LY4,$MF4,$MM4,$MT4,$NA4,$NH4,$NO4,$NV4,$OC4,$OJ4,$OQ4,$OX4,$PE4,$PL4,$PS4,$PZ4,$QG4,$QN4,$QU4,$RB4,$RI4,$RP4,$RW4,$SD4,$SK4,$SR4,$SY4,$TF4,$TM4,$TT4,$UA4,$UH4,$UO4,$UV4,$VC4,$VJ4,$VQ4) -> 0 | WD4: =MAX($B4,$I4,$P4,$W4,$AD4,$AK4,$AR4,$AY4,$BF4,$BM4,$BT4,$CA4,$CH4,$CO4,$CV4,$DC4,$DJ4,$DQ4,$DX4,$EE4,$EL4,$ES4,$EZ4,$FG4,$FN4,$FU4,$GB4,$GI4,$GP4,$GW4,$HD4,$HK4,$HR4,$HY4,$IF4,$IM4,$IT4,$JA4,$JH4,$JO4,$JV4,$KC4,$KJ4,$KQ4,$KX4,$LE4,$LL4,$LS4,$LZ4,$MG4,$MN4,$MU4,$NB4,$NI4,$NP4,$NW4,$OD4,$OK4,$OR4,$OY4,$PF4,$PM4,$PT4,$QA4,$QH4,$QO4,$QV4,$RC4,$RJ4,$RQ4,$RX4,$SE4,$SL4,$SS4,$SZ4,$TG4,$TN4,$TU4,$UB4,$UI4,$UP4,$UW4,$VD4,$VK4) -> 0 | WE4: =MAX($C4,$J4,$Q4,$X4,$AE4,$AL4,$AS4,$AZ4,$BG4,$BN4,$BU4,$CB4,$CI4,$CP4,$CW4,$DD4,$DK4,$DR4,$DY4,$EF4,$EM4,$ET4,$FA4,$FH4,$FO4,$FV4,$GC4,$GJ4,$GQ4,$GX4,$HE4,$HL4,$HS4,$HZ4,$IG4,$IN4,$IU4,$JB4,$JI4,$JP4,$JW4,$KD4,$KK4,$KR4,$KY4,$LF4,$LM4,$LT4,$MA4,$MH4,$MO4,$MV4,$NC4,$NJ4,$NQ4,$NX4,$OE4,$OL4,$OS4,$OZ4,$PG4,$PN4,$PU4,$QB4,$QI4,$QP4,$QW4,$RD4,$RK4,$RR4,$RY4,$SF4,$SM4,$ST4,$TA4,$TH4,$TO4,$TV4,$UC4,$UJ4,$UQ4,$UX4,$VE4,$VL4) -> 0 | WF4: =MAX($E4,$L4,$S4,$Z4,$AG4,$AN4,$AU4,$BB4,$BI4,$BP4,$BW4,$CD4,$CK4,$CR4,$CY4,$DF4,$DM4,$DT4,$EA4,$EH4,$EO4,$EV4,$FC4,$FJ4,$FQ4,$FX4,$GE4,$GL4,$GS4,$GZ4,$HG4,$HN4,$HU4,$IB4,$II4,$IP4,$IW4,$JD4,$JK4,$JR4,$JY4,$KF4,$KM4,$KT4,$LA4,$LH4,$LO4,$LV4,$MC4,$MJ4,$MQ4,$MX4,$NE4,$NL4,$NS4,$NZ4,$OG4,$ON4,$OU4,$PB4,$PI4,$PP4,$PW4,$QD4,$QK4,$QR4,$QY4,$RF4,$RM4,$RT4,$SA4,$SH4,$SO4,$SV4,$TC4,$TJ4,$TQ4,$TX4,$UE4,$UL4,$US4,$UZ4,$VG4,$VN4) -> 0 | WG4: =MAX($F4,$M4,$T4,$AA4,$AH4,$AO4,$AV4,$BC4,$BJ4,$BQ4,$BX4,$CE4,$CL4,$CS4,$CZ4,$DG4,$DN4,$DU4,$EB4,$EI4,$EP4,$EW4,$FD4,$FK4,$FR4,$FY4,$GF4,$GM4,$GT4,$HA4,$HH4,$HO4,$HV4,$IC4,$IJ4,$IQ4,$IX4,$JE4,$JL4,$JS4,$JZ4,$KG4,$KN4,$KU4,$LB4,$LI4,$LP4,$LW4,$MD4,$MK4,$MR4,$MY4,$NF4,$NM4,$NT4,$OA4,$OH4,$OO4,$OV4,$PC4,$PJ4,$PQ4,$PX4,$QE4,$QL4,$QS4,$QZ4,$RG4,$RN4,$RU4,$SB4,$SI4,$SP4,$SW4,$TD4,$TK4,$TR4,$TY4,$UF4,$UM4,$UT4,$VA4,$VH4,$VO4) -> 0 | WH4: =MAX($G4,$N4,$U4,$AB4,$AI4,$AP4,$AW4,$BD4,$BK4,$BR4,$BY4,$CF4,$CM4,$CT4,$DA4,$DH4,$DO4,$DV4,$EC4,$EJ4,$EQ4,$EX4,$FE4,$FL4,$FS4,$FZ4,$GG4,$GN4,$GU4,$HB4,$HI4,$HP4,$HW4,$ID4,$IK4,$IR4,$IY4,$JF4,$JM4,$JT4,$KA4,$KH4,$KO4,$KV4,$LC4,$LJ4,$LQ4,$LX4,$ME4,$ML4,$MS4,$MZ4,$NG4,$NN4,$NU4,$OB4,$OI4,$OP4,$OW4,$PD4,$PK4,$PR4,$PY4,$QF4,$QM4,$QT4,$RA4,$RH4,$RO4,$RV4,$SC4,$SJ4,$SQ4,$SX4,$TE4,$TL4,$TS4,$TZ4,$UG4,$UN4,$UU4,$VB4,$VI4,$VP4) -> 0 | WI4: =MAX($H4,$O4,$V4,$AC4,$AJ4,$AQ4,$AX4,$BE4,$BL4,$BS4,$BZ4,$CG4,$CN4,$CU4,$DB4,$DI4,$DP4,$DW4,$ED4,$EK4,$ER4,$EY4,$FF4,$FM4,$FT4,$GA4,$GH4,$GO4,$GV4,$HC4,$HJ4,$HQ4,$HX4,$IE4,$IL4,$IS4,$IZ4,$JG4,$JN4,$JU4,$KB4,$KI4,$KP4,$KW4,$LD4,$LK4,$LR4,$LY4,$MF4,$MM4,$MT4,$NA4,$NH4,$NO4,$NV4,$OC4,$OJ4,$OQ4,$OX4,$PE4,$PL4,$PS4,$PZ4,$QG4,$QN4,$QU4,$RB4,$RI4,$RP4,$RW4,$SD4,$SK4,$SR4,$SY4,$TF4,$TM4,$TT4,$UA4,$UH4,$UO4,$UV4,$VC4,$VJ4,$VQ4) -> 0
A5: instances/warehouse_x8_y8_a3 | B5: 1200 | C5: 1176.36 | D5: UNKNOWN | E5: 9094947 | F5: 1199.14 | G5: 0 | H5: 0 | I5: 1200 | O5: 0 | P5: 1200 | Q5: 1192.99 | R5: UNKNOWN | S5: 989367 | T5: 1199.124 | U5: 0 | V5: 0 | W5: 1200 | X5: 1188.88 | Y5: UNKNOWN | Z5: 2301247 | AA5: 1199.132 | AB5: 0 | AC5: 0 | AD5: 1200 | AJ5: 0 | AK5: 1200 | AQ5: 0 | AR5: 1200 | AX5: 0 | AY5: 1200 | BE5: 0 | BF5: 1200 | BL5: 0 | BM5: 1200 | BS5: 0 | BT5: 1200 | BZ5: 0 | CA5: 1200 | CG5: 0 | CH5: 1200 | CN5: 0 | CO5: 1200 | CU5: 0 | CV5: 1200 | DB5: 0 | DC5: 1200 | DI5: 0 | DJ5: 1200 | DP5: 0 | DQ5: 821.73 | DR5: 387.81 | DS5: SATISFIABLE | DT5: 101111277 | DU5: 819.113 | DV5: 387.59 | DW5: 0 | DX5: 1200 | ED5: 0 | EE5: 1200 | EK5: 0 | EL5: 662.86 | EM5: 351.4 | EN5: SATISFIABLE | EO5: 49523672 | EP5: 660.562 | EQ5: 351.31 | ER5: 0 | ES5: 1200 | EY5: 0 | EZ5: 10.74 | FA5: 0 | FB5: UNSATISFIABLE | FC5: 5657598 | FD5: 9.208 | FE5: 0 | FF5: 0 | FG5: 404.71 | FH5: 184.6 | FI5: SATISFIABLE | FJ5: 8747472 | FK5: 402.597 | FL5: 184.58 | FM5: 0 | FN5: 1200 | FT5: 0 | FU5: 1200 | GA5: 0 | GB5: 1200 | GH5: 0 | GI5: 1200 | GO5: 0 | GP5: 1200 | GV5: 0 | GW5: 1200 | HC5: 0 | HD5: 1200 | HJ5: 0 | HK5: 1200 | HQ5: 0 | HR5: 1200 | HX5: 0 | HY5: 1200 | IE5: 0 | IF5: 1200 | IL5: 0 | IM5: 1200 | IS5: 0 | IT5: 145.51 | IU5: 113.56 | IV5: SATISFIABLE | IW5: 959494 | IX5: 144.133 | IY5: 113.54 | IZ5: 0 | JA5: 107.81 | JB5: 77.08 | JC5: SATISFIABLE | JD5: 959494 | JE5: 106.372 | JF5: 77.07 | JG5: 0 | JH5: 1200 | JN5: 0 | JO5: 1200 | JU5: 0 | JV5: 96.34 | JW5: 41.96 | JX5: SATISFIABLE | JY5: 1262189 | JZ5: 94.727 | KA5: 41.94 | KB5: 0 | KC5: 159.99 | KD5: 96.48 | KE5: SATISFIABLE | KF5: 1262189 | KG5: 158.235 | KH5: 96.45 | KI5: 0 | KJ5: 67.76 | KK5: 3.5 | KL5: SATISFIABLE | KM5: 1262189 | KN5: 66.08 | KO5: 3.49 | KP5: 0 | KQ5: 99.83 | KR5: 37.24 | KS5: SATISFIABLE | KT5: 1262189 | KU5: 98.069 | KV5: 37.22 | KW5: 0 | KX5: 1200 | LD5: 0 | LE5: 1200 | LK5: 0 | LL5: 119.97 | LM5: 0 | LN5: UNSATISFIABLE | LO5: 3209918 | LP5: 118.037 | LQ5: 0 | LR5: 0 | LS5: 146.38 | LT5: 27 | LU5: SATISFIABLE | LV5: 1604959 | LW5: 144.627 | LX5: 26.98 | LY5: 0 | LZ5: 1200 | MF5: 0 | MG5: 1200 | MM5: 0 | MN5: 1200 | MT5: 0 | MU5: 1200 | NA5: 0 | NB5: 1200 | NH5: 0 | NI5: 1200 | NO5: 0 | NP5: 1200 | NV5: 0 | NW5: 1200 | OC5: 0 | OD5: 199.5 | OE5: 191.83 | OF5: SATISFIABLE | OG5: 474329 | OH5: 198.374 | OI5: 191.82 | OJ5: 0 | OK5: 194.75 | OL5: 187.84 | OM5: SATISFIABLE | ON5: 474329 | OO5: 193.715 | OP5: 187.84 | OQ5: 0 | OR5: 1200 | OX5: 0 | OY5: 174.27 | OZ5: 166.49 | PA5: SATISFIABLE | PB5: 474329 | PC5: 173.014 | PD5: 166.48 | PE5: 0 | PF5: 107.91 | PG5: 92.45 | PH5: SATISFIABLE | PI5: 696874 | PJ5: 106.631 | PK5: 92.44 | PL5: 0 | PM5: 113.04 | PN5: 96.22 | PO5: SATISFIABLE | PP5: 696874 | PQ5: 111.679 | PR5: 96.21 | PS5: 0 | PT5: 46.18 | PU5: 30.11 | PV5: SATISFIABLE | PW5: 696874 | PX5: 44.826 | PY5: 30.1 | PZ5: 0 | QA5: 95.05 | QB5: 77.03 | QC5: SATISFIABLE | QD5: 696874 | QE5: 93.669 | QF5: 77.02 | QG5: 0 | QH5: 356.7 | QI5: 328.45 | QJ5: SATISFIABLE | QK5: 959494 | QL5: 355.148 | QM5: 328.44 | QN5: 0 | QO5: 410.98 | QP5: 383.1 | QQ5: SATISFIABLE | QR5: 959494 | QS5: 409.663 | QT5: 383.04 | QU5: 0 | QV5: 34.99 | QW5: 8.53 | QX5: SATISFIABLE | QY5: 959494 | QZ5: 33.49 | RA5: 8.51 | RB5: 0 | RC5: 68.07 | RD5: 38.39 | RE5: SATISFIABLE | RF5: 959494 | RG5: 66.598 | RH5: 38.38 | RI5: 0 | RJ5: 1200 | RP5: 0 | RQ5: 1200 | RW5: 0 | RX5: 1200 | SD5: 0 | SE5: 1200 | SK5: 0 | SL5: 1200 | SR5: 0 | SS5: 1200 | SY5: 0 | SZ5: 1200 | TF5: 0 | TG5: 1200 | TM5: 0 | TN5: 149.35 | TO5: 18.49 | TP5: SATISFIABLE | TQ5: 1987804 | TR5: 147.476 | TS5: 18.48 | TT5: 0 | TU5: 181.15 | TV5: 48.15 | TW5: SATISFIABLE | TX5: 1987804 | TY5: 179.171 | TZ5: 48.14 | UA5: 0 | UB5: 134.95 | UC5: 0 | UD5: UNSATISFIABLE | UE5: 1987804 | UF5: 133.002 | UG5: 0 | UH5: 0 | UI5: 154.22 | UJ5: 23 | UK5: SATISFIABLE | UL5: 1987804 | UM5: 152.305 | UN5: 22.98 | UO5: 0 | UP5: 301.55 | UQ5: 34.36 | UR5: SATISFIABLE | US5: 2410724 | UT5: 299.663 | UU5: 34.35 | UV5: 0 | UW5: 343.61 | UX5: 74.57 | UY5: SATISFIABLE | UZ5: 2410724 | VA5: 341.645 | VB5: 74.55 | VC5: 0 | VD5: 280.45 | VE5: 0 | VF5: UNSATISFIABLE | VG5: 2410724 | VH5: 278.195 | VI5: 0 | VJ5: 0 | VK5: 547.16 | VL5: 278.77 | VM5: SATISFIABLE | VN5: 2410724 | VO5: 545.321 | VP5: 278.75 | VQ5: 0 | VR5: =MIN($B5,$I5,$P5,$W5,$AD5,$AK5,$AR5,$AY5,$BF5,$BM5,$BT5,$CA5,$CH5,$CO5,$CV5,$DC5,$DJ5,$DQ5,$DX5,$EE5,$EL5,$ES5,$EZ5,$FG5,$FN5,$FU5,$GB5,$GI5,$GP5,$GW5,$HD5,$HK5,$HR5,$HY5,$IF5,$IM5,$IT5,$JA5,$JH5,$JO5,$JV5,$KC5,$KJ5,$KQ5,$KX5,$LE5,$LL5,$LS5,$LZ5,$MG5,$MN5,$MU5,$NB5,$NI5,$NP5,$NW5,$OD5,$OK5,$OR5,$OY5,$PF5,$PM5,$PT5,$QA5,$QH5,$QO5,$QV5,$RC5,$RJ5,$RQ5,$RX5,$SE5,$SL5,$SS5,$SZ5,$TG5,$TN5,$TU5,$UB5,$UI5,$UP5,$UW5,$VD5,$VK5) -> 0 | VS5: =MIN($C5,$J5,$Q5,$X5,$AE5,$AL5,$AS5,$AZ5,$BG5,$BN5,$BU5,$CB5,$CI5,$CP5,$CW5,$DD5,$DK5,$DR5,$DY5,$EF5,$EM5,$ET5,$FA5,$FH5,$FO5,$FV5,$GC5,$GJ5,$GQ5,$GX5,$HE5,$HL5,$HS5,$HZ5,$IG5,$IN5,$IU5,$JB5,$JI5,$JP5,$JW5,$KD5,$KK5,$KR5,$KY5,$LF5,$LM5,$LT5,$MA5,$MH5,$MO5,$MV5,$NC5,$NJ5,$NQ5,$NX5,$OE5,$OL5,$OS5,$OZ5,$PG5,$PN5,$PU5,$QB5,$QI5,$QP5,$QW5,$RD5,$RK5,$RR5,$RY5,$SF5,$SM5,$ST5,$TA5,$TH5,$TO5,$TV5,$UC5,$UJ5,$UQ5,$UX5,$VE5,$VL5) -> 0 | VT5: =MIN($E5,$L5,$S5,$Z5,$AG5,$AN5,$AU5,$BB5,$BI5,$BP5,$BW5,$CD5,$CK5,$CR5,$CY5,$DF5,$DM5,$DT5,$EA5,$EH5,$EO5,$EV5,$FC5,$FJ5,$FQ5,$FX5,$GE5,$GL5,$GS5,$GZ5,$HG5,$HN5,$HU5,$IB5,$II5,$IP5,$IW5,$JD5,$JK5,$JR5,$JY5,$KF5,$KM5,$KT5,$LA5,$LH5,$LO5,$LV5,$MC5,$MJ5,$MQ5,$MX5,$NE5,$NL5,$NS5,$NZ5,$OG5,$ON5,$OU5,$PB5,$PI5,$PP5,$PW5,$QD5,$QK5,$QR5,$QY5,$RF5,$RM5,$RT5,$SA5,$SH5,$SO5,$SV5,$TC5,$TJ5,$TQ5,$TX5,$UE5,$UL5,$US5,$UZ5,$VG5,$VN5) -> 0 | VU5: =MIN($F5,$M5,$T5,$AA5,$AH5,$AO5,$AV5,$BC5,$BJ5,$BQ5,$BX5,$CE5,$CL5,$CS5,$CZ5,$DG5,$DN5,$DU5,$EB5,$EI5,$EP5,$EW5,$FD5,$FK5,$FR5,$FY5,$GF5,$GM5,$GT5,$HA5,$HH5,$HO5,$HV5,$IC5,$IJ5,$IQ5,$IX5,$JE5,$JL5,$JS5,$JZ5,$KG5,$KN5,$KU5,$LB5,$LI5,$LP5,$LW5,$MD5,$MK5,$MR5,$MY5,$NF5,$NM5,$NT5,$OA5,$OH5,$OO5,$OV5,$PC5,$PJ5,$PQ5,$PX5,$QE5,$QL5,$QS5,$QZ5,$RG5,$RN5,$RU5,$SB5,$SI5,$SP5,$SW5,$TD5,$TK5,$TR5,$TY5,$UF5,$UM5,$UT5,$VA5,$VH5,$VO5) -> 0 | VV5: =MIN($G5,$N5,$U5,$AB5,$AI5,$AP5,$AW5,$BD5,$BK5,$BR5,$BY5,$CF5,$CM5,$CT5,$DA5,$DH5,$DO5,$DV5,$EC5,$EJ5,$EQ5,$EX5,$FE5,$FL5,$FS5,$FZ5,$GG5,$GN5,$GU5,$HB5,$HI5,$HP5,$HW5,$ID5,$IK5,$IR5,$IY5,$JF5,$JM5,$JT5,$KA5,$KH5,$KO5,$KV5,$LC5,$LJ5,$LQ5,$LX5,$ME5,$ML5,$MS5,$MZ5,$NG5,$NN5,$NU5,$OB5,$OI5,$OP5,$OW5,$PD5,$PK5,$PR5,$PY5,$QF5,$QM5,$QT5,$RA5,$RH5,$RO5,$RV5,$SC5,$SJ5,$SQ5,$SX5,$TE5,$TL5,$TS5,$TZ5,$UG5,$UN5,$UU5,$VB5,$VI5,$VP5) -> 0 | VW5: =MIN($H5,$O5,$V5,$AC5,$AJ5,$AQ5,$AX5,$BE5,$BL5,$BS5,$BZ5,$CG5,$CN5,$CU5,$DB5,$DI5,$DP5,$DW5,$ED5,$EK5,$ER5,$EY5,$FF5,$FM5,$FT5,$GA5,$GH5,$GO5,$GV5,$HC5,$HJ5,$HQ5,$HX5,$IE5,$IL5,$IS5,$IZ5,$JG5,$JN5,$JU5,$KB5,$KI5,$KP5,$KW5,$LD5,$LK5,$LR5,$LY5,$MF5,$MM5,$MT5,$NA5,$NH5,$NO5,$NV5,$OC5,$OJ5,$OQ5,$OX5,$PE5,$PL5,$PS5,$PZ5,$QG5,$QN5,$QU5,$RB5,$RI5,$RP5,$RW5,$SD5,$SK5,$SR5,$SY5,$TF5,$TM5,$TT5,$UA5,$UH5,$UO5,$UV5,$VC5,$VJ5,$VQ5) -> 0 | VX5: =MEDIAN($B5,$I5,$P5,$W5,$AD5,$AK5,$AR5,$AY5,$BF5,$BM5,$BT5,$CA5,$CH5,$CO5,$CV5,$DC5,$DJ5,$DQ5,$DX5,$EE5,$EL5,$ES5,$EZ5,$FG5,$FN5,$FU5,$GB5,$GI5,$GP5,$GW5,$HD5,$HK5,$HR5,$HY5,$IF5,$IM5,$IT5,$JA5,$JH5,$JO5,$JV5,$KC5,$KJ5,$KQ5,$KX5,$LE5,$LL5,$LS5,$LZ5,$MG5,$MN5,$MU5,$NB5,$NI5,$NP5,$NW5,$OD5,$OK5,$OR5,$OY5,$PF5,$PM5,$PT5,$QA5,$QH5,$QO5,$QV5,$RC5,$RJ5,$RQ5,$RX5,$SE5,$SL5,$SS5,$SZ5,$TG5,$TN5,$TU5,$UB5,$UI5,$UP5,$UW5,$VD5,$VK5) -> 0 | VY5: =MEDIAN($C5,$J5,$Q5,$X5,$AE5,$AL5,$AS5,$AZ5,$BG5,$BN5,$BU5,$CB5,$CI5,$CP5,$CW5,$DD5,$DK5,$DR5,$DY5,$EF5,$EM5,$ET5,$FA5,$FH5,$FO5,$FV5,$GC5,$GJ5,$GQ5,$GX5,$HE5,$HL5,$HS5,$HZ5,$IG5,$IN5,$IU5,$JB5,$JI5,$JP5,$JW5,$KD5,$KK5,$KR5,$KY5,$LF5,$LM5,$LT5,$MA5,$MH5,$MO5,$MV5,$NC5,$NJ5,$NQ5,$NX5,$OE5,$OL5,$OS5,$OZ5,$PG5,$PN5,$PU5,$QB5,$QI5,$QP5,$QW5,$RD5,$RK5,$RR5,$RY5,$SF5,$SM5,$ST5,$TA5,$TH5,$TO5,$TV5,$UC5,$UJ5,$UQ5,$UX5,$VE5,$VL5) -> 0 | VZ5: =MEDIAN($E5,$L5,$S5,$Z5,$AG5,$AN5,$AU5,$BB5,$BI5,$BP5,$BW5,$CD5,$CK5,$CR5,$CY5,$DF5,$DM5,$DT5,$EA5,$EH5,$EO5,$EV5,$FC5,$FJ5,$FQ5,$FX5,$GE5,$GL5,$GS5,$GZ5,$HG5,$HN5,$HU5,$IB5,$II5,$IP5,$IW5,$JD5,$JK5,$JR5,$JY5,$KF5,$KM5,$KT5,$LA5,$LH5,$LO5,$LV5,$MC5,$MJ5,$MQ5,$MX5,$NE5,$NL5,$NS5,$NZ5,$OG5,$ON5,$OU5,$PB5,$PI5,$PP5,$PW5,$QD5,$QK5,$QR5,$QY5,$RF5,$RM5,$RT5,$SA5,$SH5,$SO5,$SV5,$TC5,$TJ5,$TQ5,$TX5,$UE5,$UL5,$US5,$UZ5,$VG5,$VN5) -> 0 | WA5: =MEDIAN($F5,$M5,$T5,$AA5,$AH5,$AO5,$AV5,$BC5,$BJ5,$BQ5,$BX5,$CE5,$CL5,$CS5,$CZ5,$DG5,$DN5,$DU5,$EB5,$EI5,$EP5,$EW5,$FD5,$FK5,$FR5,$FY5,$GF5,$GM5,$GT5,$HA5,$HH5,$HO5,$HV5,$IC5,$IJ5,$IQ5,$IX5,$JE5,$JL5,$JS5,$JZ5,$KG5,$KN5,$KU5,$LB5,$LI5,$LP5,$LW5,$MD5,$MK5,$MR5,$MY5,$NF5,$NM5,$NT5,$OA5,$OH5,$OO5,$OV5,$PC5,$PJ5,$PQ5,$PX5,$QE5,$QL5,$QS5,$QZ5,$RG5,$RN5,$RU5,$SB5,$SI5,$SP5,$SW5,$TD5,$TK5,$TR5,$TY5,$UF5,$UM5,$UT5,$VA5,$VH5,$VO5) -> 0 | WB5: =MEDIAN($G5,$N5,$U5,$AB5,$AI5,$AP5,$AW5,$BD5,$BK5,$BR5,$BY5,$CF5,$CM5,$CT5,$DA5,$DH5,$DO5,$DV5,$EC5,$EJ5,$EQ5,$EX5,$FE5,$FL5,$FS5,$FZ5,$GG5,$GN5,$GU5,$HB5,$HI5,$HP5,$HW5,$ID5,$IK5,$IR5,$IY5,$JF5,$JM5,$JT5,$KA5,$KH5,$KO5,$KV5,$LC5,$LJ5,$LQ5,$LX5,$ME5,$ML5,$MS5,$MZ5,$NG5,$NN5,$NU5,$OB5,$OI5,$OP5,$OW5,$PD5,$PK5,$PR5,$PY5,$QF5,$QM5,$QT5,$RA5,$RH5,$RO5,$RV5,$SC5,$SJ5,$SQ5,$SX5,$TE5,$TL5,$TS5,$TZ5,$UG5,$UN5,$UU5,$VB5,$VI5,$VP5) -> 0 | WC5: =MEDIAN($H5,$O5,$V5,$AC5,$AJ5,$AQ5,$AX5,$BE5,$BL5,$BS5,$BZ5,$CG5,$CN5,$CU5,$DB5,$DI5,$DP5,$DW5,$ED5,$EK5,$ER5,$EY5,$FF5,$FM5,$FT5,$GA5,$GH5,$GO5,$GV5,$HC5,$HJ5,$HQ5,$HX5,$IE5,$IL5,$IS5,$IZ5,$JG5,$JN5,$JU5,$KB5,$KI5,$KP5,$KW5,$LD5,$LK5,$LR5,$LY5,$MF5,$MM5,$MT5,$NA5,$NH5,$NO5,$NV5,$OC5,$OJ5,$OQ5,$OX5,$PE5,$PL5,$PS5,$PZ5,$QG5,$QN5,$QU5,$RB5,$RI5,$RP5,$RW5,$SD5,$SK5,$SR5,$SY5,$TF5,$TM5,$TT5,$UA5,$UH5,$UO5,$UV5,$VC5,$VJ5,$VQ5) -> 0 | WD5: =MAX($B5,$I5,$P5,$W5,$AD5,$AK5,$AR5,$AY5,$BF5,$BM5,$BT5,$CA5,$CH5,$CO5,$CV5,$DC5,$DJ5,$DQ5,$DX5,$EE5,$EL5,$ES5,$EZ5,$FG5,$FN5,$FU5,$GB5,$GI5,$GP5,$GW5,$HD5,$HK5,$HR5,$HY5,$IF5,$IM5,$IT5,$JA5,$JH5,$JO5,$JV5,$KC5,$KJ5,$KQ5,$KX5,$LE5,$LL5,$LS5,$LZ5,$MG5,$MN5,$MU5,$NB5,$NI5,$NP5,$NW5,$OD5,$OK5,$OR5,$OY5,$PF5,$PM5,$PT5,$QA5,$QH5,$QO5,$QV5,$RC5,$RJ5,$RQ5,$RX5,$SE5,$SL5,$SS5,$SZ5,$TG5,$TN5,$TU5,$UB5,$UI5,$UP5,$UW5,$VD5,$VK5) -> 0 | WE5: =MAX($C5,$J5,$Q5,$X5,$AE5,$AL5,$AS5,$AZ5,$BG5,$BN5,$BU5,$CB5,$CI5,$CP5,$CW5,$DD5,$DK5,$DR5,$DY5,$EF5,$EM5,$ET5,$FA5,$FH5,$FO5,$FV5,$GC5,$GJ5,$GQ5,$GX5,$HE5,$HL5,$HS5,$HZ5,$IG5,$IN5,$IU5,$JB5,$JI5,$JP5,$JW5,$KD5,$KK5,$KR5,$KY5,$LF5,$LM5,$LT5,$MA5,$MH5,$MO5,$MV5,$NC5,$NJ5,$NQ5,$NX5,$OE5,$OL5,$OS5,$OZ5,$PG5,$PN5,$PU5,$QB5,$QI5,$QP5,$QW5,$RD5,$RK5,$RR5,$RY5,$SF5,$SM5,$ST5,$TA5,$TH5,$TO5,$TV5,$UC5,$UJ5,$UQ5,$UX5,$VE5,$VL5) -> 0 | WF5: =MAX($E5,$L5,$S5,$Z5,$AG5,$AN5,$AU5,$BB5,$BI5,$BP5,$BW5,$CD5,$CK5,$CR5,$CY5,$DF5,$DM5,$DT5,$EA5,$EH5,$EO5,$EV5,$FC5,$FJ5,$FQ5,$FX5,$GE5,$GL5,$GS5,$GZ5,$HG5,$HN5,$HU5,$IB5,$II5,$IP5,$IW5,$JD5,$JK5,$JR5,$JY5,$KF5,$KM5,$KT5,$LA5,$LH5,$LO5,$LV5,$MC5,$MJ5,$MQ5,$MX5,$NE5,$NL5,$NS5,$NZ5,$OG5,$ON5,$OU5,$PB5,$PI5,$PP5,$PW5,$QD5,$QK5,$QR5,$QY5,$RF5,$RM5,$RT5,$SA5,$SH5,$SO5,$SV5,$TC5,$TJ5,$TQ5,$TX5,$UE5,$UL5,$US5,$UZ5,$VG5,$VN5) -> 0 | WG5: =MAX($F5,$M5,$T5,$AA5,$AH5,$AO5,$AV5,$BC5,$BJ5,$BQ5,$BX5,$CE5,$CL5,$CS5,$CZ5,$DG5,$DN5,$DU5,$EB5,$EI5,$EP5,$EW5,$FD5,$FK5,$FR5,$FY5,$GF5,$GM5,$GT5,$HA5,$HH5,$HO5,$HV5,$IC5,$IJ5,$IQ5,$IX5,$JE5,$JL5,$JS5,$JZ5,$KG5,$KN5,$KU5,$LB5,$LI5,$LP5,$LW5,$MD5,$MK5,$MR5,$MY5,$NF5,$NM5,$NT5,$OA5,$OH5,$OO5,$OV5,$PC5,$PJ5,$PQ5,$PX5,$QE5,$QL5,$QS5,$QZ5,$RG5,$RN5,$RU5,$SB5,$SI5,$SP5,$SW5,$TD5,$TK5,$TR5,$TY5,$UF5,$UM5,$UT5,$VA5,$VH5,$VO5) -> 0 | WH5: =MAX($G5,$N5,$U5,$AB5,$AI5,$AP5,$AW5,$BD5,$BK5,$BR5,$BY5,$CF5,$CM5,$CT5,$DA5,$DH5,$DO5,$DV5,$EC5,$EJ5,$EQ5,$EX5,$FE5,$FL5,$FS5,$FZ5,$GG5,$GN5,$GU5,$HB5,$HI5,$HP5,$HW5,$ID5,$IK5,$IR5,$IY5,$JF5,$JM5,$JT5,$KA5,$KH5,$KO5,$KV5,$LC5,$LJ5,$LQ5,$LX5,$ME5,$ML5,$MS5,$MZ5,$NG5,$NN5,$NU5,$OB5,$OI5,$OP5,$OW5,$PD5,$PK5,$PR5,$PY5,$QF5,$QM5,$QT5,$RA5,$RH5,$RO5,$RV5,$SC5,$SJ5,$SQ5,$SX5,$TE5,$TL5,$TS5,$TZ5,$UG5,$UN5,$UU5,$VB5,$VI5,$VP5) -> 0 | WI5: =MAX($H5,$O5,$V5,$AC5,$AJ5,$AQ5,$AX5,$BE5,$BL5,$BS5,$BZ5,$CG5,$CN5,$CU5,$DB5,$DI5,$DP5,$DW5,$ED5,$EK5,$ER5,$EY5,$FF5,$FM5,$FT5,$GA5,$GH5,$GO5,$GV5,$HC5,$HJ5,$HQ5,$HX5,$IE5,$IL5,$IS5,$IZ5,$JG5,$JN5,$JU5,$KB5,$KI5,$KP5,$KW5,$LD5,$LK5,$LR5,$LY5,$MF5,$MM5,$MT5,$NA5,$NH5,$NO5,$NV5,$OC5,$OJ5,$OQ5,$OX5,$PE5,$PL5,$PS5,$PZ5,$QG5,$QN5,$QU5,$RB5,$RI5,$RP5,$RW5,$SD5,$SK5,$SR5,$SY5,$TF5,$TM5,$TT5,$UA5,$UH5,$UO5,$UV5,$VC5,$VJ5,$VQ5) -> 0
A7: SUM | B7: =SUM(B$3:B$5) -> 0 | C7: =SUM(C$3:C$5) -> 0 | E7: =SUM(E$3:E$5) -> 0 | F7: =SUM(F$3:F$5) -> 0 | G7: =SUM(G$3:G$5) -> 0 | H7: =SUM(H$3:H$5) -> 0 | I7: =SUM(I$3:I$5) -> 0 | J7: =SUM(J$3:J$5) -> 0 | L7: =SUM(L$3:L$5) -> 0 | M7: =SUM(M$3:M$5) -> 0 | N7: =SUM(N$3:N$5) -> 0 | O7: =SUM(O$3:O$5) -> 0 | P7: =SUM(P$3:P$5) -> 0 | Q7: =SUM(Q$3:Q$5) -> 0 | S7: =SUM(S$3:S$5) -> 0 | T7: =SUM(T$3:T$5) -> 0 | U7: =SUM(U$3:U$5) -> 0 | V7: =SUM(V$3:V$5) -> 0 | W7: =SUM(W$3:W$5) -> 0 | X7: =SUM(X$3:X$5) -> 0 | Z7: =SUM(Z$3:Z$5) -> 0 | AA7: =SUM(AA$3:AA$5) -> 0 | AB7: =SUM(AB$3:AB$5) -> 0 | AC7: =SUM(AC$3:AC$5) -> 0 | AD7: =SUM(AD$3:AD$5) -> 0 | AJ7: =SUM(AJ$3:AJ$5) -> 0 | AK7: =SUM(AK$3:AK$5) -> 0 | AQ7: =SUM(AQ$3:AQ$5) -> 0 | AR7: =SUM(AR$3:AR$5) -> 0 | AX7: =SUM(AX$3:AX$5) -> 0 | AY7: =SUM(AY$3:AY$5) -> 0 | BE7: =SUM(BE$3:BE$5) -> 0 | BF7: =SUM(BF$3:BF$5) -> 0 | BL7: =SUM(BL$3:BL$5) -> 0 | BM7: =SUM(BM$3:BM$5) -> 0 | BS7: =SUM(BS$3:BS$5) -> 0 | BT7: =SUM(BT$3:BT$5) -> 0 | BZ7: =SUM(BZ$3:BZ$5) -> 0 | CA7: =SUM(CA$3:CA$5) -> 0 | CG7: =SUM(CG$3:CG$5) -> 0 | CH7: =SUM(CH$3:CH$5) -> 0 | CN7: =SUM(CN$3:CN$5) -> 0 | CO7: =SUM(CO$3:CO$5) -> 0 | CU7: =SUM(CU$3:CU$5) -> 0 | CV7: =SUM(CV$3:CV$5) -> 0 | DB7: =SUM(DB$3:DB$5) -> 0 | DC7: =SUM(DC$3:DC$5) -> 0 | DI7: =SUM(DI$3:DI$5) -> 0 | DJ7: =SUM(DJ$3:DJ$5) -> 0 | DP7: =SUM(DP$3:DP$5) -> 0 | DQ7: =SUM(DQ$3:DQ$5) -> 0 | DR7: =SUM(DR$3:DR$5) -> 0 | DT7: =SUM(DT$3:DT$5) -> 0 | DU7: =SUM(DU$3:DU$5) -> 0 | DV7: =SUM(DV$3:DV$5) -> 0 | DW7: =SUM(DW$3:DW$5) -> 0 | DX7: =SUM(DX$3:DX$5) -> 0 | ED7: =SUM(ED$3:ED$5) -> 0 | EE7: =SUM(EE$3:EE$5) -> 0 | EK7: =SUM(EK$3:EK$5) -> 0 | EL7: =SUM(EL$3:EL$5) -> 0 | EM7: =SUM(EM$3:EM$5) -> 0 | EO7: =SUM(EO$3:EO$5) -> 0 | EP7: =SUM(EP$3:EP$5) -> 0 | EQ7: =SUM(EQ$3:EQ$5) -> 0 | ER7: =SUM(ER$3:ER$5) -> 0 | ES7: =SUM(ES$3:ES$5) -> 0 | ET7: =SUM(ET$3:ET$5) -> 0 | EV7: =SUM(EV$3:EV$5) -> 0 | EW7: =SUM(EW$3:EW$5) -> 0 | EX7: =SUM(EX$3:EX$5) -> 0 | EY7: =SUM(EY$3:EY$5) -> 0 | EZ7: =SUM(EZ$3:EZ$5) -> 0 | FA7: =SUM(FA$3:FA$5) -> 0 | FC7: =SUM(FC$3:FC$5) -> 0 | FD7: =SUM(FD$3:FD$5) -> 0 | FE7: =SUM(FE$3:FE$5) -> 0 | FF7: =SUM(FF$3:FF$5) -> 0 | FG7: =SUM(FG$3:FG$5) -> 0 | FH7: =SUM(FH$3:FH$5) -> 0 | FJ7: =SUM(FJ$3:FJ$5) -> 0 | FK7: =SUM(FK$3:FK$5) -> 0 | FL7: =SUM(FL$3:FL$5) -> 0 | FM7: =SUM(FM$3:FM$5) -> 0 | FN7: =SUM(FN$3:FN$5) -> 0 | FT7: =SUM(FT$3:FT$5) -> 0 | FU7: =SUM(FU$3:FU$5) -> 0 | GA7: =SUM(GA$3:GA$5) -> 0 | GB7: =SUM(GB$3:GB$5) -> 0 | GH7: =SUM(GH$3:GH$5) -> 0 | GI7: =SUM(GI$3:GI$5) -> 0 | GO7: =SUM(GO$3:GO$5) -> 0 | GP7: =SUM(GP$3:GP$5) -> 0 | GV7: =SUM(GV$3:GV$5) -> 0 | GW7: =SUM(GW$3:GW$5) -> 0 | HC7: =SUM(HC$3:HC$5) -> 0 | HD7: =SUM(HD$3:HD$5) -> 0 | HJ7: =SUM(HJ$3:HJ$5) -> 0 | HK7: =SUM(HK$3:HK$5) -> 0 | HQ7: =SUM(HQ$3:HQ$5) -> 0 | HR7: =SUM(HR$3:HR$5) -> 0 | HX7: =SUM(HX$3:HX$5) -> 0 | HY7: =SUM(HY$3:HY$5) -> 0 | IE7: =SUM(IE$3:IE$5) -> 0 | IF7: =SUM(IF$3:IF$5) -> 0 | IL7: =SUM(IL$3:IL$5) -> 0 | IM7: =SUM(IM$3:IM$5) -> 0 | IS7: =SUM(IS$3:IS$5) -> 0 | IT7: =SUM(IT$3:IT$5) -> 0 | IU7: =SUM(IU$3:IU$5) -> 0 | IW7: =SUM(IW$3:IW$5) -> 0 | IX7: =SUM(IX$3:IX$5) -> 0 | IY7: =SUM(IY$3:IY$5) -> 0 | IZ7: =SUM(IZ$3:IZ$5) -> 0 | JA7: =SUM(JA$3:JA$5) -> 0 | JB7: =SUM(JB$3:JB$5) -> 0 | JD7: =SUM(JD$3:JD$5) -> 0 | JE7: =SUM(JE$3:JE$5) -> 0 | JF7: =SUM(JF$3:JF$5) -> 0 | JG7: =SUM(JG$3:JG$5) -> 0 | JH7: =SUM(JH$3:JH$5) -> 0 | JN7: =SUM(JN$3:JN$5) -> 0 | JO7: =SUM(JO$3:JO$5) -> 0 | JU7: =SUM(JU$3:JU$5) -> 0 | JV7: =SUM(JV$3:JV$5) -> 0 | JW7: =SUM(JW$3:JW$5) -> 0 | JY7: =SUM(JY$3:JY$5) -> 0 | JZ7: =SUM(JZ$3:JZ$5) -> 0 | KA7: =SUM(KA$3:KA$5) -> 0 | KB7: =SUM(KB$3:KB$5) -> 0 | KC7: =SUM(KC$3:KC$5) -> 0 | KD7: =SUM(KD$3:KD$5) -> 0 | KF7: =SUM(KF$3:KF$5) -> 0 | KG7: =SUM(KG$3:KG$5) -> 0 | KH7: =SUM(KH$3:KH$5) -> 0 | KI7: =SUM(KI$3:KI$5) -> 0 | KJ7: =SUM(KJ$3:KJ$5) -> 0 | KK7: =SUM(KK$3:KK$5) -> 0 | KM7: =SUM(KM$3:KM$5) -> 0 | KN7: =SUM(KN$3:KN$5) -> 0 | KO7: =SUM(KO$3:KO$5) -> 0 | KP7: =SUM(KP$3:KP$5) -> 0 | KQ7: =SUM(KQ$3:KQ$5) -> 0 | KR7: =SUM(KR$3:KR$5) -> 0 | KT7: =SUM(KT$3:KT$5) -> 0 | KU7: =SUM(KU$3:KU$5) -> 0 | KV7: =SUM(KV$3:KV$5) -> 0 | KW7: =SUM(KW$3:KW$5) -> 0 | KX7: =SUM(KX$3:KX$5) -> 0 | LD7: =SUM(LD$3:LD$5) -> 0 | LE7: =SUM(LE$3:LE$5) -> 0 | LK7: =SUM(LK$3:LK$5) -> 0 | LL7: =SUM(LL$3:LL$5) -> 0 | LM7: =SUM(LM$3:LM$5) -> 0 | LO7: =SUM(LO$3:LO$5) -> 0 | LP7: =SUM(LP$3:LP$5) -> 0 | LQ7: =SUM(LQ$3:LQ$5) -> 0 | LR7: =SUM(LR$3:LR$5) -> 0 | LS7: =SUM(LS$3:LS$5) -> 0 | LT7: =SUM(LT$3:LT$5) -> 0 | LV7: =SUM(LV$3:LV$5) -> 0 | LW7: =SUM(LW$3:LW$5) -> 0 | LX7: =SUM(LX$3:LX$5) -> 0 | LY7: =SUM(LY$3:LY$5) -> 0 | LZ7: =SUM(LZ$3:LZ$5) -> 0 | MF7: =SUM(MF$3:MF$5) -> 0 | MG7: =SUM(MG$3:MG$5) -> 0 | MM7: =SUM(MM$3:MM$5) -> 0 | MN7: =SUM(MN$3:MN$5) -> 0 | MT7: =SUM(MT$3:MT$5) -> 0 | MU7: =SUM(MU$3:MU$5) -> 0 | NA7: =SUM(NA$3:NA$5) -> 0 | NB7: =SUM(NB$3:NB$5) -> 0 | NH7: =SUM(NH$3:NH$5) -> 0 | NI7: =SUM(NI$3:NI$5) -> 0 | NO7: =SUM(NO$3:NO$5) -> 0 | NP7: =SUM(NP$3:NP$5) -> 0 | NV7: =SUM(NV$3:NV$5) -> 0 | NW7: =SUM(NW$3:NW$5) -> 0 | OC7: =SUM(OC$3:OC$5) -> 0 | OD7: =SUM(OD$3:OD$5) -> 0 | OE7: =SUM(OE$3:OE$5) -> 0 | OG7: =SUM(OG$3:OG$5) -> 0 | OH7: =SUM(OH$3:OH$5) -> 0 | OI7: =SUM(OI$3:OI$5) -> 0 | OJ7: =SUM(OJ$3:OJ$5) -> 0 | OK7: =SUM(OK$3:OK$5) -> 0 | OL7: =SUM(OL$3:OL$5) -> 0 | ON7: =SUM(ON$3:ON$5) -> 0 | OO7: =SUM(OO$3:OO$5) -> 0 | OP7: =SUM(OP$3:OP$5) -> 0 | OQ7: =SUM(OQ$3:OQ$5) -> 0 | OR7: =SUM(OR$3:OR$5) -> 0 | OX7: =SUM(OX$3:OX$5) -> 0 | OY7: =SUM(OY$3:OY$5) -> 0 | OZ7: =SUM(OZ$3:OZ$5) -> 0 | PB7: =SUM(PB$3:PB$5) -> 0 | PC7: =SUM(PC$3:PC$5) -> 0 | PD7: =SUM(PD$3:PD$5) -> 0 | PE7: =SUM(PE$3:PE$5) -> 0 | PF7: =SUM(PF$3:PF$5) -> 0 | PG7: =SUM(PG$3:PG$5) -> 0 | PI7: =SUM(PI$3:PI$5) -> 0 | PJ7: =SUM(PJ$3:PJ$5) -> 0 | PK7: =SUM(PK$3:PK$5) -> 0 | PL7: =SUM(PL$3:PL$5) -> 0 | PM7: =SUM(PM$3:PM$5) -> 0 | PN7: =SUM(PN$3:PN$5) -> 0 | PP7: =SUM(PP$3:PP$5) -> 0 | PQ7: =SUM(PQ$3:PQ$5) -> 0 | PR7: =SUM(PR$3:PR$5) -> 0 | PS7: =SUM(PS$3:PS$5) -> 0 | PT7: =SUM(PT$3:PT$5) -> 0 | PU7: =SUM(PU$3:PU$5) -> 0 | PW7: =SUM(PW$3:PW$5) -> 0 | PX7: =SUM(PX$3:PX$5) -> 0 | PY7: =SUM(PY$3:PY$5) -> 0 | PZ7: =SUM(PZ$3:PZ$5) -> 0 | QA7: =SUM(QA$3:QA$5) -> 0 | QB7: =SUM(QB$3:QB$5) -> 0 | QD7: =SUM(QD$3:QD$5) -> 0 | QE7: =SUM(QE$3:QE$5) -> 0 | QF7: =SUM(QF$3:QF$5) -> 0 | QG7: =SUM(QG$3:QG$5) -> 0 | QH7: =SUM(QH$3:QH$5) -> 0 | QI7: =SUM(QI$3:QI$5) -> 0 | QK7: =SUM(QK$3:QK$5) -> 0 | QL7: =SUM(QL$3:QL$5) -> 0 | QM7: =SUM(QM$3:QM$5) -> 0 | QN7: =SUM(QN$3:QN$5) -> 0 | QO7: =SUM(QO$3:QO$5) -> 0 | QP7: =SUM(QP$3:QP$5) -> 0 | QR7: =SUM(QR$3:QR$5) -> 0 | QS7: =SUM(QS$3:QS$5) -> 0 | QT7: =SUM(QT$3:QT$5) -> 0 | QU7: =SUM(QU$3:QU$5) -> 0 | QV7: =SUM(QV$3:QV$5) -> 0 | QW7: =SUM(QW$3:QW$5) -> 0 | QY7: =SUM(QY$3:QY$5) -> 0 | QZ7: =SUM(QZ$3:QZ$5) -> 0 | RA7: =SUM(RA$3:RA$5) -> 0 | RB7: =SUM(RB$3:RB$5) -> 0 | RC7: =SUM(RC$3:RC$5) -> 0 | RD7: =SUM(RD$3:RD$5) -> 0 | RF7: =SUM(RF$3:RF$5) -> 0 | RG7: =SUM(RG$3:RG$5) -> 0 | RH7: =SUM(RH$3:RH$5) -> 0 | RI7: =SUM(RI$3:RI$5) -> 0 | RJ7: =SUM(RJ$3:RJ$5) -> 0 | RP7: =SUM(RP$3:RP$5) -> 0 | RQ7: =SUM(RQ$3:RQ$5) -> 0 | RW7: =SUM(RW$3:RW$5) -> 0 | RX7: =SUM(RX$3:RX$5) -> 0 | SD7: =SUM(SD$3:SD$5) -> 0 | SE7: =SUM(SE$3:SE$5) -> 0 | SK7: =SUM(SK$3:SK$5) -> 0 | SL7: =SUM(SL$3:SL$5) -> 0 | SR7: =SUM(SR$3:SR$5) -> 0 | SS7: =SUM(SS$3:SS$5) -> 0 | SY7: =SUM(SY$3:SY$5) -> 0 | SZ7: =SUM(SZ$3:SZ$5) -> 0 | TF7: =SUM(TF$3:TF$5) -> 0 | TG7: =SUM(TG$3:TG$5) -> 0 | TM7: =SUM(TM$3:TM$5) -> 0 | TN7: =SUM(TN$3:TN$5) -> 0 | TO7: =SUM(TO$3:TO$5) -> 0 | TQ7: =SUM(TQ$3:TQ$5) -> 0 | TR7: =SUM(TR$3:TR$5) -> 0 | TS7: =SUM(TS$3:TS$5) -> 0 | TT7: =SUM(TT$3:TT$5) -> 0 | TU7: =SUM(TU$3:TU$5) -> 0 | TV7: =SUM(TV$3:TV$5) -> 0 | TX7: =SUM(TX$3:TX$5) -> 0 | TY7: =SUM(TY$3:TY$5) -> 0 | TZ7: =SUM(TZ$3:TZ$5) -> 0 | UA7: =SUM(UA$3:UA$5) -> 0 | UB7: =SUM(UB$3:UB$5) -> 0 | UC7: =SUM(UC$3:UC$5) -> 0 | UE7: =SUM(UE$3:UE$5) -> 0 | UF7: =SUM(UF$3:UF$5) -> 0 | UG7: =SUM(UG$3:UG$5) -> 0 | UH7: =SUM(UH$3:UH$5) -> 0 | UI7: =SUM(UI$3:UI$5) -> 0 | UJ7: =SUM(UJ$3:UJ$5) -> 0 | UL7: =SUM(UL$3:UL$5) -> 0 | UM7: =SUM(UM$3:UM$5) -> 0 | UN7: =SUM(UN$3:UN$5) -> 0 | UO7: =SUM(UO$3:UO$5) -> 0 | UP7: =SUM(UP$3:UP$5) -> 0 | UQ7: =SUM(UQ$3:UQ$5) -> 0 | US7: =SUM(US$3:US$5) -> 0 | UT7: =SUM(UT$3:UT$5) -> 0 | UU7: =SUM(UU$3:UU$5) -> 0 | UV7: =SUM(UV$3:UV$5) -> 0 | UW7: =SUM(UW$3:UW$5) -> 0 | UX7: =SUM(UX$3:UX$5) -> 0 | UZ7: =SUM(UZ$3:UZ$5) -> 0 | VA7: =SUM(VA$3:VA$5) -> 0 | VB7: =SUM(VB$3:VB$5) -> 0 | VC7: =SUM(VC$3:VC$5) -> 0 | VD7: =SUM(VD$3:VD$5) -> 0 | VE7: =SUM(VE$3:VE$5) -> 0 | VG7: =SUM(VG$3:VG$5) -> 0 | VH7: =SUM(VH$3:VH$5) -> 0 | VI7: =SUM(VI$3:VI$5) -> 0 | VJ7: =SUM(VJ$3:VJ$5) -> 0 | VK7: =SUM(VK$3:VK$5) -> 0 | VL7: =SUM(VL$3:VL$5) -> 0 | VN7: =SUM(VN$3:VN$5) -> 0 | VO7: =SUM(VO$3:VO$5) -> 0 | VP7: =SUM(VP$3:VP$5) -> 0 | VQ7: =SUM(VQ$3:VQ$5) -> 0 | VR7: =SUM(VR$3:VR$5) -> 0 | VS7: =SUM(VS$3:VS$5) -> 0 | VT7: =SUM(VT$3:VT$5) -> 0 | VU7: =SUM(VU$3:VU$5) -> 0 | ... WI7: =SUM(WI$3:WI$5) -> 0
A8: AVG | B8: =AVERAGE(B$3:B$5) -> 0 | C8: =AVERAGE(C$3:C$5) -> 0 | E8: =AVERAGE(E$3:E$5) -> 0 | F8: =AVERAGE(F$3:F$5) -> 0 | G8: =AVERAGE(G$3:G$5) -> 0 | H8: =AVERAGE(H$3:H$5) -> 0 | I8: =AVERAGE(I$3:I$5) -> 0 | J8: =AVERAGE(J$3:J$5) -> 0 | L8: =AVERAGE(L$3:L$5) -> 0 | M8: =AVERAGE(M$3:M$5) -> 0 | N8: =AVERAGE(N$3:N$5) -> 0 | O8: =AVERAGE(O$3:O$5) -> 0 | P8: =AVERAGE(P$3:P$5) -> 0 | Q8: =AVERAGE(Q$3:Q$5) -> 0 | S8: =AVERAGE(S$3:S$5) -> 0 | T8: =AVERAGE(T$3:T$5) -> 0 | U8: =AVERAGE(U$3:U$5) -> 0 | V8: =AVERAGE(V$3:V$5) -> 0 | W8: =AVERAGE(W$3:W$5) -> 0 | X8: =AVERAGE(X$3:X$5) -> 0 | Z8: =AVERAGE(Z$3:Z$5) -> 0 | AA8: =AVERAGE(AA$3:AA$5) -> 0 | AB8: =AVERAGE(AB$3:AB$5) -> 0 | AC8: =AVERAGE(AC$3:AC$5) -> 0 | AD8: =AVERAGE(AD$3:AD$5) -> 0 | AJ8: =AVERAGE(AJ$3:AJ$5) -> 0 | AK8: =AVERAGE(AK$3:AK$5) -> 0 | AQ8: =AVERAGE(AQ$3:AQ$5) -> 0 | AR8: =AVERAGE(AR$3:AR$5) -> 0 | AX8: =AVERAGE(AX$3:AX$5) -> 0 | AY8: =AVERAGE(AY$3:AY$5) -> 0 | BE8: =AVERAGE(BE$3:BE$5) -> 0 | BF8: =AVERAGE(BF$3:BF$5) -> 0 | BL8: =AVERAGE(BL$3:BL$5) -> 0 | BM8: =AVERAGE(BM$3:BM$5) -> 0 | BS8: =AVERAGE(BS$3:BS$5) -> 0 | BT8: =AVERAGE(BT$3:BT$5) -> 0 | BZ8: =AVERAGE(BZ$3:BZ$5) -> 0 | CA8: =AVERAGE(CA$3:CA$5) -> 0 | CG8: =AVERAGE(CG$3:CG$5) -> 0 | CH8: =AVERAGE(CH$3:CH$5) -> 0 | CN8: =AVERAGE(CN$3:CN$5) -> 0 | CO8: =AVERAGE(CO$3:CO$5) -> 0 | CU8: =AVERAGE(CU$3:CU$5) -> 0 | CV8: =AVERAGE(CV$3:CV$5) -> 0 | DB8: =AVERAGE(DB$3:DB$5) -> 0 | DC8: =AVERAGE(DC$3:DC$5) -> 0 | DI8: =AVERAGE(DI$3:DI$5) -> 0 | DJ8: =AVERAGE(DJ$3:DJ$5) -> 0 | DP8: =AVERAGE(DP$3:DP$5) -> 0 | DQ8: =AVERAGE(DQ$3:DQ$5) -> 0 | DR8: =AVERAGE(DR$3:DR$5) -> 0 | DT8: =AVERAGE(DT$3:DT$5) -> 0 | DU8: =AVERAGE(DU$3:DU$5) -> 0 | DV8: =AVERAGE(DV$3:DV$5) -> 0 | DW8: =AVERAGE(DW$3:DW$5) -> 0 | DX8: =AVERAGE(DX$3:DX$5) -> 0 | ED8: =AVERAGE(ED$3:ED$5) -> 0 | EE8: =AVERAGE(EE$3:EE$5) -> 0 | EK8: =AVERAGE(EK$3:EK$5) -> 0 | EL8: =AVERAGE(EL$3:EL$5) -> 0 | EM8: =AVERAGE(EM$3:EM$5) -> 0 | EO8: =AVERAGE(EO$3:EO$5) -> 0 | EP8: =AVERAGE(EP$3:EP$5) -> 0 | EQ8: =AVERAGE(EQ$3:EQ$5) -> 0 | ER8: =AVERAGE(ER$3:ER$5) -> 0 | ES8: =AVERAGE(ES$3:ES$5) -> 0 | ET8: =AVERAGE(ET$3:ET$5) -> 0 | EV8: =AVERAGE(EV$3:EV$5) -> 0 | EW8: =AVERAGE(EW$3:EW$5) -> 0 | EX8: =AVERAGE(EX$3:EX$5) -> 0 | EY8: =AVERAGE(EY$3:EY$5) -> 0 | EZ8: =AVERAGE(EZ$3:EZ$5) -> 0 | FA8: =AVERAGE(FA$3:FA$5) -> 0 | FC8: =AVERAGE(FC$3:FC$5) -> 0 | FD8: =AVERAGE(FD$3:FD$5) -> 0 | FE8: =AVERAGE(FE$3:FE$5) -> 0 | FF8: =AVERAGE(FF$3:FF$5) -> 0 | FG8: =AVERAGE(FG$3:FG$5) -> 0 | FH8: =AVERAGE(FH$3:FH$5) -> 0 | FJ8: =AVERAGE(FJ$3:FJ$5) -> 0 | FK8: =AVERAGE(FK$3:FK$5) -> 0 | FL8: =AVERAGE(FL$3:FL$5) -> 0 | FM8: =AVERAGE(FM$3:FM$5) -> 0 | FN8: =AVERAGE(FN$3:FN$5) -> 0 | FT8: =AVERAGE(FT$3:FT$5) -> 0 | FU8: =AVERAGE(FU$3:FU$5) -> 0 | GA8: =AVERAGE(GA$3:GA$5) -> 0 | GB8: =AVERAGE(GB$3:GB$5) -> 0 | GH8: =AVERAGE(GH$3:GH$5) -> 0 | GI8: =AVERAGE(GI$3:GI$5) -> 0 | GO8: =AVERAGE(GO$3:GO$5) -> 0 | GP8: =AVERAGE(GP$3:GP$5) -> 0 | GV8: =AVERAGE(GV$3:GV$5) -> 0 | GW8: =AVERAGE(GW$3:GW$5) -> 0 | HC8: =AVERAGE(HC$3:HC$5) -> 0 | HD8: =AVERAGE(HD$3:HD$5) -> 0 | HJ8: =AVERAGE(HJ$3:HJ$5) -> 0 | HK8: =AVERAGE(HK$3:HK$5) -> 0 | HQ8: =AVERAGE(HQ$3:HQ$5) -> 0 | HR8: =AVERAGE(HR$3:HR$5) -> 0 | HX8: =AVERAGE(HX$3:HX$5) -> 0 | HY8: =AVERAGE(HY$3:HY$5) -> 0 | IE8: =AVERAGE(IE$3:IE$5) -> 0 | IF8: =AVERAGE(IF$3:IF$5) -> 0 | IL8: =AVERAGE(IL$3:IL$5) -> 0 | IM8: =AVERAGE(IM$3:IM$5) -> 0 | IS8: =AVERAGE(IS$3:IS$5) -> 0 | IT8: =AVERAGE(IT$3:IT$5) -> 0 | IU8: =AVERAGE(IU$3:IU$5) -> 0 | IW8: =AVERAGE(IW$3:IW$5) -> 0 | IX8: =AVERAGE(IX$3:IX$5) -> 0 | IY8: =AVERAGE(IY$3:IY$5) -> 0 | IZ8: =AVERAGE(IZ$3:IZ$5) -> 0 | JA8: =AVERAGE(JA$3:JA$5) -> 0 | JB8: =AVERAGE(JB$3:JB$5) -> 0 | JD8: =AVERAGE(JD$3:JD$5) -> 0 | JE8: =AVERAGE(JE$3:JE$5) -> 0 | JF8: =AVERAGE(JF$3:JF$5) -> 0 | JG8: =AVERAGE(JG$3:JG$5) -> 0 | JH8: =AVERAGE(JH$3:JH$5) -> 0 | JN8: =AVERAGE(JN$3:JN$5) -> 0 | JO8: =AVERAGE(JO$3:JO$5) -> 0 | JU8: =AVERAGE(JU$3:JU$5) -> 0 | JV8: =AVERAGE(JV$3:JV$5) -> 0 | JW8: =AVERAGE(JW$3:JW$5) -> 0 | JY8: =AVERAGE(JY$3:JY$5) -> 0 | JZ8: =AVERAGE(JZ$3:JZ$5) -> 0 | KA8: =AVERAGE(KA$3:KA$5) -> 0 | KB8: =AVERAGE(KB$3:KB$5) -> 0 | KC8: =AVERAGE(KC$3:KC$5) -> 0 | KD8: =AVERAGE(KD$3:KD$5) -> 0 | KF8: =AVERAGE(KF$3:KF$5) -> 0 | KG8: =AVERAGE(KG$3:KG$5) -> 0 | KH8: =AVERAGE(KH$3:KH$5) -> 0 | KI8: =AVERAGE(KI$3:KI$5) -> 0 | KJ8: =AVERAGE(KJ$3:KJ$5) -> 0 | KK8: =AVERAGE(KK$3:KK$5) -> 0 | KM8: =AVERAGE(KM$3:KM$5) -> 0 | KN8: =AVERAGE(KN$3:KN$5) -> 0 | KO8: =AVERAGE(KO$3:KO$5) -> 0 | KP8: =AVERAGE(KP$3:KP$5) -> 0 | KQ8: =AVERAGE(KQ$3:KQ$5) -> 0 | KR8: =AVERAGE(KR$3:KR$5) -> 0 | KT8: =AVERAGE(KT$3:KT$5) -> 0 | KU8: =AVERAGE(KU$3:KU$5) -> 0 | KV8: =AVERAGE(KV$3:KV$5) -> 0 | KW8: =AVERAGE(KW$3:KW$5) -> 0 | KX8: =AVERAGE(KX$3:KX$5) -> 0 | LD8: =AVERAGE(LD$3:LD$5) -> 0 | LE8: =AVERAGE(LE$3:LE$5) -> 0 | LK8: =AVERAGE(LK$3:LK$5) -> 0 | LL8: =AVERAGE(LL$3:LL$5) -> 0 | LM8: =AVERAGE(LM$3:LM$5) -> 0 | LO8: =AVERAGE(LO$3:LO$5) -> 0 | LP8: =AVERAGE(LP$3:LP$5) -> 0 | LQ8: =AVERAGE(LQ$3:LQ$5) -> 0 | LR8: =AVERAGE(LR$3:LR$5) -> 0 | LS8: =AVERAGE(LS$3:LS$5) -> 0 | LT8: =AVERAGE(LT$3:LT$5) -> 0 | LV8: =AVERAGE(LV$3:LV$5) -> 0 | LW8: =AVERAGE(LW$3:LW$5) -> 0 | LX8: =AVERAGE(LX$3:LX$5) -> 0 | LY8: =AVERAGE(LY$3:LY$5) -> 0 | LZ8: =AVERAGE(LZ$3:LZ$5) -> 0 | MF8: =AVERAGE(MF$3:MF$5) -> 0 | MG8: =AVERAGE(MG$3:MG$5) -> 0 | MM8: =AVERAGE(MM$3:MM$5) -> 0 | MN8: =AVERAGE(MN$3:MN$5) -> 0 | MT8: =AVERAGE(MT$3:MT$5) -> 0 | MU8: =AVERAGE(MU$3:MU$5) -> 0 | NA8: =AVERAGE(NA$3:NA$5) -> 0 | NB8: =AVERAGE(NB$3:NB$5) -> 0 | NH8: =AVERAGE(NH$3:NH$5) -> 0 | NI8: =AVERAGE(NI$3:NI$5) -> 0 | NO8: =AVERAGE(NO$3:NO$5) -> 0 | NP8: =AVERAGE(NP$3:NP$5) -> 0 | NV8: =AVERAGE(NV$3:NV$5) -> 0 | NW8: =AVERAGE(NW$3:NW$5) -> 0 | OC8: =AVERAGE(OC$3:OC$5) -> 0 | OD8: =AVERAGE(OD$3:OD$5) -> 0 | OE8: =AVERAGE(OE$3:OE$5) -> 0 | OG8: =AVERAGE(OG$3:OG$5) -> 0 | OH8: =AVERAGE(OH$3:OH$5) -> 0 | OI8: =AVERAGE(OI$3:OI$5) -> 0 | OJ8: =AVERAGE(OJ$3:OJ$5) -> 0 | OK8: =AVERAGE(OK$3:OK$5) -> 0 | OL8: =AVERAGE(OL$3:OL$5) -> 0 | ON8: =AVERAGE(ON$3:ON$5) -> 0 | OO8: =AVERAGE(OO$3:OO$5) -> 0 | OP8: =AVERAGE(OP$3:OP$5) -> 0 | OQ8: =AVERAGE(OQ$3:OQ$5) -> 0 | OR8: =AVERAGE(OR$3:OR$5) -> 0 | OX8: =AVERAGE(OX$3:OX$5) -> 0 | OY8: =AVERAGE(OY$3:OY$5) -> 0 | OZ8: =AVERAGE(OZ$3:OZ$5) -> 0 | PB8: =AVERAGE(PB$3:PB$5) -> 0 | PC8: =AVERAGE(PC$3:PC$5) -> 0 | PD8: =AVERAGE(PD$3:PD$5) -> 0 | PE8: =AVERAGE(PE$3:PE$5) -> 0 | PF8: =AVERAGE(PF$3:PF$5) -> 0 | PG8: =AVERAGE(PG$3:PG$5) -> 0 | PI8: =AVERAGE(PI$3:PI$5) -> 0 | PJ8: =AVERAGE(PJ$3:PJ$5) -> 0 | PK8: =AVERAGE(PK$3:PK$5) -> 0 | PL8: =AVERAGE(PL$3:PL$5) -> 0 | PM8: =AVERAGE(PM$3:PM$5) -> 0 | PN8: =AVERAGE(PN$3:PN$5) -> 0 | PP8: =AVERAGE(PP$3:PP$5) -> 0 | PQ8: =AVERAGE(PQ$3:PQ$5) -> 0 | PR8: =AVERAGE(PR$3:PR$5) -> 0 | PS8: =AVERAGE(PS$3:PS$5) -> 0 | PT8: =AVERAGE(PT$3:PT$5) -> 0 | PU8: =AVERAGE(PU$3:PU$5) -> 0 | PW8: =AVERAGE(PW$3:PW$5) -> 0 | PX8: =AVERAGE(PX$3:PX$5) -> 0 | PY8: =AVERAGE(PY$3:PY$5) -> 0 | PZ8: =AVERAGE(PZ$3:PZ$5) -> 0 | QA8: =AVERAGE(QA$3:QA$5) -> 0 | QB8: =AVERAGE(QB$3:QB$5) -> 0 | QD8: =AVERAGE(QD$3:QD$5) -> 0 | QE8: =AVERAGE(QE$3:QE$5) -> 0 | QF8: =AVERAGE(QF$3:QF$5) -> 0 | QG8: =AVERAGE(QG$3:QG$5) -> 0 | QH8: =AVERAGE(QH$3:QH$5) -> 0 | QI8: =AVERAGE(QI$3:QI$5) -> 0 | QK8: =AVERAGE(QK$3:QK$5) -> 0 | QL8: =AVERAGE(QL$3:QL$5) -> 0 | QM8: =AVERAGE(QM$3:QM$5) -> 0 | QN8: =AVERAGE(QN$3:QN$5) -> 0 | QO8: =AVERAGE(QO$3:QO$5) -> 0 | QP8: =AVERAGE(QP$3:QP$5) -> 0 | QR8: =AVERAGE(QR$3:QR$5) -> 0 | QS8: =AVERAGE(QS$3:QS$5) -> 0 | QT8: =AVERAGE(QT$3:QT$5) -> 0 | QU8: =AVERAGE(QU$3:QU$5) -> 0 | QV8: =AVERAGE(QV$3:QV$5) -> 0 | QW8: =AVERAGE(QW$3:QW$5) -> 0 | QY8: =AVERAGE(QY$3:QY$5) -> 0 | QZ8: =AVERAGE(QZ$3:QZ$5) -> 0 | RA8: =AVERAGE(RA$3:RA$5) -> 0 | RB8: =AVERAGE(RB$3:RB$5) -> 0 | RC8: =AVERAGE(RC$3:RC$5) -> 0 | RD8: =AVERAGE(RD$3:RD$5) -> 0 | RF8: =AVERAGE(RF$3:RF$5) -> 0 | RG8: =AVERAGE(RG$3:RG$5) -> 0 | RH8: =AVERAGE(RH$3:RH$5) -> 0 | RI8: =AVERAGE(RI$3:RI$5) -> 0 | RJ8: =AVERAGE(RJ$3:RJ$5) -> 0 | RP8: =AVERAGE(RP$3:RP$5) -> 0 | RQ8: =AVERAGE(RQ$3:RQ$5) -> 0 | RW8: =AVERAGE(RW$3:RW$5) -> 0 | RX8: =AVERAGE(RX$3:RX$5) -> 0 | SD8: =AVERAGE(SD$3:SD$5) -> 0 | SE8: =AVERAGE(SE$3:SE$5) -> 0 | SK8: =AVERAGE(SK$3:SK$5) -> 0 | SL8: =AVERAGE(SL$3:SL$5) -> 0 | SR8: =AVERAGE(SR$3:SR$5) -> 0 | SS8: =AVERAGE(SS$3:SS$5) -> 0 | SY8: =AVERAGE(SY$3:SY$5) -> 0 | SZ8: =AVERAGE(SZ$3:SZ$5) -> 0 | TF8: =AVERAGE(TF$3:TF$5) -> 0 | TG8: =AVERAGE(TG$3:TG$5) -> 0 | TM8: =AVERAGE(TM$3:TM$5) -> 0 | TN8: =AVERAGE(TN$3:TN$5) -> 0 | TO8: =AVERAGE(TO$3:TO$5) -> 0 | TQ8: =AVERAGE(TQ$3:TQ$5) -> 0 | TR8: =AVERAGE(TR$3:TR$5) -> 0 | TS8: =AVERAGE(TS$3:TS$5) -> 0 | TT8: =AVERAGE(TT$3:TT$5) -> 0 | TU8: =AVERAGE(TU$3:TU$5) -> 0 | TV8: =AVERAGE(TV$3:TV$5) -> 0 | TX8: =AVERAGE(TX$3:TX$5) -> 0 | TY8: =AVERAGE(TY$3:TY$5) -> 0 | TZ8: =AVERAGE(TZ$3:TZ$5) -> 0 | UA8: =AVERAGE(UA$3:UA$5) -> 0 | UB8: =AVERAGE(UB$3:UB$5) -> 0 | UC8: =AVERAGE(UC$3:UC$5) -> 0 | UE8: =AVERAGE(UE$3:UE$5) -> 0 | UF8: =AVERAGE(UF$3:UF$5) -> 0 | UG8: =AVERAGE(UG$3:UG$5) -> 0 | UH8: =AVERAGE(UH$3:UH$5) -> 0 | UI8: =AVERAGE(UI$3:UI$5) -> 0 | UJ8: =AVERAGE(UJ$3:UJ$5) -> 0 | UL8: =AVERAGE(UL$3:UL$5) -> 0 | UM8: =AVERAGE(UM$3:UM$5) -> 0 | UN8: =AVERAGE(UN$3:UN$5) -> 0 | UO8: =AVERAGE(UO$3:UO$5) -> 0 | UP8: =AVERAGE(UP$3:UP$5) -> 0 | UQ8: =AVERAGE(UQ$3:UQ$5) -> 0 | US8: =AVERAGE(US$3:US$5) -> 0 | UT8: =AVERAGE(UT$3:UT$5) -> 0 | UU8: =AVERAGE(UU$3:UU$5) -> 0 | UV8: =AVERAGE(UV$3:UV$5) -> 0 | UW8: =AVERAGE(UW$3:UW$5) -> 0 | UX8: =AVERAGE(UX$3:UX$5) -> 0 | UZ8: =AVERAGE(UZ$3:UZ$5) -> 0 | VA8: =AVERAGE(VA$3:VA$5) -> 0 | VB8: =AVERAGE(VB$3:VB$5) -> 0 | VC8: =AVERAGE(VC$3:VC$5) -> 0 | VD8: =AVERAGE(VD$3:VD$5) -> 0 | VE8: =AVERAGE(VE$3:VE$5) -> 0 | VG8: =AVERAGE(VG$3:VG$5) -> 0 | VH8: =AVERAGE(VH$3:VH$5) -> 0 | VI8: =AVERAGE(VI$3:VI$5) -> 0 | VJ8: =AVERAGE(VJ$3:VJ$5) -> 0 | VK8: =AVERAGE(VK$3:VK$5) -> 0 | VL8: =AVERAGE(VL$3:VL$5) -> 0 | VN8: =AVERAGE(VN$3:VN$5) -> 0 | VO8: =AVERAGE(VO$3:VO$5) -> 0 | VP8: =AVERAGE(VP$3:VP$5) -> 0 | VQ8: =AVERAGE(VQ$3:VQ$5) -> 0 | VR8: =AVERAGE(VR$3:VR$5) -> 0 | VS8: =AVERAGE(VS$3:VS$5) -> 0 | VT8: =AVERAGE(VT$3:VT$5) -> 0 | VU8: =AVERAGE(VU$3:VU$5) -> 0 | ... WI8: =AVERAGE(WI$3:WI$5) -> 0
A9: DEV | B9: =STDEV(B$3:B$5) -> 0 | C9: =STDEV(C$3:C$5) -> 0 | E9: =STDEV(E$3:E$5) -> 0 | F9: =STDEV(F$3:F$5) -> 0 | G9: =STDEV(G$3:G$5) -> 0 | H9: =STDEV(H$3:H$5) -> 0 | I9: =STDEV(I$3:I$5) -> 0 | J9: =STDEV(J$3:J$5) -> 0 | L9: =STDEV(L$3:L$5) -> 0 | M9: =STDEV(M$3:M$5) -> 0 | N9: =STDEV(N$3:N$5) -> 0 | O9: =STDEV(O$3:O$5) -> 0 | P9: =STDEV(P$3:P$5) -> 0 | Q9: =STDEV(Q$3:Q$5) -> 0 | S9: =STDEV(S$3:S$5) -> 0 | T9: =STDEV(T$3:T$5) -> 0 | U9: =STDEV(U$3:U$5) -> 0 | V9: =STDEV(V$3:V$5) -> 0 | W9: =STDEV(W$3:W$5) -> 0 | X9: =STDEV(X$3:X$5) -> 0 | Z9: =STDEV(Z$3:Z$5) -> 0 | AA9: =STDEV(AA$3:AA$5) -> 0 | AB9: =STDEV(AB$3:AB$5) -> 0 | AC9: =STDEV(AC$3:AC$5) -> 0 | AD9: =STDEV(AD$3:AD$5) -> 0 | AJ9: =STDEV(AJ$3:AJ$5) -> 0 | AK9: =STDEV(AK$3:AK$5) -> 0 | AQ9: =STDEV(AQ$3:AQ$5) -> 0 | AR9: =STDEV(AR$3:AR$5) -> 0 | AX9: =STDEV(AX$3:AX$5) -> 0 | AY9: =STDEV(AY$3:AY$5) -> 0 | BE9: =STDEV(BE$3:BE$5) -> 0 | BF9: =STDEV(BF$3:BF$5) -> 0 | BL9: =STDEV(BL$3:BL$5) -> 0 | BM9: =STDEV(BM$3:BM$5) -> 0 | BS9: =STDEV(BS$3:BS$5) -> 0 | BT9: =STDEV(BT$3:BT$5) -> 0 | BZ9: =STDEV(BZ$3:BZ$5) -> 0 | CA9: =STDEV(CA$3:CA$5) -> 0 | CG9: =STDEV(CG$3:CG$5) -> 0 | CH9: =STDEV(CH$3:CH$5) -> 0 | CN9: =STDEV(CN$3:CN$5) -> 0 | CO9: =STDEV(CO$3:CO$5) -> 0 | CU9: =STDEV(CU$3:CU$5) -> 0 | CV9: =STDEV(CV$3:CV$5) -> 0 | DB9: =STDEV(DB$3:DB$5) -> 0 | DC9: =STDEV(DC$3:DC$5) -> 0 | DI9: =STDEV(DI$3:DI$5) -> 0 | DJ9: =STDEV(DJ$3:DJ$5) -> 0 | DP9: =STDEV(DP$3:DP$5) -> 0 | DQ9: =STDEV(DQ$3:DQ$5) -> 0 | DR9: =STDEV(DR$3:DR$5) -> 0 | DT9: =STDEV(DT$3:DT$5) -> 0 | DU9: =STDEV(DU$3:DU$5) -> 0 | DV9: =STDEV(DV$3:DV$5) -> 0 | DW9: =STDEV(DW$3:DW$5) -> 0 | DX9: =STDEV(DX$3:DX$5) -> 0 | ED9: =STDEV(ED$3:ED$5) -> 0 | EE9: =STDEV(EE$3:EE$5) -> 0 | EK9: =STDEV(EK$3:EK$5) -> 0 | EL9: =STDEV(EL$3:EL$5) -> 0 | EM9: =STDEV(EM$3:EM$5) -> 0 | EO9: =STDEV(EO$3:EO$5) -> 0 | EP9: =STDEV(EP$3:EP$5) -> 0 | EQ9: =STDEV(EQ$3:EQ$5) -> 0 | ER9: =STDEV(ER$3:ER$5) -> 0 | ES9: =STDEV(ES$3:ES$5) -> 0 | ET9: =STDEV(ET$3:ET$5) -> 0 | EV9: =STDEV(EV$3:EV$5) -> 0 | EW9: =STDEV(EW$3:EW$5) -> 0 | EX9: =STDEV(EX$3:EX$5) -> 0 | EY9: =STDEV(EY$3:EY$5) -> 0 | EZ9: =STDEV(EZ$3:EZ$5) -> 0 | FA9: =STDEV(FA$3:FA$5) -> 0 | FC9: =STDEV(FC$3:FC$5) -> 0 | FD9: =STDEV(FD$3:FD$5) -> 0 | FE9: =STDEV(FE$3:FE$5) -> 0 | FF9: =STDEV(FF$3:FF$5) -> 0 | FG9: =STDEV(FG$3:FG$5) -> 0 | FH9: =STDEV(FH$3:FH$5) -> 0 | FJ9: =STDEV(FJ$3:FJ$5) -> 0 | FK9: =STDEV(FK$3:FK$5) -> 0 | FL9: =STDEV(FL$3:FL$5) -> 0 | FM9: =STDEV(FM$3:FM$5) -> 0 | FN9: =STDEV(FN$3:FN$5) -> 0 | FT9: =STDEV(FT$3:FT$5) -> 0 | FU9: =STDEV(FU$3:FU$5) -> 0 | GA9: =STDEV(GA$3:GA$5) -> 0 | GB9: =STDEV(GB$3:GB$5) -> 0 | GH9: =STDEV(GH$3:GH$5) -> 0 | GI9: =STDEV(GI$3:GI$5) -> 0 | GO9: =STDEV(GO$3:GO$5) -> 0 | GP9: =STDEV(GP$3:GP$5) -> 0 | GV9: =STDEV(GV$3:GV$5) -> 0 | GW9: =STDEV(GW$3:GW$5) -> 0 | HC9: =STDEV(HC$3:HC$5) -> 0 | HD9: =STDEV(HD$3:HD$5) -> 0 | HJ9: =STDEV(HJ$3:HJ$5) -> 0 | HK9: =STDEV(HK$3:HK$5) -> 0 | HQ9: =STDEV(HQ$3:HQ$5) -> 0 | HR9: =STDEV(HR$3:HR$5) -> 0 | HX9: =STDEV(HX$3:HX$5) -> 0 | HY9: =STDEV(HY$3:HY$5) -> 0 | IE9: =STDEV(IE$3:IE$5) -> 0 | IF9: =STDEV(IF$3:IF$5) -> 0 | IL9: =STDEV(IL$3:IL$5) -> 0 | IM9: =STDEV(IM$3:IM$5) -> 0 | IS9: =STDEV(IS$3:IS$5) -> 0 | IT9: =STDEV(IT$3:IT$5) -> 0 | IU9: =STDEV(IU$3:IU$5) -> 0 | IW9: =STDEV(IW$3:IW$5) -> 0 | IX9: =STDEV(IX$3:IX$5) -> 0 | IY9: =STDEV(IY$3:IY$5) -> 0 | IZ9: =STDEV(IZ$3:IZ$5) -> 0 | JA9: =STDEV(JA$3:JA$5) -> 0 | JB9: =STDEV(JB$3:JB$5) -> 0 | JD9: =STDEV(JD$3:JD$5) -> 0 | JE9: =STDEV(JE$3:JE$5) -> 0 | JF9: =STDEV(JF$3:JF$5) -> 0 | JG9: =STDEV(JG$3:JG$5) -> 0 | JH9: =STDEV(JH$3:JH$5) -> 0 | JN9: =STDEV(JN$3:JN$5) -> 0 | JO9: =STDEV(JO$3:JO$5) -> 0 | JU9: =STDEV(JU$3:JU$5) -> 0 | JV9: =STDEV(JV$3:JV$5) -> 0 | JW9: =STDEV(JW$3:JW$5) -> 0 | JY9: =STDEV(JY$3:JY$5) -> 0 | JZ9: =STDEV(JZ$3:JZ$5) -> 0 | KA9: =STDEV(KA$3:KA$5) -> 0 | KB9: =STDEV(KB$3:KB$5) -> 0 | KC9: =STDEV(KC$3:KC$5) -> 0 | KD9: =STDEV(KD$3:KD$5) -> 0 | KF9: =STDEV(KF$3:KF$5) -> 0 | KG9: =STDEV(KG$3:KG$5) -> 0 | KH9: =STDEV(KH$3:KH$5) -> 0 | KI9: =STDEV(KI$3:KI$5) -> 0 | KJ9: =STDEV(KJ$3:KJ$5) -> 0 | KK9: =STDEV(KK$3:KK$5) -> 0 | KM9: =STDEV(KM$3:KM$5) -> 0 | KN9: =STDEV(KN$3:KN$5) -> 0 | KO9: =STDEV(KO$3:KO$5) -> 0 | KP9: =STDEV(KP$3:KP$5) -> 0 | KQ9: =STDEV(KQ$3:KQ$5) -> 0 | KR9: =STDEV(KR$3:KR$5) -> 0 | KT9: =STDEV(KT$3:KT$5) -> 0 | KU9: =STDEV(KU$3:KU$5) -> 0 | KV9: =STDEV(KV$3:KV$5) -> 0 | KW9: =STDEV(KW$3:KW$5) -> 0 | KX9: =STDEV(KX$3:KX$5) -> 0 | LD9: =STDEV(LD$3:LD$5) -> 0 | LE9: =STDEV(LE$3:LE$5) -> 0 | LK9: =STDEV(LK$3:LK$5) -> 0 | LL9: =STDEV(LL$3:LL$5) -> 0 | LM9: =STDEV(LM$3:LM$5) -> 0 | LO9: =STDEV(LO$3:LO$5) -> 0 | LP9: =STDEV(LP$3:LP$5) -> 0 | LQ9: =STDEV(LQ$3:LQ$5) -> 0 | LR9: =STDEV(LR$3:LR$5) -> 0 | LS9: =STDEV(LS$3:LS$5) -> 0 | LT9: =STDEV(LT$3:LT$5) -> 0 | LV9: =STDEV(LV$3:LV$5) -> 0 | LW9: =STDEV(LW$3:LW$5) -> 0 | LX9: =STDEV(LX$3:LX$5) -> 0 | LY9: =STDEV(LY$3:LY$5) -> 0 | LZ9: =STDEV(LZ$3:LZ$5) -> 0 | MF9: =STDEV(MF$3:MF$5) -> 0 | MG9: =STDEV(MG$3:MG$5) -> 0 | MM9: =STDEV(MM$3:MM$5) -> 0 | MN9: =STDEV(MN$3:MN$5) -> 0 | MT9: =STDEV(MT$3:MT$5) -> 0 | MU9: =STDEV(MU$3:MU$5) -> 0 | NA9: =STDEV(NA$3:NA$5) -> 0 | NB9: =STDEV(NB$3:NB$5) -> 0 | NH9: =STDEV(NH$3:NH$5) -> 0 | NI9: =STDEV(NI$3:NI$5) -> 0 | NO9: =STDEV(NO$3:NO$5) -> 0 | NP9: =STDEV(NP$3:NP$5) -> 0 | NV9: =STDEV(NV$3:NV$5) -> 0 | NW9: =STDEV(NW$3:NW$5) -> 0 | OC9: =STDEV(OC$3:OC$5) -> 0 | OD9: =STDEV(OD$3:OD$5) -> 0 | OE9: =STDEV(OE$3:OE$5) -> 0 | OG9: =STDEV(OG$3:OG$5) -> 0 | OH9: =STDEV(OH$3:OH$5) -> 0 | OI9: =STDEV(OI$3:OI$5) -> 0 | OJ9: =STDEV(OJ$3:OJ$5) -> 0 | OK9: =STDEV(OK$3:OK$5) -> 0 | OL9: =STDEV(OL$3:OL$5) -> 0 | ON9: =STDEV(ON$3:ON$5) -> 0 | OO9: =STDEV(OO$3:OO$5) -> 0 | OP9: =STDEV(OP$3:OP$5) -> 0 | OQ9: =STDEV(OQ$3:OQ$5) -> 0 | OR9: =STDEV(OR$3:OR$5) -> 0 | OX9: =STDEV(OX$3:OX$5) -> 0 | OY9: =STDEV(OY$3:OY$5) -> 0 | OZ9: =STDEV(OZ$3:OZ$5) -> 0 | PB9: =STDEV(PB$3:PB$5) -> 0 | PC9: =STDEV(PC$3:PC$5) -> 0 | PD9: =STDEV(PD$3:PD$5) -> 0 | PE9: =STDEV(PE$3:PE$5) -> 0 | PF9: =STDEV(PF$3:PF$5) -> 0 | PG9: =STDEV(PG$3:PG$5) -> 0 | PI9: =STDEV(PI$3:PI$5) -> 0 | PJ9: =STDEV(PJ$3:PJ$5) -> 0 | PK9: =STDEV(PK$3:PK$5) -> 0 | PL9: =STDEV(PL$3:PL$5) -> 0 | PM9: =STDEV(PM$3:PM$5) -> 0 | PN9: =STDEV(PN$3:PN$5) -> 0 | PP9: =STDEV(PP$3:PP$5) -> 0 | PQ9: =STDEV(PQ$3:PQ$5) -> 0 | PR9: =STDEV(PR$3:PR$5) -> 0 | PS9: =STDEV(PS$3:PS$5) -> 0 | PT9: =STDEV(PT$3:PT$5) -> 0 | PU9: =STDEV(PU$3:PU$5) -> 0 | PW9: =STDEV(PW$3:PW$5) -> 0 | PX9: =STDEV(PX$3:PX$5) -> 0 | PY9: =STDEV(PY$3:PY$5) -> 0 | PZ9: =STDEV(PZ$3:PZ$5) -> 0 | QA9: =STDEV(QA$3:QA$5) -> 0 | QB9: =STDEV(QB$3:QB$5) -> 0 | QD9: =STDEV(QD$3:QD$5) -> 0 | QE9: =STDEV(QE$3:QE$5) -> 0 | QF9: =STDEV(QF$3:QF$5) -> 0 | QG9: =STDEV(QG$3:QG$5) -> 0 | QH9: =STDEV(QH$3:QH$5) -> 0 | QI9: =STDEV(QI$3:QI$5) -> 0 | QK9: =STDEV(QK$3:QK$5) -> 0 | QL9: =STDEV(QL$3:QL$5) -> 0 | QM9: =STDEV(QM$3:QM$5) -> 0 | QN9: =STDEV(QN$3:QN$5) -> 0 | QO9: =STDEV(QO$3:QO$5) -> 0 | QP9: =STDEV(QP$3:QP$5) -> 0 | QR9: =STDEV(QR$3:QR$5) -> 0 | QS9: =STDEV(QS$3:QS$5) -> 0 | QT9: =STDEV(QT$3:QT$5) -> 0 | QU9: =STDEV(QU$3:QU$5) -> 0 | QV9: =STDEV(QV$3:QV$5) -> 0 | QW9: =STDEV(QW$3:QW$5) -> 0 | QY9: =STDEV(QY$3:QY$5) -> 0 | QZ9: =STDEV(QZ$3:QZ$5) -> 0 | RA9: =STDEV(RA$3:RA$5) -> 0 | RB9: =STDEV(RB$3:RB$5) -> 0 | RC9: =STDEV(RC$3:RC$5) -> 0 | RD9: =STDEV(RD$3:RD$5) -> 0 | RF9: =STDEV(RF$3:RF$5) -> 0 | RG9: =STDEV(RG$3:RG$5) -> 0 | RH9: =STDEV(RH$3:RH$5) -> 0 | RI9: =STDEV(RI$3:RI$5) -> 0 | RJ9: =STDEV(RJ$3:RJ$5) -> 0 | RP9: =STDEV(RP$3:RP$5) -> 0 | RQ9: =STDEV(RQ$3:RQ$5) -> 0 | RW9: =STDEV(RW$3:RW$5) -> 0 | RX9: =STDEV(RX$3:RX$5) -> 0 | SD9: =STDEV(SD$3:SD$5) -> 0 | SE9: =STDEV(SE$3:SE$5) -> 0 | SK9: =STDEV(SK$3:SK$5) -> 0 | SL9: =STDEV(SL$3:SL$5) -> 0 | SR9: =STDEV(SR$3:SR$5) -> 0 | SS9: =STDEV(SS$3:SS$5) -> 0 | SY9: =STDEV(SY$3:SY$5) -> 0 | SZ9: =STDEV(SZ$3:SZ$5) -> 0 | TF9: =STDEV(TF$3:TF$5) -> 0 | TG9: =STDEV(TG$3:TG$5) -> 0 | TM9: =STDEV(TM$3:TM$5) -> 0 | TN9: =STDEV(TN$3:TN$5) -> 0 | TO9: =STDEV(TO$3:TO$5) -> 0 | TQ9: =STDEV(TQ$3:TQ$5) -> 0 | TR9: =STDEV(TR$3:TR$5) -> 0 | TS9: =STDEV(TS$3:TS$5) -> 0 | TT9: =STDEV(TT$3:TT$5) -> 0 | TU9: =STDEV(TU$3:TU$5) -> 0 | TV9: =STDEV(TV$3:TV$5) -> 0 | TX9: =STDEV(TX$3:TX$5) -> 0 | TY9: =STDEV(TY$3:TY$5) -> 0 | TZ9: =STDEV(TZ$3:TZ$5) -> 0 | UA9: =STDEV(UA$3:UA$5) -> 0 | UB9: =STDEV(UB$3:UB$5) -> 0 | UC9: =STDEV(UC$3:UC$5) -> 0 | UE9: =STDEV(UE$3:UE$5) -> 0 | UF9: =STDEV(UF$3:UF$5) -> 0 | UG9: =STDEV(UG$3:UG$5) -> 0 | UH9: =STDEV(UH$3:UH$5) -> 0 | UI9: =STDEV(UI$3:UI$5) -> 0 | UJ9: =STDEV(UJ$3:UJ$5) -> 0 | UL9: =STDEV(UL$3:UL$5) -> 0 | UM9: =STDEV(UM$3:UM$5) -> 0 | UN9: =STDEV(UN$3:UN$5) -> 0 | UO9: =STDEV(UO$3:UO$5) -> 0 | UP9: =STDEV(UP$3:UP$5) -> 0 | UQ9: =STDEV(UQ$3:UQ$5) -> 0 | US9: =STDEV(US$3:US$5) -> 0 | UT9: =STDEV(UT$3:UT$5) -> 0 | UU9: =STDEV(UU$3:UU$5) -> 0 | UV9: =STDEV(UV$3:UV$5) -> 0 | UW9: =STDEV(UW$3:UW$5) -> 0 | UX9: =STDEV(UX$3:UX$5) -> 0 | UZ9: =STDEV(UZ$3:UZ$5) -> 0 | VA9: =STDEV(VA$3:VA$5) -> 0 | VB9: =STDEV(VB$3:VB$5) -> 0 | VC9: =STDEV(VC$3:VC$5) -> 0 | VD9: =STDEV(VD$3:VD$5) -> 0 | VE9: =STDEV(VE$3:VE$5) -> 0 | VG9: =STDEV(VG$3:VG$5) -> 0 | VH9: =STDEV(VH$3:VH$5) -> 0 | VI9: =STDEV(VI$3:VI$5) -> 0 | VJ9: =STDEV(VJ$3:VJ$5) -> 0 | VK9: =STDEV(VK$3:VK$5) -> 0 | VL9: =STDEV(VL$3:VL$5) -> 0 | VN9: =STDEV(VN$3:VN$5) -> 0 | VO9: =STDEV(VO$3:VO$5) -> 0 | VP9: =STDEV(VP$3:VP$5) -> 0 | VQ9: =STDEV(VQ$3:VQ$5) -> 0 | VR9: =STDEV(VR$3:VR$5) -> 0 | VS9: =STDEV(VS$3:VS$5) -> 0 | VT9: =STDEV(VT$3:VT$5) -> 0 | VU9: =STDEV(VU$3:VU$5) -> 0 | ... WI9: =STDEV(WI$3:WI$5) -> 0
A10: DST | B10: =SUMPRODUCT(--(B$3:B$5-$VR$3:$VR$5)^2)^0.5 -> 0 | C10: =SUMPRODUCT(--(C$3:C$5-$VS$3:$VS$5)^2)^0.5 -> 0 | E10: =SUMPRODUCT(--(E$3:E$5-$VT$3:$VT$5)^2)^0.5 -> 0 | F10: =SUMPRODUCT(--(F$3:F$5-$VU$3:$VU$5)^2)^0.5 -> 0 | G10: =SUMPRODUCT(--(G$3:G$5-$VV$3:$VV$5)^2)^0.5 -> 0 | H10: =SUMPRODUCT(--(H$3:H$5-$VW$3:$VW$5)^2)^0.5 -> 0 | I10: =SUMPRODUCT(--(I$3:I$5-$VR$3:$VR$5)^2)^0.5 -> 0 | J10: =SUMPRODUCT(--(J$3:J$5-$VS$3:$VS$5)^2)^0.5 -> 0 | L10: =SUMPRODUCT(--(L$3:L$5-$VT$3:$VT$5)^2)^0.5 -> 0 | M10: =SUMPRODUCT(--(M$3:M$5-$VU$3:$VU$5)^2)^0.5 -> 0 | N10: =SUMPRODUCT(--(N$3:N$5-$VV$3:$VV$5)^2)^0.5 -> 0 | O10: =SUMPRODUCT(--(O$3:O$5-$VW$3:$VW$5)^2)^0.5 -> 0 | P10: =SUMPRODUCT(--(P$3:P$5-$VR$3:$VR$5)^2)^0.5 -> 0 | Q10: =SUMPRODUCT(--(Q$3:Q$5-$VS$3:$VS$5)^2)^0.5 -> 0 | S10: =SUMPRODUCT(--(S$3:S$5-$VT$3:$VT$5)^2)^0.5 -> 0 | T10: =SUMPRODUCT(--(T$3:T$5-$VU$3:$VU$5)^2)^0.5 -> 0 | U10: =SUMPRODUCT(--(U$3:U$5-$VV$3:$VV$5)^2)^0.5 -> 0 | V10: =SUMPRODUCT(--(V$3:V$5-$VW$3:$VW$5)^2)^0.5 -> 0 | W10: =SUMPRODUCT(--(W$3:W$5-$VR$3:$VR$5)^2)^0.5 -> 0 | X10: =SUMPRODUCT(--(X$3:X$5-$VS$3:$VS$5)^2)^0.5 -> 0 | Z10: =SUMPRODUCT(--(Z$3:Z$5-$VT$3:$VT$5)^2)^0.5 -> 0 | AA10: =SUMPRODUCT(--(AA$3:AA$5-$VU$3:$VU$5)^2)^0.5 -> 0 | AB10: =SUMPRODUCT(--(AB$3:AB$5-$VV$3:$VV$5)^2)^0.5 -> 0 | AC10: =SUMPRODUCT(--(AC$3:AC$5-$VW$3:$VW$5)^2)^0.5 -> 0 | AD10: =SUMPRODUCT(--(AD$3:AD$5-$VR$3:$VR$5)^2)^0.5 -> 0 | AJ10: =SUMPRODUCT(--(AJ$3:AJ$5-$VW$3:$VW$5)^2)^0.5 -> 0 | AK10: =SUMPRODUCT(--(AK$3:AK$5-$VR$3:$VR$5)^2)^0.5 -> 0 | AQ10: =SUMPRODUCT(--(AQ$3:AQ$5-$VW$3:$VW$5)^2)^0.5 -> 0 | AR10: =SUMPRODUCT(--(AR$3:AR$5-$VR$3:$VR$5)^2)^0.5 -> 0 | AX10: =SUMPRODUCT(--(AX$3:AX$5-$VW$3:$VW$5)^2)^0.5 -> 0 | AY10: =SUMPRODUCT(--(AY$3:AY$5-$VR$3:$VR$5)^2)^0.5 -> 0 | BE10: =SUMPRODUCT(--(BE$3:BE$5-$VW$3:$VW$5)^2)^0.5 -> 0 | BF10: =SUMPRODUCT(--(BF$3:BF$5-$VR$3:$VR$5)^2)^0.5 -> 0 | BL10: =SUMPRODUCT(--(BL$3:BL$5-$VW$3:$VW$5)^2)^0.5 -> 0 | BM10: =SUMPRODUCT(--(BM$3:BM$5-$VR$3:$VR$5)^2)^0.5 -> 0 | BS10: =SUMPRODUCT(--(BS$3:BS$5-$VW$3:$VW$5)^2)^0.5 -> 0 | BT10: =SUMPRODUCT(--(BT$3:BT$5-$VR$3:$VR$5)^2)^0.5 -> 0 | BZ10: =SUMPRODUCT(--(BZ$3:BZ$5-$VW$3:$VW$5)^2)^0.5 -> 0 | CA10: =SUMPRODUCT(--(CA$3:CA$5-$VR$3:$VR$5)^2)^0.5 -> 0 | CG10: =SUMPRODUCT(--(CG$3:CG$5-$VW$3:$VW$5)^2)^0.5 -> 0 | CH10: =SUMPRODUCT(--(CH$3:CH$5-$VR$3:$VR$5)^2)^0.5 -> 0 | CN10: =SUMPRODUCT(--(CN$3:CN$5-$VW$3:$VW$5)^2)^0.5 -> 0 | CO10: =SUMPRODUCT(--(CO$3:CO$5-$VR$3:$VR$5)^2)^0.5 -> 0 | CU10: =SUMPRODUCT(--(CU$3:CU$5-$VW$3:$VW$5)^2)^0.5 -> 0 | CV10: =SUMPRODUCT(--(CV$3:CV$5-$VR$3:$VR$5)^2)^0.5 -> 0 | DB10: =SUMPRODUCT(--(DB$3:DB$5-$VW$3:$VW$5)^2)^0.5 -> 0 | DC10: =SUMPRODUCT(--(DC$3:DC$5-$VR$3:$VR$5)^2)^0.5 -> 0 | DI10: =SUMPRODUCT(--(DI$3:DI$5-$VW$3:$VW$5)^2)^0.5 -> 0 | DJ10: =SUMPRODUCT(--(DJ$3:DJ$5-$VR$3:$VR$5)^2)^0.5 -> 0 | DP10: =SUMPRODUCT(--(DP$3:DP$5-$VW$3:$VW$5)^2)^0.5 -> 0 | DQ10: =SUMPRODUCT(--(DQ$3:DQ$5-$VR$3:$VR$5)^2)^0.5 -> 0 | DR10: =SUMPRODUCT(--(DR$3:DR$5-$VS$3:$VS$5)^2)^0.5 -> 0 | DT10: =SUMPRODUCT(--(DT$3:DT$5-$VT$3:$VT$5)^2)^0.5 -> 0 | DU10: =SUMPRODUCT(--(DU$3:DU$5-$VU$3:$VU$5)^2)^0.5 -> 0 | DV10: =SUMPRODUCT(--(DV$3:DV$5-$VV$3:$VV$5)^2)^0.5 -> 0 | DW10: =SUMPRODUCT(--(DW$3:DW$5-$VW$3:$VW$5)^2)^0.5 -> 0 | DX10: =SUMPRODUCT(--(DX$3:DX$5-$VR$3:$VR$5)^2)^0.5 -> 0 | ED10: =SUMPRODUCT(--(ED$3:ED$5-$VW$3:$VW$5)^2)^0.5 -> 0 | EE10: =SUMPRODUCT(--(EE$3:EE$5-$VR$3:$VR$5)^2)^0.5 -> 0 | EK10: =SUMPRODUCT(--(EK$3:EK$5-$VW$3:$VW$5)^2)^0.5 -> 0 | EL10: =SUMPRODUCT(--(EL$3:EL$5-$VR$3:$VR$5)^2)^0.5 -> 0 | EM10: =SUMPRODUCT(--(EM$3:EM$5-$VS$3:$VS$5)^2)^0.5 -> 0 | EO10: =SUMPRODUCT(--(EO$3:EO$5-$VT$3:$VT$5)^2)^0.5 -> 0 | EP10: =SUMPRODUCT(--(EP$3:EP$5-$VU$3:$VU$5)^2)^0.5 -> 0 | EQ10: =SUMPRODUCT(--(EQ$3:EQ$5-$VV$3:$VV$5)^2)^0.5 -> 0 | ER10: =SUMPRODUCT(--(ER$3:ER$5-$VW$3:$VW$5)^2)^0.5 -> 0 | ES10: =SUMPRODUCT(--(ES$3:ES$5-$VR$3:$VR$5)^2)^0.5 -> 0 | ET10: =SUMPRODUCT(--(ET$3:ET$5-$VS$3:$VS$5)^2)^0.5 -> 0 | EV10: =SUMPRODUCT(--(EV$3:EV$5-$VT$3:$VT$5)^2)^0.5 -> 0 | EW10: =SUMPRODUCT(--(EW$3:EW$5-$VU$3:$VU$5)^2)^0.5 -> 0 | EX10: =SUMPRODUCT(--(EX$3:EX$5-$VV$3:$VV$5)^2)^0.5 -> 0 | EY10: =SUMPRODUCT(--(EY$3:EY$5-$VW$3:$VW$5)^2)^0.5 -> 0 | EZ10: =SUMPRODUCT(--(EZ$3:EZ$5-$VR$3:$VR$5)^2)^0.5 -> 0 | FA10: =SUMPRODUCT(--(FA$3:FA$5-$VS$3:$VS$5)^2)^0.5 -> 0 | FC10: =SUMPRODUCT(--(FC$3:FC$5-$VT$3:$VT$5)^2)^0.5 -> 0 | FD10: =SUMPRODUCT(--(FD$3:FD$5-$VU$3:$VU$5)^2)^0.5 -> 0 | FE10: =SUMPRODUCT(--(FE$3:FE$5-$VV$3:$VV$5)^2)^0.5 -> 0 | FF10: =SUMPRODUCT(--(FF$3:FF$5-$VW$3:$VW$5)^2)^0.5 -> 0 | FG10: =SUMPRODUCT(--(FG$3:FG$5-$VR$3:$VR$5)^2)^0.5 -> 0 | FH10: =SUMPRODUCT(--(FH$3:FH$5-$VS$3:$VS$5)^2)^0.5 -> 0 | FJ10: =SUMPRODUCT(--(FJ$3:FJ$5-$VT$3:$VT$5)^2)^0.5 -> 0 | FK10: =SUMPRODUCT(--(FK$3:FK$5-$VU$3:$VU$5)^2)^0.5 -> 0 | FL10: =SUMPRODUCT(--(FL$3:FL$5-$VV$3:$VV$5)^2)^0.5 -> 0 | FM10: =SUMPRODUCT(--(FM$3:FM$5-$VW$3:$VW$5)^2)^0.5 -> 0 | FN10: =SUMPRODUCT(--(FN$3:FN$5-$VR$3:$VR$5)^2)^0.5 -> 0 | FT10: =SUMPRODUCT(--(FT$3:FT$5-$VW$3:$VW$5)^2)^0.5 -> 0 | FU10: =SUMPRODUCT(--(FU$3:FU$5-$VR$3:$VR$5)^2)^0.5 -> 0 | GA10: =SUMPRODUCT(--(GA$3:GA$5-$VW$3:$VW$5)^2)^0.5 -> 0 | GB10: =SUMPRODUCT(--(GB$3:GB$5-$VR$3:$VR$5)^2)^0.5 -> 0 | GH10: =SUMPRODUCT(--(GH$3:GH$5-$VW$3:$VW$5)^2)^0.5 -> 0 | GI10: =SUMPRODUCT(--(GI$3:GI$5-$VR$3:$VR$5)^2)^0.5 -> 0 | GO10: =SUMPRODUCT(--(GO$3:GO$5-$VW$3:$VW$5)^2)^0.5 -> 0 | GP10: =SUMPRODUCT(--(GP$3:GP$5-$VR$3:$VR$5)^2)^0.5 -> 0 | GV10: =SUMPRODUCT(--(GV$3:GV$5-$VW$3:$VW$5)^2)^0.5 -> 0 | GW10: =SUMPRODUCT(--(GW$3:GW$5-$VR$3:$VR$5)^2)^0.5 -> 0 | HC10: =SUMPRODUCT(--(HC$3:HC$5-$VW$3:$VW$5)^2)^0.5 -> 0 | HD10: =SUMPRODUCT(--(HD$3:HD$5-$VR$3:$VR$5)^2)^0.5 -> 0 | HJ10: =SUMPRODUCT(--(HJ$3:HJ$5-$VW$3:$VW$5)^2)^0.5 -> 0 | HK10: =SUMPRODUCT(--(HK$3:HK$5-$VR$3:$VR$5)^2)^0.5 -> 0 | HQ10: =SUMPRODUCT(--(HQ$3:HQ$5-$VW$3:$VW$5)^2)^0.5 -> 0 | HR10: =SUMPRODUCT(--(HR$3:HR$5-$VR$3:$VR$5)^2)^0.5 -> 0 | HX10: =SUMPRODUCT(--(HX$3:HX$5-$VW$3:$VW$5)^2)^0.5 -> 0 | HY10: =SUMPRODUCT(--(HY$3:HY$5-$VR$3:$VR$5)^2)^0.5 -> 0 | IE10: =SUMPRODUCT(--(IE$3:IE$5-$VW$3:$VW$5)^2)^0.5 -> 0 | IF10: =SUMPRODUCT(--(IF$3:IF$5-$VR$3:$VR$5)^2)^0.5 -> 0 | IL10: =SUMPRODUCT(--(IL$3:IL$5-$VW$3:$VW$5)^2)^0.5 -> 0 | IM10: =SUMPRODUCT(--(IM$3:IM$5-$VR$3:$VR$5)^2)^0.5 -> 0 | IS10: =SUMPRODUCT(--(IS$3:IS$5-$VW$3:$VW$5)^2)^0.5 -> 0 | IT10: =SUMPRODUCT(--(IT$3:IT$5-$VR$3:$VR$5)^2)^0.5 -> 0 | IU10: =SUMPRODUCT(--(IU$3:IU$5-$VS$3:$VS$5)^2)^0.5 -> 0 | IW10: =SUMPRODUCT(--(IW$3:IW$5-$VT$3:$VT$5)^2)^0.5 -> 0 | IX10: =SUMPRODUCT(--(IX$3:IX$5-$VU$3:$VU$5)^2)^0.5 -> 0 | IY10: =SUMPRODUCT(--(IY$3:IY$5-$VV$3:$VV$5)^2)^0.5 -> 0 | IZ10: =SUMPRODUCT(--(IZ$3:IZ$5-$VW$3:$VW$5)^2)^0.5 -> 0 | JA10: =SUMPRODUCT(--(JA$3:JA$5-$VR$3:$VR$5)^2)^0.5 -> 0 | JB10: =SUMPRODUCT(--(JB$3:JB$5-$VS$3:$VS$5)^2)^0.5 -> 0 | JD10: =SUMPRODUCT(--(JD$3:JD$5-$VT$3:$VT$5)^2)^0.5 -> 0 | JE10: =SUMPRODUCT(--(JE$3:JE$5-$VU$3:$VU$5)^2)^0.5 -> 0 | JF10: =SUMPRODUCT(--(JF$3:JF$5-$VV$3:$VV$5)^2)^0.5 -> 0 | JG10: =SUMPRODUCT(--(JG$3:JG$5-$VW$3:$VW$5)^2)^0.5 -> 0 | JH10: =SUMPRODUCT(--(JH$3:JH$5-$VR$3:$VR$5)^2)^0.5 -> 0 | JN10: =SUMPRODUCT(--(JN$3:JN$5-$VW$3:$VW$5)^2)^0.5 -> 0 | JO10: =SUMPRODUCT(--(JO$3:JO$5-$VR$3:$VR$5)^2)^0.5 -> 0 | JU10: =SUMPRODUCT(--(JU$3:JU$5-$VW$3:$VW$5)^2)^0.5 -> 0 | JV10: =SUMPRODUCT(--(JV$3:JV$5-$VR$3:$VR$5)^2)^0.5 -> 0 | JW10: =SUMPRODUCT(--(JW$3:JW$5-$VS$3:$VS$5)^2)^0.5 -> 0 | JY10: =SUMPRODUCT(--(JY$3:JY$5-$VT$3:$VT$5)^2)^0.5 -> 0 | JZ10: =SUMPRODUCT(--(JZ$3:JZ$5-$VU$3:$VU$5)^2)^0.5 -> 0 | KA10: =SUMPRODUCT(--(KA$3:KA$5-$VV$3:$VV$5)^2)^0.5 -> 0 | KB10: =SUMPRODUCT(--(KB$3:KB$5-$VW$3:$VW$5)^2)^0.5 -> 0 | KC10: =SUMPRODUCT(--(KC$3:KC$5-$VR$3:$VR$5)^2)^0.5 -> 0 | KD10: =SUMPRODUCT(--(KD$3:KD$5-$VS$3:$VS$5)^2)^0.5 -> 0 | KF10: =SUMPRODUCT(--(KF$3:KF$5-$VT$3:$VT$5)^2)^0.5 -> 0 | KG10: =SUMPRODUCT(--(KG$3:KG$5-$VU$3:$VU$5)^2)^0.5 -> 0 | KH10: =SUMPRODUCT(--(KH$3:KH$5-$VV$3:$VV$5)^2)^0.5 -> 0 | KI10: =SUMPRODUCT(--(KI$3:KI$5-$VW$3:$VW$5)^2)^0.5 -> 0 | KJ10: =SUMPRODUCT(--(KJ$3:KJ$5-$VR$3:$VR$5)^2)^0.5 -> 0 | KK10: =SUMPRODUCT(--(KK$3:KK$5-$VS$3:$VS$5)^2)^0.5 -> 0 | KM10: =SUMPRODUCT(--(KM$3:KM$5-$VT$3:$VT$5)^2)^0.5 -> 0 | KN10: =SUMPRODUCT(--(KN$3:KN$5-$VU$3:$VU$5)^2)^0.5 -> 0 | KO10: =SUMPRODUCT(--(KO$3:KO$5-$VV$3:$VV$5)^2)^0.5 -> 0 | KP10: =SUMPRODUCT(--(KP$3:KP$5-$VW$3:$VW$5)^2)^0.5 -> 0 | KQ10: =SUMPRODUCT(--(KQ$3:KQ$5-$VR$3:$VR$5)^2)^0.5 -> 0 | KR10: =SUMPRODUCT(--(KR$3:KR$5-$VS$3:$VS$5)^2)^0.5 -> 0 | KT10: =SUMPRODUCT(--(KT$3:KT$5-$VT$3:$VT$5)^2)^0.5 -> 0 | KU10: =SUMPRODUCT(--(KU$3:KU$5-$VU$3:$VU$5)^2)^0.5 -> 0 | KV10: =SUMPRODUCT(--(KV$3:KV$5-$VV$3:$VV$5)^2)^0.5 -> 0 | KW10: =SUMPRODUCT(--(KW$3:KW$5-$VW$3:$VW$5)^2)^0.5 -> 0 | KX10: =SUMPRODUCT(--(KX$3:KX$5-$VR$3:$VR$5)^2)^0.5 -> 0 | LD10: =SUMPRODUCT(--(LD$3:LD$5-$VW$3:$VW$5)^2)^0.5 -> 0 | LE10: =SUMPRODUCT(--(LE$3:LE$5-$VR$3:$VR$5)^2)^0.5 -> 0 | LK10: =SUMPRODUCT(--(LK$3:LK$5-$VW$3:$VW$5)^2)^0.5 -> 0 | LL10: =SUMPRODUCT(--(LL$3:LL$5-$VR$3:$VR$5)^2)^0.5 -> 0 | LM10: =SUMPRODUCT(--(LM$3:LM$5-$VS$3:$VS$5)^2)^0.5 -> 0 | LO10: =SUMPRODUCT(--(LO$3:LO$5-$VT$3:$VT$5)^2)^0.5 -> 0 | LP10: =SUMPRODUCT(--(LP$3:LP$5-$VU$3:$VU$5)^2)^0.5 -> 0 | LQ10: =SUMPRODUCT(--(LQ$3:LQ$5-$VV$3:$VV$5)^2)^0.5 -> 0 | LR10: =SUMPRODUCT(--(LR$3:LR$5-$VW$3:$VW$5)^2)^0.5 -> 0 | LS10: =SUMPRODUCT(--(LS$3:LS$5-$VR$3:$VR$5)^2)^0.5 -> 0 | LT10: =SUMPRODUCT(--(LT$3:LT$5-$VS$3:$VS$5)^2)^0.5 -> 0 | LV10: =SUMPRODUCT(--(LV$3:LV$5-$VT$3:$VT$5)^2)^0.5 -> 0 | LW10: =SUMPRODUCT(--(LW$3:LW$5-$VU$3:$VU$5)^2)^0.5 -> 0 | LX10: =SUMPRODUCT(--(LX$3:LX$5-$VV$3:$VV$5)^2)^0.5 -> 0 | LY10: =SUMPRODUCT(--(LY$3:LY$5-$VW$3:$VW$5)^2)^0.5 -> 0 | LZ10: =SUMPRODUCT(--(LZ$3:LZ$5-$VR$3:$VR$5)^2)^0.5 -> 0 | MF10: =SUMPRODUCT(--(MF$3:MF$5-$VW$3:$VW$5)^2)^0.5 -> 0 | MG10: =SUMPRODUCT(--(MG$3:MG$5-$VR$3:$VR$5)^2)^0.5 -> 0 | MM10: =SUMPRODUCT(--(MM$3:MM$5-$VW$3:$VW$5)^2)^0.5 -> 0 | MN10: =SUMPRODUCT(--(MN$3:MN$5-$VR$3:$VR$5)^2)^0.5 -> 0 | MT10: =SUMPRODUCT(--(MT$3:MT$5-$VW$3:$VW$5)^2)^0.5 -> 0 | MU10: =SUMPRODUCT(--(MU$3:MU$5-$VR$3:$VR$5)^2)^0.5 -> 0 | NA10: =SUMPRODUCT(--(NA$3:NA$5-$VW$3:$VW$5)^2)^0.5 -> 0 | NB10: =SUMPRODUCT(--(NB$3:NB$5-$VR$3:$VR$5)^2)^0.5 -> 0 | NH10: =SUMPRODUCT(--(NH$3:NH$5-$VW$3:$VW$5)^2)^0.5 -> 0 | NI10: =SUMPRODUCT(--(NI$3:NI$5-$VR$3:$VR$5)^2)^0.5 -> 0 | NO10: =SUMPRODUCT(--(NO$3:NO$5-$VW$3:$VW$5)^2)^0.5 -> 0 | NP10: =SUMPRODUCT(--(NP$3:NP$5-$VR$3:$VR$5)^2)^0.5 -> 0 | NV10: =SUMPRODUCT(--(NV$3:NV$5-$VW$3:$VW$5)^2)^0.5 -> 0 | NW10: =SUMPRODUCT(--(NW$3:NW$5-$VR$3:$VR$5)^2)^0.5 -> 0 | OC10: =SUMPRODUCT(--(OC$3:OC$5-$VW$3:$VW$5)^2)^0.5 -> 0 | OD10: =SUMPRODUCT(--(OD$3:OD$5-$VR$3:$VR$5)^2)^0.5 -> 0 | OE10: =SUMPRODUCT(--(OE$3:OE$5-$VS$3:$VS$5)^2)^0.5 -> 0 | OG10: =SUMPRODUCT(--(OG$3:OG$5-$VT$3:$VT$5)^2)^0.5 -> 0 | OH10: =SUMPRODUCT(--(OH$3:OH$5-$VU$3:$VU$5)^2)^0.5 -> 0 | OI10: =SUMPRODUCT(--(OI$3:OI$5-$VV$3:$VV$5)^2)^0.5 -> 0 | OJ10: =SUMPRODUCT(--(OJ$3:OJ$5-$VW$3:$VW$5)^2)^0.5 -> 0 | OK10: =SUMPRODUCT(--(OK$3:OK$5-$VR$3:$VR$5)^2)^0.5 -> 0 | OL10: =SUMPRODUCT(--(OL$3:OL$5-$VS$3:$VS$5)^2)^0.5 -> 0 | ON10: =SUMPRODUCT(--(ON$3:ON$5-$VT$3:$VT$5)^2)^0.5 -> 0 | OO10: =SUMPRODUCT(--(OO$3:OO$5-$VU$3:$VU$5)^2)^0.5 -> 0 | OP10: =SUMPRODUCT(--(OP$3:OP$5-$VV$3:$VV$5)^2)^0.5 -> 0 | OQ10: =SUMPRODUCT(--(OQ$3:OQ$5-$VW$3:$VW$5)^2)^0.5 -> 0 | OR10: =SUMPRODUCT(--(OR$3:OR$5-$VR$3:$VR$5)^2)^0.5 -> 0 | OX10: =SUMPRODUCT(--(OX$3:OX$5-$VW$3:$VW$5)^2)^0.5 -> 0 | OY10: =SUMPRODUCT(--(OY$3:OY$5-$VR$3:$VR$5)^2)^0.5 -> 0 | OZ10: =SUMPRODUCT(--(OZ$3:OZ$5-$VS$3:$VS$5)^2)^0.5 -> 0 | PB10: =SUMPRODUCT(--(PB$3:PB$5-$VT$3:$VT$5)^2)^0.5 -> 0 | PC10: =SUMPRODUCT(--(PC$3:PC$5-$VU$3:$VU$5)^2)^0.5 -> 0 | PD10: =SUMPRODUCT(--(PD$3:PD$5-$VV$3:$VV$5)^2)^0.5 -> 0 | PE10: =SUMPRODUCT(--(PE$3:PE$5-$VW$3:$VW$5)^2)^0.5 -> 0 | PF10: =SUMPRODUCT(--(PF$3:PF$5-$VR$3:$VR$5)^2)^0.5 -> 0 | PG10: =SUMPRODUCT(--(PG$3:PG$5-$VS$3:$VS$5)^2)^0.5 -> 0 | PI10: =SUMPRODUCT(--(PI$3:PI$5-$VT$3:$VT$5)^2)^0.5 -> 0 | PJ10: =SUMPRODUCT(--(PJ$3:PJ$5-$VU$3:$VU$5)^2)^0.5 -> 0 | PK10: =SUMPRODUCT(--(PK$3:PK$5-$VV$3:$VV$5)^2)^0.5 -> 0 | PL10: =SUMPRODUCT(--(PL$3:PL$5-$VW$3:$VW$5)^2)^0.5 -> 0 | PM10: =SUMPRODUCT(--(PM$3:PM$5-$VR$3:$VR$5)^2)^0.5 -> 0 | PN10: =SUMPRODUCT(--(PN$3:PN$5-$VS$3:$VS$5)^2)^0.5 -> 0 | PP10: =SUMPRODUCT(--(PP$3:PP$5-$VT$3:$VT$5)^2)^0.5 -> 0 | PQ10: =SUMPRODUCT(--(PQ$3:PQ$5-$VU$3:$VU$5)^2)^0.5 -> 0 | PR10: =SUMPRODUCT(--(PR$3:PR$5-$VV$3:$VV$5)^2)^0.5 -> 0 | PS10: =SUMPRODUCT(--(PS$3:PS$5-$VW$3:$VW$5)^2)^0.5 -> 0 | PT10: =SUMPRODUCT(--(PT$3:PT$5-$VR$3:$VR$5)^2)^0.5 -> 0 | PU10: =SUMPRODUCT(--(PU$3:PU$5-$VS$3:$VS$5)^2)^0.5 -> 0 | PW10: =SUMPRODUCT(--(PW$3:PW$5-$VT$3:$VT$5)^2)^0.5 -> 0 | PX10: =SUMPRODUCT(--(PX$3:PX$5-$VU$3:$VU$5)^2)^0.5 -> 0 | PY10: =SUMPRODUCT(--(PY$3:PY$5-$VV$3:$VV$5)^2)^0.5 -> 0 | PZ10: =SUMPRODUCT(--(PZ$3:PZ$5-$VW$3:$VW$5)^2)^0.5 -> 0 | QA10: =SUMPRODUCT(--(QA$3:QA$5-$VR$3:$VR$5)^2)^0.5 -> 0 | QB10: =SUMPRODUCT(--(QB$3:QB$5-$VS$3:$VS$5)^2)^0.5 -> 0 | QD10: =SUMPRODUCT(--(QD$3:QD$5-$VT$3:$VT$5)^2)^0.5 -> 0 | QE10: =SUMPRODUCT(--(QE$3:QE$5-$VU$3:$VU$5)^2)^0.5 -> 0 | QF10: =SUMPRODUCT(--(QF$3:QF$5-$VV$3:$VV$5)^2)^0.5 -> 0 | QG10: =SUMPRODUCT(--(QG$3:QG$5-$VW$3:$VW$5)^2)^0.5 -> 0 | QH10: =SUMPRODUCT(--(QH$3:QH$5-$VR$3:$VR$5)^2)^0.5 -> 0 | QI10: =SUMPRODUCT(--(QI$3:QI$5-$VS$3:$VS$5)^2)^0.5 -> 0 | QK10: =SUMPRODUCT(--(QK$3:QK$5-$VT$3:$VT$5)^2)^0.5 -> 0 | QL10: =SUMPRODUCT(--(QL$3:QL$5-$VU$3:$VU$5)^2)^0.5 -> 0 | QM10: =SUMPRODUCT(--(QM$3:QM$5-$VV$3:$VV$5)^2)^0.5 -> 0 | QN10: =SUMPRODUCT(--(QN$3:QN$5-$VW$3:$VW$5)^2)^0.5 -> 0 | QO10: =SUMPRODUCT(--(QO$3:QO$5-$VR$3:$VR$5)^2)^0.5 -> 0 | QP10: =SUMPRODUCT(--(QP$3:QP$5-$VS$3:$VS$5)^2)^0.5 -> 0 | QR10: =SUMPRODUCT(--(QR$3:QR$5-$VT$3:$VT$5)^2)^0.5 -> 0 | QS10: =SUMPRODUCT(--(QS$3:QS$5-$VU$3:$VU$5)^2)^0.5 -> 0 | QT10: =SUMPRODUCT(--(QT$3:QT$5-$VV$3:$VV$5)^2)^0.5 -> 0 | QU10: =SUMPRODUCT(--(QU$3:QU$5-$VW$3:$VW$5)^2)^0.5 -> 0 | QV10: =SUMPRODUCT(--(QV$3:QV$5-$VR$3:$VR$5)^2)^0.5 -> 0 | QW10: =SUMPRODUCT(--(QW$3:QW$5-$VS$3:$VS$5)^2)^0.5 -> 0 | QY10: =SUMPRODUCT(--(QY$3:QY$5-$VT$3:$VT$5)^2)^0.5 -> 0 | QZ10: =SUMPRODUCT(--(QZ$3:QZ$5-$VU$3:$VU$5)^2)^0.5 -> 0 | RA10: =SUMPRODUCT(--(RA$3:RA$5-$VV$3:$VV$5)^2)^0.5 -> 0 | RB10: =SUMPRODUCT(--(RB$3:RB$5-$VW$3:$VW$5)^2)^0.5 -> 0 | RC10: =SUMPRODUCT(--(RC$3:RC$5-$VR$3:$VR$5)^2)^0.5 -> 0 | RD10: =SUMPRODUCT(--(RD$3:RD$5-$VS$3:$VS$5)^2)^0.5 -> 0 | RF10: =SUMPRODUCT(--(RF$3:RF$5-$VT$3:$VT$5)^2)^0.5 -> 0 | RG10: =SUMPRODUCT(--(RG$3:RG$5-$VU$3:$VU$5)^2)^0.5 -> 0 | RH10: =SUMPRODUCT(--(RH$3:RH$5-$VV$3:$VV$5)^2)^0.5 -> 0 | RI10: =SUMPRODUCT(--(RI$3:RI$5-$VW$3:$VW$5)^2)^0.5 -> 0 | RJ10: =SUMPRODUCT(--(RJ$3:RJ$5-$VR$3:$VR$5)^2)^0.5 -> 0 | RP10: =SUMPRODUCT(--(RP$3:RP$5-$VW$3:$VW$5)^2)^0.5 -> 0 | RQ10: =SUMPRODUCT(--(RQ$3:RQ$5-$VR$3:$VR$5)^2)^0.5 -> 0 | RW10: =SUMPRODUCT(--(RW$3:RW$5-$VW$3:$VW$5)^2)^0.5 -> 0 | RX10: =SUMPRODUCT(--(RX$3:RX$5-$VR$3:$VR$5)^2)^0.5 -> 0 | SD10: =SUMPRODUCT(--(SD$3:SD$5-$VW$3:$VW$5)^2)^0.5 -> 0 | SE10: =SUMPRODUCT(--(SE$3:SE$5-$VR$3:$VR$5)^2)^0.5 -> 0 | SK10: =SUMPRODUCT(--(SK$3:SK$5-$VW$3:$VW$5)^2)^0.5 -> 0 | SL10: =SUMPRODUCT(--(SL$3:SL$5-$VR$3:$VR$5)^2)^0.5 -> 0 | SR10: =SUMPRODUCT(--(SR$3:SR$5-$VW$3:$VW$5)^2)^0.5 -> 0 | SS10: =SUMPRODUCT(--(SS$3:SS$5-$VR$3:$VR$5)^2)^0.5 -> 0 | SY10: =SUMPRODUCT(--(SY$3:SY$5-$VW$3:$VW$5)^2)^0.5 -> 0 | SZ10: =SUMPRODUCT(--(SZ$3:SZ$5-$VR$3:$VR$5)^2)^0.5 -> 0 | TF10: =SUMPRODUCT(--(TF$3:TF$5-$VW$3:$VW$5)^2)^0.5 -> 0 | TG10: =SUMPRODUCT(--(TG$3:TG$5-$VR$3:$VR$5)^2)^0.5 -> 0 | TM10: =SUMPRODUCT(--(TM$3:TM$5-$VW$3:$VW$5)^2)^0.5 -> 0 | TN10: =SUMPRODUCT(--(TN$3:TN$5-$VR$3:$VR$5)^2)^0.5 -> 0 | TO10: =SUMPRODUCT(--(TO$3:TO$5-$VS$3:$VS$5)^2)^0.5 -> 0 | TQ10: =SUMPRODUCT(--(TQ$3:TQ$5-$VT$3:$VT$5)^2)^0.5 -> 0 | TR10: =SUMPRODUCT(--(TR$3:TR$5-$VU$3:$VU$5)^2)^0.5 -> 0 | TS10: =SUMPRODUCT(--(TS$3:TS$5-$VV$3:$VV$5)^2)^0.5 -> 0 | TT10: =SUMPRODUCT(--(TT$3:TT$5-$VW$3:$VW$5)^2)^0.5 -> 0 | TU10: =SUMPRODUCT(--(TU$3:TU$5-$VR$3:$VR$5)^2)^0.5 -> 0 | TV10: =SUMPRODUCT(--(TV$3:TV$5-$VS$3:$VS$5)^2)^0.5 -> 0 | TX10: =SUMPRODUCT(--(TX$3:TX$5-$VT$3:$VT$5)^2)^0.5 -> 0 | TY10: =SUMPRODUCT(--(TY$3:TY$5-$VU$3:$VU$5)^2)^0.5 -> 0 | TZ10: =SUMPRODUCT(--(TZ$3:TZ$5-$VV$3:$VV$5)^2)^0.5 -> 0 | UA10: =SUMPRODUCT(--(UA$3:UA$5-$VW$3:$VW$5)^2)^0.5 -> 0 | UB10: =SUMPRODUCT(--(UB$3:UB$5-$VR$3:$VR$5)^2)^0.5 -> 0 | UC10: =SUMPRODUCT(--(UC$3:UC$5-$VS$3:$VS$5)^2)^0.5 -> 0 | UE10: =SUMPRODUCT(--(UE$3:UE$5-$VT$3:$VT$5)^2)^0.5 -> 0 | UF10: =SUMPRODUCT(--(UF$3:UF$5-$VU$3:$VU$5)^2)^0.5 -> 0 | UG10: =SUMPRODUCT(--(UG$3:UG$5-$VV$3:$VV$5)^2)^0.5 -> 0 | UH10: =SUMPRODUCT(--(UH$3:UH$5-$VW$3:$VW$5)^2)^0.5 -> 0 | UI10: =SUMPRODUCT(--(UI$3:UI$5-$VR$3:$VR$5)^2)^0.5 -> 0 | UJ10: =SUMPRODUCT(--(UJ$3:UJ$5-$VS$3:$VS$5)^2)^0.5 -> 0 | UL10: =SUMPRODUCT(--(UL$3:UL$5-$VT$3:$VT$5)^2)^0.5 -> 0 | UM10: =SUMPRODUCT(--(UM$3:UM$5-$VU$3:$VU$5)^2)^0.5 -> 0 | UN10: =SUMPRODUCT(--(UN$3:UN$5-$VV$3:$VV$5)^2)^0.5 -> 0 | UO10: =SUMPRODUCT(--(UO$3:UO$5-$VW$3:$VW$5)^2)^0.5 -> 0 | UP10: =SUMPRODUCT(--(UP$3:UP$5-$VR$3:$VR$5)^2)^0.5 -> 0 | UQ10: =SUMPRODUCT(--(UQ$3:UQ$5-$VS$3:$VS$5)^2)^0.5 -> 0 | US10: =SUMPRODUCT(--(US$3:US$5-$VT$3:$VT$5)^2)^0.5 -> 0 | UT10: =SUMPRODUCT(--(UT$3:UT$5-$VU$3:$VU$5)^2)^0.5 -> 0 | UU10: =SUMPRODUCT(--(UU$3:UU$5-$VV$3:$VV$5)^2)^0.5 -> 0 | UV10: =SUMPRODUCT(--(UV$3:UV$5-$VW$3:$VW$5)^2)^0.5 -> 0 | UW10: =SUMPRODUCT(--(UW$3:UW$5-$VR$3:$VR$5)^2)^0.5 -> 0 | UX10: =SUMPRODUCT(--(UX$3:UX$5-$VS$3:$VS$5)^2)^0.5 -> 0 | UZ10: =SUMPRODUCT(--(UZ$3:UZ$5-$VT$3:$VT$5)^2)^0.5 -> 0 | VA10: =SUMPRODUCT(--(VA$3:VA$5-$VU$3:$VU$5)^2)^0.5 -> 0 | VB10: =SUMPRODUCT(--(VB$3:VB$5-$VV$3:$VV$5)^2)^0.5 -> 0 | VC10: =SUMPRODUCT(--(VC$3:VC$5-$VW$3:$VW$5)^2)^0.5 -> 0 | VD10: =SUMPRODUCT(--(VD$3:VD$5-$VR$3:$VR$5)^2)^0.5 -> 0 | VE10: =SUMPRODUCT(--(VE$3:VE$5-$VS$3:$VS$5)^2)^0.5 -> 0 | VG10: =SUMPRODUCT(--(VG$3:VG$5-$VT$3:$VT$5)^2)^0.5 -> 0 | VH10: =SUMPRODUCT(--(VH$3:VH$5-$VU$3:$VU$5)^2)^0.5 -> 0 | VI10: =SUMPRODUCT(--(VI$3:VI$5-$VV$3:$VV$5)^2)^0.5 -> 0 | VJ10: =SUMPRODUCT(--(VJ$3:VJ$5-$VW$3:$VW$5)^2)^0.5 -> 0 | VK10: =SUMPRODUCT(--(VK$3:VK$5-$VR$3:$VR$5)^2)^0.5 -> 0 | VL10: =SUMPRODUCT(--(VL$3:VL$5-$VS$3:$VS$5)^2)^0.5 -> 0 | VN10: =SUMPRODUCT(--(VN$3:VN$5-$VT$3:$VT$5)^2)^0.5 -> 0 | VO10: =SUMPRODUCT(--(VO$3:VO$5-$VU$3:$VU$5)^2)^0.5 -> 0 | VP10: =SUMPRODUCT(--(VP$3:VP$5-$VV$3:$VV$5)^2)^0.5 -> 0 | VQ10: =SUMPRODUCT(--(VQ$3:VQ$5-$VW$3:$VW$5)^2)^0.5 -> 0
A11: BEST | B11: =SUMPRODUCT(NOT(ISBLANK(B$3:B$5))*(B$3:B$5=$VR$3:$VR$5)) -> 0 | C11: =SUMPRODUCT(NOT(ISBLANK(C$3:C$5))*(C$3:C$5=$VS$3:$VS$5)) -> 0 | E11: =SUMPRODUCT(NOT(ISBLANK(E$3:E$5))*(E$3:E$5=$VT$3:$VT$5)) -> 0 | F11: =SUMPRODUCT(NOT(ISBLANK(F$3:F$5))*(F$3:F$5=$VU$3:$VU$5)) -> 0 | G11: =SUMPRODUCT(NOT(ISBLANK(G$3:G$5))*(G$3:G$5=$VV$3:$VV$5)) -> 0 | H11: =SUMPRODUCT(NOT(ISBLANK(H$3:H$5))*(H$3:H$5=$VW$3:$VW$5)) -> 0 | I11: =SUMPRODUCT(NOT(ISBLANK(I$3:I$5))*(I$3:I$5=$VR$3:$VR$5)) -> 0 | J11: =SUMPRODUCT(NOT(ISBLANK(J$3:J$5))*(J$3:J$5=$VS$3:$VS$5)) -> 0 | L11: =SUMPRODUCT(NOT(ISBLANK(L$3:L$5))*(L$3:L$5=$VT$3:$VT$5)) -> 0 | M11: =SUMPRODUCT(NOT(ISBLANK(M$3:M$5))*(M$3:M$5=$VU$3:$VU$5)) -> 0 | N11: =SUMPRODUCT(NOT(ISBLANK(N$3:N$5))*(N$3:N$5=$VV$3:$VV$5)) -> 0 | O11: =SUMPRODUCT(NOT(ISBLANK(O$3:O$5))*(O$3:O$5=$VW$3:$VW$5)) -> 0 | P11: =SUMPRODUCT(NOT(ISBLANK(P$3:P$5))*(P$3:P$5=$VR$3:$VR$5)) -> 0 | Q11: =SUMPRODUCT(NOT(ISBLANK(Q$3:Q$5))*(Q$3:Q$5=$VS$3:$VS$5)) -> 0 | S11: =SUMPRODUCT(NOT(ISBLANK(S$3:S$5))*(S$3:S$5=$VT$3:$VT$5)) -> 0 | T11: =SUMPRODUCT(NOT(ISBLANK(T$3:T$5))*(T$3:T$5=$VU$3:$VU$5)) -> 0 | U11: =SUMPRODUCT(NOT(ISBLANK(U$3:U$5))*(U$3:U$5=$VV$3:$VV$5)) -> 0 | V11: =SUMPRODUCT(NOT(ISBLANK(V$3:V$5))*(V$3:V$5=$VW$3:$VW$5)) -> 0 | W11: =SUMPRODUCT(NOT(ISBLANK(W$3:W$5))*(W$3:W$5=$VR$3:$VR$5)) -> 0 | X11: =SUMPRODUCT(NOT(ISBLANK(X$3:X$5))*(X$3:X$5=$VS$3:$VS$5)) -> 0 | Z11: =SUMPRODUCT(NOT(ISBLANK(Z$3:Z$5))*(Z$3:Z$5=$VT$3:$VT$5)) -> 0 | AA11: =SUMPRODUCT(NOT(ISBLANK(AA$3:AA$5))*(AA$3:AA$5=$VU$3:$VU$5)) -> 0 | AB11: =SUMPRODUCT(NOT(ISBLANK(AB$3:AB$5))*(AB$3:AB$5=$VV$3:$VV$5)) -> 0 | AC11: =SUMPRODUCT(NOT(ISBLANK(AC$3:AC$5))*(AC$3:AC$5=$VW$3:$VW$5)) -> 0 | AD11: =SUMPRODUCT(NOT(ISBLANK(AD$3:AD$5))*(AD$3:AD$5=$VR$3:$VR$5)) -> 0 | AJ11: =SUMPRODUCT(NOT(ISBLANK(AJ$3:AJ$5))*(AJ$3:AJ$5=$VW$3:$VW$5)) -> 0 | AK11: =SUMPRODUCT(NOT(ISBLANK(AK$3:AK$5))*(AK$3:AK$5=$VR$3:$VR$5)) -> 0 | AQ11: =SUMPRODUCT(NOT(ISBLANK(AQ$3:AQ$5))*(AQ$3:AQ$5=$VW$3:$VW$5)) -> 0 | AR11: =SUMPRODUCT(NOT(ISBLANK(AR$3:AR$5))*(AR$3:AR$5=$VR$3:$VR$5)) -> 0 | AX11: =SUMPRODUCT(NOT(ISBLANK(AX$3:AX$5))*(AX$3:AX$5=$VW$3:$VW$5)) -> 0 | AY11: =SUMPRODUCT(NOT(ISBLANK(AY$3:AY$5))*(AY$3:AY$5=$VR$3:$VR$5)) -> 0 | BE11: =SUMPRODUCT(NOT(ISBLANK(BE$3:BE$5))*(BE$3:BE$5=$VW$3:$VW$5)) -> 0 | BF11: =SUMPRODUCT(NOT(ISBLANK(BF$3:BF$5))*(BF$3:BF$5=$VR$3:$VR$5)) -> 0 | BL11: =SUMPRODUCT(NOT(ISBLANK(BL$3:BL$5))*(BL$3:BL$5=$VW$3:$VW$5)) -> 0 | BM11: =SUMPRODUCT(NOT(ISBLANK(BM$3:BM$5))*(BM$3:BM$5=$VR$3:$VR$5)) -> 0 | BS11: =SUMPRODUCT(NOT(ISBLANK(BS$3:BS$5))*(BS$3:BS$5=$VW$3:$VW$5)) -> 0 | BT11: =SUMPRODUCT(NOT(ISBLANK(BT$3:BT$5))*(BT$3:BT$5=$VR$3:$VR$5)) -> 0 | BZ11: =SUMPRODUCT(NOT(ISBLANK(BZ$3:BZ$5))*(BZ$3:BZ$5=$VW$3:$VW$5)) -> 0 | CA11: =SUMPRODUCT(NOT(ISBLANK(CA$3:CA$5))*(CA$3:CA$5=$VR$3:$VR$5)) -> 0 | CG11: =SUMPRODUCT(NOT(ISBLANK(CG$3:CG$5))*(CG$3:CG$5=$VW$3:$VW$5)) -> 0 | CH11: =SUMPRODUCT(NOT(ISBLANK(CH$3:CH$5))*(CH$3:CH$5=$VR$3:$VR$5)) -> 0 | CN11: =SUMPRODUCT(NOT(ISBLANK(CN$3:CN$5))*(CN$3:CN$5=$VW$3:$VW$5)) -> 0 | CO11: =SUMPRODUCT(NOT(ISBLANK(CO$3:CO$5))*(CO$3:CO$5=$VR$3:$VR$5)) -> 0 | CU11: =SUMPRODUCT(NOT(ISBLANK(CU$3:CU$5))*(CU$3:CU$5=$VW$3:$VW$5)) -> 0 | CV11: =SUMPRODUCT(NOT(ISBLANK(CV$3:CV$5))*(CV$3:CV$5=$VR$3:$VR$5)) -> 0 | DB11: =SUMPRODUCT(NOT(ISBLANK(DB$3:DB$5))*(DB$3:DB$5=$VW$3:$VW$5)) -> 0 | DC11: =SUMPRODUCT(NOT(ISBLANK(DC$3:DC$5))*(DC$3:DC$5=$VR$3:$VR$5)) -> 0 | DI11: =SUMPRODUCT(NOT(ISBLANK(DI$3:DI$5))*(DI$3:DI$5=$VW$3:$VW$5)) -> 0 | DJ11: =SUMPRODUCT(NOT(ISBLANK(DJ$3:DJ$5))*(DJ$3:DJ$5=$VR$3:$VR$5)) -> 0 | DP11: =SUMPRODUCT(NOT(ISBLANK(DP$3:DP$5))*(DP$3:DP$5=$VW$3:$VW$5)) -> 0 | DQ11: =SUMPRODUCT(NOT(ISBLANK(DQ$3:DQ$5))*(DQ$3:DQ$5=$VR$3:$VR$5)) -> 0 | DR11: =SUMPRODUCT(NOT(ISBLANK(DR$3:DR$5))*(DR$3:DR$5=$VS$3:$VS$5)) -> 0 | DT11: =SUMPRODUCT(NOT(ISBLANK(DT$3:DT$5))*(DT$3:DT$5=$VT$3:$VT$5)) -> 0 | DU11: =SUMPRODUCT(NOT(ISBLANK(DU$3:DU$5))*(DU$3:DU$5=$VU$3:$VU$5)) -> 0 | DV11: =SUMPRODUCT(NOT(ISBLANK(DV$3:DV$5))*(DV$3:DV$5=$VV$3:$VV$5)) -> 0 | DW11: =SUMPRODUCT(NOT(ISBLANK(DW$3:DW$5))*(DW$3:DW$5=$VW$3:$VW$5)) -> 0 | DX11: =SUMPRODUCT(NOT(ISBLANK(DX$3:DX$5))*(DX$3:DX$5=$VR$3:$VR$5)) -> 0 | ED11: =SUMPRODUCT(NOT(ISBLANK(ED$3:ED$5))*(ED$3:ED$5=$VW$3:$VW$5)) -> 0 | EE11: =SUMPRODUCT(NOT(ISBLANK(EE$3:EE$5))*(EE$3:EE$5=$VR$3:$VR$5)) -> 0 | EK11: =SUMPRODUCT(NOT(ISBLANK(EK$3:EK$5))*(EK$3:EK$5=$VW$3:$VW$5)) -> 0 | EL11: =SUMPRODUCT(NOT(ISBLANK(EL$3:EL$5))*(EL$3:EL$5=$VR$3:$VR$5)) -> 0 | EM11: =SUMPRODUCT(NOT(ISBLANK(EM$3:EM$5))*(EM$3:EM$5=$VS$3:$VS$5)) -> 0 | EO11: =SUMPRODUCT(NOT(ISBLANK(EO$3:EO$5))*(EO$3:EO$5=$VT$3:$VT$5)) -> 0 | EP11: =SUMPRODUCT(NOT(ISBLANK(EP$3:EP$5))*(EP$3:EP$5=$VU$3:$VU$5)) -> 0 | EQ11: =SUMPRODUCT(NOT(ISBLANK(EQ$3:EQ$5))*(EQ$3:EQ$5=$VV$3:$VV$5)) -> 0 | ER11: =SUMPRODUCT(NOT(ISBLANK(ER$3:ER$5))*(ER$3:ER$5=$VW$3:$VW$5)) -> 0 | ES11: =SUMPRODUCT(NOT(ISBLANK(ES$3:ES$5))*(ES$3:ES$5=$VR$3:$VR$5)) -> 0 | ET11: =SUMPRODUCT(NOT(ISBLANK(ET$3:ET$5))*(ET$3:ET$5=$VS$3:$VS$5)) -> 0 | EV11: =SUMPRODUCT(NOT(ISBLANK(EV$3:EV$5))*(EV$3:EV$5=$VT$3:$VT$5)) -> 0 | EW11: =SUMPRODUCT(NOT(ISBLANK(EW$3:EW$5))*(EW$3:EW$5=$VU$3:$VU$5)) -> 0 | EX11: =SUMPRODUCT(NOT(ISBLANK(EX$3:EX$5))*(EX$3:EX$5=$VV$3:$VV$5)) -> 0 | EY11: =SUMPRODUCT(NOT(ISBLANK(EY$3:EY$5))*(EY$3:EY$5=$VW$3:$VW$5)) -> 0 | EZ11: =SUMPRODUCT(NOT(ISBLANK(EZ$3:EZ$5))*(EZ$3:EZ$5=$VR$3:$VR$5)) -> 0 | FA11: =SUMPRODUCT(NOT(ISBLANK(FA$3:FA$5))*(FA$3:FA$5=$VS$3:$VS$5)) -> 0 | FC11: =SUMPRODUCT(NOT(ISBLANK(FC$3:FC$5))*(FC$3:FC$5=$VT$3:$VT$5)) -> 0 | FD11: =SUMPRODUCT(NOT(ISBLANK(FD$3:FD$5))*(FD$3:FD$5=$VU$3:$VU$5)) -> 0 | FE11: =SUMPRODUCT(NOT(ISBLANK(FE$3:FE$5))*(FE$3:FE$5=$VV$3:$VV$5)) -> 0 | FF11: =SUMPRODUCT(NOT(ISBLANK(FF$3:FF$5))*(FF$3:FF$5=$VW$3:$VW$5)) -> 0 | FG11: =SUMPRODUCT(NOT(ISBLANK(FG$3:FG$5))*(FG$3:FG$5=$VR$3:$VR$5)) -> 0 | FH11: =SUMPRODUCT(NOT(ISBLANK(FH$3:FH$5))*(FH$3:FH$5=$VS$3:$VS$5)) -> 0 | FJ11: =SUMPRODUCT(NOT(ISBLANK(FJ$3:FJ$5))*(FJ$3:FJ$5=$VT$3:$VT$5)) -> 0 | FK11: =SUMPRODUCT(NOT(ISBLANK(FK$3:FK$5))*(FK$3:FK$5=$VU$3:$VU$5)) -> 0 | FL11: =SUMPRODUCT(NOT(ISBLANK(FL$3:FL$5))*(FL$3:FL$5=$VV$3:$VV$5)) -> 0 | FM11: =SUMPRODUCT(NOT(ISBLANK(FM$3:FM$5))*(FM$3:FM$5=$VW$3:$VW$5)) -> 0 | FN11: =SUMPRODUCT(NOT(ISBLANK(FN$3:FN$5))*(FN$3:FN$5=$VR$3:$VR$5)) -> 0 | FT11: =SUMPRODUCT(NOT(ISBLANK(FT$3:FT$5))*(FT$3:FT$5=$VW$3:$VW$5)) -> 0 | FU11: =SUMPRODUCT(NOT(ISBLANK(FU$3:FU$5))*(FU$3:FU$5=$VR$3:$VR$5)) -> 0 | GA11: =SUMPRODUCT(NOT(ISBLANK(GA$3:GA$5))*(GA$3:GA$5=$VW$3:$VW$5)) -> 0 | GB11: =SUMPRODUCT(NOT(ISBLANK(GB$3:GB$5))*(GB$3:GB$5=$VR$3:$VR$5)) -> 0 | GH11: =SUMPRODUCT(NOT(ISBLANK(GH$3:GH$5))*(GH$3:GH$5=$VW$3:$VW$5)) -> 0 | GI11: =SUMPRODUCT(NOT(ISBLANK(GI$3:GI$5))*(GI$3:GI$5=$VR$3:$VR$5)) -> 0 | GO11: =SUMPRODUCT(NOT(ISBLANK(GO$3:GO$5))*(GO$3:GO$5=$VW$3:$VW$5)) -> 0 | GP11: =SUMPRODUCT(NOT(ISBLANK(GP$3:GP$5))*(GP$3:GP$5=$VR$3:$VR$5)) -> 0 | GV11: =SUMPRODUCT(NOT(ISBLANK(GV$3:GV$5))*(GV$3:GV$5=$VW$3:$VW$5)) -> 0 | GW11: =SUMPRODUCT(NOT(ISBLANK(GW$3:GW$5))*(GW$3:GW$5=$VR$3:$VR$5)) -> 0 | HC11: =SUMPRODUCT(NOT(ISBLANK(HC$3:HC$5))*(HC$3:HC$5=$VW$3:$VW$5)) -> 0 | HD11: =SUMPRODUCT(NOT(ISBLANK(HD$3:HD$5))*(HD$3:HD$5=$VR$3:$VR$5)) -> 0 | HJ11: =SUMPRODUCT(NOT(ISBLANK(HJ$3:HJ$5))*(HJ$3:HJ$5=$VW$3:$VW$5)) -> 0 | HK11: =SUMPRODUCT(NOT(ISBLANK(HK$3:HK$5))*(HK$3:HK$5=$VR$3:$VR$5)) -> 0 | HQ11: =SUMPRODUCT(NOT(ISBLANK(HQ$3:HQ$5))*(HQ$3:HQ$5=$VW$3:$VW$5)) -> 0 | HR11: =SUMPRODUCT(NOT(ISBLANK(HR$3:HR$5))*(HR$3:HR$5=$VR$3:$VR$5)) -> 0 | HX11: =SUMPRODUCT(NOT(ISBLANK(HX$3:HX$5))*(HX$3:HX$5=$VW$3:$VW$5)) -> 0 | HY11: =SUMPRODUCT(NOT(ISBLANK(HY$3:HY$5))*(HY$3:HY$5=$VR$3:$VR$5)) -> 0 | IE11: =SUMPRODUCT(NOT(ISBLANK(IE$3:IE$5))*(IE$3:IE$5=$VW$3:$VW$5)) -> 0 | IF11: =SUMPRODUCT(NOT(ISBLANK(IF$3:IF$5))*(IF$3:IF$5=$VR$3:$VR$5)) -> 0 | IL11: =SUMPRODUCT(NOT(ISBLANK(IL$3:IL$5))*(IL$3:IL$5=$VW$3:$VW$5)) -> 0 | IM11: =SUMPRODUCT(NOT(ISBLANK(IM$3:IM$5))*(IM$3:IM$5=$VR$3:$VR$5)) -> 0 | IS11: =SUMPRODUCT(NOT(ISBLANK(IS$3:IS$5))*(IS$3:IS$5=$VW$3:$VW$5)) -> 0 | IT11: =SUMPRODUCT(NOT(ISBLANK(IT$3:IT$5))*(IT$3:IT$5=$VR$3:$VR$5)) -> 0 | IU11: =SUMPRODUCT(NOT(ISBLANK(IU$3:IU$5))*(IU$3:IU$5=$VS$3:$VS$5)) -> 0 | IW11: =SUMPRODUCT(NOT(ISBLANK(IW$3:IW$5))*(IW$3:IW$5=$VT$3:$VT$5)) -> 0 | IX11: =SUMPRODUCT(NOT(ISBLANK(IX$3:IX$5))*(IX$3:IX$5=$VU$3:$VU$5)) -> 0 | IY11: =SUMPRODUCT(NOT(ISBLANK(IY$3:IY$5))*(IY$3:IY$5=$VV$3:$VV$5)) -> 0 | IZ11: =SUMPRODUCT(NOT(ISBLANK(IZ$3:IZ$5))*(IZ$3:IZ$5=$VW$3:$VW$5)) -> 0 | JA11: =SUMPRODUCT(NOT(ISBLANK(JA$3:JA$5))*(JA$3:JA$5=$VR$3:$VR$5)) -> 0 | JB11: =SUMPRODUCT(NOT(ISBLANK(JB$3:JB$5))*(JB$3:JB$5=$VS$3:$VS$5)) -> 0 | JD11: =SUMPRODUCT(NOT(ISBLANK(JD$3:JD$5))*(JD$3:JD$5=$VT$3:$VT$5)) -> 0 | JE11: =SUMPRODUCT(NOT(ISBLANK(JE$3:JE$5))*(JE$3:JE$5=$VU$3:$VU$5)) -> 0 | JF11: =SUMPRODUCT(NOT(ISBLANK(JF$3:JF$5))*(JF$3:JF$5=$VV$3:$VV$5)) -> 0 | JG11: =SUMPRODUCT(NOT(ISBLANK(JG$3:JG$5))*(JG$3:JG$5=$VW$3:$VW$5)) -> 0 | JH11: =SUMPRODUCT(NOT(ISBLANK(JH$3:JH$5))*(JH$3:JH$5=$VR$3:$VR$5)) -> 0 | JN11: =SUMPRODUCT(NOT(ISBLANK(JN$3:JN$5))*(JN$3:JN$5=$VW$3:$VW$5)) -> 0 | JO11: =SUMPRODUCT(NOT(ISBLANK(JO$3:JO$5))*(JO$3:JO$5=$VR$3:$VR$5)) -> 0 | JU11: =SUMPRODUCT(NOT(ISBLANK(JU$3:JU$5))*(JU$3:JU$5=$VW$3:$VW$5)) -> 0 | JV11: =SUMPRODUCT(NOT(ISBLANK(JV$3:JV$5))*(JV$3:JV$5=$VR$3:$VR$5)) -> 0 | JW11: =SUMPRODUCT(NOT(ISBLANK(JW$3:JW$5))*(JW$3:JW$5=$VS$3:$VS$5)) -> 0 | JY11: =SUMPRODUCT(NOT(ISBLANK(JY$3:JY$5))*(JY$3:JY$5=$VT$3:$VT$5)) -> 0 | JZ11: =SUMPRODUCT(NOT(ISBLANK(JZ$3:JZ$5))*(JZ$3:JZ$5=$VU$3:$VU$5)) -> 0 | KA11: =SUMPRODUCT(NOT(ISBLANK(KA$3:KA$5))*(KA$3:KA$5=$VV$3:$VV$5)) -> 0 | KB11: =SUMPRODUCT(NOT(ISBLANK(KB$3:KB$5))*(KB$3:KB$5=$VW$3:$VW$5)) -> 0 | KC11: =SUMPRODUCT(NOT(ISBLANK(KC$3:KC$5))*(KC$3:KC$5=$VR$3:$VR$5)) -> 0 | KD11: =SUMPRODUCT(NOT(ISBLANK(KD$3:KD$5))*(KD$3:KD$5=$VS$3:$VS$5)) -> 0 | KF11: =SUMPRODUCT(NOT(ISBLANK(KF$3:KF$5))*(KF$3:KF$5=$VT$3:$VT$5)) -> 0 | KG11: =SUMPRODUCT(NOT(ISBLANK(KG$3:KG$5))*(KG$3:KG$5=$VU$3:$VU$5)) -> 0 | KH11: =SUMPRODUCT(NOT(ISBLANK(KH$3:KH$5))*(KH$3:KH$5=$VV$3:$VV$5)) -> 0 | KI11: =SUMPRODUCT(NOT(ISBLANK(KI$3:KI$5))*(KI$3:KI$5=$VW$3:$VW$5)) -> 0 | KJ11: =SUMPRODUCT(NOT(ISBLANK(KJ$3:KJ$5))*(KJ$3:KJ$5=$VR$3:$VR$5)) -> 0 | KK11: =SUMPRODUCT(NOT(ISBLANK(KK$3:KK$5))*(KK$3:KK$5=$VS$3:$VS$5)) -> 0 | KM11: =SUMPRODUCT(NOT(ISBLANK(KM$3:KM$5))*(KM$3:KM$5=$VT$3:$VT$5)) -> 0 | KN11: =SUMPRODUCT(NOT(ISBLANK(KN$3:KN$5))*(KN$3:KN$5=$VU$3:$VU$5)) -> 0 | KO11: =SUMPRODUCT(NOT(ISBLANK(KO$3:KO$5))*(KO$3:KO$5=$VV$3:$VV$5)) -> 0 | KP11: =SUMPRODUCT(NOT(ISBLANK(KP$3:KP$5))*(KP$3:KP$5=$VW$3:$VW$5)) -> 0 | KQ11: =SUMPRODUCT(NOT(ISBLANK(KQ$3:KQ$5))*(KQ$3:KQ$5=$VR$3:$VR$5)) -> 0 | KR11: =SUMPRODUCT(NOT(ISBLANK(KR$3:KR$5))*(KR$3:KR$5=$VS$3:$VS$5)) -> 0 | KT11: =SUMPRODUCT(NOT(ISBLANK(KT$3:KT$5))*(KT$3:KT$5=$VT$3:$VT$5)) -> 0 | KU11: =SUMPRODUCT(NOT(ISBLANK(KU$3:KU$5))*(KU$3:KU$5=$VU$3:$VU$5)) -> 0 | KV11: =SUMPRODUCT(NOT(ISBLANK(KV$3:KV$5))*(KV$3:KV$5=$VV$3:$VV$5)) -> 0 | KW11: =SUMPRODUCT(NOT(ISBLANK(KW$3:KW$5))*(KW$3:KW$5=$VW$3:$VW$5)) -> 0 | KX11: =SUMPRODUCT(NOT(ISBLANK(KX$3:KX$5))*(KX$3:KX$5=$VR$3:$VR$5)) -> 0 | LD11: =SUMPRODUCT(NOT(ISBLANK(LD$3:LD$5))*(LD$3:LD$5=$VW$3:$VW$5)) -> 0 | LE11: =SUMPRODUCT(NOT(ISBLANK(LE$3:LE$5))*(LE$3:LE$5=$VR$3:$VR$5)) -> 0 | LK11: =SUMPRODUCT(NOT(ISBLANK(LK$3:LK$5))*(LK$3:LK$5=$VW$3:$VW$5)) -> 0 | LL11: =SUMPRODUCT(NOT(ISBLANK(LL$3:LL$5))*(LL$3:LL$5=$VR$3:$VR$5)) -> 0 | LM11: =SUMPRODUCT(NOT(ISBLANK(LM$3:LM$5))*(LM$3:LM$5=$VS$3:$VS$5)) -> 0 | LO11: =SUMPRODUCT(NOT(ISBLANK(LO$3:LO$5))*(LO$3:LO$5=$VT$3:$VT$5)) -> 0 | LP11: =SUMPRODUCT(NOT(ISBLANK(LP$3:LP$5))*(LP$3:LP$5=$VU$3:$VU$5)) -> 0 | LQ11: =SUMPRODUCT(NOT(ISBLANK(LQ$3:LQ$5))*(LQ$3:LQ$5=$VV$3:$VV$5)) -> 0 | LR11: =SUMPRODUCT(NOT(ISBLANK(LR$3:LR$5))*(LR$3:LR$5=$VW$3:$VW$5)) -> 0 | LS11: =SUMPRODUCT(NOT(ISBLANK(LS$3:LS$5))*(LS$3:LS$5=$VR$3:$VR$5)) -> 0 | LT11: =SUMPRODUCT(NOT(ISBLANK(LT$3:LT$5))*(LT$3:LT$5=$VS$3:$VS$5)) -> 0 | LV11: =SUMPRODUCT(NOT(ISBLANK(LV$3:LV$5))*(LV$3:LV$5=$VT$3:$VT$5)) -> 0 | LW11: =SUMPRODUCT(NOT(ISBLANK(LW$3:LW$5))*(LW$3:LW$5=$VU$3:$VU$5)) -> 0 | LX11: =SUMPRODUCT(NOT(ISBLANK(LX$3:LX$5))*(LX$3:LX$5=$VV$3:$VV$5)) -> 0 | LY11: =SUMPRODUCT(NOT(ISBLANK(LY$3:LY$5))*(LY$3:LY$5=$VW$3:$VW$5)) -> 0 | LZ11: =SUMPRODUCT(NOT(ISBLANK(LZ$3:LZ$5))*(LZ$3:LZ$5=$VR$3:$VR$5)) -> 0 | MF11: =SUMPRODUCT(NOT(ISBLANK(MF$3:MF$5))*(MF$3:MF$5=$VW$3:$VW$5)) -> 0 | MG11: =SUMPRODUCT(NOT(ISBLANK(MG$3:MG$5))*(MG$3:MG$5=$VR$3:$VR$5)) -> 0 | MM11: =SUMPRODUCT(NOT(ISBLANK(MM$3:MM$5))*(MM$3:MM$5=$VW$3:$VW$5)) -> 0 | MN11: =SUMPRODUCT(NOT(ISBLANK(MN$3:MN$5))*(MN$3:MN$5=$VR$3:$VR$5)) -> 0 | MT11: =SUMPRODUCT(NOT(ISBLANK(MT$3:MT$5))*(MT$3:MT$5=$VW$3:$VW$5)) -> 0 | MU11: =SUMPRODUCT(NOT(ISBLANK(MU$3:MU$5))*(MU$3:MU$5=$VR$3:$VR$5)) -> 0 | NA11: =SUMPRODUCT(NOT(ISBLANK(NA$3:NA$5))*(NA$3:NA$5=$VW$3:$VW$5)) -> 0 | NB11: =SUMPRODUCT(NOT(ISBLANK(NB$3:NB$5))*(NB$3:NB$5=$VR$3:$VR$5)) -> 0 | NH11: =SUMPRODUCT(NOT(ISBLANK(NH$3:NH$5))*(NH$3:NH$5=$VW$3:$VW$5)) -> 0 | NI11: =SUMPRODUCT(NOT(ISBLANK(NI$3:NI$5))*(NI$3:NI$5=$VR$3:$VR$5)) -> 0 | NO11: =SUMPRODUCT(NOT(ISBLANK(NO$3:NO$5))*(NO$3:NO$5=$VW$3:$VW$5)) -> 0 | NP11: =SUMPRODUCT(NOT(ISBLANK(NP$3:NP$5))*(NP$3:NP$5=$VR$3:$VR$5)) -> 0 | NV11: =SUMPRODUCT(NOT(ISBLANK(NV$3:NV$5))*(NV$3:NV$5=$VW$3:$VW$5)) -> 0 | NW11: =SUMPRODUCT(NOT(ISBLANK(NW$3:NW$5))*(NW$3:NW$5=$VR$3:$VR$5)) -> 0 | OC11: =SUMPRODUCT(NOT(ISBLANK(OC$3:OC$5))*(OC$3:OC$5=$VW$3:$VW$5)) -> 0 | OD11: =SUMPRODUCT(NOT(ISBLANK(OD$3:OD$5))*(OD$3:OD$5=$VR$3:$VR$5)) -> 0 | OE11: =SUMPRODUCT(NOT(ISBLANK(OE$3:OE$5))*(OE$3:OE$5=$VS$3:$VS$5)) -> 0 | OG11: =SUMPRODUCT(NOT(ISBLANK(OG$3:OG$5))*(OG$3:OG$5=$VT$3:$VT$5)) -> 0 | OH11: =SUMPRODUCT(NOT(ISBLANK(OH$3:OH$5))*(OH$3:OH$5=$VU$3:$VU$5)) -> 0 | OI11: =SUMPRODUCT(NOT(ISBLANK(OI$3:OI$5))*(OI$3:OI$5=$VV$3:$VV$5)) -> 0 | OJ11: =SUMPRODUCT(NOT(ISBLANK(OJ$3:OJ$5))*(OJ$3:OJ$5=$VW$3:$VW$5)) -> 0 | OK11: =SUMPRODUCT(NOT(ISBLANK(OK$3:OK$5))*(OK$3:OK$5=$VR$3:$VR$5)) -> 0 | OL11: =SUMPRODUCT(NOT(ISBLANK(OL$3:OL$5))*(OL$3:OL$5=$VS$3:$VS$5)) -> 0 | ON11: =SUMPRODUCT(NOT(ISBLANK(ON$3:ON$5))*(ON$3:ON$5=$VT$3:$VT$5)) -> 0 | OO11: =SUMPRODUCT(NOT(ISBLANK(OO$3:OO$5))*(OO$3:OO$5=$VU$3:$VU$5)) -> 0 | OP11: =SUMPRODUCT(NOT(ISBLANK(OP$3:OP$5))*(OP$3:OP$5=$VV$3:$VV$5)) -> 0 | OQ11: =SUMPRODUCT(NOT(ISBLANK(OQ$3:OQ$5))*(OQ$3:OQ$5=$VW$3:$VW$5)) -> 0 | OR11: =SUMPRODUCT(NOT(ISBLANK(OR$3:OR$5))*(OR$3:OR$5=$VR$3:$VR$5)) -> 0 | OX11: =SUMPRODUCT(NOT(ISBLANK(OX$3:OX$5))*(OX$3:OX$5=$VW$3:$VW$5)) -> 0 | OY11: =SUMPRODUCT(NOT(ISBLANK(OY$3:OY$5))*(OY$3:OY$5=$VR$3:$VR$5)) -> 0 | OZ11: =SUMPRODUCT(NOT(ISBLANK(OZ$3:OZ$5))*(OZ$3:OZ$5=$VS$3:$VS$5)) -> 0 | PB11: =SUMPRODUCT(NOT(ISBLANK(PB$3:PB$5))*(PB$3:PB$5=$VT$3:$VT$5)) -> 0 | PC11: =SUMPRODUCT(NOT(ISBLANK(PC$3:PC$5))*(PC$3:PC$5=$VU$3:$VU$5)) -> 0 | PD11: =SUMPRODUCT(NOT(ISBLANK(PD$3:PD$5))*(PD$3:PD$5=$VV$3:$VV$5)) -> 0 | PE11: =SUMPRODUCT(NOT(ISBLANK(PE$3:PE$5))*(PE$3:PE$5=$VW$3:$VW$5)) -> 0 | PF11: =SUMPRODUCT(NOT(ISBLANK(PF$3:PF$5))*(PF$3:PF$5=$VR$3:$VR$5)) -> 0 | PG11: =SUMPRODUCT(NOT(ISBLANK(PG$3:PG$5))*(PG$3:PG$5=$VS$3:$VS$5)) -> 0 | PI11: =SUMPRODUCT(NOT(ISBLANK(PI$3:PI$5))*(PI$3:PI$5=$VT$3:$VT$5)) -> 0 | PJ11: =SUMPRODUCT(NOT(ISBLANK(PJ$3:PJ$5))*(PJ$3:PJ$5=$VU$3:$VU$5)) -> 0 | PK11: =SUMPRODUCT(NOT(ISBLANK(PK$3:PK$5))*(PK$3:PK$5=$VV$3:$VV$5)) -> 0 | PL11: =SUMPRODUCT(NOT(ISBLANK(PL$3:PL$5))*(PL$3:PL$5=$VW$3:$VW$5)) -> 0 | PM11: =SUMPRODUCT(NOT(ISBLANK(PM$3:PM$5))*(PM$3:PM$5=$VR$3:$VR$5)) -> 0 | PN11: =SUMPRODUCT(NOT(ISBLANK(PN$3:PN$5))*(PN$3:PN$5=$VS$3:$VS$5)) -> 0 | PP11: =SUMPRODUCT(NOT(ISBLANK(PP$3:PP$5))*(PP$3:PP$5=$VT$3:$VT$5)) -> 0 | PQ11: =SUMPRODUCT(NOT(ISBLANK(PQ$3:PQ$5))*(PQ$3:PQ$5=$VU$3:$VU$5)) -> 0 | PR11: =SUMPRODUCT(NOT(ISBLANK(PR$3:PR$5))*(PR$3:PR$5=$VV$3:$VV$5)) -> 0 | PS11: =SUMPRODUCT(NOT(ISBLANK(PS$3:PS$5))*(PS$3:PS$5=$VW$3:$VW$5)) -> 0 | PT11: =SUMPRODUCT(NOT(ISBLANK(PT$3:PT$5))*(PT$3:PT$5=$VR$3:$VR$5)) -> 0 | PU11: =SUMPRODUCT(NOT(ISBLANK(PU$3:PU$5))*(PU$3:PU$5=$VS$3:$VS$5)) -> 0 | PW11: =SUMPRODUCT(NOT(ISBLANK(PW$3:PW$5))*(PW$3:PW$5=$VT$3:$VT$5)) -> 0 | PX11: =SUMPRODUCT(NOT(ISBLANK(PX$3:PX$5))*(PX$3:PX$5=$VU$3:$VU$5)) -> 0 | PY11: =SUMPRODUCT(NOT(ISBLANK(PY$3:PY$5))*(PY$3:PY$5=$VV$3:$VV$5)) -> 0 | PZ11: =SUMPRODUCT(NOT(ISBLANK(PZ$3:PZ$5))*(PZ$3:PZ$5=$VW$3:$VW$5)) -> 0 | QA11: =SUMPRODUCT(NOT(ISBLANK(QA$3:QA$5))*(QA$3:QA$5=$VR$3:$VR$5)) -> 0 | QB11: =SUMPRODUCT(NOT(ISBLANK(QB$3:QB$5))*(QB$3:QB$5=$VS$3:$VS$5)) -> 0 | QD11: =SUMPRODUCT(NOT(ISBLANK(QD$3:QD$5))*(QD$3:QD$5=$VT$3:$VT$5)) -> 0 | QE11: =SUMPRODUCT(NOT(ISBLANK(QE$3:QE$5))*(QE$3:QE$5=$VU$3:$VU$5)) -> 0 | QF11: =SUMPRODUCT(NOT(ISBLANK(QF$3:QF$5))*(QF$3:QF$5=$VV$3:$VV$5)) -> 0 | QG11: =SUMPRODUCT(NOT(ISBLANK(QG$3:QG$5))*(QG$3:QG$5=$VW$3:$VW$5)) -> 0 | QH11: =SUMPRODUCT(NOT(ISBLANK(QH$3:QH$5))*(QH$3:QH$5=$VR$3:$VR$5)) -> 0 | QI11: =SUMPRODUCT(NOT(ISBLANK(QI$3:QI$5))*(QI$3:QI$5=$VS$3:$VS$5)) -> 0 | QK11: =SUMPRODUCT(NOT(ISBLANK(QK$3:QK$5))*(QK$3:QK$5=$VT$3:$VT$5)) -> 0 | QL11: =SUMPRODUCT(NOT(ISBLANK(QL$3:QL$5))*(QL$3:QL$5=$VU$3:$VU$5)) -> 0 | QM11: =SUMPRODUCT(NOT(ISBLANK(QM$3:QM$5))*(QM$3:QM$5=$VV$3:$VV$5)) -> 0 | QN11: =SUMPRODUCT(NOT(ISBLANK(QN$3:QN$5))*(QN$3:QN$5=$VW$3:$VW$5)) -> 0 | QO11: =SUMPRODUCT(NOT(ISBLANK(QO$3:QO$5))*(QO$3:QO$5=$VR$3:$VR$5)) -> 0 | QP11: =SUMPRODUCT(NOT(ISBLANK(QP$3:QP$5))*(QP$3:QP$5=$VS$3:$VS$5)) -> 0 | QR11: =SUMPRODUCT(NOT(ISBLANK(QR$3:QR$5))*(QR$3:QR$5=$VT$3:$VT$5)) -> 0 | QS11: =SUMPRODUCT(NOT(ISBLANK(QS$3:QS$5))*(QS$3:QS$5=$VU$3:$VU$5)) -> 0 | QT11: =SUMPRODUCT(NOT(ISBLANK(QT$3:QT$5))*(QT$3:QT$5=$VV$3:$VV$5)) -> 0 | QU11: =SUMPRODUCT(NOT(ISBLANK(QU$3:QU$5))*(QU$3:QU$5=$VW$3:$VW$5)) -> 0 | QV11: =SUMPRODUCT(NOT(ISBLANK(QV$3:QV$5))*(QV$3:QV$5=$VR$3:$VR$5)) -> 0 | QW11: =SUMPRODUCT(NOT(ISBLANK(QW$3:QW$5))*(QW$3:QW$5=$VS$3:$VS$5)) -> 0 | QY11: =SUMPRODUCT(NOT(ISBLANK(QY$3:QY$5))*(QY$3:QY$5=$VT$3:$VT$5)) -> 0 | QZ11: =SUMPRODUCT(NOT(ISBLANK(QZ$3:QZ$5))*(QZ$3:QZ$5=$VU$3:$VU$5)) -> 0 | RA11: =SUMPRODUCT(NOT(ISBLANK(RA$3:RA$5))*(RA$3:RA$5=$VV$3:$VV$5)) -> 0 | RB11: =SUMPRODUCT(NOT(ISBLANK(RB$3:RB$5))*(RB$3:RB$5=$VW$3:$VW$5)) -> 0 | RC11: =SUMPRODUCT(NOT(ISBLANK(RC$3:RC$5))*(RC$3:RC$5=$VR$3:$VR$5)) -> 0 | RD11: =SUMPRODUCT(NOT(ISBLANK(RD$3:RD$5))*(RD$3:RD$5=$VS$3:$VS$5)) -> 0 | RF11: =SUMPRODUCT(NOT(ISBLANK(RF$3:RF$5))*(RF$3:RF$5=$VT$3:$VT$5)) -> 0 | RG11: =SUMPRODUCT(NOT(ISBLANK(RG$3:RG$5))*(RG$3:RG$5=$VU$3:$VU$5)) -> 0 | RH11: =SUMPRODUCT(NOT(ISBLANK(RH$3:RH$5))*(RH$3:RH$5=$VV$3:$VV$5)) -> 0 | RI11: =SUMPRODUCT(NOT(ISBLANK(RI$3:RI$5))*(RI$3:RI$5=$VW$3:$VW$5)) -> 0 | RJ11: =SUMPRODUCT(NOT(ISBLANK(RJ$3:RJ$5))*(RJ$3:RJ$5=$VR$3:$VR$5)) -> 0 | RP11: =SUMPRODUCT(NOT(ISBLANK(RP$3:RP$5))*(RP$3:RP$5=$VW$3:$VW$5)) -> 0 | RQ11: =SUMPRODUCT(NOT(ISBLANK(RQ$3:RQ$5))*(RQ$3:RQ$5=$VR$3:$VR$5)) -> 0 | RW11: =SUMPRODUCT(NOT(ISBLANK(RW$3:RW$5))*(RW$3:RW$5=$VW$3:$VW$5)) -> 0 | RX11: =SUMPRODUCT(NOT(ISBLANK(RX$3:RX$5))*(RX$3:RX$5=$VR$3:$VR$5)) -> 0 | SD11: =SUMPRODUCT(NOT(ISBLANK(SD$3:SD$5))*(SD$3:SD$5=$VW$3:$VW$5)) -> 0 | SE11: =SUMPRODUCT(NOT(ISBLANK(SE$3:SE$5))*(SE$3:SE$5=$VR$3:$VR$5)) -> 0 | SK11: =SUMPRODUCT(NOT(ISBLANK(SK$3:SK$5))*(SK$3:SK$5=$VW$3:$VW$5)) -> 0 | SL11: =SUMPRODUCT(NOT(ISBLANK(SL$3:SL$5))*(SL$3:SL$5=$VR$3:$VR$5)) -> 0 | SR11: =SUMPRODUCT(NOT(ISBLANK(SR$3:SR$5))*(SR$3:SR$5=$VW$3:$VW$5)) -> 0 | SS11: =SUMPRODUCT(NOT(ISBLANK(SS$3:SS$5))*(SS$3:SS$5=$VR$3:$VR$5)) -> 0 | SY11: =SUMPRODUCT(NOT(ISBLANK(SY$3:SY$5))*(SY$3:SY$5=$VW$3:$VW$5)) -> 0 | SZ11: =SUMPRODUCT(NOT(ISBLANK(SZ$3:SZ$5))*(SZ$3:SZ$5=$VR$3:$VR$5)) -> 0 | TF11: =SUMPRODUCT(NOT(ISBLANK(TF$3:TF$5))*(TF$3:TF$5=$VW$3:$VW$5)) -> 0 | TG11: =SUMPRODUCT(NOT(ISBLANK(TG$3:TG$5))*(TG$3:TG$5=$VR$3:$VR$5)) -> 0 | TM11: =SUMPRODUCT(NOT(ISBLANK(TM$3:TM$5))*(TM$3:TM$5=$VW$3:$VW$5)) -> 0 | TN11: =SUMPRODUCT(NOT(ISBLANK(TN$3:TN$5))*(TN$3:TN$5=$VR$3:$VR$5)) -> 0 | TO11: =SUMPRODUCT(NOT(ISBLANK(TO$3:TO$5))*(TO$3:TO$5=$VS$3:$VS$5)) -> 0 | TQ11: =SUMPRODUCT(NOT(ISBLANK(TQ$3:TQ$5))*(TQ$3:TQ$5=$VT$3:$VT$5)) -> 0 | TR11: =SUMPRODUCT(NOT(ISBLANK(TR$3:TR$5))*(TR$3:TR$5=$VU$3:$VU$5)) -> 0 | TS11: =SUMPRODUCT(NOT(ISBLANK(TS$3:TS$5))*(TS$3:TS$5=$VV$3:$VV$5)) -> 0 | TT11: =SUMPRODUCT(NOT(ISBLANK(TT$3:TT$5))*(TT$3:TT$5=$VW$3:$VW$5)) -> 0 | TU11: =SUMPRODUCT(NOT(ISBLANK(TU$3:TU$5))*(TU$3:TU$5=$VR$3:$VR$5)) -> 0 | TV11: =SUMPRODUCT(NOT(ISBLANK(TV$3:TV$5))*(TV$3:TV$5=$VS$3:$VS$5)) -> 0 | TX11: =SUMPRODUCT(NOT(ISBLANK(TX$3:TX$5))*(TX$3:TX$5=$VT$3:$VT$5)) -> 0 | TY11: =SUMPRODUCT(NOT(ISBLANK(TY$3:TY$5))*(TY$3:TY$5=$VU$3:$VU$5)) -> 0 | TZ11: =SUMPRODUCT(NOT(ISBLANK(TZ$3:TZ$5))*(TZ$3:TZ$5=$VV$3:$VV$5)) -> 0 | UA11: =SUMPRODUCT(NOT(ISBLANK(UA$3:UA$5))*(UA$3:UA$5=$VW$3:$VW$5)) -> 0 | UB11: =SUMPRODUCT(NOT(ISBLANK(UB$3:UB$5))*(UB$3:UB$5=$VR$3:$VR$5)) -> 0 | UC11: =SUMPRODUCT(NOT(ISBLANK(UC$3:UC$5))*(UC$3:UC$5=$VS$3:$VS$5)) -> 0 | UE11: =SUMPRODUCT(NOT(ISBLANK(UE$3:UE$5))*(UE$3:UE$5=$VT$3:$VT$5)) -> 0 | UF11: =SUMPRODUCT(NOT(ISBLANK(UF$3:UF$5))*(UF$3:UF$5=$VU$3:$VU$5)) -> 0 | UG11: =SUMPRODUCT(NOT(ISBLANK(UG$3:UG$5))*(UG$3:UG$5=$VV$3:$VV$5)) -> 0 | UH11: =SUMPRODUCT(NOT(ISBLANK(UH$3:UH$5))*(UH$3:UH$5=$VW$3:$VW$5)) -> 0 | UI11: =SUMPRODUCT(NOT(ISBLANK(UI$3:UI$5))*(UI$3:UI$5=$VR$3:$VR$5)) -> 0 | UJ11: =SUMPRODUCT(NOT(ISBLANK(UJ$3:UJ$5))*(UJ$3:UJ$5=$VS$3:$VS$5)) -> 0 | UL11: =SUMPRODUCT(NOT(ISBLANK(UL$3:UL$5))*(UL$3:UL$5=$VT$3:$VT$5)) -> 0 | UM11: =SUMPRODUCT(NOT(ISBLANK(UM$3:UM$5))*(UM$3:UM$5=$VU$3:$VU$5)) -> 0 | UN11: =SUMPRODUCT(NOT(ISBLANK(UN$3:UN$5))*(UN$3:UN$5=$VV$3:$VV$5)) -> 0 | UO11: =SUMPRODUCT(NOT(ISBLANK(UO$3:UO$5))*(UO$3:UO$5=$VW$3:$VW$5)) -> 0 | UP11: =SUMPRODUCT(NOT(ISBLANK(UP$3:UP$5))*(UP$3:UP$5=$VR$3:$VR$5)) -> 0 | UQ11: =SUMPRODUCT(NOT(ISBLANK(UQ$3:UQ$5))*(UQ$3:UQ$5=$VS$3:$VS$5)) -> 0 | US11: =SUMPRODUCT(NOT(ISBLANK(US$3:US$5))*(US$3:US$5=$VT$3:$VT$5)) -> 0 | UT11: =SUMPRODUCT(NOT(ISBLANK(UT$3:UT$5))*(UT$3:UT$5=$VU$3:$VU$5)) -> 0 | UU11: =SUMPRODUCT(NOT(ISBLANK(UU$3:UU$5))*(UU$3:UU$5=$VV$3:$VV$5)) -> 0 | UV11: =SUMPRODUCT(NOT(ISBLANK(UV$3:UV$5))*(UV$3:UV$5=$VW$3:$VW$5)) -> 0 | UW11: =SUMPRODUCT(NOT(ISBLANK(UW$3:UW$5))*(UW$3:UW$5=$VR$3:$VR$5)) -> 0 | UX11: =SUMPRODUCT(NOT(ISBLANK(UX$3:UX$5))*(UX$3:UX$5=$VS$3:$VS$5)) -> 0 | UZ11: =SUMPRODUCT(NOT(ISBLANK(UZ$3:UZ$5))*(UZ$3:UZ$5=$VT$3:$VT$5)) -> 0 | VA11: =SUMPRODUCT(NOT(ISBLANK(VA$3:VA$5))*(VA$3:VA$5=$VU$3:$VU$5)) -> 0 | VB11: =SUMPRODUCT(NOT(ISBLANK(VB$3:VB$5))*(VB$3:VB$5=$VV$3:$VV$5)) -> 0 | VC11: =SUMPRODUCT(NOT(ISBLANK(VC$3:VC$5))*(VC$3:VC$5=$VW$3:$VW$5)) -> 0 | VD11: =SUMPRODUCT(NOT(ISBLANK(VD$3:VD$5))*(VD$3:VD$5=$VR$3:$VR$5)) -> 0 | VE11: =SUMPRODUCT(NOT(ISBLANK(VE$3:VE$5))*(VE$3:VE$5=$VS$3:$VS$5)) -> 0 | VG11: =SUMPRODUCT(NOT(ISBLANK(VG$3:VG$5))*(VG$3:VG$5=$VT$3:$VT$5)) -> 0 | VH11: =SUMPRODUCT(NOT(ISBLANK(VH$3:VH$5))*(VH$3:VH$5=$VU$3:$VU$5)) -> 0 | VI11: =SUMPRODUCT(NOT(ISBLANK(VI$3:VI$5))*(VI$3:VI$5=$VV$3:$VV$5)) -> 0 | VJ11: =SUMPRODUCT(NOT(ISBLANK(VJ$3:VJ$5))*(VJ$3:VJ$5=$VW$3:$VW$5)) -> 0 | VK11: =SUMPRODUCT(NOT(ISBLANK(VK$3:VK$5))*(VK$3:VK$5=$VR$3:$VR$5)) -> 0 | VL11: =SUMPRODUCT(NOT(ISBLANK(VL$3:VL$5))*(VL$3:VL$5=$VS$3:$VS$5)) -> 0 | VN11: =SUMPRODUCT(NOT(ISBLANK(VN$3:VN$5))*(VN$3:VN$5=$VT$3:$VT$5)) -> 0 | VO11: =SUMPRODUCT(NOT(ISBLANK(VO$3:VO$5))*(VO$3:VO$5=$VU$3:$VU$5)) -> 0 | VP11: =SUMPRODUCT(NOT(ISBLANK(VP$3:VP$5))*(VP$3:VP$5=$VV$3:$VV$5)) -> 0 | VQ11: =SUMPRODUCT(NOT(ISBLANK(VQ$3:VQ$5))*(VQ$3:VQ$5=$VW$3:$VW$5)) -> 0
A12: BETTER | B12: =SUMPRODUCT(NOT(ISBLANK(B$3:B$5))*(B$3:B$5<$VX$3:$VX$5)) -> 0 | C12: =SUMPRODUCT(NOT(ISBLANK(C$3:C$5))*(C$3:C$5<$VY$3:$VY$5)) -> 0 | E12: =SUMPRODUCT(NOT(ISBLANK(E$3:E$5))*(E$3:E$5<$VZ$3:$VZ$5)) -> 0 | F12: =SUMPRODUCT(NOT(ISBLANK(F$3:F$5))*(F$3:F$5<$WA$3:$WA$5)) -> 0 | G12: =SUMPRODUCT(NOT(ISBLANK(G$3:G$5))*(G$3:G$5<$WB$3:$WB$5)) -> 0 | H12: =SUMPRODUCT(NOT(ISBLANK(H$3:H$5))*(H$3:H$5<$WC$3:$WC$5)) -> 0 | I12: =SUMPRODUCT(NOT(ISBLANK(I$3:I$5))*(I$3:I$5<$VX$3:$VX$5)) -> 0 | J12: =SUMPRODUCT(NOT(ISBLANK(J$3:J$5))*(J$3:J$5<$VY$3:$VY$5)) -> 0 | L12: =SUMPRODUCT(NOT(ISBLANK(L$3:L$5))*(L$3:L$5<$VZ$3:$VZ$5)) -> 0 | M12: =SUMPRODUCT(NOT(ISBLANK(M$3:M$5))*(M$3:M$5<$WA$3:$WA$5)) -> 0 | N12: =SUMPRODUCT(NOT(ISBLANK(N$3:N$5))*(N$3:N$5<$WB$3:$WB$5)) -> 0 | O12: =SUMPRODUCT(NOT(ISBLANK(O$3:O$5))*(O$3:O$5<$WC$3:$WC$5)) -> 0 | P12: =SUMPRODUCT(NOT(ISBLANK(P$3:P$5))*(P$3:P$5<$VX$3:$VX$5)) -> 0 | Q12: =SUMPRODUCT(NOT(ISBLANK(Q$3:Q$5))*(Q$3:Q$5<$VY$3:$VY$5)) -> 0 | S12: =SUMPRODUCT(NOT(ISBLANK(S$3:S$5))*(S$3:S$5<$VZ$3:$VZ$5)) -> 0 | T12: =SUMPRODUCT(NOT(ISBLANK(T$3:T$5))*(T$3:T$5<$WA$3:$WA$5)) -> 0 | U12: =SUMPRODUCT(NOT(ISBLANK(U$3:U$5))*(U$3:U$5<$WB$3:$WB$5)) -> 0 | V12: =SUMPRODUCT(NOT(ISBLANK(V$3:V$5))*(V$3:V$5<$WC$3:$WC$5)) -> 0 | W12: =SUMPRODUCT(NOT(ISBLANK(W$3:W$5))*(W$3:W$5<$VX$3:$VX$5)) -> 0 | X12: =SUMPRODUCT(NOT(ISBLANK(X$3:X$5))*(X$3:X$5<$VY$3:$VY$5)) -> 0 | Z12: =SUMPRODUCT(NOT(ISBLANK(Z$3:Z$5))*(Z$3:Z$5<$VZ$3:$VZ$5)) -> 0 | AA12: =SUMPRODUCT(NOT(ISBLANK(AA$3:AA$5))*(AA$3:AA$5<$WA$3:$WA$5)) -> 0 | AB12: =SUMPRODUCT(NOT(ISBLANK(AB$3:AB$5))*(AB$3:AB$5<$WB$3:$WB$5)) -> 0 | AC12: =SUMPRODUCT(NOT(ISBLANK(AC$3:AC$5))*(AC$3:AC$5<$WC$3:$WC$5)) -> 0 | AD12: =SUMPRODUCT(NOT(ISBLANK(AD$3:AD$5))*(AD$3:AD$5<$VX$3:$VX$5)) -> 0 | AJ12: =SUMPRODUCT(NOT(ISBLANK(AJ$3:AJ$5))*(AJ$3:AJ$5<$WC$3:$WC$5)) -> 0 | AK12: =SUMPRODUCT(NOT(ISBLANK(AK$3:AK$5))*(AK$3:AK$5<$VX$3:$VX$5)) -> 0 | AQ12: =SUMPRODUCT(NOT(ISBLANK(AQ$3:AQ$5))*(AQ$3:AQ$5<$WC$3:$WC$5)) -> 0 | AR12: =SUMPRODUCT(NOT(ISBLANK(AR$3:AR$5))*(AR$3:AR$5<$VX$3:$VX$5)) -> 0 | AX12: =SUMPRODUCT(NOT(ISBLANK(AX$3:AX$5))*(AX$3:AX$5<$WC$3:$WC$5)) -> 0 | AY12: =SUMPRODUCT(NOT(ISBLANK(AY$3:AY$5))*(AY$3:AY$5<$VX$3:$VX$5)) -> 0 | BE12: =SUMPRODUCT(NOT(ISBLANK(BE$3:BE$5))*(BE$3:BE$5<$WC$3:$WC$5)) -> 0 | BF12: =SUMPRODUCT(NOT(ISBLANK(BF$3:BF$5))*(BF$3:BF$5<$VX$3:$VX$5)) -> 0 | BL12: =SUMPRODUCT(NOT(ISBLANK(BL$3:BL$5))*(BL$3:BL$5<$WC$3:$WC$5)) -> 0 | BM12: =SUMPRODUCT(NOT(ISBLANK(BM$3:BM$5))*(BM$3:BM$5<$VX$3:$VX$5)) -> 0 | BS12: =SUMPRODUCT(NOT(ISBLANK(BS$3:BS$5))*(BS$3:BS$5<$WC$3:$WC$5)) -> 0 | BT12: =SUMPRODUCT(NOT(ISBLANK(BT$3:BT$5))*(BT$3:BT$5<$VX$3:$VX$5)) -> 0 | BZ12: =SUMPRODUCT(NOT(ISBLANK(BZ$3:BZ$5))*(BZ$3:BZ$5<$WC$3:$WC$5)) -> 0 | CA12: =SUMPRODUCT(NOT(ISBLANK(CA$3:CA$5))*(CA$3:CA$5<$VX$3:$VX$5)) -> 0 | CG12: =SUMPRODUCT(NOT(ISBLANK(CG$3:CG$5))*(CG$3:CG$5<$WC$3:$WC$5)) -> 0 | CH12: =SUMPRODUCT(NOT(ISBLANK(CH$3:CH$5))*(CH$3:CH$5<$VX$3:$VX$5)) -> 0 | CN12: =SUMPRODUCT(NOT(ISBLANK(CN$3:CN$5))*(CN$3:CN$5<$WC$3:$WC$5)) -> 0 | CO12: =SUMPRODUCT(NOT(ISBLANK(CO$3:CO$5))*(CO$3:CO$5<$VX$3:$VX$5)) -> 0 | CU12: =SUMPRODUCT(NOT(ISBLANK(CU$3:CU$5))*(CU$3:CU$5<$WC$3:$WC$5)) -> 0 | CV12: =SUMPRODUCT(NOT(ISBLANK(CV$3:CV$5))*(CV$3:CV$5<$VX$3:$VX$5)) -> 0 | DB12: =SUMPRODUCT(NOT(ISBLANK(DB$3:DB$5))*(DB$3:DB$5<$WC$3:$WC$5)) -> 0 | DC12: =SUMPRODUCT(NOT(ISBLANK(DC$3:DC$5))*(DC$3:DC$5<$VX$3:$VX$5)) -> 0 | DI12: =SUMPRODUCT(NOT(ISBLANK(DI$3:DI$5))*(DI$3:DI$5<$WC$3:$WC$5)) -> 0 | DJ12: =SUMPRODUCT(NOT(ISBLANK(DJ$3:DJ$5))*(DJ$3:DJ$5<$VX$3:$VX$5)) -> 0 | DP12: =SUMPRODUCT(NOT(ISBLANK(DP$3:DP$5))*(DP$3:DP$5<$WC$3:$WC$5)) -> 0 | DQ12: =SUMPRODUCT(NOT(ISBLANK(DQ$3:DQ$5))*(DQ$3:DQ$5<$VX$3:$VX$5)) -> 0 | DR12: =SUMPRODUCT(NOT(ISBLANK(DR$3:DR$5))*(DR$3:DR$5<$VY$3:$VY$5)) -> 0 | DT12: =SUMPRODUCT(NOT(ISBLANK(DT$3:DT$5))*(DT$3:DT$5<$VZ$3:$VZ$5)) -> 0 | DU12: =SUMPRODUCT(NOT(ISBLANK(DU$3:DU$5))*(DU$3:DU$5<$WA$3:$WA$5)) -> 0 | DV12: =SUMPRODUCT(NOT(ISBLANK(DV$3:DV$5))*(DV$3:DV$5<$WB$3:$WB$5)) -> 0 | DW12: =SUMPRODUCT(NOT(ISBLANK(DW$3:DW$5))*(DW$3:DW$5<$WC$3:$WC$5)) -> 0 | DX12: =SUMPRODUCT(NOT(ISBLANK(DX$3:DX$5))*(DX$3:DX$5<$VX$3:$VX$5)) -> 0 | ED12: =SUMPRODUCT(NOT(ISBLANK(ED$3:ED$5))*(ED$3:ED$5<$WC$3:$WC$5)) -> 0 | EE12: =SUMPRODUCT(NOT(ISBLANK(EE$3:EE$5))*(EE$3:EE$5<$VX$3:$VX$5)) -> 0 | EK12: =SUMPRODUCT(NOT(ISBLANK(EK$3:EK$5))*(EK$3:EK$5<$WC$3:$WC$5)) -> 0 | EL12: =SUMPRODUCT(NOT(ISBLANK(EL$3:EL$5))*(EL$3:EL$5<$VX$3:$VX$5)) -> 0 | EM12: =SUMPRODUCT(NOT(ISBLANK(EM$3:EM$5))*(EM$3:EM$5<$VY$3:$VY$5)) -> 0 | EO12: =SUMPRODUCT(NOT(ISBLANK(EO$3:EO$5))*(EO$3:EO$5<$VZ$3:$VZ$5)) -> 0 | EP12: =SUMPRODUCT(NOT(ISBLANK(EP$3:EP$5))*(EP$3:EP$5<$WA$3:$WA$5)) -> 0 | EQ12: =SUMPRODUCT(NOT(ISBLANK(EQ$3:EQ$5))*(EQ$3:EQ$5<$WB$3:$WB$5)) -> 0 | ER12: =SUMPRODUCT(NOT(ISBLANK(ER$3:ER$5))*(ER$3:ER$5<$WC$3:$WC$5)) -> 0 | ES12: =SUMPRODUCT(NOT(ISBLANK(ES$3:ES$5))*(ES$3:ES$5<$VX$3:$VX$5)) -> 0 | ET12: =SUMPRODUCT(NOT(ISBLANK(ET$3:ET$5))*(ET$3:ET$5<$VY$3:$VY$5)) -> 0 | EV12: =SUMPRODUCT(NOT(ISBLANK(EV$3:EV$5))*(EV$3:EV$5<$VZ$3:$VZ$5)) -> 0 | EW12: =SUMPRODUCT(NOT(ISBLANK(EW$3:EW$5))*(EW$3:EW$5<$WA$3:$WA$5)) -> 0 | EX12: =SUMPRODUCT(NOT(ISBLANK(EX$3:EX$5))*(EX$3:EX$5<$WB$3:$WB$5)) -> 0 | EY12: =SUMPRODUCT(NOT(ISBLANK(EY$3:EY$5))*(EY$3:EY$5<$WC$3:$WC$5)) -> 0 | EZ12: =SUMPRODUCT(NOT(ISBLANK(EZ$3:EZ$5))*(EZ$3:EZ$5<$VX$3:$VX$5)) -> 0 | FA12: =SUMPRODUCT(NOT(ISBLANK(FA$3:FA$5))*(FA$3:FA$5<$VY$3:$VY$5)) -> 0 | FC12: =SUMPRODUCT(NOT(ISBLANK(FC$3:FC$5))*(FC$3:FC$5<$VZ$3:$VZ$5)) -> 0 | FD12: =SUMPRODUCT(NOT(ISBLANK(FD$3:FD$5))*(FD$3:FD$5<$WA$3:$WA$5)) -> 0 | FE12: =SUMPRODUCT(NOT(ISBLANK(FE$3:FE$5))*(FE$3:FE$5<$WB$3:$WB$5)) -> 0 | FF12: =SUMPRODUCT(NOT(ISBLANK(FF$3:FF$5))*(FF$3:FF$5<$WC$3:$WC$5)) -> 0 | FG12: =SUMPRODUCT(NOT(ISBLANK(FG$3:FG$5))*(FG$3:FG$5<$VX$3:$VX$5)) -> 0 | FH12: =SUMPRODUCT(NOT(ISBLANK(FH$3:FH$5))*(FH$3:FH$5<$VY$3:$VY$5)) -> 0 | FJ12: =SUMPRODUCT(NOT(ISBLANK(FJ$3:FJ$5))*(FJ$3:FJ$5<$VZ$3:$VZ$5)) -> 0 | FK12: =SUMPRODUCT(NOT(ISBLANK(FK$3:FK$5))*(FK$3:FK$5<$WA$3:$WA$5)) -> 0 | FL12: =SUMPRODUCT(NOT(ISBLANK(FL$3:FL$5))*(FL$3:FL$5<$WB$3:$WB$5)) -> 0 | FM12: =SUMPRODUCT(NOT(ISBLANK(FM$3:FM$5))*(FM$3:FM$5<$WC$3:$WC$5)) -> 0 | FN12: =SUMPRODUCT(NOT(ISBLANK(FN$3:FN$5))*(FN$3:FN$5<$VX$3:$VX$5)) -> 0 | FT12: =SUMPRODUCT(NOT(ISBLANK(FT$3:FT$5))*(FT$3:FT$5<$WC$3:$WC$5)) -> 0 | FU12: =SUMPRODUCT(NOT(ISBLANK(FU$3:FU$5))*(FU$3:FU$5<$VX$3:$VX$5)) -> 0 | GA12: =SUMPRODUCT(NOT(ISBLANK(GA$3:GA$5))*(GA$3:GA$5<$WC$3:$WC$5)) -> 0 | GB12: =SUMPRODUCT(NOT(ISBLANK(GB$3:GB$5))*(GB$3:GB$5<$VX$3:$VX$5)) -> 0 | GH12: =SUMPRODUCT(NOT(ISBLANK(GH$3:GH$5))*(GH$3:GH$5<$WC$3:$WC$5)) -> 0 | GI12: =SUMPRODUCT(NOT(ISBLANK(GI$3:GI$5))*(GI$3:GI$5<$VX$3:$VX$5)) -> 0 | GO12: =SUMPRODUCT(NOT(ISBLANK(GO$3:GO$5))*(GO$3:GO$5<$WC$3:$WC$5)) -> 0 | GP12: =SUMPRODUCT(NOT(ISBLANK(GP$3:GP$5))*(GP$3:GP$5<$VX$3:$VX$5)) -> 0 | GV12: =SUMPRODUCT(NOT(ISBLANK(GV$3:GV$5))*(GV$3:GV$5<$WC$3:$WC$5)) -> 0 | GW12: =SUMPRODUCT(NOT(ISBLANK(GW$3:GW$5))*(GW$3:GW$5<$VX$3:$VX$5)) -> 0 | HC12: =SUMPRODUCT(NOT(ISBLANK(HC$3:HC$5))*(HC$3:HC$5<$WC$3:$WC$5)) -> 0 | HD12: =SUMPRODUCT(NOT(ISBLANK(HD$3:HD$5))*(HD$3:HD$5<$VX$3:$VX$5)) -> 0 | HJ12: =SUMPRODUCT(NOT(ISBLANK(HJ$3:HJ$5))*(HJ$3:HJ$5<$WC$3:$WC$5)) -> 0 | HK12: =SUMPRODUCT(NOT(ISBLANK(HK$3:HK$5))*(HK$3:HK$5<$VX$3:$VX$5)) -> 0 | HQ12: =SUMPRODUCT(NOT(ISBLANK(HQ$3:HQ$5))*(HQ$3:HQ$5<$WC$3:$WC$5)) -> 0 | HR12: =SUMPRODUCT(NOT(ISBLANK(HR$3:HR$5))*(HR$3:HR$5<$VX$3:$VX$5)) -> 0 | HX12: =SUMPRODUCT(NOT(ISBLANK(HX$3:HX$5))*(HX$3:HX$5<$WC$3:$WC$5)) -> 0 | HY12: =SUMPRODUCT(NOT(ISBLANK(HY$3:HY$5))*(HY$3:HY$5<$VX$3:$VX$5)) -> 0 | IE12: =SUMPRODUCT(NOT(ISBLANK(IE$3:IE$5))*(IE$3:IE$5<$WC$3:$WC$5)) -> 0 | IF12: =SUMPRODUCT(NOT(ISBLANK(IF$3:IF$5))*(IF$3:IF$5<$VX$3:$VX$5)) -> 0 | IL12: =SUMPRODUCT(NOT(ISBLANK(IL$3:IL$5))*(IL$3:IL$5<$WC$3:$WC$5)) -> 0 | IM12: =SUMPRODUCT(NOT(ISBLANK(IM$3:IM$5))*(IM$3:IM$5<$VX$3:$VX$5)) -> 0 | IS12: =SUMPRODUCT(NOT(ISBLANK(IS$3:IS$5))*(IS$3:IS$5<$WC$3:$WC$5)) -> 0 | IT12: =SUMPRODUCT(NOT(ISBLANK(IT$3:IT$5))*(IT$3:IT$5<$VX$3:$VX$5)) -> 0 | IU12: =SUMPRODUCT(NOT(ISBLANK(IU$3:IU$5))*(IU$3:IU$5<$VY$3:$VY$5)) -> 0 | IW12: =SUMPRODUCT(NOT(ISBLANK(IW$3:IW$5))*(IW$3:IW$5<$VZ$3:$VZ$5)) -> 0 | IX12: =SUMPRODUCT(NOT(ISBLANK(IX$3:IX$5))*(IX$3:IX$5<$WA$3:$WA$5)) -> 0 | IY12: =SUMPRODUCT(NOT(ISBLANK(IY$3:IY$5))*(IY$3:IY$5<$WB$3:$WB$5)) -> 0 | IZ12: =SUMPRODUCT(NOT(ISBLANK(IZ$3:IZ$5))*(IZ$3:IZ$5<$WC$3:$WC$5)) -> 0 | JA12: =SUMPRODUCT(NOT(ISBLANK(JA$3:JA$5))*(JA$3:JA$5<$VX$3:$VX$5)) -> 0 | JB12: =SUMPRODUCT(NOT(ISBLANK(JB$3:JB$5))*(JB$3:JB$5<$VY$3:$VY$5)) -> 0 | JD12: =SUMPRODUCT(NOT(ISBLANK(JD$3:JD$5))*(JD$3:JD$5<$VZ$3:$VZ$5)) -> 0 | JE12: =SUMPRODUCT(NOT(ISBLANK(JE$3:JE$5))*(JE$3:JE$5<$WA$3:$WA$5)) -> 0 | JF12: =SUMPRODUCT(NOT(ISBLANK(JF$3:JF$5))*(JF$3:JF$5<$WB$3:$WB$5)) -> 0 | JG12: =SUMPRODUCT(NOT(ISBLANK(JG$3:JG$5))*(JG$3:JG$5<$WC$3:$WC$5)) -> 0 | JH12: =SUMPRODUCT(NOT(ISBLANK(JH$3:JH$5))*(JH$3:JH$5<$VX$3:$VX$5)) -> 0 | JN12: =SUMPRODUCT(NOT(ISBLANK(JN$3:JN$5))*(JN$3:JN$5<$WC$3:$WC$5)) -> 0 | JO12: =SUMPRODUCT(NOT(ISBLANK(JO$3:JO$5))*(JO$3:JO$5<$VX$3:$VX$5)) -> 0 | JU12: =SUMPRODUCT(NOT(ISBLANK(JU$3:JU$5))*(JU$3:JU$5<$WC$3:$WC$5)) -> 0 | JV12: =SUMPRODUCT(NOT(ISBLANK(JV$3:JV$5))*(JV$3:JV$5<$VX$3:$VX$5)) -> 0 | JW12: =SUMPRODUCT(NOT(ISBLANK(JW$3:JW$5))*(JW$3:JW$5<$VY$3:$VY$5)) -> 0 | JY12: =SUMPRODUCT(NOT(ISBLANK(JY$3:JY$5))*(JY$3:JY$5<$VZ$3:$VZ$5)) -> 0 | JZ12: =SUMPRODUCT(NOT(ISBLANK(JZ$3:JZ$5))*(JZ$3:JZ$5<$WA$3:$WA$5)) -> 0 | KA12: =SUMPRODUCT(NOT(ISBLANK(KA$3:KA$5))*(KA$3:KA$5<$WB$3:$WB$5)) -> 0 | KB12: =SUMPRODUCT(NOT(ISBLANK(KB$3:KB$5))*(KB$3:KB$5<$WC$3:$WC$5)) -> 0 | KC12: =SUMPRODUCT(NOT(ISBLANK(KC$3:KC$5))*(KC$3:KC$5<$VX$3:$VX$5)) -> 0 | KD12: =SUMPRODUCT(NOT(ISBLANK(KD$3:KD$5))*(KD$3:KD$5<$VY$3:$VY$5)) -> 0 | KF12: =SUMPRODUCT(NOT(ISBLANK(KF$3:KF$5))*(KF$3:KF$5<$VZ$3:$VZ$5)) -> 0 | KG12: =SUMPRODUCT(NOT(ISBLANK(KG$3:KG$5))*(KG$3:KG$5<$WA$3:$WA$5)) -> 0 | KH12: =SUMPRODUCT(NOT(ISBLANK(KH$3:KH$5))*(KH$3:KH$5<$WB$3:$WB$5)) -> 0 | KI12: =SUMPRODUCT(NOT(ISBLANK(KI$3:KI$5))*(KI$3:KI$5<$WC$3:$WC$5)) -> 0 | KJ12: =SUMPRODUCT(NOT(ISBLANK(KJ$3:KJ$5))*(KJ$3:KJ$5<$VX$3:$VX$5)) -> 0 | KK12: =SUMPRODUCT(NOT(ISBLANK(KK$3:KK$5))*(KK$3:KK$5<$VY$3:$VY$5)) -> 0 | KM12: =SUMPRODUCT(NOT(ISBLANK(KM$3:KM$5))*(KM$3:KM$5<$VZ$3:$VZ$5)) -> 0 | KN12: =SUMPRODUCT(NOT(ISBLANK(KN$3:KN$5))*(KN$3:KN$5<$WA$3:$WA$5)) -> 0 | KO12: =SUMPRODUCT(NOT(ISBLANK(KO$3:KO$5))*(KO$3:KO$5<$WB$3:$WB$5)) -> 0 | KP12: =SUMPRODUCT(NOT(ISBLANK(KP$3:KP$5))*(KP$3:KP$5<$WC$3:$WC$5)) -> 0 | KQ12: =SUMPRODUCT(NOT(ISBLANK(KQ$3:KQ$5))*(KQ$3:KQ$5<$VX$3:$VX$5)) -> 0 | KR12: =SUMPRODUCT(NOT(ISBLANK(KR$3:KR$5))*(KR$3:KR$5<$VY$3:$VY$5)) -> 0 | KT12: =SUMPRODUCT(NOT(ISBLANK(KT$3:KT$5))*(KT$3:KT$5<$VZ$3:$VZ$5)) -> 0 | KU12: =SUMPRODUCT(NOT(ISBLANK(KU$3:KU$5))*(KU$3:KU$5<$WA$3:$WA$5)) -> 0 | KV12: =SUMPRODUCT(NOT(ISBLANK(KV$3:KV$5))*(KV$3:KV$5<$WB$3:$WB$5)) -> 0 | KW12: =SUMPRODUCT(NOT(ISBLANK(KW$3:KW$5))*(KW$3:KW$5<$WC$3:$WC$5)) -> 0 | KX12: =SUMPRODUCT(NOT(ISBLANK(KX$3:KX$5))*(KX$3:KX$5<$VX$3:$VX$5)) -> 0 | LD12: =SUMPRODUCT(NOT(ISBLANK(LD$3:LD$5))*(LD$3:LD$5<$WC$3:$WC$5)) -> 0 | LE12: =SUMPRODUCT(NOT(ISBLANK(LE$3:LE$5))*(LE$3:LE$5<$VX$3:$VX$5)) -> 0 | LK12: =SUMPRODUCT(NOT(ISBLANK(LK$3:LK$5))*(LK$3:LK$5<$WC$3:$WC$5)) -> 0 | LL12: =SUMPRODUCT(NOT(ISBLANK(LL$3:LL$5))*(LL$3:LL$5<$VX$3:$VX$5)) -> 0 | LM12: =SUMPRODUCT(NOT(ISBLANK(LM$3:LM$5))*(LM$3:LM$5<$VY$3:$VY$5)) -> 0 | LO12: =SUMPRODUCT(NOT(ISBLANK(LO$3:LO$5))*(LO$3:LO$5<$VZ$3:$VZ$5)) -> 0 | LP12: =SUMPRODUCT(NOT(ISBLANK(LP$3:LP$5))*(LP$3:LP$5<$WA$3:$WA$5)) -> 0 | LQ12: =SUMPRODUCT(NOT(ISBLANK(LQ$3:LQ$5))*(LQ$3:LQ$5<$WB$3:$WB$5)) -> 0 | LR12: =SUMPRODUCT(NOT(ISBLANK(LR$3:LR$5))*(LR$3:LR$5<$WC$3:$WC$5)) -> 0 | LS12: =SUMPRODUCT(NOT(ISBLANK(LS$3:LS$5))*(LS$3:LS$5<$VX$3:$VX$5)) -> 0 | LT12: =SUMPRODUCT(NOT(ISBLANK(LT$3:LT$5))*(LT$3:LT$5<$VY$3:$VY$5)) -> 0 | LV12: =SUMPRODUCT(NOT(ISBLANK(LV$3:LV$5))*(LV$3:LV$5<$VZ$3:$VZ$5)) -> 0 | LW12: =SUMPRODUCT(NOT(ISBLANK(LW$3:LW$5))*(LW$3:LW$5<$WA$3:$WA$5)) -> 0 | LX12: =SUMPRODUCT(NOT(ISBLANK(LX$3:LX$5))*(LX$3:LX$5<$WB$3:$WB$5)) -> 0 | LY12: =SUMPRODUCT(NOT(ISBLANK(LY$3:LY$5))*(LY$3:LY$5<$WC$3:$WC$5)) -> 0 | LZ12: =SUMPRODUCT(NOT(ISBLANK(LZ$3:LZ$5))*(LZ$3:LZ$5<$VX$3:$VX$5)) -> 0 | MF12: =SUMPRODUCT(NOT(ISBLANK(MF$3:MF$5))*(MF$3:MF$5<$WC$3:$WC$5)) -> 0 | MG12: =SUMPRODUCT(NOT(ISBLANK(MG$3:MG$5))*(MG$3:MG$5<$VX$3:$VX$5)) -> 0 | MM12: =SUMPRODUCT(NOT(ISBLANK(MM$3:MM$5))*(MM$3:MM$5<$WC$3:$WC$5)) -> 0 | MN12: =SUMPRODUCT(NOT(ISBLANK(MN$3:MN$5))*(MN$3:MN$5<$VX$3:$VX$5)) -> 0 | MT12: =SUMPRODUCT(NOT(ISBLANK(MT$3:MT$5))*(MT$3:MT$5<$WC$3:$WC$5)) -> 0 | MU12: =SUMPRODUCT(NOT(ISBLANK(MU$3:MU$5))*(MU$3:MU$5<$VX$3:$VX$5)) -> 0 | NA12: =SUMPRODUCT(NOT(ISBLANK(NA$3:NA$5))*(NA$3:NA$5<$WC$3:$WC$5)) -> 0 | NB12: =SUMPRODUCT(NOT(ISBLANK(NB$3:NB$5))*(NB$3:NB$5<$VX$3:$VX$5)) -> 0 | NH12: =SUMPRODUCT(NOT(ISBLANK(NH$3:NH$5))*(NH$3:NH$5<$WC$3:$WC$5)) -> 0 | NI12: =SUMPRODUCT(NOT(ISBLANK(NI$3:NI$5))*(NI$3:NI$5<$VX$3:$VX$5)) -> 0 | NO12: =SUMPRODUCT(NOT(ISBLANK(NO$3:NO$5))*(NO$3:NO$5<$WC$3:$WC$5)) -> 0 | NP12: =SUMPRODUCT(NOT(ISBLANK(NP$3:NP$5))*(NP$3:NP$5<$VX$3:$VX$5)) -> 0 | NV12: =SUMPRODUCT(NOT(ISBLANK(NV$3:NV$5))*(NV$3:NV$5<$WC$3:$WC$5)) -> 0 | NW12: =SUMPRODUCT(NOT(ISBLANK(NW$3:NW$5))*(NW$3:NW$5<$VX$3:$VX$5)) -> 0 | OC12: =SUMPRODUCT(NOT(ISBLANK(OC$3:OC$5))*(OC$3:OC$5<$WC$3:$WC$5)) -> 0 | OD12: =SUMPRODUCT(NOT(ISBLANK(OD$3:OD$5))*(OD$3:OD$5<$VX$3:$VX$5)) -> 0 | OE12: =SUMPRODUCT(NOT(ISBLANK(OE$3:OE$5))*(OE$3:OE$5<$VY$3:$VY$5)) -> 0 | OG12: =SUMPRODUCT(NOT(ISBLANK(OG$3:OG$5))*(OG$3:OG$5<$VZ$3:$VZ$5)) -> 0 | OH12: =SUMPRODUCT(NOT(ISBLANK(OH$3:OH$5))*(OH$3:OH$5<$WA$3:$WA$5)) -> 0 | OI12: =SUMPRODUCT(NOT(ISBLANK(OI$3:OI$5))*(OI$3:OI$5<$WB$3:$WB$5)) -> 0 | OJ12: =SUMPRODUCT(NOT(ISBLANK(OJ$3:OJ$5))*(OJ$3:OJ$5<$WC$3:$WC$5)) -> 0 | OK12: =SUMPRODUCT(NOT(ISBLANK(OK$3:OK$5))*(OK$3:OK$5<$VX$3:$VX$5)) -> 0 | OL12: =SUMPRODUCT(NOT(ISBLANK(OL$3:OL$5))*(OL$3:OL$5<$VY$3:$VY$5)) -> 0 | ON12: =SUMPRODUCT(NOT(ISBLANK(ON$3:ON$5))*(ON$3:ON$5<$VZ$3:$VZ$5)) -> 0 | OO12: =SUMPRODUCT(NOT(ISBLANK(OO$3:OO$5))*(OO$3:OO$5<$WA$3:$WA$5)) -> 0 | OP12: =SUMPRODUCT(NOT(ISBLANK(OP$3:OP$5))*(OP$3:OP$5<$WB$3:$WB$5)) -> 0 | OQ12: =SUMPRODUCT(NOT(ISBLANK(OQ$3:OQ$5))*(OQ$3:OQ$5<$WC$3:$WC$5)) -> 0 | OR12: =SUMPRODUCT(NOT(ISBLANK(OR$3:OR$5))*(OR$3:OR$5<$VX$3:$VX$5)) -> 0 | OX12: =SUMPRODUCT(NOT(ISBLANK(OX$3:OX$5))*(OX$3:OX$5<$WC$3:$WC$5)) -> 0 | OY12: =SUMPRODUCT(NOT(ISBLANK(OY$3:OY$5))*(OY$3:OY$5<$VX$3:$VX$5)) -> 0 | OZ12: =SUMPRODUCT(NOT(ISBLANK(OZ$3:OZ$5))*(OZ$3:OZ$5<$VY$3:$VY$5)) -> 0 | PB12: =SUMPRODUCT(NOT(ISBLANK(PB$3:PB$5))*(PB$3:PB$5<$VZ$3:$VZ$5)) -> 0 | PC12: =SUMPRODUCT(NOT(ISBLANK(PC$3:PC$5))*(PC$3:PC$5<$WA$3:$WA$5)) -> 0 | PD12: =SUMPRODUCT(NOT(ISBLANK(PD$3:PD$5))*(PD$3:PD$5<$WB$3:$WB$5)) -> 0 | PE12: =SUMPRODUCT(NOT(ISBLANK(PE$3:PE$5))*(PE$3:PE$5<$WC$3:$WC$5)) -> 0 | PF12: =SUMPRODUCT(NOT(ISBLANK(PF$3:PF$5))*(PF$3:PF$5<$VX$3:$VX$5)) -> 0 | PG12: =SUMPRODUCT(NOT(ISBLANK(PG$3:PG$5))*(PG$3:PG$5<$VY$3:$VY$5)) -> 0 | PI12: =SUMPRODUCT(NOT(ISBLANK(PI$3:PI$5))*(PI$3:PI$5<$VZ$3:$VZ$5)) -> 0 | PJ12: =SUMPRODUCT(NOT(ISBLANK(PJ$3:PJ$5))*(PJ$3:PJ$5<$WA$3:$WA$5)) -> 0 | PK12: =SUMPRODUCT(NOT(ISBLANK(PK$3:PK$5))*(PK$3:PK$5<$WB$3:$WB$5)) -> 0 | PL12: =SUMPRODUCT(NOT(ISBLANK(PL$3:PL$5))*(PL$3:PL$5<$WC$3:$WC$5)) -> 0 | PM12: =SUMPRODUCT(NOT(ISBLANK(PM$3:PM$5))*(PM$3:PM$5<$VX$3:$VX$5)) -> 0 | PN12: =SUMPRODUCT(NOT(ISBLANK(PN$3:PN$5))*(PN$3:PN$5<$VY$3:$VY$5)) -> 0 | PP12: =SUMPRODUCT(NOT(ISBLANK(PP$3:PP$5))*(PP$3:PP$5<$VZ$3:$VZ$5)) -> 0 | PQ12: =SUMPRODUCT(NOT(ISBLANK(PQ$3:PQ$5))*(PQ$3:PQ$5<$WA$3:$WA$5)) -> 0 | PR12: =SUMPRODUCT(NOT(ISBLANK(PR$3:PR$5))*(PR$3:PR$5<$WB$3:$WB$5)) -> 0 | PS12: =SUMPRODUCT(NOT(ISBLANK(PS$3:PS$5))*(PS$3:PS$5<$WC$3:$WC$5)) -> 0 | PT12: =SUMPRODUCT(NOT(ISBLANK(PT$3:PT$5))*(PT$3:PT$5<$VX$3:$VX$5)) -> 0 | PU12: =SUMPRODUCT(NOT(ISBLANK(PU$3:PU$5))*(PU$3:PU$5<$VY$3:$VY$5)) -> 0 | PW12: =SUMPRODUCT(NOT(ISBLANK(PW$3:PW$5))*(PW$3:PW$5<$VZ$3:$VZ$5)) -> 0 | PX12: =SUMPRODUCT(NOT(ISBLANK(PX$3:PX$5))*(PX$3:PX$5<$WA$3:$WA$5)) -> 0 | PY12: =SUMPRODUCT(NOT(ISBLANK(PY$3:PY$5))*(PY$3:PY$5<$WB$3:$WB$5)) -> 0 | PZ12: =SUMPRODUCT(NOT(ISBLANK(PZ$3:PZ$5))*(PZ$3:PZ$5<$WC$3:$WC$5)) -> 0 | QA12: =SUMPRODUCT(NOT(ISBLANK(QA$3:QA$5))*(QA$3:QA$5<$VX$3:$VX$5)) -> 0 | QB12: =SUMPRODUCT(NOT(ISBLANK(QB$3:QB$5))*(QB$3:QB$5<$VY$3:$VY$5)) -> 0 | QD12: =SUMPRODUCT(NOT(ISBLANK(QD$3:QD$5))*(QD$3:QD$5<$VZ$3:$VZ$5)) -> 0 | QE12: =SUMPRODUCT(NOT(ISBLANK(QE$3:QE$5))*(QE$3:QE$5<$WA$3:$WA$5)) -> 0 | QF12: =SUMPRODUCT(NOT(ISBLANK(QF$3:QF$5))*(QF$3:QF$5<$WB$3:$WB$5)) -> 0 | QG12: =SUMPRODUCT(NOT(ISBLANK(QG$3:QG$5))*(QG$3:QG$5<$WC$3:$WC$5)) -> 0 | QH12: =SUMPRODUCT(NOT(ISBLANK(QH$3:QH$5))*(QH$3:QH$5<$VX$3:$VX$5)) -> 0 | QI12: =SUMPRODUCT(NOT(ISBLANK(QI$3:QI$5))*(QI$3:QI$5<$VY$3:$VY$5)) -> 0 | QK12: =SUMPRODUCT(NOT(ISBLANK(QK$3:QK$5))*(QK$3:QK$5<$VZ$3:$VZ$5)) -> 0 | QL12: =SUMPRODUCT(NOT(ISBLANK(QL$3:QL$5))*(QL$3:QL$5<$WA$3:$WA$5)) -> 0 | QM12: =SUMPRODUCT(NOT(ISBLANK(QM$3:QM$5))*(QM$3:QM$5<$WB$3:$WB$5)) -> 0 | QN12: =SUMPRODUCT(NOT(ISBLANK(QN$3:QN$5))*(QN$3:QN$5<$WC$3:$WC$5)) -> 0 | QO12: =SUMPRODUCT(NOT(ISBLANK(QO$3:QO$5))*(QO$3:QO$5<$VX$3:$VX$5)) -> 0 | QP12: =SUMPRODUCT(NOT(ISBLANK(QP$3:QP$5))*(QP$3:QP$5<$VY$3:$VY$5)) -> 0 | QR12: =SUMPRODUCT(NOT(ISBLANK(QR$3:QR$5))*(QR$3:QR$5<$VZ$3:$VZ$5)) -> 0 | QS12: =SUMPRODUCT(NOT(ISBLANK(QS$3:QS$5))*(QS$3:QS$5<$WA$3:$WA$5)) -> 0 | QT12: =SUMPRODUCT(NOT(ISBLANK(QT$3:QT$5))*(QT$3:QT$5<$WB$3:$WB$5)) -> 0 | QU12: =SUMPRODUCT(NOT(ISBLANK(QU$3:QU$5))*(QU$3:QU$5<$WC$3:$WC$5)) -> 0 | QV12: =SUMPRODUCT(NOT(ISBLANK(QV$3:QV$5))*(QV$3:QV$5<$VX$3:$VX$5)) -> 0 | QW12: =SUMPRODUCT(NOT(ISBLANK(QW$3:QW$5))*(QW$3:QW$5<$VY$3:$VY$5)) -> 0 | QY12: =SUMPRODUCT(NOT(ISBLANK(QY$3:QY$5))*(QY$3:QY$5<$VZ$3:$VZ$5)) -> 0 | QZ12: =SUMPRODUCT(NOT(ISBLANK(QZ$3:QZ$5))*(QZ$3:QZ$5<$WA$3:$WA$5)) -> 0 | RA12: =SUMPRODUCT(NOT(ISBLANK(RA$3:RA$5))*(RA$3:RA$5<$WB$3:$WB$5)) -> 0 | RB12: =SUMPRODUCT(NOT(ISBLANK(RB$3:RB$5))*(RB$3:RB$5<$WC$3:$WC$5)) -> 0 | RC12: =SUMPRODUCT(NOT(ISBLANK(RC$3:RC$5))*(RC$3:RC$5<$VX$3:$VX$5)) -> 0 | RD12: =SUMPRODUCT(NOT(ISBLANK(RD$3:RD$5))*(RD$3:RD$5<$VY$3:$VY$5)) -> 0 | RF12: =SUMPRODUCT(NOT(ISBLANK(RF$3:RF$5))*(RF$3:RF$5<$VZ$3:$VZ$5)) -> 0 | RG12: =SUMPRODUCT(NOT(ISBLANK(RG$3:RG$5))*(RG$3:RG$5<$WA$3:$WA$5)) -> 0 | RH12: =SUMPRODUCT(NOT(ISBLANK(RH$3:RH$5))*(RH$3:RH$5<$WB$3:$WB$5)) -> 0 | RI12: =SUMPRODUCT(NOT(ISBLANK(RI$3:RI$5))*(RI$3:RI$5<$WC$3:$WC$5)) -> 0 | RJ12: =SUMPRODUCT(NOT(ISBLANK(RJ$3:RJ$5))*(RJ$3:RJ$5<$VX$3:$VX$5)) -> 0 | RP12: =SUMPRODUCT(NOT(ISBLANK(RP$3:RP$5))*(RP$3:RP$5<$WC$3:$WC$5)) -> 0 | RQ12: =SUMPRODUCT(NOT(ISBLANK(RQ$3:RQ$5))*(RQ$3:RQ$5<$VX$3:$VX$5)) -> 0 | RW12: =SUMPRODUCT(NOT(ISBLANK(RW$3:RW$5))*(RW$3:RW$5<$WC$3:$WC$5)) -> 0 | RX12: =SUMPRODUCT(NOT(ISBLANK(RX$3:RX$5))*(RX$3:RX$5<$VX$3:$VX$5)) -> 0 | SD12: =SUMPRODUCT(NOT(ISBLANK(SD$3:SD$5))*(SD$3:SD$5<$WC$3:$WC$5)) -> 0 | SE12: =SUMPRODUCT(NOT(ISBLANK(SE$3:SE$5))*(SE$3:SE$5<$VX$3:$VX$5)) -> 0 | SK12: =SUMPRODUCT(NOT(ISBLANK(SK$3:SK$5))*(SK$3:SK$5<$WC$3:$WC$5)) -> 0 | SL12: =SUMPRODUCT(NOT(ISBLANK(SL$3:SL$5))*(SL$3:SL$5<$VX$3:$VX$5)) -> 0 | SR12: =SUMPRODUCT(NOT(ISBLANK(SR$3:SR$5))*(SR$3:SR$5<$WC$3:$WC$5)) -> 0 | SS12: =SUMPRODUCT(NOT(ISBLANK(SS$3:SS$5))*(SS$3:SS$5<$VX$3:$VX$5)) -> 0 | SY12: =SUMPRODUCT(NOT(ISBLANK(SY$3:SY$5))*(SY$3:SY$5<$WC$3:$WC$5)) -> 0 | SZ12: =SUMPRODUCT(NOT(ISBLANK(SZ$3:SZ$5))*(SZ$3:SZ$5<$VX$3:$VX$5)) -> 0 | TF12: =SUMPRODUCT(NOT(ISBLANK(TF$3:TF$5))*(TF$3:TF$5<$WC$3:$WC$5)) -> 0 | TG12: =SUMPRODUCT(NOT(ISBLANK(TG$3:TG$5))*(TG$3:TG$5<$VX$3:$VX$5)) -> 0 | TM12: =SUMPRODUCT(NOT(ISBLANK(TM$3:TM$5))*(TM$3:TM$5<$WC$3:$WC$5)) -> 0 | TN12: =SUMPRODUCT(NOT(ISBLANK(TN$3:TN$5))*(TN$3:TN$5<$VX$3:$VX$5)) -> 0 | TO12: =SUMPRODUCT(NOT(ISBLANK(TO$3:TO$5))*(TO$3:TO$5<$VY$3:$VY$5)) -> 0 | TQ12: =SUMPRODUCT(NOT(ISBLANK(TQ$3:TQ$5))*(TQ$3:TQ$5<$VZ$3:$VZ$5)) -> 0 | TR12: =SUMPRODUCT(NOT(ISBLANK(TR$3:TR$5))*(TR$3:TR$5<$WA$3:$WA$5)) -> 0 | TS12: =SUMPRODUCT(NOT(ISBLANK(TS$3:TS$5))*(TS$3:TS$5<$WB$3:$WB$5)) -> 0 | TT12: =SUMPRODUCT(NOT(ISBLANK(TT$3:TT$5))*(TT$3:TT$5<$WC$3:$WC$5)) -> 0 | TU12: =SUMPRODUCT(NOT(ISBLANK(TU$3:TU$5))*(TU$3:TU$5<$VX$3:$VX$5)) -> 0 | TV12: =SUMPRODUCT(NOT(ISBLANK(TV$3:TV$5))*(TV$3:TV$5<$VY$3:$VY$5)) -> 0 | TX12: =SUMPRODUCT(NOT(ISBLANK(TX$3:TX$5))*(TX$3:TX$5<$VZ$3:$VZ$5)) -> 0 | TY12: =SUMPRODUCT(NOT(ISBLANK(TY$3:TY$5))*(TY$3:TY$5<$WA$3:$WA$5)) -> 0 | TZ12: =SUMPRODUCT(NOT(ISBLANK(TZ$3:TZ$5))*(TZ$3:TZ$5<$WB$3:$WB$5)) -> 0 | UA12: =SUMPRODUCT(NOT(ISBLANK(UA$3:UA$5))*(UA$3:UA$5<$WC$3:$WC$5)) -> 0 | UB12: =SUMPRODUCT(NOT(ISBLANK(UB$3:UB$5))*(UB$3:UB$5<$VX$3:$VX$5)) -> 0 | UC12: =SUMPRODUCT(NOT(ISBLANK(UC$3:UC$5))*(UC$3:UC$5<$VY$3:$VY$5)) -> 0 | UE12: =SUMPRODUCT(NOT(ISBLANK(UE$3:UE$5))*(UE$3:UE$5<$VZ$3:$VZ$5)) -> 0 | UF12: =SUMPRODUCT(NOT(ISBLANK(UF$3:UF$5))*(UF$3:UF$5<$WA$3:$WA$5)) -> 0 | UG12: =SUMPRODUCT(NOT(ISBLANK(UG$3:UG$5))*(UG$3:UG$5<$WB$3:$WB$5)) -> 0 | UH12: =SUMPRODUCT(NOT(ISBLANK(UH$3:UH$5))*(UH$3:UH$5<$WC$3:$WC$5)) -> 0 | UI12: =SUMPRODUCT(NOT(ISBLANK(UI$3:UI$5))*(UI$3:UI$5<$VX$3:$VX$5)) -> 0 | UJ12: =SUMPRODUCT(NOT(ISBLANK(UJ$3:UJ$5))*(UJ$3:UJ$5<$VY$3:$VY$5)) -> 0 | UL12: =SUMPRODUCT(NOT(ISBLANK(UL$3:UL$5))*(UL$3:UL$5<$VZ$3:$VZ$5)) -> 0 | UM12: =SUMPRODUCT(NOT(ISBLANK(UM$3:UM$5))*(UM$3:UM$5<$WA$3:$WA$5)) -> 0 | UN12: =SUMPRODUCT(NOT(ISBLANK(UN$3:UN$5))*(UN$3:UN$5<$WB$3:$WB$5)) -> 0 | UO12: =SUMPRODUCT(NOT(ISBLANK(UO$3:UO$5))*(UO$3:UO$5<$WC$3:$WC$5)) -> 0 | UP12: =SUMPRODUCT(NOT(ISBLANK(UP$3:UP$5))*(UP$3:UP$5<$VX$3:$VX$5)) -> 0 | UQ12: =SUMPRODUCT(NOT(ISBLANK(UQ$3:UQ$5))*(UQ$3:UQ$5<$VY$3:$VY$5)) -> 0 | US12: =SUMPRODUCT(NOT(ISBLANK(US$3:US$5))*(US$3:US$5<$VZ$3:$VZ$5)) -> 0 | UT12: =SUMPRODUCT(NOT(ISBLANK(UT$3:UT$5))*(UT$3:UT$5<$WA$3:$WA$5)) -> 0 | UU12: =SUMPRODUCT(NOT(ISBLANK(UU$3:UU$5))*(UU$3:UU$5<$WB$3:$WB$5)) -> 0 | UV12: =SUMPRODUCT(NOT(ISBLANK(UV$3:UV$5))*(UV$3:UV$5<$WC$3:$WC$5)) -> 0 | UW12: =SUMPRODUCT(NOT(ISBLANK(UW$3:UW$5))*(UW$3:UW$5<$VX$3:$VX$5)) -> 0 | UX12: =SUMPRODUCT(NOT(ISBLANK(UX$3:UX$5))*(UX$3:UX$5<$VY$3:$VY$5)) -> 0 | UZ12: =SUMPRODUCT(NOT(ISBLANK(UZ$3:UZ$5))*(UZ$3:UZ$5<$VZ$3:$VZ$5)) -> 0 | VA12: =SUMPRODUCT(NOT(ISBLANK(VA$3:VA$5))*(VA$3:VA$5<$WA$3:$WA$5)) -> 0 | VB12: =SUMPRODUCT(NOT(ISBLANK(VB$3:VB$5))*(VB$3:VB$5<$WB$3:$WB$5)) -> 0 | VC12: =SUMPRODUCT(NOT(ISBLANK(VC$3:VC$5))*(VC$3:VC$5<$WC$3:$WC$5)) -> 0 | VD12: =SUMPRODUCT(NOT(ISBLANK(VD$3:VD$5))*(VD$3:VD$5<$VX$3:$VX$5)) -> 0 | VE12: =SUMPRODUCT(NOT(ISBLANK(VE$3:VE$5))*(VE$3:VE$5<$VY$3:$VY$5)) -> 0 | VG12: =SUMPRODUCT(NOT(ISBLANK(VG$3:VG$5))*(VG$3:VG$5<$VZ$3:$VZ$5)) -> 0 | VH12: =SUMPRODUCT(NOT(ISBLANK(VH$3:VH$5))*(VH$3:VH$5<$WA$3:$WA$5)) -> 0 | VI12: =SUMPRODUCT(NOT(ISBLANK(VI$3:VI$5))*(VI$3:VI$5<$WB$3:$WB$5)) -> 0 | VJ12: =SUMPRODUCT(NOT(ISBLANK(VJ$3:VJ$5))*(VJ$3:VJ$5<$WC$3:$WC$5)) -> 0 | VK12: =SUMPRODUCT(NOT(ISBLANK(VK$3:VK$5))*(VK$3:VK$5<$VX$3:$VX$5)) -> 0 | VL12: =SUMPRODUCT(NOT(ISBLANK(VL$3:VL$5))*(VL$3:VL$5<$VY$3:$VY$5)) -> 0 | VN12: =SUMPRODUCT(NOT(ISBLANK(VN$3:VN$5))*(VN$3:VN$5<$VZ$3:$VZ$5)) -> 0 | VO12: =SUMPRODUCT(NOT(ISBLANK(VO$3:VO$5))*(VO$3:VO$5<$WA$3:$WA$5)) -> 0 | VP12: =SUMPRODUCT(NOT(ISBLANK(VP$3:VP$5))*(VP$3:VP$5<$WB$3:$WB$5)) -> 0 | VQ12: =SUMPRODUCT(NOT(ISBLANK(VQ$3:VQ$5))*(VQ$3:VQ$5<$WC$3:$WC$5)) -> 0
A13: WORSE | B13: =SUMPRODUCT((NOT(ISBLANK(B$3:B$5))*(B$3:B$5>$VX$3:$VX$5))+ISBLANK(B$3:B$5)) -> 0 | C13: =SUMPRODUCT((NOT(ISBLANK(C$3:C$5))*(C$3:C$5>$VY$3:$VY$5))+ISBLANK(C$3:C$5)) -> 0 | E13: =SUMPRODUCT((NOT(ISBLANK(E$3:E$5))*(E$3:E$5>$VZ$3:$VZ$5))+ISBLANK(E$3:E$5)) -> 0 | F13: =SUMPRODUCT((NOT(ISBLANK(F$3:F$5))*(F$3:F$5>$WA$3:$WA$5))+ISBLANK(F$3:F$5)) -> 0 | G13: =SUMPRODUCT((NOT(ISBLANK(G$3:G$5))*(G$3:G$5>$WB$3:$WB$5))+ISBLANK(G$3:G$5)) -> 0 | H13: =SUMPRODUCT((NOT(ISBLANK(H$3:H$5))*(H$3:H$5>$WC$3:$WC$5))+ISBLANK(H$3:H$5)) -> 0 | I13: =SUMPRODUCT((NOT(ISBLANK(I$3:I$5))*(I$3:I$5>$VX$3:$VX$5))+ISBLANK(I$3:I$5)) -> 0 | J13: =SUMPRODUCT((NOT(ISBLANK(J$3:J$5))*(J$3:J$5>$VY$3:$VY$5))+ISBLANK(J$3:J$5)) -> 0 | L13: =SUMPRODUCT((NOT(ISBLANK(L$3:L$5))*(L$3:L$5>$VZ$3:$VZ$5))+ISBLANK(L$3:L$5)) -> 0 | M13: =SUMPRODUCT((NOT(ISBLANK(M$3:M$5))*(M$3:M$5>$WA$3:$WA$5))+ISBLANK(M$3:M$5)) -> 0 | N13: =SUMPRODUCT((NOT(ISBLANK(N$3:N$5))*(N$3:N$5>$WB$3:$WB$5))+ISBLANK(N$3:N$5)) -> 0 | O13: =SUMPRODUCT((NOT(ISBLANK(O$3:O$5))*(O$3:O$5>$WC$3:$WC$5))+ISBLANK(O$3:O$5)) -> 0 | P13: =SUMPRODUCT((NOT(ISBLANK(P$3:P$5))*(P$3:P$5>$VX$3:$VX$5))+ISBLANK(P$3:P$5)) -> 0 | Q13: =SUMPRODUCT((NOT(ISBLANK(Q$3:Q$5))*(Q$3:Q$5>$VY$3:$VY$5))+ISBLANK(Q$3:Q$5)) -> 0 | S13: =SUMPRODUCT((NOT(ISBLANK(S$3:S$5))*(S$3:S$5>$VZ$3:$VZ$5))+ISBLANK(S$3:S$5)) -> 0 | T13: =SUMPRODUCT((NOT(ISBLANK(T$3:T$5))*(T$3:T$5>$WA$3:$WA$5))+ISBLANK(T$3:T$5)) -> 0 | U13: =SUMPRODUCT((NOT(ISBLANK(U$3:U$5))*(U$3:U$5>$WB$3:$WB$5))+ISBLANK(U$3:U$5)) -> 0 | V13: =SUMPRODUCT((NOT(ISBLANK(V$3:V$5))*(V$3:V$5>$WC$3:$WC$5))+ISBLANK(V$3:V$5)) -> 0 | W13: =SUMPRODUCT((NOT(ISBLANK(W$3:W$5))*(W$3:W$5>$VX$3:$VX$5))+ISBLANK(W$3:W$5)) -> 0 | X13: =SUMPRODUCT((NOT(ISBLANK(X$3:X$5))*(X$3:X$5>$VY$3:$VY$5))+ISBLANK(X$3:X$5)) -> 0 | Z13: =SUMPRODUCT((NOT(ISBLANK(Z$3:Z$5))*(Z$3:Z$5>$VZ$3:$VZ$5))+ISBLANK(Z$3:Z$5)) -> 0 | AA13: =SUMPRODUCT((NOT(ISBLANK(AA$3:AA$5))*(AA$3:AA$5>$WA$3:$WA$5))+ISBLANK(AA$3:AA$5)) -> 0 | AB13: =SUMPRODUCT((NOT(ISBLANK(AB$3:AB$5))*(AB$3:AB$5>$WB$3:$WB$5))+ISBLANK(AB$3:AB$5)) -> 0 | AC13: =SUMPRODUCT((NOT(ISBLANK(AC$3:AC$5))*(AC$3:AC$5>$WC$3:$WC$5))+ISBLANK(AC$3:AC$5)) -> 0 | AD13: =SUMPRODUCT((NOT(ISBLANK(AD$3:AD$5))*(AD$3:AD$5>$VX$3:$VX$5))+ISBLANK(AD$3:AD$5)) -> 0 | AJ13: =SUMPRODUCT((NOT(ISBLANK(AJ$3:AJ$5))*(AJ$3:AJ$5>$WC$3:$WC$5))+ISBLANK(AJ$3:AJ$5)) -> 0 | AK13: =SUMPRODUCT((NOT(ISBLANK(AK$3:AK$5))*(AK$3:AK$5>$VX$3:$VX$5))+ISBLANK(AK$3:AK$5)) -> 0 | AQ13: =SUMPRODUCT((NOT(ISBLANK(AQ$3:AQ$5))*(AQ$3:AQ$5>$WC$3:$WC$5))+ISBLANK(AQ$3:AQ$5)) -> 0 | AR13: =SUMPRODUCT((NOT(ISBLANK(AR$3:AR$5))*(AR$3:AR$5>$VX$3:$VX$5))+ISBLANK(AR$3:AR$5)) -> 0 | AX13: =SUMPRODUCT((NOT(ISBLANK(AX$3:AX$5))*(AX$3:AX$5>$WC$3:$WC$5))+ISBLANK(AX$3:AX$5)) -> 0 | AY13: =SUMPRODUCT((NOT(ISBLANK(AY$3:AY$5))*(AY$3:AY$5>$VX$3:$VX$5))+ISBLANK(AY$3:AY$5)) -> 0 | BE13: =SUMPRODUCT((NOT(ISBLANK(BE$3:BE$5))*(BE$3:BE$5>$WC$3:$WC$5))+ISBLANK(BE$3:BE$5)) -> 0 | BF13: =SUMPRODUCT((NOT(ISBLANK(BF$3:BF$5))*(BF$3:BF$5>$VX$3:$VX$5))+ISBLANK(BF$3:BF$5)) -> 0 | BL13: =SUMPRODUCT((NOT(ISBLANK(BL$3:BL$5))*(BL$3:BL$5>$WC$3:$WC$5))+ISBLANK(BL$3:BL$5)) -> 0 | BM13: =SUMPRODUCT((NOT(ISBLANK(BM$3:BM$5))*(BM$3:BM$5>$VX$3:$VX$5))+ISBLANK(BM$3:BM$5)) -> 0 | BS13: =SUMPRODUCT((NOT(ISBLANK(BS$3:BS$5))*(BS$3:BS$5>$WC$3:$WC$5))+ISBLANK(BS$3:BS$5)) -> 0 | BT13: =SUMPRODUCT((NOT(ISBLANK(BT$3:BT$5))*(BT$3:BT$5>$VX$3:$VX$5))+ISBLANK(BT$3:BT$5)) -> 0 | BZ13: =SUMPRODUCT((NOT(ISBLANK(BZ$3:BZ$5))*(BZ$3:BZ$5>$WC$3:$WC$5))+ISBLANK(BZ$3:BZ$5)) -> 0 | CA13: =SUMPRODUCT((NOT(ISBLANK(CA$3:CA$5))*(CA$3:CA$5>$VX$3:$VX$5))+ISBLANK(CA$3:CA$5)) -> 0 | CG13: =SUMPRODUCT((NOT(ISBLANK(CG$3:CG$5))*(CG$3:CG$5>$WC$3:$WC$5))+ISBLANK(CG$3:CG$5)) -> 0 | CH13: =SUMPRODUCT((NOT(ISBLANK(CH$3:CH$5))*(CH$3:CH$5>$VX$3:$VX$5))+ISBLANK(CH$3:CH$5)) -> 0 | CN13: =SUMPRODUCT((NOT(ISBLANK(CN$3:CN$5))*(CN$3:CN$5>$WC$3:$WC$5))+ISBLANK(CN$3:CN$5)) -> 0 | CO13: =SUMPRODUCT((NOT(ISBLANK(CO$3:CO$5))*(CO$3:CO$5>$VX$3:$VX$5))+ISBLANK(CO$3:CO$5)) -> 0 | CU13: =SUMPRODUCT((NOT(ISBLANK(CU$3:CU$5))*(CU$3:CU$5>$WC$3:$WC$5))+ISBLANK(CU$3:CU$5)) -> 0 | CV13: =SUMPRODUCT((NOT(ISBLANK(CV$3:CV$5))*(CV$3:CV$5>$VX$3:$VX$5))+ISBLANK(CV$3:CV$5)) -> 0 | DB13: =SUMPRODUCT((NOT(ISBLANK(DB$3:DB$5))*(DB$3:DB$5>$WC$3:$WC$5))+ISBLANK(DB$3:DB$5)) -> 0 | DC13: =SUMPRODUCT((NOT(ISBLANK(DC$3:DC$5))*(DC$3:DC$5>$VX$3:$VX$5))+ISBLANK(DC$3:DC$5)) -> 0 | DI13: =SUMPRODUCT((NOT(ISBLANK(DI$3:DI$5))*(DI$3:DI$5>$WC$3:$WC$5))+ISBLANK(DI$3:DI$5)) -> 0 | DJ13: =SUMPRODUCT((NOT(ISBLANK(DJ$3:DJ$5))*(DJ$3:DJ$5>$VX$3:$VX$5))+ISBLANK(DJ$3:DJ$5)) -> 0 | DP13: =SUMPRODUCT((NOT(ISBLANK(DP$3:DP$5))*(DP$3:DP$5>$WC$3:$WC$5))+ISBLANK(DP$3:DP$5)) -> 0 | DQ13: =SUMPRODUCT((NOT(ISBLANK(DQ$3:DQ$5))*(DQ$3:DQ$5>$VX$3:$VX$5))+ISBLANK(DQ$3:DQ$5)) -> 0 | DR13: =SUMPRODUCT((NOT(ISBLANK(DR$3:DR$5))*(DR$3:DR$5>$VY$3:$VY$5))+ISBLANK(DR$3:DR$5)) -> 0 | DT13: =SUMPRODUCT((NOT(ISBLANK(DT$3:DT$5))*(DT$3:DT$5>$VZ$3:$VZ$5))+ISBLANK(DT$3:DT$5)) -> 0 | DU13: =SUMPRODUCT((NOT(ISBLANK(DU$3:DU$5))*(DU$3:DU$5>$WA$3:$WA$5))+ISBLANK(DU$3:DU$5)) -> 0 | DV13: =SUMPRODUCT((NOT(ISBLANK(DV$3:DV$5))*(DV$3:DV$5>$WB$3:$WB$5))+ISBLANK(DV$3:DV$5)) -> 0 | DW13: =SUMPRODUCT((NOT(ISBLANK(DW$3:DW$5))*(DW$3:DW$5>$WC$3:$WC$5))+ISBLANK(DW$3:DW$5)) -> 0 | DX13: =SUMPRODUCT((NOT(ISBLANK(DX$3:DX$5))*(DX$3:DX$5>$VX$3:$VX$5))+ISBLANK(DX$3:DX$5)) -> 0 | ED13: =SUMPRODUCT((NOT(ISBLANK(ED$3:ED$5))*(ED$3:ED$5>$WC$3:$WC$5))+ISBLANK(ED$3:ED$5)) -> 0 | EE13: =SUMPRODUCT((NOT(ISBLANK(EE$3:EE$5))*(EE$3:EE$5>$VX$3:$VX$5))+ISBLANK(EE$3:EE$5)) -> 0 | EK13: =SUMPRODUCT((NOT(ISBLANK(EK$3:EK$5))*(EK$3:EK$5>$WC$3:$WC$5))+ISBLANK(EK$3:EK$5)) -> 0 | EL13: =SUMPRODUCT((NOT(ISBLANK(EL$3:EL$5))*(EL$3:EL$5>$VX$3:$VX$5))+ISBLANK(EL$3:EL$5)) -> 0 | EM13: =SUMPRODUCT((NOT(ISBLANK(EM$3:EM$5))*(EM$3:EM$5>$VY$3:$VY$5))+ISBLANK(EM$3:EM$5)) -> 0 | EO13: =SUMPRODUCT((NOT(ISBLANK(EO$3:EO$5))*(EO$3:EO$5>$VZ$3:$VZ$5))+ISBLANK(EO$3:EO$5)) -> 0 | EP13: =SUMPRODUCT((NOT(ISBLANK(EP$3:EP$5))*(EP$3:EP$5>$WA$3:$WA$5))+ISBLANK(EP$3:EP$5)) -> 0 | EQ13: =SUMPRODUCT((NOT(ISBLANK(EQ$3:EQ$5))*(EQ$3:EQ$5>$WB$3:$WB$5))+ISBLANK(EQ$3:EQ$5)) -> 0 | ER13: =SUMPRODUCT((NOT(ISBLANK(ER$3:ER$5))*(ER$3:ER$5>$WC$3:$WC$5))+ISBLANK(ER$3:ER$5)) -> 0 | ES13: =SUMPRODUCT((NOT(ISBLANK(ES$3:ES$5))*(ES$3:ES$5>$VX$3:$VX$5))+ISBLANK(ES$3:ES$5)) -> 0 | ET13: =SUMPRODUCT((NOT(ISBLANK(ET$3:ET$5))*(ET$3:ET$5>$VY$3:$VY$5))+ISBLANK(ET$3:ET$5)) -> 0 | EV13: =SUMPRODUCT((NOT(ISBLANK(EV$3:EV$5))*(EV$3:EV$5>$VZ$3:$VZ$5))+ISBLANK(EV$3:EV$5)) -> 0 | EW13: =SUMPRODUCT((NOT(ISBLANK(EW$3:EW$5))*(EW$3:EW$5>$WA$3:$WA$5))+ISBLANK(EW$3:EW$5)) -> 0 | EX13: =SUMPRODUCT((NOT(ISBLANK(EX$3:EX$5))*(EX$3:EX$5>$WB$3:$WB$5))+ISBLANK(EX$3:EX$5)) -> 0 | EY13: =SUMPRODUCT((NOT(ISBLANK(EY$3:EY$5))*(EY$3:EY$5>$WC$3:$WC$5))+ISBLANK(EY$3:EY$5)) -> 0 | EZ13: =SUMPRODUCT((NOT(ISBLANK(EZ$3:EZ$5))*(EZ$3:EZ$5>$VX$3:$VX$5))+ISBLANK(EZ$3:EZ$5)) -> 0 | FA13: =SUMPRODUCT((NOT(ISBLANK(FA$3:FA$5))*(FA$3:FA$5>$VY$3:$VY$5))+ISBLANK(FA$3:FA$5)) -> 0 | FC13: =SUMPRODUCT((NOT(ISBLANK(FC$3:FC$5))*(FC$3:FC$5>$VZ$3:$VZ$5))+ISBLANK(FC$3:FC$5)) -> 0 | FD13: =SUMPRODUCT((NOT(ISBLANK(FD$3:FD$5))*(FD$3:FD$5>$WA$3:$WA$5))+ISBLANK(FD$3:FD$5)) -> 0 | FE13: =SUMPRODUCT((NOT(ISBLANK(FE$3:FE$5))*(FE$3:FE$5>$WB$3:$WB$5))+ISBLANK(FE$3:FE$5)) -> 0 | FF13: =SUMPRODUCT((NOT(ISBLANK(FF$3:FF$5))*(FF$3:FF$5>$WC$3:$WC$5))+ISBLANK(FF$3:FF$5)) -> 0 | FG13: =SUMPRODUCT((NOT(ISBLANK(FG$3:FG$5))*(FG$3:FG$5>$VX$3:$VX$5))+ISBLANK(FG$3:FG$5)) -> 0 | FH13: =SUMPRODUCT((NOT(ISBLANK(FH$3:FH$5))*(FH$3:FH$5>$VY$3:$VY$5))+ISBLANK(FH$3:FH$5)) -> 0 | FJ13: =SUMPRODUCT((NOT(ISBLANK(FJ$3:FJ$5))*(FJ$3:FJ$5>$VZ$3:$VZ$5))+ISBLANK(FJ$3:FJ$5)) -> 0 | FK13: =SUMPRODUCT((NOT(ISBLANK(FK$3:FK$5))*(FK$3:FK$5>$WA$3:$WA$5))+ISBLANK(FK$3:FK$5)) -> 0 | FL13: =SUMPRODUCT((NOT(ISBLANK(FL$3:FL$5))*(FL$3:FL$5>$WB$3:$WB$5))+ISBLANK(FL$3:FL$5)) -> 0 | FM13: =SUMPRODUCT((NOT(ISBLANK(FM$3:FM$5))*(FM$3:FM$5>$WC$3:$WC$5))+ISBLANK(FM$3:FM$5)) -> 0 | FN13: =SUMPRODUCT((NOT(ISBLANK(FN$3:FN$5))*(FN$3:FN$5>$VX$3:$VX$5))+ISBLANK(FN$3:FN$5)) -> 0 | FT13: =SUMPRODUCT((NOT(ISBLANK(FT$3:FT$5))*(FT$3:FT$5>$WC$3:$WC$5))+ISBLANK(FT$3:FT$5)) -> 0 | FU13: =SUMPRODUCT((NOT(ISBLANK(FU$3:FU$5))*(FU$3:FU$5>$VX$3:$VX$5))+ISBLANK(FU$3:FU$5)) -> 0 | GA13: =SUMPRODUCT((NOT(ISBLANK(GA$3:GA$5))*(GA$3:GA$5>$WC$3:$WC$5))+ISBLANK(GA$3:GA$5)) -> 0 | GB13: =SUMPRODUCT((NOT(ISBLANK(GB$3:GB$5))*(GB$3:GB$5>$VX$3:$VX$5))+ISBLANK(GB$3:GB$5)) -> 0 | GH13: =SUMPRODUCT((NOT(ISBLANK(GH$3:GH$5))*(GH$3:GH$5>$WC$3:$WC$5))+ISBLANK(GH$3:GH$5)) -> 0 | GI13: =SUMPRODUCT((NOT(ISBLANK(GI$3:GI$5))*(GI$3:GI$5>$VX$3:$VX$5))+ISBLANK(GI$3:GI$5)) -> 0 | GO13: =SUMPRODUCT((NOT(ISBLANK(GO$3:GO$5))*(GO$3:GO$5>$WC$3:$WC$5))+ISBLANK(GO$3:GO$5)) -> 0 | GP13: =SUMPRODUCT((NOT(ISBLANK(GP$3:GP$5))*(GP$3:GP$5>$VX$3:$VX$5))+ISBLANK(GP$3:GP$5)) -> 0 | GV13: =SUMPRODUCT((NOT(ISBLANK(GV$3:GV$5))*(GV$3:GV$5>$WC$3:$WC$5))+ISBLANK(GV$3:GV$5)) -> 0 | GW13: =SUMPRODUCT((NOT(ISBLANK(GW$3:GW$5))*(GW$3:GW$5>$VX$3:$VX$5))+ISBLANK(GW$3:GW$5)) -> 0 | HC13: =SUMPRODUCT((NOT(ISBLANK(HC$3:HC$5))*(HC$3:HC$5>$WC$3:$WC$5))+ISBLANK(HC$3:HC$5)) -> 0 | HD13: =SUMPRODUCT((NOT(ISBLANK(HD$3:HD$5))*(HD$3:HD$5>$VX$3:$VX$5))+ISBLANK(HD$3:HD$5)) -> 0 | HJ13: =SUMPRODUCT((NOT(ISBLANK(HJ$3:HJ$5))*(HJ$3:HJ$5>$WC$3:$WC$5))+ISBLANK(HJ$3:HJ$5)) -> 0 | HK13: =SUMPRODUCT((NOT(ISBLANK(HK$3:HK$5))*(HK$3:HK$5>$VX$3:$VX$5))+ISBLANK(HK$3:HK$5)) -> 0 | HQ13: =SUMPRODUCT((NOT(ISBLANK(HQ$3:HQ$5))*(HQ$3:HQ$5>$WC$3:$WC$5))+ISBLANK(HQ$3:HQ$5)) -> 0 | HR13: =SUMPRODUCT((NOT(ISBLANK(HR$3:HR$5))*(HR$3:HR$5>$VX$3:$VX$5))+ISBLANK(HR$3:HR$5)) -> 0 | HX13: =SUMPRODUCT((NOT(ISBLANK(HX$3:HX$5))*(HX$3:HX$5>$WC$3:$WC$5))+ISBLANK(HX$3:HX$5)) -> 0 | HY13: =SUMPRODUCT((NOT(ISBLANK(HY$3:HY$5))*(HY$3:HY$5>$VX$3:$VX$5))+ISBLANK(HY$3:HY$5)) -> 0 | IE13: =SUMPRODUCT((NOT(ISBLANK(IE$3:IE$5))*(IE$3:IE$5>$WC$3:$WC$5))+ISBLANK(IE$3:IE$5)) -> 0 | IF13: =SUMPRODUCT((NOT(ISBLANK(IF$3:IF$5))*(IF$3:IF$5>$VX$3:$VX$5))+ISBLANK(IF$3:IF$5)) -> 0 | IL13: =SUMPRODUCT((NOT(ISBLANK(IL$3:IL$5))*(IL$3:IL$5>$WC$3:$WC$5))+ISBLANK(IL$3:IL$5)) -> 0 | IM13: =SUMPRODUCT((NOT(ISBLANK(IM$3:IM$5))*(IM$3:IM$5>$VX$3:$VX$5))+ISBLANK(IM$3:IM$5)) -> 0 | IS13: =SUMPRODUCT((NOT(ISBLANK(IS$3:IS$5))*(IS$3:IS$5>$WC$3:$WC$5))+ISBLANK(IS$3:IS$5)) -> 0 | IT13: =SUMPRODUCT((NOT(ISBLANK(IT$3:IT$5))*(IT$3:IT$5>$VX$3:$VX$5))+ISBLANK(IT$3:IT$5)) -> 0 | IU13: =SUMPRODUCT((NOT(ISBLANK(IU$3:IU$5))*(IU$3:IU$5>$VY$3:$VY$5))+ISBLANK(IU$3:IU$5)) -> 0 | IW13: =SUMPRODUCT((NOT(ISBLANK(IW$3:IW$5))*(IW$3:IW$5>$VZ$3:$VZ$5))+ISBLANK(IW$3:IW$5)) -> 0 | IX13: =SUMPRODUCT((NOT(ISBLANK(IX$3:IX$5))*(IX$3:IX$5>$WA$3:$WA$5))+ISBLANK(IX$3:IX$5)) -> 0 | IY13: =SUMPRODUCT((NOT(ISBLANK(IY$3:IY$5))*(IY$3:IY$5>$WB$3:$WB$5))+ISBLANK(IY$3:IY$5)) -> 0 | IZ13: =SUMPRODUCT((NOT(ISBLANK(IZ$3:IZ$5))*(IZ$3:IZ$5>$WC$3:$WC$5))+ISBLANK(IZ$3:IZ$5)) -> 0 | JA13: =SUMPRODUCT((NOT(ISBLANK(JA$3:JA$5))*(JA$3:JA$5>$VX$3:$VX$5))+ISBLANK(JA$3:JA$5)) -> 0 | JB13: =SUMPRODUCT((NOT(ISBLANK(JB$3:JB$5))*(JB$3:JB$5>$VY$3:$VY$5))+ISBLANK(JB$3:JB$5)) -> 0 | JD13: =SUMPRODUCT((NOT(ISBLANK(JD$3:JD$5))*(JD$3:JD$5>$VZ$3:$VZ$5))+ISBLANK(JD$3:JD$5)) -> 0 | JE13: =SUMPRODUCT((NOT(ISBLANK(JE$3:JE$5))*(JE$3:JE$5>$WA$3:$WA$5))+ISBLANK(JE$3:JE$5)) -> 0 | JF13: =SUMPRODUCT((NOT(ISBLANK(JF$3:JF$5))*(JF$3:JF$5>$WB$3:$WB$5))+ISBLANK(JF$3:JF$5)) -> 0 | JG13: =SUMPRODUCT((NOT(ISBLANK(JG$3:JG$5))*(JG$3:JG$5>$WC$3:$WC$5))+ISBLANK(JG$3:JG$5)) -> 0 | JH13: =SUMPRODUCT((NOT(ISBLANK(JH$3:JH$5))*(JH$3:JH$5>$VX$3:$VX$5))+ISBLANK(JH$3:JH$5)) -> 0 | JN13: =SUMPRODUCT((NOT(ISBLANK(JN$3:JN$5))*(JN$3:JN$5>$WC$3:$WC$5))+ISBLANK(JN$3:JN$5)) -> 0 | JO13: =SUMPRODUCT((NOT(ISBLANK(JO$3:JO$5))*(JO$3:JO$5>$VX$3:$VX$5))+ISBLANK(JO$3:JO$5)) -> 0 | JU13: =SUMPRODUCT((NOT(ISBLANK(JU$3:JU$5))*(JU$3:JU$5>$WC$3:$WC$5))+ISBLANK(JU$3:JU$5)) -> 0 | JV13: =SUMPRODUCT((NOT(ISBLANK(JV$3:JV$5))*(JV$3:JV$5>$VX$3:$VX$5))+ISBLANK(JV$3:JV$5)) -> 0 | JW13: =SUMPRODUCT((NOT(ISBLANK(JW$3:JW$5))*(JW$3:JW$5>$VY$3:$VY$5))+ISBLANK(JW$3:JW$5)) -> 0 | JY13: =SUMPRODUCT((NOT(ISBLANK(JY$3:JY$5))*(JY$3:JY$5>$VZ$3:$VZ$5))+ISBLANK(JY$3:JY$5)) -> 0 | JZ13: =SUMPRODUCT((NOT(ISBLANK(JZ$3:JZ$5))*(JZ$3:JZ$5>$WA$3:$WA$5))+ISBLANK(JZ$3:JZ$5)) -> 0 | KA13: =SUMPRODUCT((NOT(ISBLANK(KA$3:KA$5))*(KA$3:KA$5>$WB$3:$WB$5))+ISBLANK(KA$3:KA$5)) -> 0 | KB13: =SUMPRODUCT((NOT(ISBLANK(KB$3:KB$5))*(KB$3:KB$5>$WC$3:$WC$5))+ISBLANK(KB$3:KB$5)) -> 0 | KC13: =SUMPRODUCT((NOT(ISBLANK(KC$3:KC$5))*(KC$3:KC$5>$VX$3:$VX$5))+ISBLANK(KC$3:KC$5)) -> 0 | KD13: =SUMPRODUCT((NOT(ISBLANK(KD$3:KD$5))*(KD$3:KD$5>$VY$3:$VY$5))+ISBLANK(KD$3:KD$5)) -> 0 | KF13: =SUMPRODUCT((NOT(ISBLANK(KF$3:KF$5))*(KF$3:KF$5>$VZ$3:$VZ$5))+ISBLANK(KF$3:KF$5)) -> 0 | KG13: =SUMPRODUCT((NOT(ISBLANK(KG$3:KG$5))*(KG$3:KG$5>$WA$3:$WA$5))+ISBLANK(KG$3:KG$5)) -> 0 | KH13: =SUMPRODUCT((NOT(ISBLANK(KH$3:KH$5))*(KH$3:KH$5>$WB$3:$WB$5))+ISBLANK(KH$3:KH$5)) -> 0 | KI13: =SUMPRODUCT((NOT(ISBLANK(KI$3:KI$5))*(KI$3:KI$5>$WC$3:$WC$5))+ISBLANK(KI$3:KI$5)) -> 0 | KJ13: =SUMPRODUCT((NOT(ISBLANK(KJ$3:KJ$5))*(KJ$3:KJ$5>$VX$3:$VX$5))+ISBLANK(KJ$3:KJ$5)) -> 0 | KK13: =SUMPRODUCT((NOT(ISBLANK(KK$3:KK$5))*(KK$3:KK$5>$VY$3:$VY$5))+ISBLANK(KK$3:KK$5)) -> 0 | KM13: =SUMPRODUCT((NOT(ISBLANK(KM$3:KM$5))*(KM$3:KM$5>$VZ$3:$VZ$5))+ISBLANK(KM$3:KM$5)) -> 0 | KN13: =SUMPRODUCT((NOT(ISBLANK(KN$3:KN$5))*(KN$3:KN$5>$WA$3:$WA$5))+ISBLANK(KN$3:KN$5)) -> 0 | KO13: =SUMPRODUCT((NOT(ISBLANK(KO$3:KO$5))*(KO$3:KO$5>$WB$3:$WB$5))+ISBLANK(KO$3:KO$5)) -> 0 | KP13: =SUMPRODUCT((NOT(ISBLANK(KP$3:KP$5))*(KP$3:KP$5>$WC$3:$WC$5))+ISBLANK(KP$3:KP$5)) -> 0 | KQ13: =SUMPRODUCT((NOT(ISBLANK(KQ$3:KQ$5))*(KQ$3:KQ$5>$VX$3:$VX$5))+ISBLANK(KQ$3:KQ$5)) -> 0 | KR13: =SUMPRODUCT((NOT(ISBLANK(KR$3:KR$5))*(KR$3:KR$5>$VY$3:$VY$5))+ISBLANK(KR$3:KR$5)) -> 0 | KT13: =SUMPRODUCT((NOT(ISBLANK(KT$3:KT$5))*(KT$3:KT$5>$VZ$3:$VZ$5))+ISBLANK(KT$3:KT$5)) -> 0 | KU13: =SUMPRODUCT((NOT(ISBLANK(KU$3:KU$5))*(KU$3:KU$5>$WA$3:$WA$5))+ISBLANK(KU$3:KU$5)) -> 0 | KV13: =SUMPRODUCT((NOT(ISBLANK(KV$3:KV$5))*(KV$3:KV$5>$WB$3:$WB$5))+ISBLANK(KV$3:KV$5)) -> 0 | KW13: =SUMPRODUCT((NOT(ISBLANK(KW$3:KW$5))*(KW$3:KW$5>$WC$3:$WC$5))+ISBLANK(KW$3:KW$5)) -> 0 | KX13: =SUMPRODUCT((NOT(ISBLANK(KX$3:KX$5))*(KX$3:KX$5>$VX$3:$VX$5))+ISBLANK(KX$3:KX$5)) -> 0 | LD13: =SUMPRODUCT((NOT(ISBLANK(LD$3:LD$5))*(LD$3:LD$5>$WC$3:$WC$5))+ISBLANK(LD$3:LD$5)) -> 0 | LE13: =SUMPRODUCT((NOT(ISBLANK(LE$3:LE$5))*(LE$3:LE$5>$VX$3:$VX$5))+ISBLANK(LE$3:LE$5)) -> 0 | LK13: =SUMPRODUCT((NOT(ISBLANK(LK$3:LK$5))*(LK$3:LK$5>$WC$3:$WC$5))+ISBLANK(LK$3:LK$5)) -> 0 | LL13: =SUMPRODUCT((NOT(ISBLANK(LL$3:LL$5))*(LL$3:LL$5>$VX$3:$VX$5))+ISBLANK(LL$3:LL$5)) -> 0 | LM13: =SUMPRODUCT((NOT(ISBLANK(LM$3:LM$5))*(LM$3:LM$5>$VY$3:$VY$5))+ISBLANK(LM$3:LM$5)) -> 0 | LO13: =SUMPRODUCT((NOT(ISBLANK(LO$3:LO$5))*(LO$3:LO$5>$VZ$3:$VZ$5))+ISBLANK(LO$3:LO$5)) -> 0 | LP13: =SUMPRODUCT((NOT(ISBLANK(LP$3:LP$5))*(LP$3:LP$5>$WA$3:$WA$5))+ISBLANK(LP$3:LP$5)) -> 0 | LQ13: =SUMPRODUCT((NOT(ISBLANK(LQ$3:LQ$5))*(LQ$3:LQ$5>$WB$3:$WB$5))+ISBLANK(LQ$3:LQ$5)) -> 0 | LR13: =SUMPRODUCT((NOT(ISBLANK(LR$3:LR$5))*(LR$3:LR$5>$WC$3:$WC$5))+ISBLANK(LR$3:LR$5)) -> 0 | LS13: =SUMPRODUCT((NOT(ISBLANK(LS$3:LS$5))*(LS$3:LS$5>$VX$3:$VX$5))+ISBLANK(LS$3:LS$5)) -> 0 | LT13: =SUMPRODUCT((NOT(ISBLANK(LT$3:LT$5))*(LT$3:LT$5>$VY$3:$VY$5))+ISBLANK(LT$3:LT$5)) -> 0 | LV13: =SUMPRODUCT((NOT(ISBLANK(LV$3:LV$5))*(LV$3:LV$5>$VZ$3:$VZ$5))+ISBLANK(LV$3:LV$5)) -> 0 | LW13: =SUMPRODUCT((NOT(ISBLANK(LW$3:LW$5))*(LW$3:LW$5>$WA$3:$WA$5))+ISBLANK(LW$3:LW$5)) -> 0 | LX13: =SUMPRODUCT((NOT(ISBLANK(LX$3:LX$5))*(LX$3:LX$5>$WB$3:$WB$5))+ISBLANK(LX$3:LX$5)) -> 0 | LY13: =SUMPRODUCT((NOT(ISBLANK(LY$3:LY$5))*(LY$3:LY$5>$WC$3:$WC$5))+ISBLANK(LY$3:LY$5)) -> 0 | LZ13: =SUMPRODUCT((NOT(ISBLANK(LZ$3:LZ$5))*(LZ$3:LZ$5>$VX$3:$VX$5))+ISBLANK(LZ$3:LZ$5)) -> 0 | MF13: =SUMPRODUCT((NOT(ISBLANK(MF$3:MF$5))*(MF$3:MF$5>$WC$3:$WC$5))+ISBLANK(MF$3:MF$5)) -> 0 | MG13: =SUMPRODUCT((NOT(ISBLANK(MG$3:MG$5))*(MG$3:MG$5>$VX$3:$VX$5))+ISBLANK(MG$3:MG$5)) -> 0 | MM13: =SUMPRODUCT((NOT(ISBLANK(MM$3:MM$5))*(MM$3:MM$5>$WC$3:$WC$5))+ISBLANK(MM$3:MM$5)) -> 0 | MN13: =SUMPRODUCT((NOT(ISBLANK(MN$3:MN$5))*(MN$3:MN$5>$VX$3:$VX$5))+ISBLANK(MN$3:MN$5)) -> 0 | MT13: =SUMPRODUCT((NOT(ISBLANK(MT$3:MT$5))*(MT$3:MT$5>$WC$3:$WC$5))+ISBLANK(MT$3:MT$5)) -> 0 | MU13: =SUMPRODUCT((NOT(ISBLANK(MU$3:MU$5))*(MU$3:MU$5>$VX$3:$VX$5))+ISBLANK(MU$3:MU$5)) -> 0 | NA13: =SUMPRODUCT((NOT(ISBLANK(NA$3:NA$5))*(NA$3:NA$5>$WC$3:$WC$5))+ISBLANK(NA$3:NA$5)) -> 0 | NB13: =SUMPRODUCT((NOT(ISBLANK(NB$3:NB$5))*(NB$3:NB$5>$VX$3:$VX$5))+ISBLANK(NB$3:NB$5)) -> 0 | NH13: =SUMPRODUCT((NOT(ISBLANK(NH$3:NH$5))*(NH$3:NH$5>$WC$3:$WC$5))+ISBLANK(NH$3:NH$5)) -> 0 | NI13: =SUMPRODUCT((NOT(ISBLANK(NI$3:NI$5))*(NI$3:NI$5>$VX$3:$VX$5))+ISBLANK(NI$3:NI$5)) -> 0 | NO13: =SUMPRODUCT((NOT(ISBLANK(NO$3:NO$5))*(NO$3:NO$5>$WC$3:$WC$5))+ISBLANK(NO$3:NO$5)) -> 0 | NP13: =SUMPRODUCT((NOT(ISBLANK(NP$3:NP$5))*(NP$3:NP$5>$VX$3:$VX$5))+ISBLANK(NP$3:NP$5)) -> 0 | NV13: =SUMPRODUCT((NOT(ISBLANK(NV$3:NV$5))*(NV$3:NV$5>$WC$3:$WC$5))+ISBLANK(NV$3:NV$5)) -> 0 | NW13: =SUMPRODUCT((NOT(ISBLANK(NW$3:NW$5))*(NW$3:NW$5>$VX$3:$VX$5))+ISBLANK(NW$3:NW$5)) -> 0 | OC13: =SUMPRODUCT((NOT(ISBLANK(OC$3:OC$5))*(OC$3:OC$5>$WC$3:$WC$5))+ISBLANK(OC$3:OC$5)) -> 0 | OD13: =SUMPRODUCT((NOT(ISBLANK(OD$3:OD$5))*(OD$3:OD$5>$VX$3:$VX$5))+ISBLANK(OD$3:OD$5)) -> 0 | OE13: =SUMPRODUCT((NOT(ISBLANK(OE$3:OE$5))*(OE$3:OE$5>$VY$3:$VY$5))+ISBLANK(OE$3:OE$5)) -> 0 | OG13: =SUMPRODUCT((NOT(ISBLANK(OG$3:OG$5))*(OG$3:OG$5>$VZ$3:$VZ$5))+ISBLANK(OG$3:OG$5)) -> 0 | OH13: =SUMPRODUCT((NOT(ISBLANK(OH$3:OH$5))*(OH$3:OH$5>$WA$3:$WA$5))+ISBLANK(OH$3:OH$5)) -> 0 | OI13: =SUMPRODUCT((NOT(ISBLANK(OI$3:OI$5))*(OI$3:OI$5>$WB$3:$WB$5))+ISBLANK(OI$3:OI$5)) -> 0 | OJ13: =SUMPRODUCT((NOT(ISBLANK(OJ$3:OJ$5))*(OJ$3:OJ$5>$WC$3:$WC$5))+ISBLANK(OJ$3:OJ$5)) -> 0 | OK13: =SUMPRODUCT((NOT(ISBLANK(OK$3:OK$5))*(OK$3:OK$5>$VX$3:$VX$5))+ISBLANK(OK$3:OK$5)) -> 0 | OL13: =SUMPRODUCT((NOT(ISBLANK(OL$3:OL$5))*(OL$3:OL$5>$VY$3:$VY$5))+ISBLANK(OL$3:OL$5)) -> 0 | ON13: =SUMPRODUCT((NOT(ISBLANK(ON$3:ON$5))*(ON$3:ON$5>$VZ$3:$VZ$5))+ISBLANK(ON$3:ON$5)) -> 0 | OO13: =SUMPRODUCT((NOT(ISBLANK(OO$3:OO$5))*(OO$3:OO$5>$WA$3:$WA$5))+ISBLANK(OO$3:OO$5)) -> 0 | OP13: =SUMPRODUCT((NOT(ISBLANK(OP$3:OP$5))*(OP$3:OP$5>$WB$3:$WB$5))+ISBLANK(OP$3:OP$5)) -> 0 | OQ13: =SUMPRODUCT((NOT(ISBLANK(OQ$3:OQ$5))*(OQ$3:OQ$5>$WC$3:$WC$5))+ISBLANK(OQ$3:OQ$5)) -> 0 | OR13: =SUMPRODUCT((NOT(ISBLANK(OR$3:OR$5))*(OR$3:OR$5>$VX$3:$VX$5))+ISBLANK(OR$3:OR$5)) -> 0 | OX13: =SUMPRODUCT((NOT(ISBLANK(OX$3:OX$5))*(OX$3:OX$5>$WC$3:$WC$5))+ISBLANK(OX$3:OX$5)) -> 0 | OY13: =SUMPRODUCT((NOT(ISBLANK(OY$3:OY$5))*(OY$3:OY$5>$VX$3:$VX$5))+ISBLANK(OY$3:OY$5)) -> 0 | OZ13: =SUMPRODUCT((NOT(ISBLANK(OZ$3:OZ$5))*(OZ$3:OZ$5>$VY$3:$VY$5))+ISBLANK(OZ$3:OZ$5)) -> 0 | PB13: =SUMPRODUCT((NOT(ISBLANK(PB$3:PB$5))*(PB$3:PB$5>$VZ$3:$VZ$5))+ISBLANK(PB$3:PB$5)) -> 0 | PC13: =SUMPRODUCT((NOT(ISBLANK(PC$3:PC$5))*(PC$3:PC$5>$WA$3:$WA$5))+ISBLANK(PC$3:PC$5)) -> 0 | PD13: =SUMPRODUCT((NOT(ISBLANK(PD$3:PD$5))*(PD$3:PD$5>$WB$3:$WB$5))+ISBLANK(PD$3:PD$5)) -> 0 | PE13: =SUMPRODUCT((NOT(ISBLANK(PE$3:PE$5))*(PE$3:PE$5>$WC$3:$WC$5))+ISBLANK(PE$3:PE$5)) -> 0 | PF13: =SUMPRODUCT((NOT(ISBLANK(PF$3:PF$5))*(PF$3:PF$5>$VX$3:$VX$5))+ISBLANK(PF$3:PF$5)) -> 0 | PG13: =SUMPRODUCT((NOT(ISBLANK(PG$3:PG$5))*(PG$3:PG$5>$VY$3:$VY$5))+ISBLANK(PG$3:PG$5)) -> 0 | PI13: =SUMPRODUCT((NOT(ISBLANK(PI$3:PI$5))*(PI$3:PI$5>$VZ$3:$VZ$5))+ISBLANK(PI$3:PI$5)) -> 0 | PJ13: =SUMPRODUCT((NOT(ISBLANK(PJ$3:PJ$5))*(PJ$3:PJ$5>$WA$3:$WA$5))+ISBLANK(PJ$3:PJ$5)) -> 0 | PK13: =SUMPRODUCT((NOT(ISBLANK(PK$3:PK$5))*(PK$3:PK$5>$WB$3:$WB$5))+ISBLANK(PK$3:PK$5)) -> 0 | PL13: =SUMPRODUCT((NOT(ISBLANK(PL$3:PL$5))*(PL$3:PL$5>$WC$3:$WC$5))+ISBLANK(PL$3:PL$5)) -> 0 | PM13: =SUMPRODUCT((NOT(ISBLANK(PM$3:PM$5))*(PM$3:PM$5>$VX$3:$VX$5))+ISBLANK(PM$3:PM$5)) -> 0 | PN13: =SUMPRODUCT((NOT(ISBLANK(PN$3:PN$5))*(PN$3:PN$5>$VY$3:$VY$5))+ISBLANK(PN$3:PN$5)) -> 0 | PP13: =SUMPRODUCT((NOT(ISBLANK(PP$3:PP$5))*(PP$3:PP$5>$VZ$3:$VZ$5))+ISBLANK(PP$3:PP$5)) -> 0 | PQ13: =SUMPRODUCT((NOT(ISBLANK(PQ$3:PQ$5))*(PQ$3:PQ$5>$WA$3:$WA$5))+ISBLANK(PQ$3:PQ$5)) -> 0 | PR13: =SUMPRODUCT((NOT(ISBLANK(PR$3:PR$5))*(PR$3:PR$5>$WB$3:$WB$5))+ISBLANK(PR$3:PR$5)) -> 0 | PS13: =SUMPRODUCT((NOT(ISBLANK(PS$3:PS$5))*(PS$3:PS$5>$WC$3:$WC$5))+ISBLANK(PS$3:PS$5)) -> 0 | PT13: =SUMPRODUCT((NOT(ISBLANK(PT$3:PT$5))*(PT$3:PT$5>$VX$3:$VX$5))+ISBLANK(PT$3:PT$5)) -> 0 | PU13: =SUMPRODUCT((NOT(ISBLANK(PU$3:PU$5))*(PU$3:PU$5>$VY$3:$VY$5))+ISBLANK(PU$3:PU$5)) -> 0 | PW13: =SUMPRODUCT((NOT(ISBLANK(PW$3:PW$5))*(PW$3:PW$5>$VZ$3:$VZ$5))+ISBLANK(PW$3:PW$5)) -> 0 | PX13: =SUMPRODUCT((NOT(ISBLANK(PX$3:PX$5))*(PX$3:PX$5>$WA$3:$WA$5))+ISBLANK(PX$3:PX$5)) -> 0 | PY13: =SUMPRODUCT((NOT(ISBLANK(PY$3:PY$5))*(PY$3:PY$5>$WB$3:$WB$5))+ISBLANK(PY$3:PY$5)) -> 0 | PZ13: =SUMPRODUCT((NOT(ISBLANK(PZ$3:PZ$5))*(PZ$3:PZ$5>$WC$3:$WC$5))+ISBLANK(PZ$3:PZ$5)) -> 0 | QA13: =SUMPRODUCT((NOT(ISBLANK(QA$3:QA$5))*(QA$3:QA$5>$VX$3:$VX$5))+ISBLANK(QA$3:QA$5)) -> 0 | QB13: =SUMPRODUCT((NOT(ISBLANK(QB$3:QB$5))*(QB$3:QB$5>$VY$3:$VY$5))+ISBLANK(QB$3:QB$5)) -> 0 | QD13: =SUMPRODUCT((NOT(ISBLANK(QD$3:QD$5))*(QD$3:QD$5>$VZ$3:$VZ$5))+ISBLANK(QD$3:QD$5)) -> 0 | QE13: =SUMPRODUCT((NOT(ISBLANK(QE$3:QE$5))*(QE$3:QE$5>$WA$3:$WA$5))+ISBLANK(QE$3:QE$5)) -> 0 | QF13: =SUMPRODUCT((NOT(ISBLANK(QF$3:QF$5))*(QF$3:QF$5>$WB$3:$WB$5))+ISBLANK(QF$3:QF$5)) -> 0 | QG13: =SUMPRODUCT((NOT(ISBLANK(QG$3:QG$5))*(QG$3:QG$5>$WC$3:$WC$5))+ISBLANK(QG$3:QG$5)) -> 0 | QH13: =SUMPRODUCT((NOT(ISBLANK(QH$3:QH$5))*(QH$3:QH$5>$VX$3:$VX$5))+ISBLANK(QH$3:QH$5)) -> 0 | QI13: =SUMPRODUCT((NOT(ISBLANK(QI$3:QI$5))*(QI$3:QI$5>$VY$3:$VY$5))+ISBLANK(QI$3:QI$5)) -> 0 | QK13: =SUMPRODUCT((NOT(ISBLANK(QK$3:QK$5))*(QK$3:QK$5>$VZ$3:$VZ$5))+ISBLANK(QK$3:QK$5)) -> 0 | QL13: =SUMPRODUCT((NOT(ISBLANK(QL$3:QL$5))*(QL$3:QL$5>$WA$3:$WA$5))+ISBLANK(QL$3:QL$5)) -> 0 | QM13: =SUMPRODUCT((NOT(ISBLANK(QM$3:QM$5))*(QM$3:QM$5>$WB$3:$WB$5))+ISBLANK(QM$3:QM$5)) -> 0 | QN13: =SUMPRODUCT((NOT(ISBLANK(QN$3:QN$5))*(QN$3:QN$5>$WC$3:$WC$5))+ISBLANK(QN$3:QN$5)) -> 0 | QO13: =SUMPRODUCT((NOT(ISBLANK(QO$3:QO$5))*(QO$3:QO$5>$VX$3:$VX$5))+ISBLANK(QO$3:QO$5)) -> 0 | QP13: =SUMPRODUCT((NOT(ISBLANK(QP$3:QP$5))*(QP$3:QP$5>$VY$3:$VY$5))+ISBLANK(QP$3:QP$5)) -> 0 | QR13: =SUMPRODUCT((NOT(ISBLANK(QR$3:QR$5))*(QR$3:QR$5>$VZ$3:$VZ$5))+ISBLANK(QR$3:QR$5)) -> 0 | QS13: =SUMPRODUCT((NOT(ISBLANK(QS$3:QS$5))*(QS$3:QS$5>$WA$3:$WA$5))+ISBLANK(QS$3:QS$5)) -> 0 | QT13: =SUMPRODUCT((NOT(ISBLANK(QT$3:QT$5))*(QT$3:QT$5>$WB$3:$WB$5))+ISBLANK(QT$3:QT$5)) -> 0 | QU13: =SUMPRODUCT((NOT(ISBLANK(QU$3:QU$5))*(QU$3:QU$5>$WC$3:$WC$5))+ISBLANK(QU$3:QU$5)) -> 0 | QV13: =SUMPRODUCT((NOT(ISBLANK(QV$3:QV$5))*(QV$3:QV$5>$VX$3:$VX$5))+ISBLANK(QV$3:QV$5)) -> 0 | QW13: =SUMPRODUCT((NOT(ISBLANK(QW$3:QW$5))*(QW$3:QW$5>$VY$3:$VY$5))+ISBLANK(QW$3:QW$5)) -> 0 | QY13: =SUMPRODUCT((NOT(ISBLANK(QY$3:QY$5))*(QY$3:QY$5>$VZ$3:$VZ$5))+ISBLANK(QY$3:QY$5)) -> 0 | QZ13: =SUMPRODUCT((NOT(ISBLANK(QZ$3:QZ$5))*(QZ$3:QZ$5>$WA$3:$WA$5))+ISBLANK(QZ$3:QZ$5)) -> 0 | RA13: =SUMPRODUCT((NOT(ISBLANK(RA$3:RA$5))*(RA$3:RA$5>$WB$3:$WB$5))+ISBLANK(RA$3:RA$5)) -> 0 | RB13: =SUMPRODUCT((NOT(ISBLANK(RB$3:RB$5))*(RB$3:RB$5>$WC$3:$WC$5))+ISBLANK(RB$3:RB$5)) -> 0 | RC13: =SUMPRODUCT((NOT(ISBLANK(RC$3:RC$5))*(RC$3:RC$5>$VX$3:$VX$5))+ISBLANK(RC$3:RC$5)) -> 0 | RD13: =SUMPRODUCT((NOT(ISBLANK(RD$3:RD$5))*(RD$3:RD$5>$VY$3:$VY$5))+ISBLANK(RD$3:RD$5)) -> 0 | RF13: =SUMPRODUCT((NOT(ISBLANK(RF$3:RF$5))*(RF$3:RF$5>$VZ$3:$VZ$5))+ISBLANK(RF$3:RF$5)) -> 0 | RG13: =SUMPRODUCT((NOT(ISBLANK(RG$3:RG$5))*(RG$3:RG$5>$WA$3:$WA$5))+ISBLANK(RG$3:RG$5)) -> 0 | RH13: =SUMPRODUCT((NOT(ISBLANK(RH$3:RH$5))*(RH$3:RH$5>$WB$3:$WB$5))+ISBLANK(RH$3:RH$5)) -> 0 | RI13: =SUMPRODUCT((NOT(ISBLANK(RI$3:RI$5))*(RI$3:RI$5>$WC$3:$WC$5))+ISBLANK(RI$3:RI$5)) -> 0 | RJ13: =SUMPRODUCT((NOT(ISBLANK(RJ$3:RJ$5))*(RJ$3:RJ$5>$VX$3:$VX$5))+ISBLANK(RJ$3:RJ$5)) -> 0 | RP13: =SUMPRODUCT((NOT(ISBLANK(RP$3:RP$5))*(RP$3:RP$5>$WC$3:$WC$5))+ISBLANK(RP$3:RP$5)) -> 0 | RQ13: =SUMPRODUCT((NOT(ISBLANK(RQ$3:RQ$5))*(RQ$3:RQ$5>$VX$3:$VX$5))+ISBLANK(RQ$3:RQ$5)) -> 0 | RW13: =SUMPRODUCT((NOT(ISBLANK(RW$3:RW$5))*(RW$3:RW$5>$WC$3:$WC$5))+ISBLANK(RW$3:RW$5)) -> 0 | RX13: =SUMPRODUCT((NOT(ISBLANK(RX$3:RX$5))*(RX$3:RX$5>$VX$3:$VX$5))+ISBLANK(RX$3:RX$5)) -> 0 | SD13: =SUMPRODUCT((NOT(ISBLANK(SD$3:SD$5))*(SD$3:SD$5>$WC$3:$WC$5))+ISBLANK(SD$3:SD$5)) -> 0 | SE13: =SUMPRODUCT((NOT(ISBLANK(SE$3:SE$5))*(SE$3:SE$5>$VX$3:$VX$5))+ISBLANK(SE$3:SE$5)) -> 0 | SK13: =SUMPRODUCT((NOT(ISBLANK(SK$3:SK$5))*(SK$3:SK$5>$WC$3:$WC$5))+ISBLANK(SK$3:SK$5)) -> 0 | SL13: =SUMPRODUCT((NOT(ISBLANK(SL$3:SL$5))*(SL$3:SL$5>$VX$3:$VX$5))+ISBLANK(SL$3:SL$5)) -> 0 | SR13: =SUMPRODUCT((NOT(ISBLANK(SR$3:SR$5))*(SR$3:SR$5>$WC$3:$WC$5))+ISBLANK(SR$3:SR$5)) -> 0 | SS13: =SUMPRODUCT((NOT(ISBLANK(SS$3:SS$5))*(SS$3:SS$5>$VX$3:$VX$5))+ISBLANK(SS$3:SS$5)) -> 0 | SY13: =SUMPRODUCT((NOT(ISBLANK(SY$3:SY$5))*(SY$3:SY$5>$WC$3:$WC$5))+ISBLANK(SY$3:SY$5)) -> 0 | SZ13: =SUMPRODUCT((NOT(ISBLANK(SZ$3:SZ$5))*(SZ$3:SZ$5>$VX$3:$VX$5))+ISBLANK(SZ$3:SZ$5)) -> 0 | TF13: =SUMPRODUCT((NOT(ISBLANK(TF$3:TF$5))*(TF$3:TF$5>$WC$3:$WC$5))+ISBLANK(TF$3:TF$5)) -> 0 | TG13: =SUMPRODUCT((NOT(ISBLANK(TG$3:TG$5))*(TG$3:TG$5>$VX$3:$VX$5))+ISBLANK(TG$3:TG$5)) -> 0 | TM13: =SUMPRODUCT((NOT(ISBLANK(TM$3:TM$5))*(TM$3:TM$5>$WC$3:$WC$5))+ISBLANK(TM$3:TM$5)) -> 0 | TN13: =SUMPRODUCT((NOT(ISBLANK(TN$3:TN$5))*(TN$3:TN$5>$VX$3:$VX$5))+ISBLANK(TN$3:TN$5)) -> 0 | TO13: =SUMPRODUCT((NOT(ISBLANK(TO$3:TO$5))*(TO$3:TO$5>$VY$3:$VY$5))+ISBLANK(TO$3:TO$5)) -> 0 | TQ13: =SUMPRODUCT((NOT(ISBLANK(TQ$3:TQ$5))*(TQ$3:TQ$5>$VZ$3:$VZ$5))+ISBLANK(TQ$3:TQ$5)) -> 0 | TR13: =SUMPRODUCT((NOT(ISBLANK(TR$3:TR$5))*(TR$3:TR$5>$WA$3:$WA$5))+ISBLANK(TR$3:TR$5)) -> 0 | TS13: =SUMPRODUCT((NOT(ISBLANK(TS$3:TS$5))*(TS$3:TS$5>$WB$3:$WB$5))+ISBLANK(TS$3:TS$5)) -> 0 | TT13: =SUMPRODUCT((NOT(ISBLANK(TT$3:TT$5))*(TT$3:TT$5>$WC$3:$WC$5))+ISBLANK(TT$3:TT$5)) -> 0 | TU13: =SUMPRODUCT((NOT(ISBLANK(TU$3:TU$5))*(TU$3:TU$5>$VX$3:$VX$5))+ISBLANK(TU$3:TU$5)) -> 0 | TV13: =SUMPRODUCT((NOT(ISBLANK(TV$3:TV$5))*(TV$3:TV$5>$VY$3:$VY$5))+ISBLANK(TV$3:TV$5)) -> 0 | TX13: =SUMPRODUCT((NOT(ISBLANK(TX$3:TX$5))*(TX$3:TX$5>$VZ$3:$VZ$5))+ISBLANK(TX$3:TX$5)) -> 0 | TY13: =SUMPRODUCT((NOT(ISBLANK(TY$3:TY$5))*(TY$3:TY$5>$WA$3:$WA$5))+ISBLANK(TY$3:TY$5)) -> 0 | TZ13: =SUMPRODUCT((NOT(ISBLANK(TZ$3:TZ$5))*(TZ$3:TZ$5>$WB$3:$WB$5))+ISBLANK(TZ$3:TZ$5)) -> 0 | UA13: =SUMPRODUCT((NOT(ISBLANK(UA$3:UA$5))*(UA$3:UA$5>$WC$3:$WC$5))+ISBLANK(UA$3:UA$5)) -> 0 | UB13: =SUMPRODUCT((NOT(ISBLANK(UB$3:UB$5))*(UB$3:UB$5>$VX$3:$VX$5))+ISBLANK(UB$3:UB$5)) -> 0 | UC13: =SUMPRODUCT((NOT(ISBLANK(UC$3:UC$5))*(UC$3:UC$5>$VY$3:$VY$5))+ISBLANK(UC$3:UC$5)) -> 0 | UE13: =SUMPRODUCT((NOT(ISBLANK(UE$3:UE$5))*(UE$3:UE$5>$VZ$3:$VZ$5))+ISBLANK(UE$3:UE$5)) -> 0 | UF13: =SUMPRODUCT((NOT(ISBLANK(UF$3:UF$5))*(UF$3:UF$5>$WA$3:$WA$5))+ISBLANK(UF$3:UF$5)) -> 0 | UG13: =SUMPRODUCT((NOT(ISBLANK(UG$3:UG$5))*(UG$3:UG$5>$WB$3:$WB$5))+ISBLANK(UG$3:UG$5)) -> 0 | UH13: =SUMPRODUCT((NOT(ISBLANK(UH$3:UH$5))*(UH$3:UH$5>$WC$3:$WC$5))+ISBLANK(UH$3:UH$5)) -> 0 | UI13: =SUMPRODUCT((NOT(ISBLANK(UI$3:UI$5))*(UI$3:UI$5>$VX$3:$VX$5))+ISBLANK(UI$3:UI$5)) -> 0 | UJ13: =SUMPRODUCT((NOT(ISBLANK(UJ$3:UJ$5))*(UJ$3:UJ$5>$VY$3:$VY$5))+ISBLANK(UJ$3:UJ$5)) -> 0 | UL13: =SUMPRODUCT((NOT(ISBLANK(UL$3:UL$5))*(UL$3:UL$5>$VZ$3:$VZ$5))+ISBLANK(UL$3:UL$5)) -> 0 | UM13: =SUMPRODUCT((NOT(ISBLANK(UM$3:UM$5))*(UM$3:UM$5>$WA$3:$WA$5))+ISBLANK(UM$3:UM$5)) -> 0 | UN13: =SUMPRODUCT((NOT(ISBLANK(UN$3:UN$5))*(UN$3:UN$5>$WB$3:$WB$5))+ISBLANK(UN$3:UN$5)) -> 0 | UO13: =SUMPRODUCT((NOT(ISBLANK(UO$3:UO$5))*(UO$3:UO$5>$WC$3:$WC$5))+ISBLANK(UO$3:UO$5)) -> 0 | UP13: =SUMPRODUCT((NOT(ISBLANK(UP$3:UP$5))*(UP$3:UP$5>$VX$3:$VX$5))+ISBLANK(UP$3:UP$5)) -> 0 | UQ13: =SUMPRODUCT((NOT(ISBLANK(UQ$3:UQ$5))*(UQ$3:UQ$5>$VY$3:$VY$5))+ISBLANK(UQ$3:UQ$5)) -> 0 | US13: =SUMPRODUCT((NOT(ISBLANK(US$3:US$5))*(US$3:US$5>$VZ$3:$VZ$5))+ISBLANK(US$3:US$5)) -> 0 | UT13: =SUMPRODUCT((NOT(ISBLANK(UT$3:UT$5))*(UT$3:UT$5>$WA$3:$WA$5))+ISBLANK(UT$3:UT$5)) -> 0 | UU13: =SUMPRODUCT((NOT(ISBLANK(UU$3:UU$5))*(UU$3:UU$5>$WB$3:$WB$5))+ISBLANK(UU$3:UU$5)) -> 0 | UV13: =SUMPRODUCT((NOT(ISBLANK(UV$3:UV$5))*(UV$3:UV$5>$WC$3:$WC$5))+ISBLANK(UV$3:UV$5)) -> 0 | UW13: =SUMPRODUCT((NOT(ISBLANK(UW$3:UW$5))*(UW$3:UW$5>$VX$3:$VX$5))+ISBLANK(UW$3:UW$5)) -> 0 | UX13: =SUMPRODUCT((NOT(ISBLANK(UX$3:UX$5))*(UX$3:UX$5>$VY$3:$VY$5))+ISBLANK(UX$3:UX$5)) -> 0 | UZ13: =SUMPRODUCT((NOT(ISBLANK(UZ$3:UZ$5))*(UZ$3:UZ$5>$VZ$3:$VZ$5))+ISBLANK(UZ$3:UZ$5)) -> 0 | VA13: =SUMPRODUCT((NOT(ISBLANK(VA$3:VA$5))*(VA$3:VA$5>$WA$3:$WA$5))+ISBLANK(VA$3:VA$5)) -> 0 | VB13: =SUMPRODUCT((NOT(ISBLANK(VB$3:VB$5))*(VB$3:VB$5>$WB$3:$WB$5))+ISBLANK(VB$3:VB$5)) -> 0 | VC13: =SUMPRODUCT((NOT(ISBLANK(VC$3:VC$5))*(VC$3:VC$5>$WC$3:$WC$5))+ISBLANK(VC$3:VC$5)) -> 0 | VD13: =SUMPRODUCT((NOT(ISBLANK(VD$3:VD$5))*(VD$3:VD$5>$VX$3:$VX$5))+ISBLANK(VD$3:VD$5)) -> 0 | VE13: =SUMPRODUCT((NOT(ISBLANK(VE$3:VE$5))*(VE$3:VE$5>$VY$3:$VY$5))+ISBLANK(VE$3:VE$5)) -> 0 | VG13: =SUMPRODUCT((NOT(ISBLANK(VG$3:VG$5))*(VG$3:VG$5>$VZ$3:$VZ$5))+ISBLANK(VG$3:VG$5)) -> 0 | VH13: =SUMPRODUCT((NOT(ISBLANK(VH$3:VH$5))*(VH$3:VH$5>$WA$3:$WA$5))+ISBLANK(VH$3:VH$5)) -> 0 | VI13: =SUMPRODUCT((NOT(ISBLANK(VI$3:VI$5))*(VI$3:VI$5>$WB$3:$WB$5))+ISBLANK(VI$3:VI$5)) -> 0 | VJ13: =SUMPRODUCT((NOT(ISBLANK(VJ$3:VJ$5))*(VJ$3:VJ$5>$WC$3:$WC$5))+ISBLANK(VJ$3:VJ$5)) -> 0 | VK13: =SUMPRODUCT((NOT(ISBLANK(VK$3:VK$5))*(VK$3:VK$5>$VX$3:$VX$5))+ISBLANK(VK$3:VK$5)) -> 0 | VL13: =SUMPRODUCT((NOT(ISBLANK(VL$3:VL$5))*(VL$3:VL$5>$VY$3:$VY$5))+ISBLANK(VL$3:VL$5)) -> 0 | VN13: =SUMPRODUCT((NOT(ISBLANK(VN$3:VN$5))*(VN$3:VN$5>$VZ$3:$VZ$5))+ISBLANK(VN$3:VN$5)) -> 0 | VO13: =SUMPRODUCT((NOT(ISBLANK(VO$3:VO$5))*(VO$3:VO$5>$WA$3:$WA$5))+ISBLANK(VO$3:VO$5)) -> 0 | VP13: =SUMPRODUCT((NOT(ISBLANK(VP$3:VP$5))*(VP$3:VP$5>$WB$3:$WB$5))+ISBLANK(VP$3:VP$5)) -> 0 | VQ13: =SUMPRODUCT((NOT(ISBLANK(VQ$3:VQ$5))*(VQ$3:VQ$5>$WC$3:$WC$5))+ISBLANK(VQ$3:VQ$5)) -> 0
