Workbook

Sheet Instances
B1: memelingo-1/setting-ht6_10_mlp-tplp-ht | O1: memelingo-1/setting-ht6_11_mlp-tplp-ht | AB1: memelingo-1/setting-ht6_12_mlp-tplp-ht | AO1: memelingo-1/setting-ht6_13_mlp-tplp-ht | BB1: memelingo-1/setting-ht6_14_mlp-tplp-ht | BO1: memelingo-1/setting-ht6_15_mlp-tplp-ht | CB1: memelingo-1/setting-htc_10_mlp-tplp-htc | CO1: memelingo-1/setting-htc_10_mlp-tplp-htc-dl | DB1: memelingo-1/setting-htc_11_mlp-tplp-htc | DO1: memelingo-1/setting-htc_11_mlp-tplp-htc-dl | EB1: memelingo-1/setting-htc_12_mlp-tplp-htc | EO1: memelingo-1/setting-htc_12_mlp-tplp-htc-dl | FB1: memelingo-1/setting-htc_13_mlp-tplp-htc | FO1: memelingo-1/setting-htc_13_mlp-tplp-htc-dl | GB1: memelingo-1/setting-htc_14_mlp-tplp-htc | GO1: memelingo-1/setting-htc_14_mlp-tplp-htc-dl | HB1: memelingo-1/setting-htc_15_mlp-tplp-htc | HO1: memelingo-1/setting-htc_15_mlp-tplp-htc-dl | IB1: min | IN1: median | IZ1: max
B2: time | C2: ctime | D2: stime | E2: gtime | F2: timeout | G2: conflicts | H2: choices | I2: mem | J2: error | K2: memout | L2: status | M2: atoms | N2: rules | O2: time | P2: ctime | Q2: stime | R2: gtime | S2: timeout | T2: conflicts | U2: choices | V2: mem | W2: error | X2: memout | Y2: status | Z2: atoms | AA2: rules | AB2: time | AC2: ctime | AD2: stime | AE2: gtime | AF2: timeout | AG2: conflicts | AH2: choices | AI2: mem | AJ2: error | AK2: memout | AL2: status | AM2: atoms | AN2: rules | AO2: time | AP2: ctime | AQ2: stime | AR2: gtime | AS2: timeout | AT2: conflicts | AU2: choices | AV2: mem | AW2: error | AX2: memout | AY2: status | AZ2: atoms | BA2: rules | BB2: time | BC2: ctime | BD2: stime | BE2: gtime | BF2: timeout | BG2: conflicts | BH2: choices | BI2: mem | BJ2: error | BK2: memout | BL2: status | BM2: atoms | BN2: rules | BO2: time | BP2: ctime | BQ2: stime | BR2: gtime | BS2: timeout | BT2: conflicts | BU2: choices | BV2: mem | BW2: error | BX2: memout | BY2: status | BZ2: atoms | CA2: rules | CB2: time | CC2: ctime | CD2: stime | CE2: gtime | CF2: timeout | CG2: conflicts | CH2: choices | CI2: mem | CJ2: error | CK2: memout | CL2: status | CM2: atoms | CN2: rules | CO2: time | CP2: ctime | CQ2: stime | CR2: gtime | CS2: timeout | CT2: conflicts | CU2: choices | CV2: mem | CW2: error | CX2: memout | CY2: status | CZ2: atoms | DA2: rules | DB2: time | DC2: ctime | DD2: stime | DE2: gtime | DF2: timeout | DG2: conflicts | DH2: choices | DI2: mem | DJ2: error | DK2: memout | DL2: status | DM2: atoms | DN2: rules | DO2: time | DP2: ctime | DQ2: stime | DR2: gtime | DS2: timeout | DT2: conflicts | DU2: choices | DV2: mem | DW2: error | DX2: memout | DY2: status | DZ2: atoms | EA2: rules | EB2: time | EC2: ctime | ED2: stime | EE2: gtime | EF2: timeout | EG2: conflicts | EH2: choices | EI2: mem | EJ2: error | EK2: memout | EL2: status | EM2: atoms | EN2: rules | EO2: time | EP2: ctime | EQ2: stime | ER2: gtime | ES2: timeout | ET2: conflicts | EU2: choices | EV2: mem | EW2: error | EX2: memout | EY2: status | EZ2: atoms | FA2: rules | FB2: time | FC2: ctime | FD2: stime | FE2: gtime | FF2: timeout | FG2: conflicts | FH2: choices | FI2: mem | FJ2: error | FK2: memout | FL2: status | FM2: atoms | FN2: rules | FO2: time | FP2: ctime | FQ2: stime | FR2: gtime | FS2: timeout | FT2: conflicts | FU2: choices | FV2: mem | FW2: error | FX2: memout | FY2: status | FZ2: atoms | GA2: rules | GB2: time | GC2: ctime | GD2: stime | GE2: gtime | GF2: timeout | GG2: conflicts | GH2: choices | GI2: mem | GJ2: error | GK2: memout | GL2: status | GM2: atoms | GN2: rules | GO2: time | GP2: ctime | GQ2: stime | GR2: gtime | GS2: timeout | GT2: conflicts | GU2: choices | GV2: mem | GW2: error | GX2: memout | GY2: status | GZ2: atoms | HA2: rules | HB2: time | HC2: ctime | HD2: stime | HE2: gtime | HF2: timeout | HG2: conflicts | HH2: choices | HI2: mem | HJ2: error | HK2: memout | HL2: status | HM2: atoms | HN2: rules | HO2: time | HP2: ctime | HQ2: stime | HR2: gtime | HS2: timeout | HT2: conflicts | HU2: choices | HV2: mem | HW2: error | HX2: memout | HY2: status | HZ2: atoms | IA2: rules | IB2: time | IC2: ctime | ID2: stime | IE2: gtime | IF2: timeout | IG2: conflicts | IH2: choices | II2: mem | IJ2: error | IK2: memout | IL2: atoms | IM2: rules | IN2: time | IO2: ctime | IP2: stime | IQ2: gtime | IR2: timeout | IS2: conflicts | IT2: choices | IU2: mem | IV2: error | IW2: memout | IX2: atoms | IY2: rules | IZ2: time | JA2: ctime | JB2: stime | JC2: gtime | JD2: timeout | JE2: conflicts | JF2: choices | JG2: mem | JH2: error | JI2: memout | JJ2: atoms | JK2: rules
A3: instances/ft06 | B3: 263.56 | C3: 256.534 | D3: 243.62 | E3: 12.91 | F3: 0 | G3: 336033 | H3: 8327188 | I3: 952 | J3: 0 | K3: 0 | L3: UNSATISFIABLE | M3: 47528 | N3: 1876691 | O3: 240.64 | P3: 233.57 | Q3: 218.19 | R3: 15.38 | S3: 0 | T3: 270711 | U3: 8550692 | V3: 1128 | W3: 0 | X3: 0 | Y3: SATISFIABLE | Z3: 52893 | AA3: 2238045 | AB3: 217.35 | AC3: 210.197 | AD3: 192.69 | AE3: 17.51 | AF3: 0 | AG3: 248316 | AH3: 7459553 | AI3: 1317 | AJ3: 0 | AK3: 0 | AL3: SATISFIABLE | AM3: 58422 | AN3: 2621303 | AO3: 193.44 | AP3: 186.945 | AQ3: 166.77 | AR3: 20.17 | AS3: 0 | AT3: 183329 | AU3: 4107960 | AV3: 1529 | AW3: 0 | AX3: 0 | AY3: SATISFIABLE | AZ3: 64115 | BA3: 3024254 | BB3: 58.93 | BC3: 52.353 | BD3: 28.74 | BE3: 23.61 | BF3: 0 | BG3: 34744 | BH3: 1331332 | BI3: 1717 | BJ3: 0 | BK3: 0 | BL3: SATISFIABLE | BM3: 69972 | BN3: 3444750 | BO3: 206.18 | BP3: 199.265 | BQ3: 172.87 | BR3: 26.39 | BS3: 0 | BT3: 171293 | BU3: 4445841 | BV3: 1921 | BW3: 0 | BX3: 0 | BY3: SATISFIABLE | BZ3: 75993 | CA3: 3880706 | CB3: 8.8 | CC3: 2.651 | CD3: 1.77 | CE3: 0.88 | CF3: 0 | CG3: 6813 | CH3: 15233 | CI3: 123 | CJ3: 0 | CK3: 0 | CL3: UNSATISFIABLE | CM3: 48065 | CN3: 78267 | CO3: 10.58 | CP3: 3.601 | CQ3: 2.71 | CR3: 0.89 | CS3: 0 | CT3: 7465 | CU3: 301753 | CV3: 119 | CW3: 0 | CX3: 0 | CY3: UNSATISFIABLE | CZ3: 48065 | DA3: 78267 | DB3: 11.78 | DC3: 4.967 | DD3: 3.96 | DE3: 1.01 | DF3: 0 | DG3: 12907 | DH3: 32866 | DI3: 135 | DJ3: 0 | DK3: 0 | DL3: SATISFIABLE | DM3: 53579 | DN3: 89157 | DO3: 11.52 | DP3: 4.613 | DQ3: 3.62 | DR3: 0.99 | DS3: 0 | DT3: 8490 | DU3: 419869 | DV3: 129 | DW3: 0 | DX3: 0 | DY3: SATISFIABLE | DZ3: 53579 | EA3: 89157 | EB3: 13.02 | EC3: 6.321 | ED3: 5.22 | EE3: 1.1 | EF3: 0 | EG3: 14025 | EH3: 37338 | EI3: 147 | EJ3: 0 | EK3: 0 | EL3: SATISFIABLE | EM3: 59280 | EN3: 100659 | EO3: 12.11 | EP3: 5.562 | EQ3: 4.48 | ER3: 1.08 | ES3: 0 | ET3: 6809 | EU3: 632401 | EV3: 142 | EW3: 0 | EX3: 0 | EY3: SATISFIABLE | EZ3: 59280 | FA3: 100659 | FB3: 14.18 | FC3: 7.261 | FD3: 6.02 | FE3: 1.24 | FF3: 0 | FG3: 15988 | FH3: 49492 | FI3: 159 | FJ3: 0 | FK3: 0 | FL3: SATISFIABLE | FM3: 65168 | FN3: 112773 | FO3: 13.83 | FP3: 6.828 | FQ3: 5.62 | FR3: 1.21 | FS3: 0 | FT3: 5824 | FU3: 875008 | FV3: 152 | FW3: 0 | FX3: 0 | FY3: SATISFIABLE | FZ3: 65168 | GA3: 112773 | GB3: 14.83 | GC3: 7.817 | GD3: 6.44 | GE3: 1.38 | GF3: 0 | GG3: 15018 | GH3: 63923 | GI3: 172 | GJ3: 0 | GK3: 0 | GL3: SATISFIABLE | GM3: 71243 | GN3: 125499 | GO3: 15.84 | GP3: 8.88 | GQ3: 7.52 | GR3: 1.36 | GS3: 0 | GT3: 5221 | GU3: 1135706 | GV3: 164 | GW3: 0 | GX3: 0 | GY3: SATISFIABLE | GZ3: 71243 | HA3: 125499 | HB3: 15.08 | HC3: 8.149 | HD3: 6.62 | HE3: 1.53 | HF3: 0 | HG3: 13581 | HH3: 66864 | HI3: 182 | HJ3: 0 | HK3: 0 | HL3: SATISFIABLE | HM3: 77505 | HN3: 138837 | HO3: 19.82 | HP3: 12.886 | HQ3: 11.43 | HR3: 1.46 | HS3: 0 | HT3: 8238 | HU3: 1421040 | HV3: 178 | HW3: 0 | HX3: 0 | HY3: SATISFIABLE | HZ3: 77505 | IA3: 138837 | IB3: =MIN($B3,$O3,$AB3,$AO3,$BB3,$BO3,$CB3,$CO3,$DB3,$DO3,$EB3,$EO3,$FB3,$FO3,$GB3,$GO3,$HB3,$HO3) -> 0 | IC3: =MIN($C3,$P3,$AC3,$AP3,$BC3,$BP3,$CC3,$CP3,$DC3,$DP3,$EC3,$EP3,$FC3,$FP3,$GC3,$GP3,$HC3,$HP3) -> 0 | ID3: =MIN($D3,$Q3,$AD3,$AQ3,$BD3,$BQ3,$CD3,$CQ3,$DD3,$DQ3,$ED3,$EQ3,$FD3,$FQ3,$GD3,$GQ3,$HD3,$HQ3) -> 0 | IE3: =MIN($E3,$R3,$AE3,$AR3,$BE3,$BR3,$CE3,$CR3,$DE3,$DR3,$EE3,$ER3,$FE3,$FR3,$GE3,$GR3,$HE3,$HR3) -> 0 | IF3: =MIN($F3,$S3,$AF3,$AS3,$BF3,$BS3,$CF3,$CS3,$DF3,$DS3,$EF3,$ES3,$FF3,$FS3,$GF3,$GS3,$HF3,$HS3) -> 0 | IG3: =MIN($G3,$T3,$AG3,$AT3,$BG3,$BT3,$CG3,$CT3,$DG3,$DT3,$EG3,$ET3,$FG3,$FT3,$GG3,$GT3,$HG3,$HT3) -> 0 | IH3: =MIN($H3,$U3,$AH3,$AU3,$BH3,$BU3,$CH3,$CU3,$DH3,$DU3,$EH3,$EU3,$FH3,$FU3,$GH3,$GU3,$HH3,$HU3) -> 0 | II3: =MIN($I3,$V3,$AI3,$AV3,$BI3,$BV3,$CI3,$CV3,$DI3,$DV3,$EI3,$EV3,$FI3,$FV3,$GI3,$GV3,$HI3,$HV3) -> 0 | IJ3: =MIN($J3,$W3,$AJ3,$AW3,$BJ3,$BW3,$CJ3,$CW3,$DJ3,$DW3,$EJ3,$EW3,$FJ3,$FW3,$GJ3,$GW3,$HJ3,$HW3) -> 0 | IK3: =MIN($K3,$X3,$AK3,$AX3,$BK3,$BX3,$CK3,$CX3,$DK3,$DX3,$EK3,$EX3,$FK3,$FX3,$GK3,$GX3,$HK3,$HX3) -> 0 | IL3: =MIN($M3,$Z3,$AM3,$AZ3,$BM3,$BZ3,$CM3,$CZ3,$DM3,$DZ3,$EM3,$EZ3,$FM3,$FZ3,$GM3,$GZ3,$HM3,$HZ3) -> 0 | IM3: =MIN($N3,$AA3,$AN3,$BA3,$BN3,$CA3,$CN3,$DA3,$DN3,$EA3,$EN3,$FA3,$FN3,$GA3,$GN3,$HA3,$HN3,$IA3) -> 0 | IN3: =MEDIAN($B3,$O3,$AB3,$AO3,$BB3,$BO3,$CB3,$CO3,$DB3,$DO3,$EB3,$EO3,$FB3,$FO3,$GB3,$GO3,$HB3,$HO3) -> 0 | IO3: =MEDIAN($C3,$P3,$AC3,$AP3,$BC3,$BP3,$CC3,$CP3,$DC3,$DP3,$EC3,$EP3,$FC3,$FP3,$GC3,$GP3,$HC3,$HP3) -> 0 | IP3: =MEDIAN($D3,$Q3,$AD3,$AQ3,$BD3,$BQ3,$CD3,$CQ3,$DD3,$DQ3,$ED3,$EQ3,$FD3,$FQ3,$GD3,$GQ3,$HD3,$HQ3) -> 0 | IQ3: =MEDIAN($E3,$R3,$AE3,$AR3,$BE3,$BR3,$CE3,$CR3,$DE3,$DR3,$EE3,$ER3,$FE3,$FR3,$GE3,$GR3,$HE3,$HR3) -> 0 | IR3: =MEDIAN($F3,$S3,$AF3,$AS3,$BF3,$BS3,$CF3,$CS3,$DF3,$DS3,$EF3,$ES3,$FF3,$FS3,$GF3,$GS3,$HF3,$HS3) -> 0 | IS3: =MEDIAN($G3,$T3,$AG3,$AT3,$BG3,$BT3,$CG3,$CT3,$DG3,$DT3,$EG3,$ET3,$FG3,$FT3,$GG3,$GT3,$HG3,$HT3) -> 0 | IT3: =MEDIAN($H3,$U3,$AH3,$AU3,$BH3,$BU3,$CH3,$CU3,$DH3,$DU3,$EH3,$EU3,$FH3,$FU3,$GH3,$GU3,$HH3,$HU3) -> 0 | IU3: =MEDIAN($I3,$V3,$AI3,$AV3,$BI3,$BV3,$CI3,$CV3,$DI3,$DV3,$EI3,$EV3,$FI3,$FV3,$GI3,$GV3,$HI3,$HV3) -> 0 | IV3: =MEDIAN($J3,$W3,$AJ3,$AW3,$BJ3,$BW3,$CJ3,$CW3,$DJ3,$DW3,$EJ3,$EW3,$FJ3,$FW3,$GJ3,$GW3,$HJ3,$HW3) -> 0 | IW3: =MEDIAN($K3,$X3,$AK3,$AX3,$BK3,$BX3,$CK3,$CX3,$DK3,$DX3,$EK3,$EX3,$FK3,$FX3,$GK3,$GX3,$HK3,$HX3) -> 0 | IX3: =MEDIAN($M3,$Z3,$AM3,$AZ3,$BM3,$BZ3,$CM3,$CZ3,$DM3,$DZ3,$EM3,$EZ3,$FM3,$FZ3,$GM3,$GZ3,$HM3,$HZ3) -> 0 | IY3: =MEDIAN($N3,$AA3,$AN3,$BA3,$BN3,$CA3,$CN3,$DA3,$DN3,$EA3,$EN3,$FA3,$FN3,$GA3,$GN3,$HA3,$HN3,$IA3) -> 0 | IZ3: =MAX($B3,$O3,$AB3,$AO3,$BB3,$BO3,$CB3,$CO3,$DB3,$DO3,$EB3,$EO3,$FB3,$FO3,$GB3,$GO3,$HB3,$HO3) -> 0 | JA3: =MAX($C3,$P3,$AC3,$AP3,$BC3,$BP3,$CC3,$CP3,$DC3,$DP3,$EC3,$EP3,$FC3,$FP3,$GC3,$GP3,$HC3,$HP3) -> 0 | JB3: =MAX($D3,$Q3,$AD3,$AQ3,$BD3,$BQ3,$CD3,$CQ3,$DD3,$DQ3,$ED3,$EQ3,$FD3,$FQ3,$GD3,$GQ3,$HD3,$HQ3) -> 0 | JC3: =MAX($E3,$R3,$AE3,$AR3,$BE3,$BR3,$CE3,$CR3,$DE3,$DR3,$EE3,$ER3,$FE3,$FR3,$GE3,$GR3,$HE3,$HR3) -> 0 | JD3: =MAX($F3,$S3,$AF3,$AS3,$BF3,$BS3,$CF3,$CS3,$DF3,$DS3,$EF3,$ES3,$FF3,$FS3,$GF3,$GS3,$HF3,$HS3) -> 0 | JE3: =MAX($G3,$T3,$AG3,$AT3,$BG3,$BT3,$CG3,$CT3,$DG3,$DT3,$EG3,$ET3,$FG3,$FT3,$GG3,$GT3,$HG3,$HT3) -> 0 | JF3: =MAX($H3,$U3,$AH3,$AU3,$BH3,$BU3,$CH3,$CU3,$DH3,$DU3,$EH3,$EU3,$FH3,$FU3,$GH3,$GU3,$HH3,$HU3) -> 0 | JG3: =MAX($I3,$V3,$AI3,$AV3,$BI3,$BV3,$CI3,$CV3,$DI3,$DV3,$EI3,$EV3,$FI3,$FV3,$GI3,$GV3,$HI3,$HV3) -> 0 | JH3: =MAX($J3,$W3,$AJ3,$AW3,$BJ3,$BW3,$CJ3,$CW3,$DJ3,$DW3,$EJ3,$EW3,$FJ3,$FW3,$GJ3,$GW3,$HJ3,$HW3) -> 0 | JI3: =MAX($K3,$X3,$AK3,$AX3,$BK3,$BX3,$CK3,$CX3,$DK3,$DX3,$EK3,$EX3,$FK3,$FX3,$GK3,$GX3,$HK3,$HX3) -> 0 | JJ3: =MAX($M3,$Z3,$AM3,$AZ3,$BM3,$BZ3,$CM3,$CZ3,$DM3,$DZ3,$EM3,$EZ3,$FM3,$FZ3,$GM3,$GZ3,$HM3,$HZ3) -> 0 | JK3: =MAX($N3,$AA3,$AN3,$BA3,$BN3,$CA3,$CN3,$DA3,$DN3,$EA3,$EN3,$FA3,$FN3,$GA3,$GN3,$HA3,$HN3,$IA3) -> 0
B4: 265.79 | C4: 258.087 | D4: 245.22 | E4: 12.87 | F4: 0 | G4: 336033 | H4: 8327188 | I4: 954 | J4: 0 | K4: 0 | L4: UNSATISFIABLE | M4: 47528 | N4: 1876691 | O4: 232.67 | P4: 225.528 | Q4: 210.3 | R4: 15.23 | S4: 0 | T4: 270711 | U4: 8550692 | V4: 1131 | W4: 0 | X4: 0 | Y4: SATISFIABLE | Z4: 52893 | AA4: 2238045 | AB4: 226.62 | AC4: 220.035 | AD4: 202.58 | AE4: 17.45 | AF4: 0 | AG4: 248316 | AH4: 7459553 | AI4: 1371 | AJ4: 0 | AK4: 0 | AL4: SATISFIABLE | AM4: 58422 | AN4: 2621303 | AO4: 191.5 | AP4: 184.876 | AQ4: 164.29 | AR4: 20.59 | AS4: 0 | AT4: 183329 | AU4: 4107960 | AV4: 1511 | AW4: 0 | AX4: 0 | AY4: SATISFIABLE | AZ4: 64115 | BA4: 3024254 | BB4: 60.18 | BC4: 53.478 | BD4: 29.61 | BE4: 23.87 | BF4: 0 | BG4: 34744 | BH4: 1331332 | BI4: 1726 | BJ4: 0 | BK4: 0 | BL4: SATISFIABLE | BM4: 69972 | BN4: 3444750 | BO4: 211.69 | BP4: 204.377 | BQ4: 177.63 | BR4: 26.75 | BS4: 0 | BT4: 171293 | BU4: 4445841 | BV4: 2001 | BW4: 0 | BX4: 0 | BY4: SATISFIABLE | BZ4: 75993 | CA4: 3880706 | CB4: 8.81 | CC4: 2.673 | CD4: 1.78 | CE4: 0.89 | CF4: 0 | CG4: 6813 | CH4: 15233 | CI4: 122 | CJ4: 0 | CK4: 0 | CL4: UNSATISFIABLE | CM4: 48065 | CN4: 78267 | CO4: 10.48 | CP4: 3.546 | CQ4: 2.66 | CR4: 0.89 | CS4: 0 | CT4: 7465 | CU4: 301753 | CV4: 120 | CW4: 0 | CX4: 0 | CY4: UNSATISFIABLE | CZ4: 48065 | DA4: 78267 | DB4: 11.95 | DC4: 4.985 | DD4: 3.96 | DE4: 1.03 | DF4: 0 | DG4: 12907 | DH4: 32866 | DI4: 135 | DJ4: 0 | DK4: 0 | DL4: SATISFIABLE | DM4: 53579 | DN4: 89157 | DO4: 11.53 | DP4: 4.641 | DQ4: 3.64 | DR4: 1 | DS4: 0 | DT4: 8490 | DU4: 419869 | DV4: 129 | DW4: 0 | DX4: 0 | DY4: SATISFIABLE | DZ4: 53579 | EA4: 89157 | EB4: 13.44 | EC4: 6.421 | ED4: 5.29 | EE4: 1.13 | EF4: 0 | EG4: 14025 | EH4: 37338 | EI4: 147 | EJ4: 0 | EK4: 0 | EL4: SATISFIABLE | EM4: 59280 | EN4: 100659 | EO4: 12.55 | EP4: 5.635 | EQ4: 4.52 | ER4: 1.12 | ES4: 0 | ET4: 6809 | EU4: 632401 | EV4: 141 | EW4: 0 | EX4: 0 | EY4: SATISFIABLE | EZ4: 59280 | FA4: 100659 | FB4: 14.28 | FC4: 7.326 | FD4: 6.08 | FE4: 1.25 | FF4: 0 | FG4: 15988 | FH4: 49492 | FI4: 159 | FJ4: 0 | FK4: 0 | FL4: SATISFIABLE | FM4: 65168 | FN4: 112773 | FO4: 13.8 | FP4: 6.819 | FQ4: 5.62 | FR4: 1.2 | FS4: 0 | FT4: 5824 | FU4: 875008 | FV4: 152 | FW4: 0 | FX4: 0 | FY4: SATISFIABLE | FZ4: 65168 | GA4: 112773 | GB4: 14.86 | GC4: 7.869 | GD4: 6.49 | GE4: 1.38 | GF4: 0 | GG4: 15018 | GH4: 63923 | GI4: 170 | GJ4: 0 | GK4: 0 | GL4: SATISFIABLE | GM4: 71243 | GN4: 125499 | GO4: 15.9 | GP4: 8.918 | GQ4: 7.55 | GR4: 1.37 | GS4: 0 | GT4: 5221 | GU4: 1135706 | GV4: 164 | GW4: 0 | GX4: 0 | GY4: SATISFIABLE | GZ4: 71243 | HA4: 125499 | HB4: 14.94 | HC4: 8.101 | HD4: 6.59 | HE4: 1.51 | HF4: 0 | HG4: 13581 | HH4: 66864 | HI4: 181 | HJ4: 0 | HK4: 0 | HL4: SATISFIABLE | HM4: 77505 | HN4: 138837 | HO4: 19.92 | HP4: 12.985 | HQ4: 11.5 | HR4: 1.48 | HS4: 0 | HT4: 8238 | HU4: 1421040 | HV4: 177 | HW4: 0 | HX4: 0 | HY4: SATISFIABLE | HZ4: 77505 | IA4: 138837 | IB4: =MIN($B4,$O4,$AB4,$AO4,$BB4,$BO4,$CB4,$CO4,$DB4,$DO4,$EB4,$EO4,$FB4,$FO4,$GB4,$GO4,$HB4,$HO4) -> 0 | IC4: =MIN($C4,$P4,$AC4,$AP4,$BC4,$BP4,$CC4,$CP4,$DC4,$DP4,$EC4,$EP4,$FC4,$FP4,$GC4,$GP4,$HC4,$HP4) -> 0 | ID4: =MIN($D4,$Q4,$AD4,$AQ4,$BD4,$BQ4,$CD4,$CQ4,$DD4,$DQ4,$ED4,$EQ4,$FD4,$FQ4,$GD4,$GQ4,$HD4,$HQ4) -> 0 | IE4: =MIN($E4,$R4,$AE4,$AR4,$BE4,$BR4,$CE4,$CR4,$DE4,$DR4,$EE4,$ER4,$FE4,$FR4,$GE4,$GR4,$HE4,$HR4) -> 0 | IF4: =MIN($F4,$S4,$AF4,$AS4,$BF4,$BS4,$CF4,$CS4,$DF4,$DS4,$EF4,$ES4,$FF4,$FS4,$GF4,$GS4,$HF4,$HS4) -> 0 | IG4: =MIN($G4,$T4,$AG4,$AT4,$BG4,$BT4,$CG4,$CT4,$DG4,$DT4,$EG4,$ET4,$FG4,$FT4,$GG4,$GT4,$HG4,$HT4) -> 0 | IH4: =MIN($H4,$U4,$AH4,$AU4,$BH4,$BU4,$CH4,$CU4,$DH4,$DU4,$EH4,$EU4,$FH4,$FU4,$GH4,$GU4,$HH4,$HU4) -> 0 | II4: =MIN($I4,$V4,$AI4,$AV4,$BI4,$BV4,$CI4,$CV4,$DI4,$DV4,$EI4,$EV4,$FI4,$FV4,$GI4,$GV4,$HI4,$HV4) -> 0 | IJ4: =MIN($J4,$W4,$AJ4,$AW4,$BJ4,$BW4,$CJ4,$CW4,$DJ4,$DW4,$EJ4,$EW4,$FJ4,$FW4,$GJ4,$GW4,$HJ4,$HW4) -> 0 | IK4: =MIN($K4,$X4,$AK4,$AX4,$BK4,$BX4,$CK4,$CX4,$DK4,$DX4,$EK4,$EX4,$FK4,$FX4,$GK4,$GX4,$HK4,$HX4) -> 0 | IL4: =MIN($M4,$Z4,$AM4,$AZ4,$BM4,$BZ4,$CM4,$CZ4,$DM4,$DZ4,$EM4,$EZ4,$FM4,$FZ4,$GM4,$GZ4,$HM4,$HZ4) -> 0 | IM4: =MIN($N4,$AA4,$AN4,$BA4,$BN4,$CA4,$CN4,$DA4,$DN4,$EA4,$EN4,$FA4,$FN4,$GA4,$GN4,$HA4,$HN4,$IA4) -> 0 | IN4: =MEDIAN($B4,$O4,$AB4,$AO4,$BB4,$BO4,$CB4,$CO4,$DB4,$DO4,$EB4,$EO4,$FB4,$FO4,$GB4,$GO4,$HB4,$HO4) -> 0 | IO4: =MEDIAN($C4,$P4,$AC4,$AP4,$BC4,$BP4,$CC4,$CP4,$DC4,$DP4,$EC4,$EP4,$FC4,$FP4,$GC4,$GP4,$HC4,$HP4) -> 0 | IP4: =MEDIAN($D4,$Q4,$AD4,$AQ4,$BD4,$BQ4,$CD4,$CQ4,$DD4,$DQ4,$ED4,$EQ4,$FD4,$FQ4,$GD4,$GQ4,$HD4,$HQ4) -> 0 | IQ4: =MEDIAN($E4,$R4,$AE4,$AR4,$BE4,$BR4,$CE4,$CR4,$DE4,$DR4,$EE4,$ER4,$FE4,$FR4,$GE4,$GR4,$HE4,$HR4) -> 0 | IR4: =MEDIAN($F4,$S4,$AF4,$AS4,$BF4,$BS4,$CF4,$CS4,$DF4,$DS4,$EF4,$ES4,$FF4,$FS4,$GF4,$GS4,$HF4,$HS4) -> 0 | IS4: =MEDIAN($G4,$T4,$AG4,$AT4,$BG4,$BT4,$CG4,$CT4,$DG4,$DT4,$EG4,$ET4,$FG4,$FT4,$GG4,$GT4,$HG4,$HT4) -> 0 | IT4: =MEDIAN($H4,$U4,$AH4,$AU4,$BH4,$BU4,$CH4,$CU4,$DH4,$DU4,$EH4,$EU4,$FH4,$FU4,$GH4,$GU4,$HH4,$HU4) -> 0 | IU4: =MEDIAN($I4,$V4,$AI4,$AV4,$BI4,$BV4,$CI4,$CV4,$DI4,$DV4,$EI4,$EV4,$FI4,$FV4,$GI4,$GV4,$HI4,$HV4) -> 0 | IV4: =MEDIAN($J4,$W4,$AJ4,$AW4,$BJ4,$BW4,$CJ4,$CW4,$DJ4,$DW4,$EJ4,$EW4,$FJ4,$FW4,$GJ4,$GW4,$HJ4,$HW4) -> 0 | IW4: =MEDIAN($K4,$X4,$AK4,$AX4,$BK4,$BX4,$CK4,$CX4,$DK4,$DX4,$EK4,$EX4,$FK4,$FX4,$GK4,$GX4,$HK4,$HX4) -> 0 | IX4: =MEDIAN($M4,$Z4,$AM4,$AZ4,$BM4,$BZ4,$CM4,$CZ4,$DM4,$DZ4,$EM4,$EZ4,$FM4,$FZ4,$GM4,$GZ4,$HM4,$HZ4) -> 0 | IY4: =MEDIAN($N4,$AA4,$AN4,$BA4,$BN4,$CA4,$CN4,$DA4,$DN4,$EA4,$EN4,$FA4,$FN4,$GA4,$GN4,$HA4,$HN4,$IA4) -> 0 | IZ4: =MAX($B4,$O4,$AB4,$AO4,$BB4,$BO4,$CB4,$CO4,$DB4,$DO4,$EB4,$EO4,$FB4,$FO4,$GB4,$GO4,$HB4,$HO4) -> 0 | JA4: =MAX($C4,$P4,$AC4,$AP4,$BC4,$BP4,$CC4,$CP4,$DC4,$DP4,$EC4,$EP4,$FC4,$FP4,$GC4,$GP4,$HC4,$HP4) -> 0 | JB4: =MAX($D4,$Q4,$AD4,$AQ4,$BD4,$BQ4,$CD4,$CQ4,$DD4,$DQ4,$ED4,$EQ4,$FD4,$FQ4,$GD4,$GQ4,$HD4,$HQ4) -> 0 | JC4: =MAX($E4,$R4,$AE4,$AR4,$BE4,$BR4,$CE4,$CR4,$DE4,$DR4,$EE4,$ER4,$FE4,$FR4,$GE4,$GR4,$HE4,$HR4) -> 0 | JD4: =MAX($F4,$S4,$AF4,$AS4,$BF4,$BS4,$CF4,$CS4,$DF4,$DS4,$EF4,$ES4,$FF4,$FS4,$GF4,$GS4,$HF4,$HS4) -> 0 | JE4: =MAX($G4,$T4,$AG4,$AT4,$BG4,$BT4,$CG4,$CT4,$DG4,$DT4,$EG4,$ET4,$FG4,$FT4,$GG4,$GT4,$HG4,$HT4) -> 0 | JF4: =MAX($H4,$U4,$AH4,$AU4,$BH4,$BU4,$CH4,$CU4,$DH4,$DU4,$EH4,$EU4,$FH4,$FU4,$GH4,$GU4,$HH4,$HU4) -> 0 | JG4: =MAX($I4,$V4,$AI4,$AV4,$BI4,$BV4,$CI4,$CV4,$DI4,$DV4,$EI4,$EV4,$FI4,$FV4,$GI4,$GV4,$HI4,$HV4) -> 0 | JH4: =MAX($J4,$W4,$AJ4,$AW4,$BJ4,$BW4,$CJ4,$CW4,$DJ4,$DW4,$EJ4,$EW4,$FJ4,$FW4,$GJ4,$GW4,$HJ4,$HW4) -> 0 | JI4: =MAX($K4,$X4,$AK4,$AX4,$BK4,$BX4,$CK4,$CX4,$DK4,$DX4,$EK4,$EX4,$FK4,$FX4,$GK4,$GX4,$HK4,$HX4) -> 0 | JJ4: =MAX($M4,$Z4,$AM4,$AZ4,$BM4,$BZ4,$CM4,$CZ4,$DM4,$DZ4,$EM4,$EZ4,$FM4,$FZ4,$GM4,$GZ4,$HM4,$HZ4) -> 0 | JK4: =MAX($N4,$AA4,$AN4,$BA4,$BN4,$CA4,$CN4,$DA4,$DN4,$EA4,$EN4,$FA4,$FN4,$GA4,$GN4,$HA4,$HN4,$IA4) -> 0
A6: SUM | B6: =SUM(B$3:B$4) -> 0 | C6: =SUM(C$3:C$4) -> 0 | D6: =SUM(D$3:D$4) -> 0 | E6: =SUM(E$3:E$4) -> 0 | F6: =SUM(F$3:F$4) -> 0 | G6: =SUM(G$3:G$4) -> 0 | H6: =SUM(H$3:H$4) -> 0 | I6: =SUM(I$3:I$4) -> 0 | ... K6: =SUM(K$3:K$4) -> 0 | M6: =SUM(M$3:M$4) -> 0 | N6: =SUM(N$3:N$4) -> 0 | O6: =SUM(O$3:O$4) -> 0 | P6: =SUM(P$3:P$4) -> 0 | Q6: =SUM(Q$3:Q$4) -> 0 | R6: =SUM(R$3:R$4) -> 0 | S6: =SUM(S$3:S$4) -> 0 | T6: =SUM(T$3:T$4) -> 0 | ... X6: =SUM(X$3:X$4) -> 0 | Z6: =SUM(Z$3:Z$4) -> 0 | AA6: =SUM(AA$3:AA$4) -> 0 | AB6: =SUM(AB$3:AB$4) -> 0 | AC6: =SUM(AC$3:AC$4) -> 0 | AD6: =SUM(AD$3:AD$4) -> 0 | AE6: =SUM(AE$3:AE$4) -> 0 | AF6: =SUM(AF$3:AF$4) -> 0 | AG6: =SUM(AG$3:AG$4) -> 0 | ... AK6: =SUM(AK$3:AK$4) -> 0 | AM6: =SUM(AM$3:AM$4) -> 0 | AN6: =SUM(AN$3:AN$4) -> 0 | AO6: =SUM(AO$3:AO$4) -> 0 | AP6: =SUM(AP$3:AP$4) -> 0 | AQ6: =SUM(AQ$3:AQ$4) -> 0 | AR6: =SUM(AR$3:AR$4) -> 0 | AS6: =SUM(AS$3:AS$4) -> 0 | AT6: =SUM(AT$3:AT$4) -> 0 | ... AX6: =SUM(AX$3:AX$4) -> 0 | AZ6: =SUM(AZ$3:AZ$4) -> 0 | BA6: =SUM(BA$3:BA$4) -> 0 | BB6: =SUM(BB$3:BB$4) -> 0 | BC6: =SUM(BC$3:BC$4) -> 0 | BD6: =SUM(BD$3:BD$4) -> 0 | BE6: =SUM(BE$3:BE$4) -> 0 | BF6: =SUM(BF$3:BF$4) -> 0 | BG6: =SUM(BG$3:BG$4) -> 0 | ... BK6: =SUM(BK$3:BK$4) -> 0 | BM6: =SUM(BM$3:BM$4) -> 0 | BN6: =SUM(BN$3:BN$4) -> 0 | BO6: =SUM(BO$3:BO$4) -> 0 | BP6: =SUM(BP$3:BP$4) -> 0 | BQ6: =SUM(BQ$3:BQ$4) -> 0 | BR6: =SUM(BR$3:BR$4) -> 0 | BS6: =SUM(BS$3:BS$4) -> 0 | BT6: =SUM(BT$3:BT$4) -> 0 | ... BX6: =SUM(BX$3:BX$4) -> 0 | BZ6: =SUM(BZ$3:BZ$4) -> 0 | CA6: =SUM(CA$3:CA$4) -> 0 | CB6: =SUM(CB$3:CB$4) -> 0 | CC6: =SUM(CC$3:CC$4) -> 0 | CD6: =SUM(CD$3:CD$4) -> 0 | CE6: =SUM(CE$3:CE$4) -> 0 | CF6: =SUM(CF$3:CF$4) -> 0 | CG6: =SUM(CG$3:CG$4) -> 0 | ... CK6: =SUM(CK$3:CK$4) -> 0 | CM6: =SUM(CM$3:CM$4) -> 0 | CN6: =SUM(CN$3:CN$4) -> 0 | CO6: =SUM(CO$3:CO$4) -> 0 | CP6: =SUM(CP$3:CP$4) -> 0 | CQ6: =SUM(CQ$3:CQ$4) -> 0 | CR6: =SUM(CR$3:CR$4) -> 0 | CS6: =SUM(CS$3:CS$4) -> 0 | CT6: =SUM(CT$3:CT$4) -> 0 | ... CX6: =SUM(CX$3:CX$4) -> 0 | CZ6: =SUM(CZ$3:CZ$4) -> 0 | DA6: =SUM(DA$3:DA$4) -> 0 | DB6: =SUM(DB$3:DB$4) -> 0 | DC6: =SUM(DC$3:DC$4) -> 0 | DD6: =SUM(DD$3:DD$4) -> 0 | DE6: =SUM(DE$3:DE$4) -> 0 | DF6: =SUM(DF$3:DF$4) -> 0 | DG6: =SUM(DG$3:DG$4) -> 0 | ... DK6: =SUM(DK$3:DK$4) -> 0 | DM6: =SUM(DM$3:DM$4) -> 0 | DN6: =SUM(DN$3:DN$4) -> 0 | DO6: =SUM(DO$3:DO$4) -> 0 | DP6: =SUM(DP$3:DP$4) -> 0 | DQ6: =SUM(DQ$3:DQ$4) -> 0 | DR6: =SUM(DR$3:DR$4) -> 0 | DS6: =SUM(DS$3:DS$4) -> 0 | DT6: =SUM(DT$3:DT$4) -> 0 | ... DX6: =SUM(DX$3:DX$4) -> 0 | DZ6: =SUM(DZ$3:DZ$4) -> 0 | EA6: =SUM(EA$3:EA$4) -> 0 | EB6: =SUM(EB$3:EB$4) -> 0 | EC6: =SUM(EC$3:EC$4) -> 0 | ED6: =SUM(ED$3:ED$4) -> 0 | EE6: =SUM(EE$3:EE$4) -> 0 | EF6: =SUM(EF$3:EF$4) -> 0 | EG6: =SUM(EG$3:EG$4) -> 0 | ... EK6: =SUM(EK$3:EK$4) -> 0 | EM6: =SUM(EM$3:EM$4) -> 0 | EN6: =SUM(EN$3:EN$4) -> 0 | EO6: =SUM(EO$3:EO$4) -> 0 | EP6: =SUM(EP$3:EP$4) -> 0 | EQ6: =SUM(EQ$3:EQ$4) -> 0 | ER6: =SUM(ER$3:ER$4) -> 0 | ES6: =SUM(ES$3:ES$4) -> 0 | ET6: =SUM(ET$3:ET$4) -> 0 | ... EX6: =SUM(EX$3:EX$4) -> 0 | EZ6: =SUM(EZ$3:EZ$4) -> 0 | FA6: =SUM(FA$3:FA$4) -> 0 | FB6: =SUM(FB$3:FB$4) -> 0 | FC6: =SUM(FC$3:FC$4) -> 0 | FD6: =SUM(FD$3:FD$4) -> 0 | FE6: =SUM(FE$3:FE$4) -> 0 | FF6: =SUM(FF$3:FF$4) -> 0 | FG6: =SUM(FG$3:FG$4) -> 0 | ... FK6: =SUM(FK$3:FK$4) -> 0 | FM6: =SUM(FM$3:FM$4) -> 0 | FN6: =SUM(FN$3:FN$4) -> 0 | FO6: =SUM(FO$3:FO$4) -> 0 | FP6: =SUM(FP$3:FP$4) -> 0 | FQ6: =SUM(FQ$3:FQ$4) -> 0 | FR6: =SUM(FR$3:FR$4) -> 0 | FS6: =SUM(FS$3:FS$4) -> 0 | FT6: =SUM(FT$3:FT$4) -> 0 | ... FX6: =SUM(FX$3:FX$4) -> 0 | FZ6: =SUM(FZ$3:FZ$4) -> 0 | GA6: =SUM(GA$3:GA$4) -> 0 | GB6: =SUM(GB$3:GB$4) -> 0 | GC6: =SUM(GC$3:GC$4) -> 0 | GD6: =SUM(GD$3:GD$4) -> 0 | GE6: =SUM(GE$3:GE$4) -> 0 | GF6: =SUM(GF$3:GF$4) -> 0 | GG6: =SUM(GG$3:GG$4) -> 0 | ... GK6: =SUM(GK$3:GK$4) -> 0 | GM6: =SUM(GM$3:GM$4) -> 0 | GN6: =SUM(GN$3:GN$4) -> 0 | GO6: =SUM(GO$3:GO$4) -> 0 | GP6: =SUM(GP$3:GP$4) -> 0 | GQ6: =SUM(GQ$3:GQ$4) -> 0 | GR6: =SUM(GR$3:GR$4) -> 0 | GS6: =SUM(GS$3:GS$4) -> 0 | GT6: =SUM(GT$3:GT$4) -> 0 | ... GX6: =SUM(GX$3:GX$4) -> 0 | GZ6: =SUM(GZ$3:GZ$4) -> 0 | HA6: =SUM(HA$3:HA$4) -> 0 | HB6: =SUM(HB$3:HB$4) -> 0 | HC6: =SUM(HC$3:HC$4) -> 0 | HD6: =SUM(HD$3:HD$4) -> 0 | HE6: =SUM(HE$3:HE$4) -> 0 | HF6: =SUM(HF$3:HF$4) -> 0 | HG6: =SUM(HG$3:HG$4) -> 0 | ... HK6: =SUM(HK$3:HK$4) -> 0 | HM6: =SUM(HM$3:HM$4) -> 0 | HN6: =SUM(HN$3:HN$4) -> 0 | HO6: =SUM(HO$3:HO$4) -> 0 | HP6: =SUM(HP$3:HP$4) -> 0 | HQ6: =SUM(HQ$3:HQ$4) -> 0 | HR6: =SUM(HR$3:HR$4) -> 0 | HS6: =SUM(HS$3:HS$4) -> 0 | HT6: =SUM(HT$3:HT$4) -> 0 | ... HX6: =SUM(HX$3:HX$4) -> 0 | HZ6: =SUM(HZ$3:HZ$4) -> 0 | IA6: =SUM(IA$3:IA$4) -> 0 | IB6: =SUM(IB$3:IB$4) -> 0 | IC6: =SUM(IC$3:IC$4) -> 0 | ID6: =SUM(ID$3:ID$4) -> 0 | IE6: =SUM(IE$3:IE$4) -> 0 | IF6: =SUM(IF$3:IF$4) -> 0 | IG6: =SUM(IG$3:IG$4) -> 0 | ... JK6: =SUM(JK$3:JK$4) -> 0
A7: AVG | B7: =AVERAGE(B$3:B$4) -> 0 | C7: =AVERAGE(C$3:C$4) -> 0 | D7: =AVERAGE(D$3:D$4) -> 0 | E7: =AVERAGE(E$3:E$4) -> 0 | F7: =AVERAGE(F$3:F$4) -> 0 | G7: =AVERAGE(G$3:G$4) -> 0 | H7: =AVERAGE(H$3:H$4) -> 0 | I7: =AVERAGE(I$3:I$4) -> 0 | ... K7: =AVERAGE(K$3:K$4) -> 0 | M7: =AVERAGE(M$3:M$4) -> 0 | N7: =AVERAGE(N$3:N$4) -> 0 | O7: =AVERAGE(O$3:O$4) -> 0 | P7: =AVERAGE(P$3:P$4) -> 0 | Q7: =AVERAGE(Q$3:Q$4) -> 0 | R7: =AVERAGE(R$3:R$4) -> 0 | S7: =AVERAGE(S$3:S$4) -> 0 | T7: =AVERAGE(T$3:T$4) -> 0 | ... X7: =AVERAGE(X$3:X$4) -> 0 | Z7: =AVERAGE(Z$3:Z$4) -> 0 | AA7: =AVERAGE(AA$3:AA$4) -> 0 | AB7: =AVERAGE(AB$3:AB$4) -> 0 | AC7: =AVERAGE(AC$3:AC$4) -> 0 | AD7: =AVERAGE(AD$3:AD$4) -> 0 | AE7: =AVERAGE(AE$3:AE$4) -> 0 | AF7: =AVERAGE(AF$3:AF$4) -> 0 | AG7: =AVERAGE(AG$3:AG$4) -> 0 | ... AK7: =AVERAGE(AK$3:AK$4) -> 0 | AM7: =AVERAGE(AM$3:AM$4) -> 0 | AN7: =AVERAGE(AN$3:AN$4) -> 0 | AO7: =AVERAGE(AO$3:AO$4) -> 0 | AP7: =AVERAGE(AP$3:AP$4) -> 0 | AQ7: =AVERAGE(AQ$3:AQ$4) -> 0 | AR7: =AVERAGE(AR$3:AR$4) -> 0 | AS7: =AVERAGE(AS$3:AS$4) -> 0 | AT7: =AVERAGE(AT$3:AT$4) -> 0 | ... AX7: =AVERAGE(AX$3:AX$4) -> 0 | AZ7: =AVERAGE(AZ$3:AZ$4) -> 0 | BA7: =AVERAGE(BA$3:BA$4) -> 0 | BB7: =AVERAGE(BB$3:BB$4) -> 0 | BC7: =AVERAGE(BC$3:BC$4) -> 0 | BD7: =AVERAGE(BD$3:BD$4) -> 0 | BE7: =AVERAGE(BE$3:BE$4) -> 0 | BF7: =AVERAGE(BF$3:BF$4) -> 0 | BG7: =AVERAGE(BG$3:BG$4) -> 0 | ... BK7: =AVERAGE(BK$3:BK$4) -> 0 | BM7: =AVERAGE(BM$3:BM$4) -> 0 | BN7: =AVERAGE(BN$3:BN$4) -> 0 | BO7: =AVERAGE(BO$3:BO$4) -> 0 | BP7: =AVERAGE(BP$3:BP$4) -> 0 | BQ7: =AVERAGE(BQ$3:BQ$4) -> 0 | BR7: =AVERAGE(BR$3:BR$4) -> 0 | BS7: =AVERAGE(BS$3:BS$4) -> 0 | BT7: =AVERAGE(BT$3:BT$4) -> 0 | ... BX7: =AVERAGE(BX$3:BX$4) -> 0 | BZ7: =AVERAGE(BZ$3:BZ$4) -> 0 | CA7: =AVERAGE(CA$3:CA$4) -> 0 | CB7: =AVERAGE(CB$3:CB$4) -> 0 | CC7: =AVERAGE(CC$3:CC$4) -> 0 | CD7: =AVERAGE(CD$3:CD$4) -> 0 | CE7: =AVERAGE(CE$3:CE$4) -> 0 | CF7: =AVERAGE(CF$3:CF$4) -> 0 | CG7: =AVERAGE(CG$3:CG$4) -> 0 | ... CK7: =AVERAGE(CK$3:CK$4) -> 0 | CM7: =AVERAGE(CM$3:CM$4) -> 0 | CN7: =AVERAGE(CN$3:CN$4) -> 0 | CO7: =AVERAGE(CO$3:CO$4) -> 0 | CP7: =AVERAGE(CP$3:CP$4) -> 0 | CQ7: =AVERAGE(CQ$3:CQ$4) -> 0 | CR7: =AVERAGE(CR$3:CR$4) -> 0 | CS7: =AVERAGE(CS$3:CS$4) -> 0 | CT7: =AVERAGE(CT$3:CT$4) -> 0 | ... CX7: =AVERAGE(CX$3:CX$4) -> 0 | CZ7: =AVERAGE(CZ$3:CZ$4) -> 0 | DA7: =AVERAGE(DA$3:DA$4) -> 0 | DB7: =AVERAGE(DB$3:DB$4) -> 0 | DC7: =AVERAGE(DC$3:DC$4) -> 0 | DD7: =AVERAGE(DD$3:DD$4) -> 0 | DE7: =AVERAGE(DE$3:DE$4) -> 0 | DF7: =AVERAGE(DF$3:DF$4) -> 0 | DG7: =AVERAGE(DG$3:DG$4) -> 0 | ... DK7: =AVERAGE(DK$3:DK$4) -> 0 | DM7: =AVERAGE(DM$3:DM$4) -> 0 | DN7: =AVERAGE(DN$3:DN$4) -> 0 | DO7: =AVERAGE(DO$3:DO$4) -> 0 | DP7: =AVERAGE(DP$3:DP$4) -> 0 | DQ7: =AVERAGE(DQ$3:DQ$4) -> 0 | DR7: =AVERAGE(DR$3:DR$4) -> 0 | DS7: =AVERAGE(DS$3:DS$4) -> 0 | DT7: =AVERAGE(DT$3:DT$4) -> 0 | ... DX7: =AVERAGE(DX$3:DX$4) -> 0 | DZ7: =AVERAGE(DZ$3:DZ$4) -> 0 | EA7: =AVERAGE(EA$3:EA$4) -> 0 | EB7: =AVERAGE(EB$3:EB$4) -> 0 | EC7: =AVERAGE(EC$3:EC$4) -> 0 | ED7: =AVERAGE(ED$3:ED$4) -> 0 | EE7: =AVERAGE(EE$3:EE$4) -> 0 | EF7: =AVERAGE(EF$3:EF$4) -> 0 | EG7: =AVERAGE(EG$3:EG$4) -> 0 | ... EK7: =AVERAGE(EK$3:EK$4) -> 0 | EM7: =AVERAGE(EM$3:EM$4) -> 0 | EN7: =AVERAGE(EN$3:EN$4) -> 0 | EO7: =AVERAGE(EO$3:EO$4) -> 0 | EP7: =AVERAGE(EP$3:EP$4) -> 0 | EQ7: =AVERAGE(EQ$3:EQ$4) -> 0 | ER7: =AVERAGE(ER$3:ER$4) -> 0 | ES7: =AVERAGE(ES$3:ES$4) -> 0 | ET7: =AVERAGE(ET$3:ET$4) -> 0 | ... EX7: =AVERAGE(EX$3:EX$4) -> 0 | EZ7: =AVERAGE(EZ$3:EZ$4) -> 0 | FA7: =AVERAGE(FA$3:FA$4) -> 0 | FB7: =AVERAGE(FB$3:FB$4) -> 0 | FC7: =AVERAGE(FC$3:FC$4) -> 0 | FD7: =AVERAGE(FD$3:FD$4) -> 0 | FE7: =AVERAGE(FE$3:FE$4) -> 0 | FF7: =AVERAGE(FF$3:FF$4) -> 0 | FG7: =AVERAGE(FG$3:FG$4) -> 0 | ... FK7: =AVERAGE(FK$3:FK$4) -> 0 | FM7: =AVERAGE(FM$3:FM$4) -> 0 | FN7: =AVERAGE(FN$3:FN$4) -> 0 | FO7: =AVERAGE(FO$3:FO$4) -> 0 | FP7: =AVERAGE(FP$3:FP$4) -> 0 | FQ7: =AVERAGE(FQ$3:FQ$4) -> 0 | FR7: =AVERAGE(FR$3:FR$4) -> 0 | FS7: =AVERAGE(FS$3:FS$4) -> 0 | FT7: =AVERAGE(FT$3:FT$4) -> 0 | ... FX7: =AVERAGE(FX$3:FX$4) -> 0 | FZ7: =AVERAGE(FZ$3:FZ$4) -> 0 | GA7: =AVERAGE(GA$3:GA$4) -> 0 | GB7: =AVERAGE(GB$3:GB$4) -> 0 | GC7: =AVERAGE(GC$3:GC$4) -> 0 | GD7: =AVERAGE(GD$3:GD$4) -> 0 | GE7: =AVERAGE(GE$3:GE$4) -> 0 | GF7: =AVERAGE(GF$3:GF$4) -> 0 | GG7: =AVERAGE(GG$3:GG$4) -> 0 | ... GK7: =AVERAGE(GK$3:GK$4) -> 0 | GM7: =AVERAGE(GM$3:GM$4) -> 0 | GN7: =AVERAGE(GN$3:GN$4) -> 0 | GO7: =AVERAGE(GO$3:GO$4) -> 0 | GP7: =AVERAGE(GP$3:GP$4) -> 0 | GQ7: =AVERAGE(GQ$3:GQ$4) -> 0 | GR7: =AVERAGE(GR$3:GR$4) -> 0 | GS7: =AVERAGE(GS$3:GS$4) -> 0 | GT7: =AVERAGE(GT$3:GT$4) -> 0 | ... GX7: =AVERAGE(GX$3:GX$4) -> 0 | GZ7: =AVERAGE(GZ$3:GZ$4) -> 0 | HA7: =AVERAGE(HA$3:HA$4) -> 0 | HB7: =AVERAGE(HB$3:HB$4) -> 0 | HC7: =AVERAGE(HC$3:HC$4) -> 0 | HD7: =AVERAGE(HD$3:HD$4) -> 0 | HE7: =AVERAGE(HE$3:HE$4) -> 0 | HF7: =AVERAGE(HF$3:HF$4) -> 0 | HG7: =AVERAGE(HG$3:HG$4) -> 0 | ... HK7: =AVERAGE(HK$3:HK$4) -> 0 | HM7: =AVERAGE(HM$3:HM$4) -> 0 | HN7: =AVERAGE(HN$3:HN$4) -> 0 | HO7: =AVERAGE(HO$3:HO$4) -> 0 | HP7: =AVERAGE(HP$3:HP$4) -> 0 | HQ7: =AVERAGE(HQ$3:HQ$4) -> 0 | HR7: =AVERAGE(HR$3:HR$4) -> 0 | HS7: =AVERAGE(HS$3:HS$4) -> 0 | HT7: =AVERAGE(HT$3:HT$4) -> 0 | ... HX7: =AVERAGE(HX$3:HX$4) -> 0 | HZ7: =AVERAGE(HZ$3:HZ$4) -> 0 | IA7: =AVERAGE(IA$3:IA$4) -> 0 | IB7: =AVERAGE(IB$3:IB$4) -> 0 | IC7: =AVERAGE(IC$3:IC$4) -> 0 | ID7: =AVERAGE(ID$3:ID$4) -> 0 | IE7: =AVERAGE(IE$3:IE$4) -> 0 | IF7: =AVERAGE(IF$3:IF$4) -> 0 | IG7: =AVERAGE(IG$3:IG$4) -> 0 | ... JK7: =AVERAGE(JK$3:JK$4) -> 0
A8: DEV | B8: =STDEV(B$3:B$4) -> 0 | C8: =STDEV(C$3:C$4) -> 0 | D8: =STDEV(D$3:D$4) -> 0 | E8: =STDEV(E$3:E$4) -> 0 | F8: =STDEV(F$3:F$4) -> 0 | G8: =STDEV(G$3:G$4) -> 0 | H8: =STDEV(H$3:H$4) -> 0 | I8: =STDEV(I$3:I$4) -> 0 | ... K8: =STDEV(K$3:K$4) -> 0 | M8: =STDEV(M$3:M$4) -> 0 | N8: =STDEV(N$3:N$4) -> 0 | O8: =STDEV(O$3:O$4) -> 0 | P8: =STDEV(P$3:P$4) -> 0 | Q8: =STDEV(Q$3:Q$4) -> 0 | R8: =STDEV(R$3:R$4) -> 0 | S8: =STDEV(S$3:S$4) -> 0 | T8: =STDEV(T$3:T$4) -> 0 | ... X8: =STDEV(X$3:X$4) -> 0 | Z8: =STDEV(Z$3:Z$4) -> 0 | AA8: =STDEV(AA$3:AA$4) -> 0 | AB8: =STDEV(AB$3:AB$4) -> 0 | AC8: =STDEV(AC$3:AC$4) -> 0 | AD8: =STDEV(AD$3:AD$4) -> 0 | AE8: =STDEV(AE$3:AE$4) -> 0 | AF8: =STDEV(AF$3:AF$4) -> 0 | AG8: =STDEV(AG$3:AG$4) -> 0 | ... AK8: =STDEV(AK$3:AK$4) -> 0 | AM8: =STDEV(AM$3:AM$4) -> 0 | AN8: =STDEV(AN$3:AN$4) -> 0 | AO8: =STDEV(AO$3:AO$4) -> 0 | AP8: =STDEV(AP$3:AP$4) -> 0 | AQ8: =STDEV(AQ$3:AQ$4) -> 0 | AR8: =STDEV(AR$3:AR$4) -> 0 | AS8: =STDEV(AS$3:AS$4) -> 0 | AT8: =STDEV(AT$3:AT$4) -> 0 | ... AX8: =STDEV(AX$3:AX$4) -> 0 | AZ8: =STDEV(AZ$3:AZ$4) -> 0 | BA8: =STDEV(BA$3:BA$4) -> 0 | BB8: =STDEV(BB$3:BB$4) -> 0 | BC8: =STDEV(BC$3:BC$4) -> 0 | BD8: =STDEV(BD$3:BD$4) -> 0 | BE8: =STDEV(BE$3:BE$4) -> 0 | BF8: =STDEV(BF$3:BF$4) -> 0 | BG8: =STDEV(BG$3:BG$4) -> 0 | ... BK8: =STDEV(BK$3:BK$4) -> 0 | BM8: =STDEV(BM$3:BM$4) -> 0 | BN8: =STDEV(BN$3:BN$4) -> 0 | BO8: =STDEV(BO$3:BO$4) -> 0 | BP8: =STDEV(BP$3:BP$4) -> 0 | BQ8: =STDEV(BQ$3:BQ$4) -> 0 | BR8: =STDEV(BR$3:BR$4) -> 0 | BS8: =STDEV(BS$3:BS$4) -> 0 | BT8: =STDEV(BT$3:BT$4) -> 0 | ... BX8: =STDEV(BX$3:BX$4) -> 0 | BZ8: =STDEV(BZ$3:BZ$4) -> 0 | CA8: =STDEV(CA$3:CA$4) -> 0 | CB8: =STDEV(CB$3:CB$4) -> 0 | CC8: =STDEV(CC$3:CC$4) -> 0 | CD8: =STDEV(CD$3:CD$4) -> 0 | CE8: =STDEV(CE$3:CE$4) -> 0 | CF8: =STDEV(CF$3:CF$4) -> 0 | CG8: =STDEV(CG$3:CG$4) -> 0 | ... CK8: =STDEV(CK$3:CK$4) -> 0 | CM8: =STDEV(CM$3:CM$4) -> 0 | CN8: =STDEV(CN$3:CN$4) -> 0 | CO8: =STDEV(CO$3:CO$4) -> 0 | CP8: =STDEV(CP$3:CP$4) -> 0 | CQ8: =STDEV(CQ$3:CQ$4) -> 0 | CR8: =STDEV(CR$3:CR$4) -> 0 | CS8: =STDEV(CS$3:CS$4) -> 0 | CT8: =STDEV(CT$3:CT$4) -> 0 | ... CX8: =STDEV(CX$3:CX$4) -> 0 | CZ8: =STDEV(CZ$3:CZ$4) -> 0 | DA8: =STDEV(DA$3:DA$4) -> 0 | DB8: =STDEV(DB$3:DB$4) -> 0 | DC8: =STDEV(DC$3:DC$4) -> 0 | DD8: =STDEV(DD$3:DD$4) -> 0 | DE8: =STDEV(DE$3:DE$4) -> 0 | DF8: =STDEV(DF$3:DF$4) -> 0 | DG8: =STDEV(DG$3:DG$4) -> 0 | ... DK8: =STDEV(DK$3:DK$4) -> 0 | DM8: =STDEV(DM$3:DM$4) -> 0 | DN8: =STDEV(DN$3:DN$4) -> 0 | DO8: =STDEV(DO$3:DO$4) -> 0 | DP8: =STDEV(DP$3:DP$4) -> 0 | DQ8: =STDEV(DQ$3:DQ$4) -> 0 | DR8: =STDEV(DR$3:DR$4) -> 0 | DS8: =STDEV(DS$3:DS$4) -> 0 | DT8: =STDEV(DT$3:DT$4) -> 0 | ... DX8: =STDEV(DX$3:DX$4) -> 0 | DZ8: =STDEV(DZ$3:DZ$4) -> 0 | EA8: =STDEV(EA$3:EA$4) -> 0 | EB8: =STDEV(EB$3:EB$4) -> 0 | EC8: =STDEV(EC$3:EC$4) -> 0 | ED8: =STDEV(ED$3:ED$4) -> 0 | EE8: =STDEV(EE$3:EE$4) -> 0 | EF8: =STDEV(EF$3:EF$4) -> 0 | EG8: =STDEV(EG$3:EG$4) -> 0 | ... EK8: =STDEV(EK$3:EK$4) -> 0 | EM8: =STDEV(EM$3:EM$4) -> 0 | EN8: =STDEV(EN$3:EN$4) -> 0 | EO8: =STDEV(EO$3:EO$4) -> 0 | EP8: =STDEV(EP$3:EP$4) -> 0 | EQ8: =STDEV(EQ$3:EQ$4) -> 0 | ER8: =STDEV(ER$3:ER$4) -> 0 | ES8: =STDEV(ES$3:ES$4) -> 0 | ET8: =STDEV(ET$3:ET$4) -> 0 | ... EX8: =STDEV(EX$3:EX$4) -> 0 | EZ8: =STDEV(EZ$3:EZ$4) -> 0 | FA8: =STDEV(FA$3:FA$4) -> 0 | FB8: =STDEV(FB$3:FB$4) -> 0 | FC8: =STDEV(FC$3:FC$4) -> 0 | FD8: =STDEV(FD$3:FD$4) -> 0 | FE8: =STDEV(FE$3:FE$4) -> 0 | FF8: =STDEV(FF$3:FF$4) -> 0 | FG8: =STDEV(FG$3:FG$4) -> 0 | ... FK8: =STDEV(FK$3:FK$4) -> 0 | FM8: =STDEV(FM$3:FM$4) -> 0 | FN8: =STDEV(FN$3:FN$4) -> 0 | FO8: =STDEV(FO$3:FO$4) -> 0 | FP8: =STDEV(FP$3:FP$4) -> 0 | FQ8: =STDEV(FQ$3:FQ$4) -> 0 | FR8: =STDEV(FR$3:FR$4) -> 0 | FS8: =STDEV(FS$3:FS$4) -> 0 | FT8: =STDEV(FT$3:FT$4) -> 0 | ... FX8: =STDEV(FX$3:FX$4) -> 0 | FZ8: =STDEV(FZ$3:FZ$4) -> 0 | GA8: =STDEV(GA$3:GA$4) -> 0 | GB8: =STDEV(GB$3:GB$4) -> 0 | GC8: =STDEV(GC$3:GC$4) -> 0 | GD8: =STDEV(GD$3:GD$4) -> 0 | GE8: =STDEV(GE$3:GE$4) -> 0 | GF8: =STDEV(GF$3:GF$4) -> 0 | GG8: =STDEV(GG$3:GG$4) -> 0 | ... GK8: =STDEV(GK$3:GK$4) -> 0 | GM8: =STDEV(GM$3:GM$4) -> 0 | GN8: =STDEV(GN$3:GN$4) -> 0 | GO8: =STDEV(GO$3:GO$4) -> 0 | GP8: =STDEV(GP$3:GP$4) -> 0 | GQ8: =STDEV(GQ$3:GQ$4) -> 0 | GR8: =STDEV(GR$3:GR$4) -> 0 | GS8: =STDEV(GS$3:GS$4) -> 0 | GT8: =STDEV(GT$3:GT$4) -> 0 | ... GX8: =STDEV(GX$3:GX$4) -> 0 | GZ8: =STDEV(GZ$3:GZ$4) -> 0 | HA8: =STDEV(HA$3:HA$4) -> 0 | HB8: =STDEV(HB$3:HB$4) -> 0 | HC8: =STDEV(HC$3:HC$4) -> 0 | HD8: =STDEV(HD$3:HD$4) -> 0 | HE8: =STDEV(HE$3:HE$4) -> 0 | HF8: =STDEV(HF$3:HF$4) -> 0 | HG8: =STDEV(HG$3:HG$4) -> 0 | ... HK8: =STDEV(HK$3:HK$4) -> 0 | HM8: =STDEV(HM$3:HM$4) -> 0 | HN8: =STDEV(HN$3:HN$4) -> 0 | HO8: =STDEV(HO$3:HO$4) -> 0 | HP8: =STDEV(HP$3:HP$4) -> 0 | HQ8: =STDEV(HQ$3:HQ$4) -> 0 | HR8: =STDEV(HR$3:HR$4) -> 0 | HS8: =STDEV(HS$3:HS$4) -> 0 | HT8: =STDEV(HT$3:HT$4) -> 0 | ... HX8: =STDEV(HX$3:HX$4) -> 0 | HZ8: =STDEV(HZ$3:HZ$4) -> 0 | IA8: =STDEV(IA$3:IA$4) -> 0 | IB8: =STDEV(IB$3:IB$4) -> 0 | IC8: =STDEV(IC$3:IC$4) -> 0 | ID8: =STDEV(ID$3:ID$4) -> 0 | IE8: =STDEV(IE$3:IE$4) -> 0 | IF8: =STDEV(IF$3:IF$4) -> 0 | IG8: =STDEV(IG$3:IG$4) -> 0 | ... JK8: =STDEV(JK$3:JK$4) -> 0
A9: DST | B9: =SUMPRODUCT(--(B$3:B$4-$IB$3:$IB$4)^2)^0.5 -> 0 | C9: =SUMPRODUCT(--(C$3:C$4-$IC$3:$IC$4)^2)^0.5 -> 0 | D9: =SUMPRODUCT(--(D$3:D$4-$ID$3:$ID$4)^2)^0.5 -> 0 | E9: =SUMPRODUCT(--(E$3:E$4-$IE$3:$IE$4)^2)^0.5 -> 0 | F9: =SUMPRODUCT(--(F$3:F$4-$IF$3:$IF$4)^2)^0.5 -> 0 | G9: =SUMPRODUCT(--(G$3:G$4-$IG$3:$IG$4)^2)^0.5 -> 0 | H9: =SUMPRODUCT(--(H$3:H$4-$IH$3:$IH$4)^2)^0.5 -> 0 | I9: =SUMPRODUCT(--(I$3:I$4-$II$3:$II$4)^2)^0.5 -> 0 | J9: =SUMPRODUCT(--(J$3:J$4-$IJ$3:$IJ$4)^2)^0.5 -> 0 | K9: =SUMPRODUCT(--(K$3:K$4-$IK$3:$IK$4)^2)^0.5 -> 0 | M9: =SUMPRODUCT(--(M$3:M$4-$IL$3:$IL$4)^2)^0.5 -> 0 | N9: =SUMPRODUCT(--(N$3:N$4-$IM$3:$IM$4)^2)^0.5 -> 0 | O9: =SUMPRODUCT(--(O$3:O$4-$IB$3:$IB$4)^2)^0.5 -> 0 | P9: =SUMPRODUCT(--(P$3:P$4-$IC$3:$IC$4)^2)^0.5 -> 0 | Q9: =SUMPRODUCT(--(Q$3:Q$4-$ID$3:$ID$4)^2)^0.5 -> 0 | R9: =SUMPRODUCT(--(R$3:R$4-$IE$3:$IE$4)^2)^0.5 -> 0 | S9: =SUMPRODUCT(--(S$3:S$4-$IF$3:$IF$4)^2)^0.5 -> 0 | T9: =SUMPRODUCT(--(T$3:T$4-$IG$3:$IG$4)^2)^0.5 -> 0 | U9: =SUMPRODUCT(--(U$3:U$4-$IH$3:$IH$4)^2)^0.5 -> 0 | V9: =SUMPRODUCT(--(V$3:V$4-$II$3:$II$4)^2)^0.5 -> 0 | W9: =SUMPRODUCT(--(W$3:W$4-$IJ$3:$IJ$4)^2)^0.5 -> 0 | X9: =SUMPRODUCT(--(X$3:X$4-$IK$3:$IK$4)^2)^0.5 -> 0 | Z9: =SUMPRODUCT(--(Z$3:Z$4-$IL$3:$IL$4)^2)^0.5 -> 0 | AA9: =SUMPRODUCT(--(AA$3:AA$4-$IM$3:$IM$4)^2)^0.5 -> 0 | AB9: =SUMPRODUCT(--(AB$3:AB$4-$IB$3:$IB$4)^2)^0.5 -> 0 | AC9: =SUMPRODUCT(--(AC$3:AC$4-$IC$3:$IC$4)^2)^0.5 -> 0 | AD9: =SUMPRODUCT(--(AD$3:AD$4-$ID$3:$ID$4)^2)^0.5 -> 0 | AE9: =SUMPRODUCT(--(AE$3:AE$4-$IE$3:$IE$4)^2)^0.5 -> 0 | AF9: =SUMPRODUCT(--(AF$3:AF$4-$IF$3:$IF$4)^2)^0.5 -> 0 | AG9: =SUMPRODUCT(--(AG$3:AG$4-$IG$3:$IG$4)^2)^0.5 -> 0 | AH9: =SUMPRODUCT(--(AH$3:AH$4-$IH$3:$IH$4)^2)^0.5 -> 0 | AI9: =SUMPRODUCT(--(AI$3:AI$4-$II$3:$II$4)^2)^0.5 -> 0 | AJ9: =SUMPRODUCT(--(AJ$3:AJ$4-$IJ$3:$IJ$4)^2)^0.5 -> 0 | AK9: =SUMPRODUCT(--(AK$3:AK$4-$IK$3:$IK$4)^2)^0.5 -> 0 | AM9: =SUMPRODUCT(--(AM$3:AM$4-$IL$3:$IL$4)^2)^0.5 -> 0 | AN9: =SUMPRODUCT(--(AN$3:AN$4-$IM$3:$IM$4)^2)^0.5 -> 0 | AO9: =SUMPRODUCT(--(AO$3:AO$4-$IB$3:$IB$4)^2)^0.5 -> 0 | AP9: =SUMPRODUCT(--(AP$3:AP$4-$IC$3:$IC$4)^2)^0.5 -> 0 | AQ9: =SUMPRODUCT(--(AQ$3:AQ$4-$ID$3:$ID$4)^2)^0.5 -> 0 | AR9: =SUMPRODUCT(--(AR$3:AR$4-$IE$3:$IE$4)^2)^0.5 -> 0 | AS9: =SUMPRODUCT(--(AS$3:AS$4-$IF$3:$IF$4)^2)^0.5 -> 0 | AT9: =SUMPRODUCT(--(AT$3:AT$4-$IG$3:$IG$4)^2)^0.5 -> 0 | AU9: =SUMPRODUCT(--(AU$3:AU$4-$IH$3:$IH$4)^2)^0.5 -> 0 | AV9: =SUMPRODUCT(--(AV$3:AV$4-$II$3:$II$4)^2)^0.5 -> 0 | AW9: =SUMPRODUCT(--(AW$3:AW$4-$IJ$3:$IJ$4)^2)^0.5 -> 0 | AX9: =SUMPRODUCT(--(AX$3:AX$4-$IK$3:$IK$4)^2)^0.5 -> 0 | AZ9: =SUMPRODUCT(--(AZ$3:AZ$4-$IL$3:$IL$4)^2)^0.5 -> 0 | BA9: =SUMPRODUCT(--(BA$3:BA$4-$IM$3:$IM$4)^2)^0.5 -> 0 | BB9: =SUMPRODUCT(--(BB$3:BB$4-$IB$3:$IB$4)^2)^0.5 -> 0 | BC9: =SUMPRODUCT(--(BC$3:BC$4-$IC$3:$IC$4)^2)^0.5 -> 0 | BD9: =SUMPRODUCT(--(BD$3:BD$4-$ID$3:$ID$4)^2)^0.5 -> 0 | BE9: =SUMPRODUCT(--(BE$3:BE$4-$IE$3:$IE$4)^2)^0.5 -> 0 | BF9: =SUMPRODUCT(--(BF$3:BF$4-$IF$3:$IF$4)^2)^0.5 -> 0 | BG9: =SUMPRODUCT(--(BG$3:BG$4-$IG$3:$IG$4)^2)^0.5 -> 0 | BH9: =SUMPRODUCT(--(BH$3:BH$4-$IH$3:$IH$4)^2)^0.5 -> 0 | BI9: =SUMPRODUCT(--(BI$3:BI$4-$II$3:$II$4)^2)^0.5 -> 0 | BJ9: =SUMPRODUCT(--(BJ$3:BJ$4-$IJ$3:$IJ$4)^2)^0.5 -> 0 | BK9: =SUMPRODUCT(--(BK$3:BK$4-$IK$3:$IK$4)^2)^0.5 -> 0 | BM9: =SUMPRODUCT(--(BM$3:BM$4-$IL$3:$IL$4)^2)^0.5 -> 0 | BN9: =SUMPRODUCT(--(BN$3:BN$4-$IM$3:$IM$4)^2)^0.5 -> 0 | BO9: =SUMPRODUCT(--(BO$3:BO$4-$IB$3:$IB$4)^2)^0.5 -> 0 | BP9: =SUMPRODUCT(--(BP$3:BP$4-$IC$3:$IC$4)^2)^0.5 -> 0 | BQ9: =SUMPRODUCT(--(BQ$3:BQ$4-$ID$3:$ID$4)^2)^0.5 -> 0 | BR9: =SUMPRODUCT(--(BR$3:BR$4-$IE$3:$IE$4)^2)^0.5 -> 0 | BS9: =SUMPRODUCT(--(BS$3:BS$4-$IF$3:$IF$4)^2)^0.5 -> 0 | BT9: =SUMPRODUCT(--(BT$3:BT$4-$IG$3:$IG$4)^2)^0.5 -> 0 | BU9: =SUMPRODUCT(--(BU$3:BU$4-$IH$3:$IH$4)^2)^0.5 -> 0 | BV9: =SUMPRODUCT(--(BV$3:BV$4-$II$3:$II$4)^2)^0.5 -> 0 | BW9: =SUMPRODUCT(--(BW$3:BW$4-$IJ$3:$IJ$4)^2)^0.5 -> 0 | BX9: =SUMPRODUCT(--(BX$3:BX$4-$IK$3:$IK$4)^2)^0.5 -> 0 | BZ9: =SUMPRODUCT(--(BZ$3:BZ$4-$IL$3:$IL$4)^2)^0.5 -> 0 | CA9: =SUMPRODUCT(--(CA$3:CA$4-$IM$3:$IM$4)^2)^0.5 -> 0 | CB9: =SUMPRODUCT(--(CB$3:CB$4-$IB$3:$IB$4)^2)^0.5 -> 0 | CC9: =SUMPRODUCT(--(CC$3:CC$4-$IC$3:$IC$4)^2)^0.5 -> 0 | CD9: =SUMPRODUCT(--(CD$3:CD$4-$ID$3:$ID$4)^2)^0.5 -> 0 | CE9: =SUMPRODUCT(--(CE$3:CE$4-$IE$3:$IE$4)^2)^0.5 -> 0 | CF9: =SUMPRODUCT(--(CF$3:CF$4-$IF$3:$IF$4)^2)^0.5 -> 0 | CG9: =SUMPRODUCT(--(CG$3:CG$4-$IG$3:$IG$4)^2)^0.5 -> 0 | CH9: =SUMPRODUCT(--(CH$3:CH$4-$IH$3:$IH$4)^2)^0.5 -> 0 | CI9: =SUMPRODUCT(--(CI$3:CI$4-$II$3:$II$4)^2)^0.5 -> 0 | CJ9: =SUMPRODUCT(--(CJ$3:CJ$4-$IJ$3:$IJ$4)^2)^0.5 -> 0 | CK9: =SUMPRODUCT(--(CK$3:CK$4-$IK$3:$IK$4)^2)^0.5 -> 0 | CM9: =SUMPRODUCT(--(CM$3:CM$4-$IL$3:$IL$4)^2)^0.5 -> 0 | CN9: =SUMPRODUCT(--(CN$3:CN$4-$IM$3:$IM$4)^2)^0.5 -> 0 | CO9: =SUMPRODUCT(--(CO$3:CO$4-$IB$3:$IB$4)^2)^0.5 -> 0 | CP9: =SUMPRODUCT(--(CP$3:CP$4-$IC$3:$IC$4)^2)^0.5 -> 0 | CQ9: =SUMPRODUCT(--(CQ$3:CQ$4-$ID$3:$ID$4)^2)^0.5 -> 0 | CR9: =SUMPRODUCT(--(CR$3:CR$4-$IE$3:$IE$4)^2)^0.5 -> 0 | CS9: =SUMPRODUCT(--(CS$3:CS$4-$IF$3:$IF$4)^2)^0.5 -> 0 | CT9: =SUMPRODUCT(--(CT$3:CT$4-$IG$3:$IG$4)^2)^0.5 -> 0 | CU9: =SUMPRODUCT(--(CU$3:CU$4-$IH$3:$IH$4)^2)^0.5 -> 0 | CV9: =SUMPRODUCT(--(CV$3:CV$4-$II$3:$II$4)^2)^0.5 -> 0 | CW9: =SUMPRODUCT(--(CW$3:CW$4-$IJ$3:$IJ$4)^2)^0.5 -> 0 | CX9: =SUMPRODUCT(--(CX$3:CX$4-$IK$3:$IK$4)^2)^0.5 -> 0 | CZ9: =SUMPRODUCT(--(CZ$3:CZ$4-$IL$3:$IL$4)^2)^0.5 -> 0 | DA9: =SUMPRODUCT(--(DA$3:DA$4-$IM$3:$IM$4)^2)^0.5 -> 0 | DB9: =SUMPRODUCT(--(DB$3:DB$4-$IB$3:$IB$4)^2)^0.5 -> 0 | DC9: =SUMPRODUCT(--(DC$3:DC$4-$IC$3:$IC$4)^2)^0.5 -> 0 | DD9: =SUMPRODUCT(--(DD$3:DD$4-$ID$3:$ID$4)^2)^0.5 -> 0 | DE9: =SUMPRODUCT(--(DE$3:DE$4-$IE$3:$IE$4)^2)^0.5 -> 0 | DF9: =SUMPRODUCT(--(DF$3:DF$4-$IF$3:$IF$4)^2)^0.5 -> 0 | DG9: =SUMPRODUCT(--(DG$3:DG$4-$IG$3:$IG$4)^2)^0.5 -> 0 | DH9: =SUMPRODUCT(--(DH$3:DH$4-$IH$3:$IH$4)^2)^0.5 -> 0 | DI9: =SUMPRODUCT(--(DI$3:DI$4-$II$3:$II$4)^2)^0.5 -> 0 | DJ9: =SUMPRODUCT(--(DJ$3:DJ$4-$IJ$3:$IJ$4)^2)^0.5 -> 0 | DK9: =SUMPRODUCT(--(DK$3:DK$4-$IK$3:$IK$4)^2)^0.5 -> 0 | DM9: =SUMPRODUCT(--(DM$3:DM$4-$IL$3:$IL$4)^2)^0.5 -> 0 | DN9: =SUMPRODUCT(--(DN$3:DN$4-$IM$3:$IM$4)^2)^0.5 -> 0 | DO9: =SUMPRODUCT(--(DO$3:DO$4-$IB$3:$IB$4)^2)^0.5 -> 0 | DP9: =SUMPRODUCT(--(DP$3:DP$4-$IC$3:$IC$4)^2)^0.5 -> 0 | DQ9: =SUMPRODUCT(--(DQ$3:DQ$4-$ID$3:$ID$4)^2)^0.5 -> 0 | DR9: =SUMPRODUCT(--(DR$3:DR$4-$IE$3:$IE$4)^2)^0.5 -> 0 | DS9: =SUMPRODUCT(--(DS$3:DS$4-$IF$3:$IF$4)^2)^0.5 -> 0 | DT9: =SUMPRODUCT(--(DT$3:DT$4-$IG$3:$IG$4)^2)^0.5 -> 0 | DU9: =SUMPRODUCT(--(DU$3:DU$4-$IH$3:$IH$4)^2)^0.5 -> 0 | DV9: =SUMPRODUCT(--(DV$3:DV$4-$II$3:$II$4)^2)^0.5 -> 0 | DW9: =SUMPRODUCT(--(DW$3:DW$4-$IJ$3:$IJ$4)^2)^0.5 -> 0 | DX9: =SUMPRODUCT(--(DX$3:DX$4-$IK$3:$IK$4)^2)^0.5 -> 0 | DZ9: =SUMPRODUCT(--(DZ$3:DZ$4-$IL$3:$IL$4)^2)^0.5 -> 0 | EA9: =SUMPRODUCT(--(EA$3:EA$4-$IM$3:$IM$4)^2)^0.5 -> 0 | EB9: =SUMPRODUCT(--(EB$3:EB$4-$IB$3:$IB$4)^2)^0.5 -> 0 | EC9: =SUMPRODUCT(--(EC$3:EC$4-$IC$3:$IC$4)^2)^0.5 -> 0 | ED9: =SUMPRODUCT(--(ED$3:ED$4-$ID$3:$ID$4)^2)^0.5 -> 0 | EE9: =SUMPRODUCT(--(EE$3:EE$4-$IE$3:$IE$4)^2)^0.5 -> 0 | EF9: =SUMPRODUCT(--(EF$3:EF$4-$IF$3:$IF$4)^2)^0.5 -> 0 | EG9: =SUMPRODUCT(--(EG$3:EG$4-$IG$3:$IG$4)^2)^0.5 -> 0 | EH9: =SUMPRODUCT(--(EH$3:EH$4-$IH$3:$IH$4)^2)^0.5 -> 0 | EI9: =SUMPRODUCT(--(EI$3:EI$4-$II$3:$II$4)^2)^0.5 -> 0 | EJ9: =SUMPRODUCT(--(EJ$3:EJ$4-$IJ$3:$IJ$4)^2)^0.5 -> 0 | EK9: =SUMPRODUCT(--(EK$3:EK$4-$IK$3:$IK$4)^2)^0.5 -> 0 | EM9: =SUMPRODUCT(--(EM$3:EM$4-$IL$3:$IL$4)^2)^0.5 -> 0 | EN9: =SUMPRODUCT(--(EN$3:EN$4-$IM$3:$IM$4)^2)^0.5 -> 0 | EO9: =SUMPRODUCT(--(EO$3:EO$4-$IB$3:$IB$4)^2)^0.5 -> 0 | EP9: =SUMPRODUCT(--(EP$3:EP$4-$IC$3:$IC$4)^2)^0.5 -> 0 | EQ9: =SUMPRODUCT(--(EQ$3:EQ$4-$ID$3:$ID$4)^2)^0.5 -> 0 | ER9: =SUMPRODUCT(--(ER$3:ER$4-$IE$3:$IE$4)^2)^0.5 -> 0 | ES9: =SUMPRODUCT(--(ES$3:ES$4-$IF$3:$IF$4)^2)^0.5 -> 0 | ET9: =SUMPRODUCT(--(ET$3:ET$4-$IG$3:$IG$4)^2)^0.5 -> 0 | EU9: =SUMPRODUCT(--(EU$3:EU$4-$IH$3:$IH$4)^2)^0.5 -> 0 | EV9: =SUMPRODUCT(--(EV$3:EV$4-$II$3:$II$4)^2)^0.5 -> 0 | EW9: =SUMPRODUCT(--(EW$3:EW$4-$IJ$3:$IJ$4)^2)^0.5 -> 0 | EX9: =SUMPRODUCT(--(EX$3:EX$4-$IK$3:$IK$4)^2)^0.5 -> 0 | EZ9: =SUMPRODUCT(--(EZ$3:EZ$4-$IL$3:$IL$4)^2)^0.5 -> 0 | FA9: =SUMPRODUCT(--(FA$3:FA$4-$IM$3:$IM$4)^2)^0.5 -> 0 | FB9: =SUMPRODUCT(--(FB$3:FB$4-$IB$3:$IB$4)^2)^0.5 -> 0 | FC9: =SUMPRODUCT(--(FC$3:FC$4-$IC$3:$IC$4)^2)^0.5 -> 0 | FD9: =SUMPRODUCT(--(FD$3:FD$4-$ID$3:$ID$4)^2)^0.5 -> 0 | FE9: =SUMPRODUCT(--(FE$3:FE$4-$IE$3:$IE$4)^2)^0.5 -> 0 | FF9: =SUMPRODUCT(--(FF$3:FF$4-$IF$3:$IF$4)^2)^0.5 -> 0 | FG9: =SUMPRODUCT(--(FG$3:FG$4-$IG$3:$IG$4)^2)^0.5 -> 0 | FH9: =SUMPRODUCT(--(FH$3:FH$4-$IH$3:$IH$4)^2)^0.5 -> 0 | FI9: =SUMPRODUCT(--(FI$3:FI$4-$II$3:$II$4)^2)^0.5 -> 0 | FJ9: =SUMPRODUCT(--(FJ$3:FJ$4-$IJ$3:$IJ$4)^2)^0.5 -> 0 | FK9: =SUMPRODUCT(--(FK$3:FK$4-$IK$3:$IK$4)^2)^0.5 -> 0 | FM9: =SUMPRODUCT(--(FM$3:FM$4-$IL$3:$IL$4)^2)^0.5 -> 0 | FN9: =SUMPRODUCT(--(FN$3:FN$4-$IM$3:$IM$4)^2)^0.5 -> 0 | FO9: =SUMPRODUCT(--(FO$3:FO$4-$IB$3:$IB$4)^2)^0.5 -> 0 | FP9: =SUMPRODUCT(--(FP$3:FP$4-$IC$3:$IC$4)^2)^0.5 -> 0 | FQ9: =SUMPRODUCT(--(FQ$3:FQ$4-$ID$3:$ID$4)^2)^0.5 -> 0 | FR9: =SUMPRODUCT(--(FR$3:FR$4-$IE$3:$IE$4)^2)^0.5 -> 0 | FS9: =SUMPRODUCT(--(FS$3:FS$4-$IF$3:$IF$4)^2)^0.5 -> 0 | FT9: =SUMPRODUCT(--(FT$3:FT$4-$IG$3:$IG$4)^2)^0.5 -> 0 | FU9: =SUMPRODUCT(--(FU$3:FU$4-$IH$3:$IH$4)^2)^0.5 -> 0 | FV9: =SUMPRODUCT(--(FV$3:FV$4-$II$3:$II$4)^2)^0.5 -> 0 | FW9: =SUMPRODUCT(--(FW$3:FW$4-$IJ$3:$IJ$4)^2)^0.5 -> 0 | FX9: =SUMPRODUCT(--(FX$3:FX$4-$IK$3:$IK$4)^2)^0.5 -> 0 | FZ9: =SUMPRODUCT(--(FZ$3:FZ$4-$IL$3:$IL$4)^2)^0.5 -> 0 | GA9: =SUMPRODUCT(--(GA$3:GA$4-$IM$3:$IM$4)^2)^0.5 -> 0 | GB9: =SUMPRODUCT(--(GB$3:GB$4-$IB$3:$IB$4)^2)^0.5 -> 0 | GC9: =SUMPRODUCT(--(GC$3:GC$4-$IC$3:$IC$4)^2)^0.5 -> 0 | GD9: =SUMPRODUCT(--(GD$3:GD$4-$ID$3:$ID$4)^2)^0.5 -> 0 | GE9: =SUMPRODUCT(--(GE$3:GE$4-$IE$3:$IE$4)^2)^0.5 -> 0 | GF9: =SUMPRODUCT(--(GF$3:GF$4-$IF$3:$IF$4)^2)^0.5 -> 0 | GG9: =SUMPRODUCT(--(GG$3:GG$4-$IG$3:$IG$4)^2)^0.5 -> 0 | GH9: =SUMPRODUCT(--(GH$3:GH$4-$IH$3:$IH$4)^2)^0.5 -> 0 | GI9: =SUMPRODUCT(--(GI$3:GI$4-$II$3:$II$4)^2)^0.5 -> 0 | GJ9: =SUMPRODUCT(--(GJ$3:GJ$4-$IJ$3:$IJ$4)^2)^0.5 -> 0 | GK9: =SUMPRODUCT(--(GK$3:GK$4-$IK$3:$IK$4)^2)^0.5 -> 0 | GM9: =SUMPRODUCT(--(GM$3:GM$4-$IL$3:$IL$4)^2)^0.5 -> 0 | GN9: =SUMPRODUCT(--(GN$3:GN$4-$IM$3:$IM$4)^2)^0.5 -> 0 | GO9: =SUMPRODUCT(--(GO$3:GO$4-$IB$3:$IB$4)^2)^0.5 -> 0 | GP9: =SUMPRODUCT(--(GP$3:GP$4-$IC$3:$IC$4)^2)^0.5 -> 0 | GQ9: =SUMPRODUCT(--(GQ$3:GQ$4-$ID$3:$ID$4)^2)^0.5 -> 0 | GR9: =SUMPRODUCT(--(GR$3:GR$4-$IE$3:$IE$4)^2)^0.5 -> 0 | GS9: =SUMPRODUCT(--(GS$3:GS$4-$IF$3:$IF$4)^2)^0.5 -> 0 | GT9: =SUMPRODUCT(--(GT$3:GT$4-$IG$3:$IG$4)^2)^0.5 -> 0 | GU9: =SUMPRODUCT(--(GU$3:GU$4-$IH$3:$IH$4)^2)^0.5 -> 0 | GV9: =SUMPRODUCT(--(GV$3:GV$4-$II$3:$II$4)^2)^0.5 -> 0 | GW9: =SUMPRODUCT(--(GW$3:GW$4-$IJ$3:$IJ$4)^2)^0.5 -> 0 | GX9: =SUMPRODUCT(--(GX$3:GX$4-$IK$3:$IK$4)^2)^0.5 -> 0 | GZ9: =SUMPRODUCT(--(GZ$3:GZ$4-$IL$3:$IL$4)^2)^0.5 -> 0 | HA9: =SUMPRODUCT(--(HA$3:HA$4-$IM$3:$IM$4)^2)^0.5 -> 0 | HB9: =SUMPRODUCT(--(HB$3:HB$4-$IB$3:$IB$4)^2)^0.5 -> 0 | HC9: =SUMPRODUCT(--(HC$3:HC$4-$IC$3:$IC$4)^2)^0.5 -> 0 | HD9: =SUMPRODUCT(--(HD$3:HD$4-$ID$3:$ID$4)^2)^0.5 -> 0 | HE9: =SUMPRODUCT(--(HE$3:HE$4-$IE$3:$IE$4)^2)^0.5 -> 0 | HF9: =SUMPRODUCT(--(HF$3:HF$4-$IF$3:$IF$4)^2)^0.5 -> 0 | HG9: =SUMPRODUCT(--(HG$3:HG$4-$IG$3:$IG$4)^2)^0.5 -> 0 | HH9: =SUMPRODUCT(--(HH$3:HH$4-$IH$3:$IH$4)^2)^0.5 -> 0 | HI9: =SUMPRODUCT(--(HI$3:HI$4-$II$3:$II$4)^2)^0.5 -> 0 | HJ9: =SUMPRODUCT(--(HJ$3:HJ$4-$IJ$3:$IJ$4)^2)^0.5 -> 0 | HK9: =SUMPRODUCT(--(HK$3:HK$4-$IK$3:$IK$4)^2)^0.5 -> 0 | HM9: =SUMPRODUCT(--(HM$3:HM$4-$IL$3:$IL$4)^2)^0.5 -> 0 | HN9: =SUMPRODUCT(--(HN$3:HN$4-$IM$3:$IM$4)^2)^0.5 -> 0 | HO9: =SUMPRODUCT(--(HO$3:HO$4-$IB$3:$IB$4)^2)^0.5 -> 0 | HP9: =SUMPRODUCT(--(HP$3:HP$4-$IC$3:$IC$4)^2)^0.5 -> 0 | HQ9: =SUMPRODUCT(--(HQ$3:HQ$4-$ID$3:$ID$4)^2)^0.5 -> 0 | HR9: =SUMPRODUCT(--(HR$3:HR$4-$IE$3:$IE$4)^2)^0.5 -> 0 | HS9: =SUMPRODUCT(--(HS$3:HS$4-$IF$3:$IF$4)^2)^0.5 -> 0 | HT9: =SUMPRODUCT(--(HT$3:HT$4-$IG$3:$IG$4)^2)^0.5 -> 0 | HU9: =SUMPRODUCT(--(HU$3:HU$4-$IH$3:$IH$4)^2)^0.5 -> 0 | HV9: =SUMPRODUCT(--(HV$3:HV$4-$II$3:$II$4)^2)^0.5 -> 0 | HW9: =SUMPRODUCT(--(HW$3:HW$4-$IJ$3:$IJ$4)^2)^0.5 -> 0 | HX9: =SUMPRODUCT(--(HX$3:HX$4-$IK$3:$IK$4)^2)^0.5 -> 0 | HZ9: =SUMPRODUCT(--(HZ$3:HZ$4-$IL$3:$IL$4)^2)^0.5 -> 0 | IA9: =SUMPRODUCT(--(IA$3:IA$4-$IM$3:$IM$4)^2)^0.5 -> 0
A10: BEST | B10: =SUMPRODUCT(NOT(ISBLANK(B$3:B$4))*(B$3:B$4=$IB$3:$IB$4)) -> 0 | C10: =SUMPRODUCT(NOT(ISBLANK(C$3:C$4))*(C$3:C$4=$IC$3:$IC$4)) -> 0 | D10: =SUMPRODUCT(NOT(ISBLANK(D$3:D$4))*(D$3:D$4=$ID$3:$ID$4)) -> 0 | E10: =SUMPRODUCT(NOT(ISBLANK(E$3:E$4))*(E$3:E$4=$IE$3:$IE$4)) -> 0 | F10: =SUMPRODUCT(NOT(ISBLANK(F$3:F$4))*(F$3:F$4=$IF$3:$IF$4)) -> 0 | G10: =SUMPRODUCT(NOT(ISBLANK(G$3:G$4))*(G$3:G$4=$IG$3:$IG$4)) -> 0 | H10: =SUMPRODUCT(NOT(ISBLANK(H$3:H$4))*(H$3:H$4=$IH$3:$IH$4)) -> 0 | I10: =SUMPRODUCT(NOT(ISBLANK(I$3:I$4))*(I$3:I$4=$II$3:$II$4)) -> 0 | J10: =SUMPRODUCT(NOT(ISBLANK(J$3:J$4))*(J$3:J$4=$IJ$3:$IJ$4)) -> 0 | K10: =SUMPRODUCT(NOT(ISBLANK(K$3:K$4))*(K$3:K$4=$IK$3:$IK$4)) -> 0 | M10: =SUMPRODUCT(NOT(ISBLANK(M$3:M$4))*(M$3:M$4=$IL$3:$IL$4)) -> 0 | N10: =SUMPRODUCT(NOT(ISBLANK(N$3:N$4))*(N$3:N$4=$IM$3:$IM$4)) -> 0 | O10: =SUMPRODUCT(NOT(ISBLANK(O$3:O$4))*(O$3:O$4=$IB$3:$IB$4)) -> 0 | P10: =SUMPRODUCT(NOT(ISBLANK(P$3:P$4))*(P$3:P$4=$IC$3:$IC$4)) -> 0 | Q10: =SUMPRODUCT(NOT(ISBLANK(Q$3:Q$4))*(Q$3:Q$4=$ID$3:$ID$4)) -> 0 | R10: =SUMPRODUCT(NOT(ISBLANK(R$3:R$4))*(R$3:R$4=$IE$3:$IE$4)) -> 0 | S10: =SUMPRODUCT(NOT(ISBLANK(S$3:S$4))*(S$3:S$4=$IF$3:$IF$4)) -> 0 | T10: =SUMPRODUCT(NOT(ISBLANK(T$3:T$4))*(T$3:T$4=$IG$3:$IG$4)) -> 0 | U10: =SUMPRODUCT(NOT(ISBLANK(U$3:U$4))*(U$3:U$4=$IH$3:$IH$4)) -> 0 | V10: =SUMPRODUCT(NOT(ISBLANK(V$3:V$4))*(V$3:V$4=$II$3:$II$4)) -> 0 | W10: =SUMPRODUCT(NOT(ISBLANK(W$3:W$4))*(W$3:W$4=$IJ$3:$IJ$4)) -> 0 | X10: =SUMPRODUCT(NOT(ISBLANK(X$3:X$4))*(X$3:X$4=$IK$3:$IK$4)) -> 0 | Z10: =SUMPRODUCT(NOT(ISBLANK(Z$3:Z$4))*(Z$3:Z$4=$IL$3:$IL$4)) -> 0 | AA10: =SUMPRODUCT(NOT(ISBLANK(AA$3:AA$4))*(AA$3:AA$4=$IM$3:$IM$4)) -> 0 | AB10: =SUMPRODUCT(NOT(ISBLANK(AB$3:AB$4))*(AB$3:AB$4=$IB$3:$IB$4)) -> 0 | AC10: =SUMPRODUCT(NOT(ISBLANK(AC$3:AC$4))*(AC$3:AC$4=$IC$3:$IC$4)) -> 0 | AD10: =SUMPRODUCT(NOT(ISBLANK(AD$3:AD$4))*(AD$3:AD$4=$ID$3:$ID$4)) -> 0 | AE10: =SUMPRODUCT(NOT(ISBLANK(AE$3:AE$4))*(AE$3:AE$4=$IE$3:$IE$4)) -> 0 | AF10: =SUMPRODUCT(NOT(ISBLANK(AF$3:AF$4))*(AF$3:AF$4=$IF$3:$IF$4)) -> 0 | AG10: =SUMPRODUCT(NOT(ISBLANK(AG$3:AG$4))*(AG$3:AG$4=$IG$3:$IG$4)) -> 0 | AH10: =SUMPRODUCT(NOT(ISBLANK(AH$3:AH$4))*(AH$3:AH$4=$IH$3:$IH$4)) -> 0 | AI10: =SUMPRODUCT(NOT(ISBLANK(AI$3:AI$4))*(AI$3:AI$4=$II$3:$II$4)) -> 0 | AJ10: =SUMPRODUCT(NOT(ISBLANK(AJ$3:AJ$4))*(AJ$3:AJ$4=$IJ$3:$IJ$4)) -> 0 | AK10: =SUMPRODUCT(NOT(ISBLANK(AK$3:AK$4))*(AK$3:AK$4=$IK$3:$IK$4)) -> 0 | AM10: =SUMPRODUCT(NOT(ISBLANK(AM$3:AM$4))*(AM$3:AM$4=$IL$3:$IL$4)) -> 0 | AN10: =SUMPRODUCT(NOT(ISBLANK(AN$3:AN$4))*(AN$3:AN$4=$IM$3:$IM$4)) -> 0 | AO10: =SUMPRODUCT(NOT(ISBLANK(AO$3:AO$4))*(AO$3:AO$4=$IB$3:$IB$4)) -> 0 | AP10: =SUMPRODUCT(NOT(ISBLANK(AP$3:AP$4))*(AP$3:AP$4=$IC$3:$IC$4)) -> 0 | AQ10: =SUMPRODUCT(NOT(ISBLANK(AQ$3:AQ$4))*(AQ$3:AQ$4=$ID$3:$ID$4)) -> 0 | AR10: =SUMPRODUCT(NOT(ISBLANK(AR$3:AR$4))*(AR$3:AR$4=$IE$3:$IE$4)) -> 0 | AS10: =SUMPRODUCT(NOT(ISBLANK(AS$3:AS$4))*(AS$3:AS$4=$IF$3:$IF$4)) -> 0 | AT10: =SUMPRODUCT(NOT(ISBLANK(AT$3:AT$4))*(AT$3:AT$4=$IG$3:$IG$4)) -> 0 | AU10: =SUMPRODUCT(NOT(ISBLANK(AU$3:AU$4))*(AU$3:AU$4=$IH$3:$IH$4)) -> 0 | AV10: =SUMPRODUCT(NOT(ISBLANK(AV$3:AV$4))*(AV$3:AV$4=$II$3:$II$4)) -> 0 | AW10: =SUMPRODUCT(NOT(ISBLANK(AW$3:AW$4))*(AW$3:AW$4=$IJ$3:$IJ$4)) -> 0 | AX10: =SUMPRODUCT(NOT(ISBLANK(AX$3:AX$4))*(AX$3:AX$4=$IK$3:$IK$4)) -> 0 | AZ10: =SUMPRODUCT(NOT(ISBLANK(AZ$3:AZ$4))*(AZ$3:AZ$4=$IL$3:$IL$4)) -> 0 | BA10: =SUMPRODUCT(NOT(ISBLANK(BA$3:BA$4))*(BA$3:BA$4=$IM$3:$IM$4)) -> 0 | BB10: =SUMPRODUCT(NOT(ISBLANK(BB$3:BB$4))*(BB$3:BB$4=$IB$3:$IB$4)) -> 0 | BC10: =SUMPRODUCT(NOT(ISBLANK(BC$3:BC$4))*(BC$3:BC$4=$IC$3:$IC$4)) -> 0 | BD10: =SUMPRODUCT(NOT(ISBLANK(BD$3:BD$4))*(BD$3:BD$4=$ID$3:$ID$4)) -> 0 | BE10: =SUMPRODUCT(NOT(ISBLANK(BE$3:BE$4))*(BE$3:BE$4=$IE$3:$IE$4)) -> 0 | BF10: =SUMPRODUCT(NOT(ISBLANK(BF$3:BF$4))*(BF$3:BF$4=$IF$3:$IF$4)) -> 0 | BG10: =SUMPRODUCT(NOT(ISBLANK(BG$3:BG$4))*(BG$3:BG$4=$IG$3:$IG$4)) -> 0 | BH10: =SUMPRODUCT(NOT(ISBLANK(BH$3:BH$4))*(BH$3:BH$4=$IH$3:$IH$4)) -> 0 | BI10: =SUMPRODUCT(NOT(ISBLANK(BI$3:BI$4))*(BI$3:BI$4=$II$3:$II$4)) -> 0 | BJ10: =SUMPRODUCT(NOT(ISBLANK(BJ$3:BJ$4))*(BJ$3:BJ$4=$IJ$3:$IJ$4)) -> 0 | BK10: =SUMPRODUCT(NOT(ISBLANK(BK$3:BK$4))*(BK$3:BK$4=$IK$3:$IK$4)) -> 0 | BM10: =SUMPRODUCT(NOT(ISBLANK(BM$3:BM$4))*(BM$3:BM$4=$IL$3:$IL$4)) -> 0 | BN10: =SUMPRODUCT(NOT(ISBLANK(BN$3:BN$4))*(BN$3:BN$4=$IM$3:$IM$4)) -> 0 | BO10: =SUMPRODUCT(NOT(ISBLANK(BO$3:BO$4))*(BO$3:BO$4=$IB$3:$IB$4)) -> 0 | BP10: =SUMPRODUCT(NOT(ISBLANK(BP$3:BP$4))*(BP$3:BP$4=$IC$3:$IC$4)) -> 0 | BQ10: =SUMPRODUCT(NOT(ISBLANK(BQ$3:BQ$4))*(BQ$3:BQ$4=$ID$3:$ID$4)) -> 0 | BR10: =SUMPRODUCT(NOT(ISBLANK(BR$3:BR$4))*(BR$3:BR$4=$IE$3:$IE$4)) -> 0 | BS10: =SUMPRODUCT(NOT(ISBLANK(BS$3:BS$4))*(BS$3:BS$4=$IF$3:$IF$4)) -> 0 | BT10: =SUMPRODUCT(NOT(ISBLANK(BT$3:BT$4))*(BT$3:BT$4=$IG$3:$IG$4)) -> 0 | BU10: =SUMPRODUCT(NOT(ISBLANK(BU$3:BU$4))*(BU$3:BU$4=$IH$3:$IH$4)) -> 0 | BV10: =SUMPRODUCT(NOT(ISBLANK(BV$3:BV$4))*(BV$3:BV$4=$II$3:$II$4)) -> 0 | BW10: =SUMPRODUCT(NOT(ISBLANK(BW$3:BW$4))*(BW$3:BW$4=$IJ$3:$IJ$4)) -> 0 | BX10: =SUMPRODUCT(NOT(ISBLANK(BX$3:BX$4))*(BX$3:BX$4=$IK$3:$IK$4)) -> 0 | BZ10: =SUMPRODUCT(NOT(ISBLANK(BZ$3:BZ$4))*(BZ$3:BZ$4=$IL$3:$IL$4)) -> 0 | CA10: =SUMPRODUCT(NOT(ISBLANK(CA$3:CA$4))*(CA$3:CA$4=$IM$3:$IM$4)) -> 0 | CB10: =SUMPRODUCT(NOT(ISBLANK(CB$3:CB$4))*(CB$3:CB$4=$IB$3:$IB$4)) -> 0 | CC10: =SUMPRODUCT(NOT(ISBLANK(CC$3:CC$4))*(CC$3:CC$4=$IC$3:$IC$4)) -> 0 | CD10: =SUMPRODUCT(NOT(ISBLANK(CD$3:CD$4))*(CD$3:CD$4=$ID$3:$ID$4)) -> 0 | CE10: =SUMPRODUCT(NOT(ISBLANK(CE$3:CE$4))*(CE$3:CE$4=$IE$3:$IE$4)) -> 0 | CF10: =SUMPRODUCT(NOT(ISBLANK(CF$3:CF$4))*(CF$3:CF$4=$IF$3:$IF$4)) -> 0 | CG10: =SUMPRODUCT(NOT(ISBLANK(CG$3:CG$4))*(CG$3:CG$4=$IG$3:$IG$4)) -> 0 | CH10: =SUMPRODUCT(NOT(ISBLANK(CH$3:CH$4))*(CH$3:CH$4=$IH$3:$IH$4)) -> 0 | CI10: =SUMPRODUCT(NOT(ISBLANK(CI$3:CI$4))*(CI$3:CI$4=$II$3:$II$4)) -> 0 | CJ10: =SUMPRODUCT(NOT(ISBLANK(CJ$3:CJ$4))*(CJ$3:CJ$4=$IJ$3:$IJ$4)) -> 0 | CK10: =SUMPRODUCT(NOT(ISBLANK(CK$3:CK$4))*(CK$3:CK$4=$IK$3:$IK$4)) -> 0 | CM10: =SUMPRODUCT(NOT(ISBLANK(CM$3:CM$4))*(CM$3:CM$4=$IL$3:$IL$4)) -> 0 | CN10: =SUMPRODUCT(NOT(ISBLANK(CN$3:CN$4))*(CN$3:CN$4=$IM$3:$IM$4)) -> 0 | CO10: =SUMPRODUCT(NOT(ISBLANK(CO$3:CO$4))*(CO$3:CO$4=$IB$3:$IB$4)) -> 0 | CP10: =SUMPRODUCT(NOT(ISBLANK(CP$3:CP$4))*(CP$3:CP$4=$IC$3:$IC$4)) -> 0 | CQ10: =SUMPRODUCT(NOT(ISBLANK(CQ$3:CQ$4))*(CQ$3:CQ$4=$ID$3:$ID$4)) -> 0 | CR10: =SUMPRODUCT(NOT(ISBLANK(CR$3:CR$4))*(CR$3:CR$4=$IE$3:$IE$4)) -> 0 | CS10: =SUMPRODUCT(NOT(ISBLANK(CS$3:CS$4))*(CS$3:CS$4=$IF$3:$IF$4)) -> 0 | CT10: =SUMPRODUCT(NOT(ISBLANK(CT$3:CT$4))*(CT$3:CT$4=$IG$3:$IG$4)) -> 0 | CU10: =SUMPRODUCT(NOT(ISBLANK(CU$3:CU$4))*(CU$3:CU$4=$IH$3:$IH$4)) -> 0 | CV10: =SUMPRODUCT(NOT(ISBLANK(CV$3:CV$4))*(CV$3:CV$4=$II$3:$II$4)) -> 0 | CW10: =SUMPRODUCT(NOT(ISBLANK(CW$3:CW$4))*(CW$3:CW$4=$IJ$3:$IJ$4)) -> 0 | CX10: =SUMPRODUCT(NOT(ISBLANK(CX$3:CX$4))*(CX$3:CX$4=$IK$3:$IK$4)) -> 0 | CZ10: =SUMPRODUCT(NOT(ISBLANK(CZ$3:CZ$4))*(CZ$3:CZ$4=$IL$3:$IL$4)) -> 0 | DA10: =SUMPRODUCT(NOT(ISBLANK(DA$3:DA$4))*(DA$3:DA$4=$IM$3:$IM$4)) -> 0 | DB10: =SUMPRODUCT(NOT(ISBLANK(DB$3:DB$4))*(DB$3:DB$4=$IB$3:$IB$4)) -> 0 | DC10: =SUMPRODUCT(NOT(ISBLANK(DC$3:DC$4))*(DC$3:DC$4=$IC$3:$IC$4)) -> 0 | DD10: =SUMPRODUCT(NOT(ISBLANK(DD$3:DD$4))*(DD$3:DD$4=$ID$3:$ID$4)) -> 0 | DE10: =SUMPRODUCT(NOT(ISBLANK(DE$3:DE$4))*(DE$3:DE$4=$IE$3:$IE$4)) -> 0 | DF10: =SUMPRODUCT(NOT(ISBLANK(DF$3:DF$4))*(DF$3:DF$4=$IF$3:$IF$4)) -> 0 | DG10: =SUMPRODUCT(NOT(ISBLANK(DG$3:DG$4))*(DG$3:DG$4=$IG$3:$IG$4)) -> 0 | DH10: =SUMPRODUCT(NOT(ISBLANK(DH$3:DH$4))*(DH$3:DH$4=$IH$3:$IH$4)) -> 0 | DI10: =SUMPRODUCT(NOT(ISBLANK(DI$3:DI$4))*(DI$3:DI$4=$II$3:$II$4)) -> 0 | DJ10: =SUMPRODUCT(NOT(ISBLANK(DJ$3:DJ$4))*(DJ$3:DJ$4=$IJ$3:$IJ$4)) -> 0 | DK10: =SUMPRODUCT(NOT(ISBLANK(DK$3:DK$4))*(DK$3:DK$4=$IK$3:$IK$4)) -> 0 | DM10: =SUMPRODUCT(NOT(ISBLANK(DM$3:DM$4))*(DM$3:DM$4=$IL$3:$IL$4)) -> 0 | DN10: =SUMPRODUCT(NOT(ISBLANK(DN$3:DN$4))*(DN$3:DN$4=$IM$3:$IM$4)) -> 0 | DO10: =SUMPRODUCT(NOT(ISBLANK(DO$3:DO$4))*(DO$3:DO$4=$IB$3:$IB$4)) -> 0 | DP10: =SUMPRODUCT(NOT(ISBLANK(DP$3:DP$4))*(DP$3:DP$4=$IC$3:$IC$4)) -> 0 | DQ10: =SUMPRODUCT(NOT(ISBLANK(DQ$3:DQ$4))*(DQ$3:DQ$4=$ID$3:$ID$4)) -> 0 | DR10: =SUMPRODUCT(NOT(ISBLANK(DR$3:DR$4))*(DR$3:DR$4=$IE$3:$IE$4)) -> 0 | DS10: =SUMPRODUCT(NOT(ISBLANK(DS$3:DS$4))*(DS$3:DS$4=$IF$3:$IF$4)) -> 0 | DT10: =SUMPRODUCT(NOT(ISBLANK(DT$3:DT$4))*(DT$3:DT$4=$IG$3:$IG$4)) -> 0 | DU10: =SUMPRODUCT(NOT(ISBLANK(DU$3:DU$4))*(DU$3:DU$4=$IH$3:$IH$4)) -> 0 | DV10: =SUMPRODUCT(NOT(ISBLANK(DV$3:DV$4))*(DV$3:DV$4=$II$3:$II$4)) -> 0 | DW10: =SUMPRODUCT(NOT(ISBLANK(DW$3:DW$4))*(DW$3:DW$4=$IJ$3:$IJ$4)) -> 0 | DX10: =SUMPRODUCT(NOT(ISBLANK(DX$3:DX$4))*(DX$3:DX$4=$IK$3:$IK$4)) -> 0 | DZ10: =SUMPRODUCT(NOT(ISBLANK(DZ$3:DZ$4))*(DZ$3:DZ$4=$IL$3:$IL$4)) -> 0 | EA10: =SUMPRODUCT(NOT(ISBLANK(EA$3:EA$4))*(EA$3:EA$4=$IM$3:$IM$4)) -> 0 | EB10: =SUMPRODUCT(NOT(ISBLANK(EB$3:EB$4))*(EB$3:EB$4=$IB$3:$IB$4)) -> 0 | EC10: =SUMPRODUCT(NOT(ISBLANK(EC$3:EC$4))*(EC$3:EC$4=$IC$3:$IC$4)) -> 0 | ED10: =SUMPRODUCT(NOT(ISBLANK(ED$3:ED$4))*(ED$3:ED$4=$ID$3:$ID$4)) -> 0 | EE10: =SUMPRODUCT(NOT(ISBLANK(EE$3:EE$4))*(EE$3:EE$4=$IE$3:$IE$4)) -> 0 | EF10: =SUMPRODUCT(NOT(ISBLANK(EF$3:EF$4))*(EF$3:EF$4=$IF$3:$IF$4)) -> 0 | EG10: =SUMPRODUCT(NOT(ISBLANK(EG$3:EG$4))*(EG$3:EG$4=$IG$3:$IG$4)) -> 0 | EH10: =SUMPRODUCT(NOT(ISBLANK(EH$3:EH$4))*(EH$3:EH$4=$IH$3:$IH$4)) -> 0 | EI10: =SUMPRODUCT(NOT(ISBLANK(EI$3:EI$4))*(EI$3:EI$4=$II$3:$II$4)) -> 0 | EJ10: =SUMPRODUCT(NOT(ISBLANK(EJ$3:EJ$4))*(EJ$3:EJ$4=$IJ$3:$IJ$4)) -> 0 | EK10: =SUMPRODUCT(NOT(ISBLANK(EK$3:EK$4))*(EK$3:EK$4=$IK$3:$IK$4)) -> 0 | EM10: =SUMPRODUCT(NOT(ISBLANK(EM$3:EM$4))*(EM$3:EM$4=$IL$3:$IL$4)) -> 0 | EN10: =SUMPRODUCT(NOT(ISBLANK(EN$3:EN$4))*(EN$3:EN$4=$IM$3:$IM$4)) -> 0 | EO10: =SUMPRODUCT(NOT(ISBLANK(EO$3:EO$4))*(EO$3:EO$4=$IB$3:$IB$4)) -> 0 | EP10: =SUMPRODUCT(NOT(ISBLANK(EP$3:EP$4))*(EP$3:EP$4=$IC$3:$IC$4)) -> 0 | EQ10: =SUMPRODUCT(NOT(ISBLANK(EQ$3:EQ$4))*(EQ$3:EQ$4=$ID$3:$ID$4)) -> 0 | ER10: =SUMPRODUCT(NOT(ISBLANK(ER$3:ER$4))*(ER$3:ER$4=$IE$3:$IE$4)) -> 0 | ES10: =SUMPRODUCT(NOT(ISBLANK(ES$3:ES$4))*(ES$3:ES$4=$IF$3:$IF$4)) -> 0 | ET10: =SUMPRODUCT(NOT(ISBLANK(ET$3:ET$4))*(ET$3:ET$4=$IG$3:$IG$4)) -> 0 | EU10: =SUMPRODUCT(NOT(ISBLANK(EU$3:EU$4))*(EU$3:EU$4=$IH$3:$IH$4)) -> 0 | EV10: =SUMPRODUCT(NOT(ISBLANK(EV$3:EV$4))*(EV$3:EV$4=$II$3:$II$4)) -> 0 | EW10: =SUMPRODUCT(NOT(ISBLANK(EW$3:EW$4))*(EW$3:EW$4=$IJ$3:$IJ$4)) -> 0 | EX10: =SUMPRODUCT(NOT(ISBLANK(EX$3:EX$4))*(EX$3:EX$4=$IK$3:$IK$4)) -> 0 | EZ10: =SUMPRODUCT(NOT(ISBLANK(EZ$3:EZ$4))*(EZ$3:EZ$4=$IL$3:$IL$4)) -> 0 | FA10: =SUMPRODUCT(NOT(ISBLANK(FA$3:FA$4))*(FA$3:FA$4=$IM$3:$IM$4)) -> 0 | FB10: =SUMPRODUCT(NOT(ISBLANK(FB$3:FB$4))*(FB$3:FB$4=$IB$3:$IB$4)) -> 0 | FC10: =SUMPRODUCT(NOT(ISBLANK(FC$3:FC$4))*(FC$3:FC$4=$IC$3:$IC$4)) -> 0 | FD10: =SUMPRODUCT(NOT(ISBLANK(FD$3:FD$4))*(FD$3:FD$4=$ID$3:$ID$4)) -> 0 | FE10: =SUMPRODUCT(NOT(ISBLANK(FE$3:FE$4))*(FE$3:FE$4=$IE$3:$IE$4)) -> 0 | FF10: =SUMPRODUCT(NOT(ISBLANK(FF$3:FF$4))*(FF$3:FF$4=$IF$3:$IF$4)) -> 0 | FG10: =SUMPRODUCT(NOT(ISBLANK(FG$3:FG$4))*(FG$3:FG$4=$IG$3:$IG$4)) -> 0 | FH10: =SUMPRODUCT(NOT(ISBLANK(FH$3:FH$4))*(FH$3:FH$4=$IH$3:$IH$4)) -> 0 | FI10: =SUMPRODUCT(NOT(ISBLANK(FI$3:FI$4))*(FI$3:FI$4=$II$3:$II$4)) -> 0 | FJ10: =SUMPRODUCT(NOT(ISBLANK(FJ$3:FJ$4))*(FJ$3:FJ$4=$IJ$3:$IJ$4)) -> 0 | FK10: =SUMPRODUCT(NOT(ISBLANK(FK$3:FK$4))*(FK$3:FK$4=$IK$3:$IK$4)) -> 0 | FM10: =SUMPRODUCT(NOT(ISBLANK(FM$3:FM$4))*(FM$3:FM$4=$IL$3:$IL$4)) -> 0 | FN10: =SUMPRODUCT(NOT(ISBLANK(FN$3:FN$4))*(FN$3:FN$4=$IM$3:$IM$4)) -> 0 | FO10: =SUMPRODUCT(NOT(ISBLANK(FO$3:FO$4))*(FO$3:FO$4=$IB$3:$IB$4)) -> 0 | FP10: =SUMPRODUCT(NOT(ISBLANK(FP$3:FP$4))*(FP$3:FP$4=$IC$3:$IC$4)) -> 0 | FQ10: =SUMPRODUCT(NOT(ISBLANK(FQ$3:FQ$4))*(FQ$3:FQ$4=$ID$3:$ID$4)) -> 0 | FR10: =SUMPRODUCT(NOT(ISBLANK(FR$3:FR$4))*(FR$3:FR$4=$IE$3:$IE$4)) -> 0 | FS10: =SUMPRODUCT(NOT(ISBLANK(FS$3:FS$4))*(FS$3:FS$4=$IF$3:$IF$4)) -> 0 | FT10: =SUMPRODUCT(NOT(ISBLANK(FT$3:FT$4))*(FT$3:FT$4=$IG$3:$IG$4)) -> 0 | FU10: =SUMPRODUCT(NOT(ISBLANK(FU$3:FU$4))*(FU$3:FU$4=$IH$3:$IH$4)) -> 0 | FV10: =SUMPRODUCT(NOT(ISBLANK(FV$3:FV$4))*(FV$3:FV$4=$II$3:$II$4)) -> 0 | FW10: =SUMPRODUCT(NOT(ISBLANK(FW$3:FW$4))*(FW$3:FW$4=$IJ$3:$IJ$4)) -> 0 | FX10: =SUMPRODUCT(NOT(ISBLANK(FX$3:FX$4))*(FX$3:FX$4=$IK$3:$IK$4)) -> 0 | FZ10: =SUMPRODUCT(NOT(ISBLANK(FZ$3:FZ$4))*(FZ$3:FZ$4=$IL$3:$IL$4)) -> 0 | GA10: =SUMPRODUCT(NOT(ISBLANK(GA$3:GA$4))*(GA$3:GA$4=$IM$3:$IM$4)) -> 0 | GB10: =SUMPRODUCT(NOT(ISBLANK(GB$3:GB$4))*(GB$3:GB$4=$IB$3:$IB$4)) -> 0 | GC10: =SUMPRODUCT(NOT(ISBLANK(GC$3:GC$4))*(GC$3:GC$4=$IC$3:$IC$4)) -> 0 | GD10: =SUMPRODUCT(NOT(ISBLANK(GD$3:GD$4))*(GD$3:GD$4=$ID$3:$ID$4)) -> 0 | GE10: =SUMPRODUCT(NOT(ISBLANK(GE$3:GE$4))*(GE$3:GE$4=$IE$3:$IE$4)) -> 0 | GF10: =SUMPRODUCT(NOT(ISBLANK(GF$3:GF$4))*(GF$3:GF$4=$IF$3:$IF$4)) -> 0 | GG10: =SUMPRODUCT(NOT(ISBLANK(GG$3:GG$4))*(GG$3:GG$4=$IG$3:$IG$4)) -> 0 | GH10: =SUMPRODUCT(NOT(ISBLANK(GH$3:GH$4))*(GH$3:GH$4=$IH$3:$IH$4)) -> 0 | GI10: =SUMPRODUCT(NOT(ISBLANK(GI$3:GI$4))*(GI$3:GI$4=$II$3:$II$4)) -> 0 | GJ10: =SUMPRODUCT(NOT(ISBLANK(GJ$3:GJ$4))*(GJ$3:GJ$4=$IJ$3:$IJ$4)) -> 0 | GK10: =SUMPRODUCT(NOT(ISBLANK(GK$3:GK$4))*(GK$3:GK$4=$IK$3:$IK$4)) -> 0 | GM10: =SUMPRODUCT(NOT(ISBLANK(GM$3:GM$4))*(GM$3:GM$4=$IL$3:$IL$4)) -> 0 | GN10: =SUMPRODUCT(NOT(ISBLANK(GN$3:GN$4))*(GN$3:GN$4=$IM$3:$IM$4)) -> 0 | GO10: =SUMPRODUCT(NOT(ISBLANK(GO$3:GO$4))*(GO$3:GO$4=$IB$3:$IB$4)) -> 0 | GP10: =SUMPRODUCT(NOT(ISBLANK(GP$3:GP$4))*(GP$3:GP$4=$IC$3:$IC$4)) -> 0 | GQ10: =SUMPRODUCT(NOT(ISBLANK(GQ$3:GQ$4))*(GQ$3:GQ$4=$ID$3:$ID$4)) -> 0 | GR10: =SUMPRODUCT(NOT(ISBLANK(GR$3:GR$4))*(GR$3:GR$4=$IE$3:$IE$4)) -> 0 | GS10: =SUMPRODUCT(NOT(ISBLANK(GS$3:GS$4))*(GS$3:GS$4=$IF$3:$IF$4)) -> 0 | GT10: =SUMPRODUCT(NOT(ISBLANK(GT$3:GT$4))*(GT$3:GT$4=$IG$3:$IG$4)) -> 0 | GU10: =SUMPRODUCT(NOT(ISBLANK(GU$3:GU$4))*(GU$3:GU$4=$IH$3:$IH$4)) -> 0 | GV10: =SUMPRODUCT(NOT(ISBLANK(GV$3:GV$4))*(GV$3:GV$4=$II$3:$II$4)) -> 0 | GW10: =SUMPRODUCT(NOT(ISBLANK(GW$3:GW$4))*(GW$3:GW$4=$IJ$3:$IJ$4)) -> 0 | GX10: =SUMPRODUCT(NOT(ISBLANK(GX$3:GX$4))*(GX$3:GX$4=$IK$3:$IK$4)) -> 0 | GZ10: =SUMPRODUCT(NOT(ISBLANK(GZ$3:GZ$4))*(GZ$3:GZ$4=$IL$3:$IL$4)) -> 0 | HA10: =SUMPRODUCT(NOT(ISBLANK(HA$3:HA$4))*(HA$3:HA$4=$IM$3:$IM$4)) -> 0 | HB10: =SUMPRODUCT(NOT(ISBLANK(HB$3:HB$4))*(HB$3:HB$4=$IB$3:$IB$4)) -> 0 | HC10: =SUMPRODUCT(NOT(ISBLANK(HC$3:HC$4))*(HC$3:HC$4=$IC$3:$IC$4)) -> 0 | HD10: =SUMPRODUCT(NOT(ISBLANK(HD$3:HD$4))*(HD$3:HD$4=$ID$3:$ID$4)) -> 0 | HE10: =SUMPRODUCT(NOT(ISBLANK(HE$3:HE$4))*(HE$3:HE$4=$IE$3:$IE$4)) -> 0 | HF10: =SUMPRODUCT(NOT(ISBLANK(HF$3:HF$4))*(HF$3:HF$4=$IF$3:$IF$4)) -> 0 | HG10: =SUMPRODUCT(NOT(ISBLANK(HG$3:HG$4))*(HG$3:HG$4=$IG$3:$IG$4)) -> 0 | HH10: =SUMPRODUCT(NOT(ISBLANK(HH$3:HH$4))*(HH$3:HH$4=$IH$3:$IH$4)) -> 0 | HI10: =SUMPRODUCT(NOT(ISBLANK(HI$3:HI$4))*(HI$3:HI$4=$II$3:$II$4)) -> 0 | HJ10: =SUMPRODUCT(NOT(ISBLANK(HJ$3:HJ$4))*(HJ$3:HJ$4=$IJ$3:$IJ$4)) -> 0 | HK10: =SUMPRODUCT(NOT(ISBLANK(HK$3:HK$4))*(HK$3:HK$4=$IK$3:$IK$4)) -> 0 | HM10: =SUMPRODUCT(NOT(ISBLANK(HM$3:HM$4))*(HM$3:HM$4=$IL$3:$IL$4)) -> 0 | HN10: =SUMPRODUCT(NOT(ISBLANK(HN$3:HN$4))*(HN$3:HN$4=$IM$3:$IM$4)) -> 0 | HO10: =SUMPRODUCT(NOT(ISBLANK(HO$3:HO$4))*(HO$3:HO$4=$IB$3:$IB$4)) -> 0 | HP10: =SUMPRODUCT(NOT(ISBLANK(HP$3:HP$4))*(HP$3:HP$4=$IC$3:$IC$4)) -> 0 | HQ10: =SUMPRODUCT(NOT(ISBLANK(HQ$3:HQ$4))*(HQ$3:HQ$4=$ID$3:$ID$4)) -> 0 | HR10: =SUMPRODUCT(NOT(ISBLANK(HR$3:HR$4))*(HR$3:HR$4=$IE$3:$IE$4)) -> 0 | HS10: =SUMPRODUCT(NOT(ISBLANK(HS$3:HS$4))*(HS$3:HS$4=$IF$3:$IF$4)) -> 0 | HT10: =SUMPRODUCT(NOT(ISBLANK(HT$3:HT$4))*(HT$3:HT$4=$IG$3:$IG$4)) -> 0 | HU10: =SUMPRODUCT(NOT(ISBLANK(HU$3:HU$4))*(HU$3:HU$4=$IH$3:$IH$4)) -> 0 | HV10: =SUMPRODUCT(NOT(ISBLANK(HV$3:HV$4))*(HV$3:HV$4=$II$3:$II$4)) -> 0 | HW10: =SUMPRODUCT(NOT(ISBLANK(HW$3:HW$4))*(HW$3:HW$4=$IJ$3:$IJ$4)) -> 0 | HX10: =SUMPRODUCT(NOT(ISBLANK(HX$3:HX$4))*(HX$3:HX$4=$IK$3:$IK$4)) -> 0 | HZ10: =SUMPRODUCT(NOT(ISBLANK(HZ$3:HZ$4))*(HZ$3:HZ$4=$IL$3:$IL$4)) -> 0 | IA10: =SUMPRODUCT(NOT(ISBLANK(IA$3:IA$4))*(IA$3:IA$4=$IM$3:$IM$4)) -> 0
A11: BETTER | B11: =SUMPRODUCT(NOT(ISBLANK(B$3:B$4))*(B$3:B$4<$IN$3:$IN$4)) -> 0 | C11: =SUMPRODUCT(NOT(ISBLANK(C$3:C$4))*(C$3:C$4<$IO$3:$IO$4)) -> 0 | D11: =SUMPRODUCT(NOT(ISBLANK(D$3:D$4))*(D$3:D$4<$IP$3:$IP$4)) -> 0 | E11: =SUMPRODUCT(NOT(ISBLANK(E$3:E$4))*(E$3:E$4<$IQ$3:$IQ$4)) -> 0 | F11: =SUMPRODUCT(NOT(ISBLANK(F$3:F$4))*(F$3:F$4<$IR$3:$IR$4)) -> 0 | G11: =SUMPRODUCT(NOT(ISBLANK(G$3:G$4))*(G$3:G$4<$IS$3:$IS$4)) -> 0 | H11: =SUMPRODUCT(NOT(ISBLANK(H$3:H$4))*(H$3:H$4<$IT$3:$IT$4)) -> 0 | I11: =SUMPRODUCT(NOT(ISBLANK(I$3:I$4))*(I$3:I$4<$IU$3:$IU$4)) -> 0 | J11: =SUMPRODUCT(NOT(ISBLANK(J$3:J$4))*(J$3:J$4<$IV$3:$IV$4)) -> 0 | K11: =SUMPRODUCT(NOT(ISBLANK(K$3:K$4))*(K$3:K$4<$IW$3:$IW$4)) -> 0 | M11: =SUMPRODUCT(NOT(ISBLANK(M$3:M$4))*(M$3:M$4<$IX$3:$IX$4)) -> 0 | N11: =SUMPRODUCT(NOT(ISBLANK(N$3:N$4))*(N$3:N$4<$IY$3:$IY$4)) -> 0 | O11: =SUMPRODUCT(NOT(ISBLANK(O$3:O$4))*(O$3:O$4<$IN$3:$IN$4)) -> 0 | P11: =SUMPRODUCT(NOT(ISBLANK(P$3:P$4))*(P$3:P$4<$IO$3:$IO$4)) -> 0 | Q11: =SUMPRODUCT(NOT(ISBLANK(Q$3:Q$4))*(Q$3:Q$4<$IP$3:$IP$4)) -> 0 | R11: =SUMPRODUCT(NOT(ISBLANK(R$3:R$4))*(R$3:R$4<$IQ$3:$IQ$4)) -> 0 | S11: =SUMPRODUCT(NOT(ISBLANK(S$3:S$4))*(S$3:S$4<$IR$3:$IR$4)) -> 0 | T11: =SUMPRODUCT(NOT(ISBLANK(T$3:T$4))*(T$3:T$4<$IS$3:$IS$4)) -> 0 | U11: =SUMPRODUCT(NOT(ISBLANK(U$3:U$4))*(U$3:U$4<$IT$3:$IT$4)) -> 0 | V11: =SUMPRODUCT(NOT(ISBLANK(V$3:V$4))*(V$3:V$4<$IU$3:$IU$4)) -> 0 | W11: =SUMPRODUCT(NOT(ISBLANK(W$3:W$4))*(W$3:W$4<$IV$3:$IV$4)) -> 0 | X11: =SUMPRODUCT(NOT(ISBLANK(X$3:X$4))*(X$3:X$4<$IW$3:$IW$4)) -> 0 | Z11: =SUMPRODUCT(NOT(ISBLANK(Z$3:Z$4))*(Z$3:Z$4<$IX$3:$IX$4)) -> 0 | AA11: =SUMPRODUCT(NOT(ISBLANK(AA$3:AA$4))*(AA$3:AA$4<$IY$3:$IY$4)) -> 0 | AB11: =SUMPRODUCT(NOT(ISBLANK(AB$3:AB$4))*(AB$3:AB$4<$IN$3:$IN$4)) -> 0 | AC11: =SUMPRODUCT(NOT(ISBLANK(AC$3:AC$4))*(AC$3:AC$4<$IO$3:$IO$4)) -> 0 | AD11: =SUMPRODUCT(NOT(ISBLANK(AD$3:AD$4))*(AD$3:AD$4<$IP$3:$IP$4)) -> 0 | AE11: =SUMPRODUCT(NOT(ISBLANK(AE$3:AE$4))*(AE$3:AE$4<$IQ$3:$IQ$4)) -> 0 | AF11: =SUMPRODUCT(NOT(ISBLANK(AF$3:AF$4))*(AF$3:AF$4<$IR$3:$IR$4)) -> 0 | AG11: =SUMPRODUCT(NOT(ISBLANK(AG$3:AG$4))*(AG$3:AG$4<$IS$3:$IS$4)) -> 0 | AH11: =SUMPRODUCT(NOT(ISBLANK(AH$3:AH$4))*(AH$3:AH$4<$IT$3:$IT$4)) -> 0 | AI11: =SUMPRODUCT(NOT(ISBLANK(AI$3:AI$4))*(AI$3:AI$4<$IU$3:$IU$4)) -> 0 | AJ11: =SUMPRODUCT(NOT(ISBLANK(AJ$3:AJ$4))*(AJ$3:AJ$4<$IV$3:$IV$4)) -> 0 | AK11: =SUMPRODUCT(NOT(ISBLANK(AK$3:AK$4))*(AK$3:AK$4<$IW$3:$IW$4)) -> 0 | AM11: =SUMPRODUCT(NOT(ISBLANK(AM$3:AM$4))*(AM$3:AM$4<$IX$3:$IX$4)) -> 0 | AN11: =SUMPRODUCT(NOT(ISBLANK(AN$3:AN$4))*(AN$3:AN$4<$IY$3:$IY$4)) -> 0 | AO11: =SUMPRODUCT(NOT(ISBLANK(AO$3:AO$4))*(AO$3:AO$4<$IN$3:$IN$4)) -> 0 | AP11: =SUMPRODUCT(NOT(ISBLANK(AP$3:AP$4))*(AP$3:AP$4<$IO$3:$IO$4)) -> 0 | AQ11: =SUMPRODUCT(NOT(ISBLANK(AQ$3:AQ$4))*(AQ$3:AQ$4<$IP$3:$IP$4)) -> 0 | AR11: =SUMPRODUCT(NOT(ISBLANK(AR$3:AR$4))*(AR$3:AR$4<$IQ$3:$IQ$4)) -> 0 | AS11: =SUMPRODUCT(NOT(ISBLANK(AS$3:AS$4))*(AS$3:AS$4<$IR$3:$IR$4)) -> 0 | AT11: =SUMPRODUCT(NOT(ISBLANK(AT$3:AT$4))*(AT$3:AT$4<$IS$3:$IS$4)) -> 0 | AU11: =SUMPRODUCT(NOT(ISBLANK(AU$3:AU$4))*(AU$3:AU$4<$IT$3:$IT$4)) -> 0 | AV11: =SUMPRODUCT(NOT(ISBLANK(AV$3:AV$4))*(AV$3:AV$4<$IU$3:$IU$4)) -> 0 | AW11: =SUMPRODUCT(NOT(ISBLANK(AW$3:AW$4))*(AW$3:AW$4<$IV$3:$IV$4)) -> 0 | AX11: =SUMPRODUCT(NOT(ISBLANK(AX$3:AX$4))*(AX$3:AX$4<$IW$3:$IW$4)) -> 0 | AZ11: =SUMPRODUCT(NOT(ISBLANK(AZ$3:AZ$4))*(AZ$3:AZ$4<$IX$3:$IX$4)) -> 0 | BA11: =SUMPRODUCT(NOT(ISBLANK(BA$3:BA$4))*(BA$3:BA$4<$IY$3:$IY$4)) -> 0 | BB11: =SUMPRODUCT(NOT(ISBLANK(BB$3:BB$4))*(BB$3:BB$4<$IN$3:$IN$4)) -> 0 | BC11: =SUMPRODUCT(NOT(ISBLANK(BC$3:BC$4))*(BC$3:BC$4<$IO$3:$IO$4)) -> 0 | BD11: =SUMPRODUCT(NOT(ISBLANK(BD$3:BD$4))*(BD$3:BD$4<$IP$3:$IP$4)) -> 0 | BE11: =SUMPRODUCT(NOT(ISBLANK(BE$3:BE$4))*(BE$3:BE$4<$IQ$3:$IQ$4)) -> 0 | BF11: =SUMPRODUCT(NOT(ISBLANK(BF$3:BF$4))*(BF$3:BF$4<$IR$3:$IR$4)) -> 0 | BG11: =SUMPRODUCT(NOT(ISBLANK(BG$3:BG$4))*(BG$3:BG$4<$IS$3:$IS$4)) -> 0 | BH11: =SUMPRODUCT(NOT(ISBLANK(BH$3:BH$4))*(BH$3:BH$4<$IT$3:$IT$4)) -> 0 | BI11: =SUMPRODUCT(NOT(ISBLANK(BI$3:BI$4))*(BI$3:BI$4<$IU$3:$IU$4)) -> 0 | BJ11: =SUMPRODUCT(NOT(ISBLANK(BJ$3:BJ$4))*(BJ$3:BJ$4<$IV$3:$IV$4)) -> 0 | BK11: =SUMPRODUCT(NOT(ISBLANK(BK$3:BK$4))*(BK$3:BK$4<$IW$3:$IW$4)) -> 0 | BM11: =SUMPRODUCT(NOT(ISBLANK(BM$3:BM$4))*(BM$3:BM$4<$IX$3:$IX$4)) -> 0 | BN11: =SUMPRODUCT(NOT(ISBLANK(BN$3:BN$4))*(BN$3:BN$4<$IY$3:$IY$4)) -> 0 | BO11: =SUMPRODUCT(NOT(ISBLANK(BO$3:BO$4))*(BO$3:BO$4<$IN$3:$IN$4)) -> 0 | BP11: =SUMPRODUCT(NOT(ISBLANK(BP$3:BP$4))*(BP$3:BP$4<$IO$3:$IO$4)) -> 0 | BQ11: =SUMPRODUCT(NOT(ISBLANK(BQ$3:BQ$4))*(BQ$3:BQ$4<$IP$3:$IP$4)) -> 0 | BR11: =SUMPRODUCT(NOT(ISBLANK(BR$3:BR$4))*(BR$3:BR$4<$IQ$3:$IQ$4)) -> 0 | BS11: =SUMPRODUCT(NOT(ISBLANK(BS$3:BS$4))*(BS$3:BS$4<$IR$3:$IR$4)) -> 0 | BT11: =SUMPRODUCT(NOT(ISBLANK(BT$3:BT$4))*(BT$3:BT$4<$IS$3:$IS$4)) -> 0 | BU11: =SUMPRODUCT(NOT(ISBLANK(BU$3:BU$4))*(BU$3:BU$4<$IT$3:$IT$4)) -> 0 | BV11: =SUMPRODUCT(NOT(ISBLANK(BV$3:BV$4))*(BV$3:BV$4<$IU$3:$IU$4)) -> 0 | BW11: =SUMPRODUCT(NOT(ISBLANK(BW$3:BW$4))*(BW$3:BW$4<$IV$3:$IV$4)) -> 0 | BX11: =SUMPRODUCT(NOT(ISBLANK(BX$3:BX$4))*(BX$3:BX$4<$IW$3:$IW$4)) -> 0 | BZ11: =SUMPRODUCT(NOT(ISBLANK(BZ$3:BZ$4))*(BZ$3:BZ$4<$IX$3:$IX$4)) -> 0 | CA11: =SUMPRODUCT(NOT(ISBLANK(CA$3:CA$4))*(CA$3:CA$4<$IY$3:$IY$4)) -> 0 | CB11: =SUMPRODUCT(NOT(ISBLANK(CB$3:CB$4))*(CB$3:CB$4<$IN$3:$IN$4)) -> 0 | CC11: =SUMPRODUCT(NOT(ISBLANK(CC$3:CC$4))*(CC$3:CC$4<$IO$3:$IO$4)) -> 0 | CD11: =SUMPRODUCT(NOT(ISBLANK(CD$3:CD$4))*(CD$3:CD$4<$IP$3:$IP$4)) -> 0 | CE11: =SUMPRODUCT(NOT(ISBLANK(CE$3:CE$4))*(CE$3:CE$4<$IQ$3:$IQ$4)) -> 0 | CF11: =SUMPRODUCT(NOT(ISBLANK(CF$3:CF$4))*(CF$3:CF$4<$IR$3:$IR$4)) -> 0 | CG11: =SUMPRODUCT(NOT(ISBLANK(CG$3:CG$4))*(CG$3:CG$4<$IS$3:$IS$4)) -> 0 | CH11: =SUMPRODUCT(NOT(ISBLANK(CH$3:CH$4))*(CH$3:CH$4<$IT$3:$IT$4)) -> 0 | CI11: =SUMPRODUCT(NOT(ISBLANK(CI$3:CI$4))*(CI$3:CI$4<$IU$3:$IU$4)) -> 0 | CJ11: =SUMPRODUCT(NOT(ISBLANK(CJ$3:CJ$4))*(CJ$3:CJ$4<$IV$3:$IV$4)) -> 0 | CK11: =SUMPRODUCT(NOT(ISBLANK(CK$3:CK$4))*(CK$3:CK$4<$IW$3:$IW$4)) -> 0 | CM11: =SUMPRODUCT(NOT(ISBLANK(CM$3:CM$4))*(CM$3:CM$4<$IX$3:$IX$4)) -> 0 | CN11: =SUMPRODUCT(NOT(ISBLANK(CN$3:CN$4))*(CN$3:CN$4<$IY$3:$IY$4)) -> 0 | CO11: =SUMPRODUCT(NOT(ISBLANK(CO$3:CO$4))*(CO$3:CO$4<$IN$3:$IN$4)) -> 0 | CP11: =SUMPRODUCT(NOT(ISBLANK(CP$3:CP$4))*(CP$3:CP$4<$IO$3:$IO$4)) -> 0 | CQ11: =SUMPRODUCT(NOT(ISBLANK(CQ$3:CQ$4))*(CQ$3:CQ$4<$IP$3:$IP$4)) -> 0 | CR11: =SUMPRODUCT(NOT(ISBLANK(CR$3:CR$4))*(CR$3:CR$4<$IQ$3:$IQ$4)) -> 0 | CS11: =SUMPRODUCT(NOT(ISBLANK(CS$3:CS$4))*(CS$3:CS$4<$IR$3:$IR$4)) -> 0 | CT11: =SUMPRODUCT(NOT(ISBLANK(CT$3:CT$4))*(CT$3:CT$4<$IS$3:$IS$4)) -> 0 | CU11: =SUMPRODUCT(NOT(ISBLANK(CU$3:CU$4))*(CU$3:CU$4<$IT$3:$IT$4)) -> 0 | CV11: =SUMPRODUCT(NOT(ISBLANK(CV$3:CV$4))*(CV$3:CV$4<$IU$3:$IU$4)) -> 0 | CW11: =SUMPRODUCT(NOT(ISBLANK(CW$3:CW$4))*(CW$3:CW$4<$IV$3:$IV$4)) -> 0 | CX11: =SUMPRODUCT(NOT(ISBLANK(CX$3:CX$4))*(CX$3:CX$4<$IW$3:$IW$4)) -> 0 | CZ11: =SUMPRODUCT(NOT(ISBLANK(CZ$3:CZ$4))*(CZ$3:CZ$4<$IX$3:$IX$4)) -> 0 | DA11: =SUMPRODUCT(NOT(ISBLANK(DA$3:DA$4))*(DA$3:DA$4<$IY$3:$IY$4)) -> 0 | DB11: =SUMPRODUCT(NOT(ISBLANK(DB$3:DB$4))*(DB$3:DB$4<$IN$3:$IN$4)) -> 0 | DC11: =SUMPRODUCT(NOT(ISBLANK(DC$3:DC$4))*(DC$3:DC$4<$IO$3:$IO$4)) -> 0 | DD11: =SUMPRODUCT(NOT(ISBLANK(DD$3:DD$4))*(DD$3:DD$4<$IP$3:$IP$4)) -> 0 | DE11: =SUMPRODUCT(NOT(ISBLANK(DE$3:DE$4))*(DE$3:DE$4<$IQ$3:$IQ$4)) -> 0 | DF11: =SUMPRODUCT(NOT(ISBLANK(DF$3:DF$4))*(DF$3:DF$4<$IR$3:$IR$4)) -> 0 | DG11: =SUMPRODUCT(NOT(ISBLANK(DG$3:DG$4))*(DG$3:DG$4<$IS$3:$IS$4)) -> 0 | DH11: =SUMPRODUCT(NOT(ISBLANK(DH$3:DH$4))*(DH$3:DH$4<$IT$3:$IT$4)) -> 0 | DI11: =SUMPRODUCT(NOT(ISBLANK(DI$3:DI$4))*(DI$3:DI$4<$IU$3:$IU$4)) -> 0 | DJ11: =SUMPRODUCT(NOT(ISBLANK(DJ$3:DJ$4))*(DJ$3:DJ$4<$IV$3:$IV$4)) -> 0 | DK11: =SUMPRODUCT(NOT(ISBLANK(DK$3:DK$4))*(DK$3:DK$4<$IW$3:$IW$4)) -> 0 | DM11: =SUMPRODUCT(NOT(ISBLANK(DM$3:DM$4))*(DM$3:DM$4<$IX$3:$IX$4)) -> 0 | DN11: =SUMPRODUCT(NOT(ISBLANK(DN$3:DN$4))*(DN$3:DN$4<$IY$3:$IY$4)) -> 0 | DO11: =SUMPRODUCT(NOT(ISBLANK(DO$3:DO$4))*(DO$3:DO$4<$IN$3:$IN$4)) -> 0 | DP11: =SUMPRODUCT(NOT(ISBLANK(DP$3:DP$4))*(DP$3:DP$4<$IO$3:$IO$4)) -> 0 | DQ11: =SUMPRODUCT(NOT(ISBLANK(DQ$3:DQ$4))*(DQ$3:DQ$4<$IP$3:$IP$4)) -> 0 | DR11: =SUMPRODUCT(NOT(ISBLANK(DR$3:DR$4))*(DR$3:DR$4<$IQ$3:$IQ$4)) -> 0 | DS11: =SUMPRODUCT(NOT(ISBLANK(DS$3:DS$4))*(DS$3:DS$4<$IR$3:$IR$4)) -> 0 | DT11: =SUMPRODUCT(NOT(ISBLANK(DT$3:DT$4))*(DT$3:DT$4<$IS$3:$IS$4)) -> 0 | DU11: =SUMPRODUCT(NOT(ISBLANK(DU$3:DU$4))*(DU$3:DU$4<$IT$3:$IT$4)) -> 0 | DV11: =SUMPRODUCT(NOT(ISBLANK(DV$3:DV$4))*(DV$3:DV$4<$IU$3:$IU$4)) -> 0 | DW11: =SUMPRODUCT(NOT(ISBLANK(DW$3:DW$4))*(DW$3:DW$4<$IV$3:$IV$4)) -> 0 | DX11: =SUMPRODUCT(NOT(ISBLANK(DX$3:DX$4))*(DX$3:DX$4<$IW$3:$IW$4)) -> 0 | DZ11: =SUMPRODUCT(NOT(ISBLANK(DZ$3:DZ$4))*(DZ$3:DZ$4<$IX$3:$IX$4)) -> 0 | EA11: =SUMPRODUCT(NOT(ISBLANK(EA$3:EA$4))*(EA$3:EA$4<$IY$3:$IY$4)) -> 0 | EB11: =SUMPRODUCT(NOT(ISBLANK(EB$3:EB$4))*(EB$3:EB$4<$IN$3:$IN$4)) -> 0 | EC11: =SUMPRODUCT(NOT(ISBLANK(EC$3:EC$4))*(EC$3:EC$4<$IO$3:$IO$4)) -> 0 | ED11: =SUMPRODUCT(NOT(ISBLANK(ED$3:ED$4))*(ED$3:ED$4<$IP$3:$IP$4)) -> 0 | EE11: =SUMPRODUCT(NOT(ISBLANK(EE$3:EE$4))*(EE$3:EE$4<$IQ$3:$IQ$4)) -> 0 | EF11: =SUMPRODUCT(NOT(ISBLANK(EF$3:EF$4))*(EF$3:EF$4<$IR$3:$IR$4)) -> 0 | EG11: =SUMPRODUCT(NOT(ISBLANK(EG$3:EG$4))*(EG$3:EG$4<$IS$3:$IS$4)) -> 0 | EH11: =SUMPRODUCT(NOT(ISBLANK(EH$3:EH$4))*(EH$3:EH$4<$IT$3:$IT$4)) -> 0 | EI11: =SUMPRODUCT(NOT(ISBLANK(EI$3:EI$4))*(EI$3:EI$4<$IU$3:$IU$4)) -> 0 | EJ11: =SUMPRODUCT(NOT(ISBLANK(EJ$3:EJ$4))*(EJ$3:EJ$4<$IV$3:$IV$4)) -> 0 | EK11: =SUMPRODUCT(NOT(ISBLANK(EK$3:EK$4))*(EK$3:EK$4<$IW$3:$IW$4)) -> 0 | EM11: =SUMPRODUCT(NOT(ISBLANK(EM$3:EM$4))*(EM$3:EM$4<$IX$3:$IX$4)) -> 0 | EN11: =SUMPRODUCT(NOT(ISBLANK(EN$3:EN$4))*(EN$3:EN$4<$IY$3:$IY$4)) -> 0 | EO11: =SUMPRODUCT(NOT(ISBLANK(EO$3:EO$4))*(EO$3:EO$4<$IN$3:$IN$4)) -> 0 | EP11: =SUMPRODUCT(NOT(ISBLANK(EP$3:EP$4))*(EP$3:EP$4<$IO$3:$IO$4)) -> 0 | EQ11: =SUMPRODUCT(NOT(ISBLANK(EQ$3:EQ$4))*(EQ$3:EQ$4<$IP$3:$IP$4)) -> 0 | ER11: =SUMPRODUCT(NOT(ISBLANK(ER$3:ER$4))*(ER$3:ER$4<$IQ$3:$IQ$4)) -> 0 | ES11: =SUMPRODUCT(NOT(ISBLANK(ES$3:ES$4))*(ES$3:ES$4<$IR$3:$IR$4)) -> 0 | ET11: =SUMPRODUCT(NOT(ISBLANK(ET$3:ET$4))*(ET$3:ET$4<$IS$3:$IS$4)) -> 0 | EU11: =SUMPRODUCT(NOT(ISBLANK(EU$3:EU$4))*(EU$3:EU$4<$IT$3:$IT$4)) -> 0 | EV11: =SUMPRODUCT(NOT(ISBLANK(EV$3:EV$4))*(EV$3:EV$4<$IU$3:$IU$4)) -> 0 | EW11: =SUMPRODUCT(NOT(ISBLANK(EW$3:EW$4))*(EW$3:EW$4<$IV$3:$IV$4)) -> 0 | EX11: =SUMPRODUCT(NOT(ISBLANK(EX$3:EX$4))*(EX$3:EX$4<$IW$3:$IW$4)) -> 0 | EZ11: =SUMPRODUCT(NOT(ISBLANK(EZ$3:EZ$4))*(EZ$3:EZ$4<$IX$3:$IX$4)) -> 0 | FA11: =SUMPRODUCT(NOT(ISBLANK(FA$3:FA$4))*(FA$3:FA$4<$IY$3:$IY$4)) -> 0 | FB11: =SUMPRODUCT(NOT(ISBLANK(FB$3:FB$4))*(FB$3:FB$4<$IN$3:$IN$4)) -> 0 | FC11: =SUMPRODUCT(NOT(ISBLANK(FC$3:FC$4))*(FC$3:FC$4<$IO$3:$IO$4)) -> 0 | FD11: =SUMPRODUCT(NOT(ISBLANK(FD$3:FD$4))*(FD$3:FD$4<$IP$3:$IP$4)) -> 0 | FE11: =SUMPRODUCT(NOT(ISBLANK(FE$3:FE$4))*(FE$3:FE$4<$IQ$3:$IQ$4)) -> 0 | FF11: =SUMPRODUCT(NOT(ISBLANK(FF$3:FF$4))*(FF$3:FF$4<$IR$3:$IR$4)) -> 0 | FG11: =SUMPRODUCT(NOT(ISBLANK(FG$3:FG$4))*(FG$3:FG$4<$IS$3:$IS$4)) -> 0 | FH11: =SUMPRODUCT(NOT(ISBLANK(FH$3:FH$4))*(FH$3:FH$4<$IT$3:$IT$4)) -> 0 | FI11: =SUMPRODUCT(NOT(ISBLANK(FI$3:FI$4))*(FI$3:FI$4<$IU$3:$IU$4)) -> 0 | FJ11: =SUMPRODUCT(NOT(ISBLANK(FJ$3:FJ$4))*(FJ$3:FJ$4<$IV$3:$IV$4)) -> 0 | FK11: =SUMPRODUCT(NOT(ISBLANK(FK$3:FK$4))*(FK$3:FK$4<$IW$3:$IW$4)) -> 0 | FM11: =SUMPRODUCT(NOT(ISBLANK(FM$3:FM$4))*(FM$3:FM$4<$IX$3:$IX$4)) -> 0 | FN11: =SUMPRODUCT(NOT(ISBLANK(FN$3:FN$4))*(FN$3:FN$4<$IY$3:$IY$4)) -> 0 | FO11: =SUMPRODUCT(NOT(ISBLANK(FO$3:FO$4))*(FO$3:FO$4<$IN$3:$IN$4)) -> 0 | FP11: =SUMPRODUCT(NOT(ISBLANK(FP$3:FP$4))*(FP$3:FP$4<$IO$3:$IO$4)) -> 0 | FQ11: =SUMPRODUCT(NOT(ISBLANK(FQ$3:FQ$4))*(FQ$3:FQ$4<$IP$3:$IP$4)) -> 0 | FR11: =SUMPRODUCT(NOT(ISBLANK(FR$3:FR$4))*(FR$3:FR$4<$IQ$3:$IQ$4)) -> 0 | FS11: =SUMPRODUCT(NOT(ISBLANK(FS$3:FS$4))*(FS$3:FS$4<$IR$3:$IR$4)) -> 0 | FT11: =SUMPRODUCT(NOT(ISBLANK(FT$3:FT$4))*(FT$3:FT$4<$IS$3:$IS$4)) -> 0 | FU11: =SUMPRODUCT(NOT(ISBLANK(FU$3:FU$4))*(FU$3:FU$4<$IT$3:$IT$4)) -> 0 | FV11: =SUMPRODUCT(NOT(ISBLANK(FV$3:FV$4))*(FV$3:FV$4<$IU$3:$IU$4)) -> 0 | FW11: =SUMPRODUCT(NOT(ISBLANK(FW$3:FW$4))*(FW$3:FW$4<$IV$3:$IV$4)) -> 0 | FX11: =SUMPRODUCT(NOT(ISBLANK(FX$3:FX$4))*(FX$3:FX$4<$IW$3:$IW$4)) -> 0 | FZ11: =SUMPRODUCT(NOT(ISBLANK(FZ$3:FZ$4))*(FZ$3:FZ$4<$IX$3:$IX$4)) -> 0 | GA11: =SUMPRODUCT(NOT(ISBLANK(GA$3:GA$4))*(GA$3:GA$4<$IY$3:$IY$4)) -> 0 | GB11: =SUMPRODUCT(NOT(ISBLANK(GB$3:GB$4))*(GB$3:GB$4<$IN$3:$IN$4)) -> 0 | GC11: =SUMPRODUCT(NOT(ISBLANK(GC$3:GC$4))*(GC$3:GC$4<$IO$3:$IO$4)) -> 0 | GD11: =SUMPRODUCT(NOT(ISBLANK(GD$3:GD$4))*(GD$3:GD$4<$IP$3:$IP$4)) -> 0 | GE11: =SUMPRODUCT(NOT(ISBLANK(GE$3:GE$4))*(GE$3:GE$4<$IQ$3:$IQ$4)) -> 0 | GF11: =SUMPRODUCT(NOT(ISBLANK(GF$3:GF$4))*(GF$3:GF$4<$IR$3:$IR$4)) -> 0 | GG11: =SUMPRODUCT(NOT(ISBLANK(GG$3:GG$4))*(GG$3:GG$4<$IS$3:$IS$4)) -> 0 | GH11: =SUMPRODUCT(NOT(ISBLANK(GH$3:GH$4))*(GH$3:GH$4<$IT$3:$IT$4)) -> 0 | GI11: =SUMPRODUCT(NOT(ISBLANK(GI$3:GI$4))*(GI$3:GI$4<$IU$3:$IU$4)) -> 0 | GJ11: =SUMPRODUCT(NOT(ISBLANK(GJ$3:GJ$4))*(GJ$3:GJ$4<$IV$3:$IV$4)) -> 0 | GK11: =SUMPRODUCT(NOT(ISBLANK(GK$3:GK$4))*(GK$3:GK$4<$IW$3:$IW$4)) -> 0 | GM11: =SUMPRODUCT(NOT(ISBLANK(GM$3:GM$4))*(GM$3:GM$4<$IX$3:$IX$4)) -> 0 | GN11: =SUMPRODUCT(NOT(ISBLANK(GN$3:GN$4))*(GN$3:GN$4<$IY$3:$IY$4)) -> 0 | GO11: =SUMPRODUCT(NOT(ISBLANK(GO$3:GO$4))*(GO$3:GO$4<$IN$3:$IN$4)) -> 0 | GP11: =SUMPRODUCT(NOT(ISBLANK(GP$3:GP$4))*(GP$3:GP$4<$IO$3:$IO$4)) -> 0 | GQ11: =SUMPRODUCT(NOT(ISBLANK(GQ$3:GQ$4))*(GQ$3:GQ$4<$IP$3:$IP$4)) -> 0 | GR11: =SUMPRODUCT(NOT(ISBLANK(GR$3:GR$4))*(GR$3:GR$4<$IQ$3:$IQ$4)) -> 0 | GS11: =SUMPRODUCT(NOT(ISBLANK(GS$3:GS$4))*(GS$3:GS$4<$IR$3:$IR$4)) -> 0 | GT11: =SUMPRODUCT(NOT(ISBLANK(GT$3:GT$4))*(GT$3:GT$4<$IS$3:$IS$4)) -> 0 | GU11: =SUMPRODUCT(NOT(ISBLANK(GU$3:GU$4))*(GU$3:GU$4<$IT$3:$IT$4)) -> 0 | GV11: =SUMPRODUCT(NOT(ISBLANK(GV$3:GV$4))*(GV$3:GV$4<$IU$3:$IU$4)) -> 0 | GW11: =SUMPRODUCT(NOT(ISBLANK(GW$3:GW$4))*(GW$3:GW$4<$IV$3:$IV$4)) -> 0 | GX11: =SUMPRODUCT(NOT(ISBLANK(GX$3:GX$4))*(GX$3:GX$4<$IW$3:$IW$4)) -> 0 | GZ11: =SUMPRODUCT(NOT(ISBLANK(GZ$3:GZ$4))*(GZ$3:GZ$4<$IX$3:$IX$4)) -> 0 | HA11: =SUMPRODUCT(NOT(ISBLANK(HA$3:HA$4))*(HA$3:HA$4<$IY$3:$IY$4)) -> 0 | HB11: =SUMPRODUCT(NOT(ISBLANK(HB$3:HB$4))*(HB$3:HB$4<$IN$3:$IN$4)) -> 0 | HC11: =SUMPRODUCT(NOT(ISBLANK(HC$3:HC$4))*(HC$3:HC$4<$IO$3:$IO$4)) -> 0 | HD11: =SUMPRODUCT(NOT(ISBLANK(HD$3:HD$4))*(HD$3:HD$4<$IP$3:$IP$4)) -> 0 | HE11: =SUMPRODUCT(NOT(ISBLANK(HE$3:HE$4))*(HE$3:HE$4<$IQ$3:$IQ$4)) -> 0 | HF11: =SUMPRODUCT(NOT(ISBLANK(HF$3:HF$4))*(HF$3:HF$4<$IR$3:$IR$4)) -> 0 | HG11: =SUMPRODUCT(NOT(ISBLANK(HG$3:HG$4))*(HG$3:HG$4<$IS$3:$IS$4)) -> 0 | HH11: =SUMPRODUCT(NOT(ISBLANK(HH$3:HH$4))*(HH$3:HH$4<$IT$3:$IT$4)) -> 0 | HI11: =SUMPRODUCT(NOT(ISBLANK(HI$3:HI$4))*(HI$3:HI$4<$IU$3:$IU$4)) -> 0 | HJ11: =SUMPRODUCT(NOT(ISBLANK(HJ$3:HJ$4))*(HJ$3:HJ$4<$IV$3:$IV$4)) -> 0 | HK11: =SUMPRODUCT(NOT(ISBLANK(HK$3:HK$4))*(HK$3:HK$4<$IW$3:$IW$4)) -> 0 | HM11: =SUMPRODUCT(NOT(ISBLANK(HM$3:HM$4))*(HM$3:HM$4<$IX$3:$IX$4)) -> 0 | HN11: =SUMPRODUCT(NOT(ISBLANK(HN$3:HN$4))*(HN$3:HN$4<$IY$3:$IY$4)) -> 0 | HO11: =SUMPRODUCT(NOT(ISBLANK(HO$3:HO$4))*(HO$3:HO$4<$IN$3:$IN$4)) -> 0 | HP11: =SUMPRODUCT(NOT(ISBLANK(HP$3:HP$4))*(HP$3:HP$4<$IO$3:$IO$4)) -> 0 | HQ11: =SUMPRODUCT(NOT(ISBLANK(HQ$3:HQ$4))*(HQ$3:HQ$4<$IP$3:$IP$4)) -> 0 | HR11: =SUMPRODUCT(NOT(ISBLANK(HR$3:HR$4))*(HR$3:HR$4<$IQ$3:$IQ$4)) -> 0 | HS11: =SUMPRODUCT(NOT(ISBLANK(HS$3:HS$4))*(HS$3:HS$4<$IR$3:$IR$4)) -> 0 | HT11: =SUMPRODUCT(NOT(ISBLANK(HT$3:HT$4))*(HT$3:HT$4<$IS$3:$IS$4)) -> 0 | HU11: =SUMPRODUCT(NOT(ISBLANK(HU$3:HU$4))*(HU$3:HU$4<$IT$3:$IT$4)) -> 0 | HV11: =SUMPRODUCT(NOT(ISBLANK(HV$3:HV$4))*(HV$3:HV$4<$IU$3:$IU$4)) -> 0 | HW11: =SUMPRODUCT(NOT(ISBLANK(HW$3:HW$4))*(HW$3:HW$4<$IV$3:$IV$4)) -> 0 | HX11: =SUMPRODUCT(NOT(ISBLANK(HX$3:HX$4))*(HX$3:HX$4<$IW$3:$IW$4)) -> 0 | HZ11: =SUMPRODUCT(NOT(ISBLANK(HZ$3:HZ$4))*(HZ$3:HZ$4<$IX$3:$IX$4)) -> 0 | IA11: =SUMPRODUCT(NOT(ISBLANK(IA$3:IA$4))*(IA$3:IA$4<$IY$3:$IY$4)) -> 0
A12: WORSE | B12: =SUMPRODUCT((NOT(ISBLANK(B$3:B$4))*(B$3:B$4>$IN$3:$IN$4))+ISBLANK(B$3:B$4)) -> 0 | C12: =SUMPRODUCT((NOT(ISBLANK(C$3:C$4))*(C$3:C$4>$IO$3:$IO$4))+ISBLANK(C$3:C$4)) -> 0 | D12: =SUMPRODUCT((NOT(ISBLANK(D$3:D$4))*(D$3:D$4>$IP$3:$IP$4))+ISBLANK(D$3:D$4)) -> 0 | E12: =SUMPRODUCT((NOT(ISBLANK(E$3:E$4))*(E$3:E$4>$IQ$3:$IQ$4))+ISBLANK(E$3:E$4)) -> 0 | F12: =SUMPRODUCT((NOT(ISBLANK(F$3:F$4))*(F$3:F$4>$IR$3:$IR$4))+ISBLANK(F$3:F$4)) -> 0 | G12: =SUMPRODUCT((NOT(ISBLANK(G$3:G$4))*(G$3:G$4>$IS$3:$IS$4))+ISBLANK(G$3:G$4)) -> 0 | H12: =SUMPRODUCT((NOT(ISBLANK(H$3:H$4))*(H$3:H$4>$IT$3:$IT$4))+ISBLANK(H$3:H$4)) -> 0 | I12: =SUMPRODUCT((NOT(ISBLANK(I$3:I$4))*(I$3:I$4>$IU$3:$IU$4))+ISBLANK(I$3:I$4)) -> 0 | J12: =SUMPRODUCT((NOT(ISBLANK(J$3:J$4))*(J$3:J$4>$IV$3:$IV$4))+ISBLANK(J$3:J$4)) -> 0 | K12: =SUMPRODUCT((NOT(ISBLANK(K$3:K$4))*(K$3:K$4>$IW$3:$IW$4))+ISBLANK(K$3:K$4)) -> 0 | M12: =SUMPRODUCT((NOT(ISBLANK(M$3:M$4))*(M$3:M$4>$IX$3:$IX$4))+ISBLANK(M$3:M$4)) -> 0 | N12: =SUMPRODUCT((NOT(ISBLANK(N$3:N$4))*(N$3:N$4>$IY$3:$IY$4))+ISBLANK(N$3:N$4)) -> 0 | O12: =SUMPRODUCT((NOT(ISBLANK(O$3:O$4))*(O$3:O$4>$IN$3:$IN$4))+ISBLANK(O$3:O$4)) -> 0 | P12: =SUMPRODUCT((NOT(ISBLANK(P$3:P$4))*(P$3:P$4>$IO$3:$IO$4))+ISBLANK(P$3:P$4)) -> 0 | Q12: =SUMPRODUCT((NOT(ISBLANK(Q$3:Q$4))*(Q$3:Q$4>$IP$3:$IP$4))+ISBLANK(Q$3:Q$4)) -> 0 | R12: =SUMPRODUCT((NOT(ISBLANK(R$3:R$4))*(R$3:R$4>$IQ$3:$IQ$4))+ISBLANK(R$3:R$4)) -> 0 | S12: =SUMPRODUCT((NOT(ISBLANK(S$3:S$4))*(S$3:S$4>$IR$3:$IR$4))+ISBLANK(S$3:S$4)) -> 0 | T12: =SUMPRODUCT((NOT(ISBLANK(T$3:T$4))*(T$3:T$4>$IS$3:$IS$4))+ISBLANK(T$3:T$4)) -> 0 | U12: =SUMPRODUCT((NOT(ISBLANK(U$3:U$4))*(U$3:U$4>$IT$3:$IT$4))+ISBLANK(U$3:U$4)) -> 0 | V12: =SUMPRODUCT((NOT(ISBLANK(V$3:V$4))*(V$3:V$4>$IU$3:$IU$4))+ISBLANK(V$3:V$4)) -> 0 | W12: =SUMPRODUCT((NOT(ISBLANK(W$3:W$4))*(W$3:W$4>$IV$3:$IV$4))+ISBLANK(W$3:W$4)) -> 0 | X12: =SUMPRODUCT((NOT(ISBLANK(X$3:X$4))*(X$3:X$4>$IW$3:$IW$4))+ISBLANK(X$3:X$4)) -> 0 | Z12: =SUMPRODUCT((NOT(ISBLANK(Z$3:Z$4))*(Z$3:Z$4>$IX$3:$IX$4))+ISBLANK(Z$3:Z$4)) -> 0 | AA12: =SUMPRODUCT((NOT(ISBLANK(AA$3:AA$4))*(AA$3:AA$4>$IY$3:$IY$4))+ISBLANK(AA$3:AA$4)) -> 0 | AB12: =SUMPRODUCT((NOT(ISBLANK(AB$3:AB$4))*(AB$3:AB$4>$IN$3:$IN$4))+ISBLANK(AB$3:AB$4)) -> 0 | AC12: =SUMPRODUCT((NOT(ISBLANK(AC$3:AC$4))*(AC$3:AC$4>$IO$3:$IO$4))+ISBLANK(AC$3:AC$4)) -> 0 | AD12: =SUMPRODUCT((NOT(ISBLANK(AD$3:AD$4))*(AD$3:AD$4>$IP$3:$IP$4))+ISBLANK(AD$3:AD$4)) -> 0 | AE12: =SUMPRODUCT((NOT(ISBLANK(AE$3:AE$4))*(AE$3:AE$4>$IQ$3:$IQ$4))+ISBLANK(AE$3:AE$4)) -> 0 | AF12: =SUMPRODUCT((NOT(ISBLANK(AF$3:AF$4))*(AF$3:AF$4>$IR$3:$IR$4))+ISBLANK(AF$3:AF$4)) -> 0 | AG12: =SUMPRODUCT((NOT(ISBLANK(AG$3:AG$4))*(AG$3:AG$4>$IS$3:$IS$4))+ISBLANK(AG$3:AG$4)) -> 0 | AH12: =SUMPRODUCT((NOT(ISBLANK(AH$3:AH$4))*(AH$3:AH$4>$IT$3:$IT$4))+ISBLANK(AH$3:AH$4)) -> 0 | AI12: =SUMPRODUCT((NOT(ISBLANK(AI$3:AI$4))*(AI$3:AI$4>$IU$3:$IU$4))+ISBLANK(AI$3:AI$4)) -> 0 | AJ12: =SUMPRODUCT((NOT(ISBLANK(AJ$3:AJ$4))*(AJ$3:AJ$4>$IV$3:$IV$4))+ISBLANK(AJ$3:AJ$4)) -> 0 | AK12: =SUMPRODUCT((NOT(ISBLANK(AK$3:AK$4))*(AK$3:AK$4>$IW$3:$IW$4))+ISBLANK(AK$3:AK$4)) -> 0 | AM12: =SUMPRODUCT((NOT(ISBLANK(AM$3:AM$4))*(AM$3:AM$4>$IX$3:$IX$4))+ISBLANK(AM$3:AM$4)) -> 0 | AN12: =SUMPRODUCT((NOT(ISBLANK(AN$3:AN$4))*(AN$3:AN$4>$IY$3:$IY$4))+ISBLANK(AN$3:AN$4)) -> 0 | AO12: =SUMPRODUCT((NOT(ISBLANK(AO$3:AO$4))*(AO$3:AO$4>$IN$3:$IN$4))+ISBLANK(AO$3:AO$4)) -> 0 | AP12: =SUMPRODUCT((NOT(ISBLANK(AP$3:AP$4))*(AP$3:AP$4>$IO$3:$IO$4))+ISBLANK(AP$3:AP$4)) -> 0 | AQ12: =SUMPRODUCT((NOT(ISBLANK(AQ$3:AQ$4))*(AQ$3:AQ$4>$IP$3:$IP$4))+ISBLANK(AQ$3:AQ$4)) -> 0 | AR12: =SUMPRODUCT((NOT(ISBLANK(AR$3:AR$4))*(AR$3:AR$4>$IQ$3:$IQ$4))+ISBLANK(AR$3:AR$4)) -> 0 | AS12: =SUMPRODUCT((NOT(ISBLANK(AS$3:AS$4))*(AS$3:AS$4>$IR$3:$IR$4))+ISBLANK(AS$3:AS$4)) -> 0 | AT12: =SUMPRODUCT((NOT(ISBLANK(AT$3:AT$4))*(AT$3:AT$4>$IS$3:$IS$4))+ISBLANK(AT$3:AT$4)) -> 0 | AU12: =SUMPRODUCT((NOT(ISBLANK(AU$3:AU$4))*(AU$3:AU$4>$IT$3:$IT$4))+ISBLANK(AU$3:AU$4)) -> 0 | AV12: =SUMPRODUCT((NOT(ISBLANK(AV$3:AV$4))*(AV$3:AV$4>$IU$3:$IU$4))+ISBLANK(AV$3:AV$4)) -> 0 | AW12: =SUMPRODUCT((NOT(ISBLANK(AW$3:AW$4))*(AW$3:AW$4>$IV$3:$IV$4))+ISBLANK(AW$3:AW$4)) -> 0 | AX12: =SUMPRODUCT((NOT(ISBLANK(AX$3:AX$4))*(AX$3:AX$4>$IW$3:$IW$4))+ISBLANK(AX$3:AX$4)) -> 0 | AZ12: =SUMPRODUCT((NOT(ISBLANK(AZ$3:AZ$4))*(AZ$3:AZ$4>$IX$3:$IX$4))+ISBLANK(AZ$3:AZ$4)) -> 0 | BA12: =SUMPRODUCT((NOT(ISBLANK(BA$3:BA$4))*(BA$3:BA$4>$IY$3:$IY$4))+ISBLANK(BA$3:BA$4)) -> 0 | BB12: =SUMPRODUCT((NOT(ISBLANK(BB$3:BB$4))*(BB$3:BB$4>$IN$3:$IN$4))+ISBLANK(BB$3:BB$4)) -> 0 | BC12: =SUMPRODUCT((NOT(ISBLANK(BC$3:BC$4))*(BC$3:BC$4>$IO$3:$IO$4))+ISBLANK(BC$3:BC$4)) -> 0 | BD12: =SUMPRODUCT((NOT(ISBLANK(BD$3:BD$4))*(BD$3:BD$4>$IP$3:$IP$4))+ISBLANK(BD$3:BD$4)) -> 0 | BE12: =SUMPRODUCT((NOT(ISBLANK(BE$3:BE$4))*(BE$3:BE$4>$IQ$3:$IQ$4))+ISBLANK(BE$3:BE$4)) -> 0 | BF12: =SUMPRODUCT((NOT(ISBLANK(BF$3:BF$4))*(BF$3:BF$4>$IR$3:$IR$4))+ISBLANK(BF$3:BF$4)) -> 0 | BG12: =SUMPRODUCT((NOT(ISBLANK(BG$3:BG$4))*(BG$3:BG$4>$IS$3:$IS$4))+ISBLANK(BG$3:BG$4)) -> 0 | BH12: =SUMPRODUCT((NOT(ISBLANK(BH$3:BH$4))*(BH$3:BH$4>$IT$3:$IT$4))+ISBLANK(BH$3:BH$4)) -> 0 | BI12: =SUMPRODUCT((NOT(ISBLANK(BI$3:BI$4))*(BI$3:BI$4>$IU$3:$IU$4))+ISBLANK(BI$3:BI$4)) -> 0 | BJ12: =SUMPRODUCT((NOT(ISBLANK(BJ$3:BJ$4))*(BJ$3:BJ$4>$IV$3:$IV$4))+ISBLANK(BJ$3:BJ$4)) -> 0 | BK12: =SUMPRODUCT((NOT(ISBLANK(BK$3:BK$4))*(BK$3:BK$4>$IW$3:$IW$4))+ISBLANK(BK$3:BK$4)) -> 0 | BM12: =SUMPRODUCT((NOT(ISBLANK(BM$3:BM$4))*(BM$3:BM$4>$IX$3:$IX$4))+ISBLANK(BM$3:BM$4)) -> 0 | BN12: =SUMPRODUCT((NOT(ISBLANK(BN$3:BN$4))*(BN$3:BN$4>$IY$3:$IY$4))+ISBLANK(BN$3:BN$4)) -> 0 | BO12: =SUMPRODUCT((NOT(ISBLANK(BO$3:BO$4))*(BO$3:BO$4>$IN$3:$IN$4))+ISBLANK(BO$3:BO$4)) -> 0 | BP12: =SUMPRODUCT((NOT(ISBLANK(BP$3:BP$4))*(BP$3:BP$4>$IO$3:$IO$4))+ISBLANK(BP$3:BP$4)) -> 0 | BQ12: =SUMPRODUCT((NOT(ISBLANK(BQ$3:BQ$4))*(BQ$3:BQ$4>$IP$3:$IP$4))+ISBLANK(BQ$3:BQ$4)) -> 0 | BR12: =SUMPRODUCT((NOT(ISBLANK(BR$3:BR$4))*(BR$3:BR$4>$IQ$3:$IQ$4))+ISBLANK(BR$3:BR$4)) -> 0 | BS12: =SUMPRODUCT((NOT(ISBLANK(BS$3:BS$4))*(BS$3:BS$4>$IR$3:$IR$4))+ISBLANK(BS$3:BS$4)) -> 0 | BT12: =SUMPRODUCT((NOT(ISBLANK(BT$3:BT$4))*(BT$3:BT$4>$IS$3:$IS$4))+ISBLANK(BT$3:BT$4)) -> 0 | BU12: =SUMPRODUCT((NOT(ISBLANK(BU$3:BU$4))*(BU$3:BU$4>$IT$3:$IT$4))+ISBLANK(BU$3:BU$4)) -> 0 | BV12: =SUMPRODUCT((NOT(ISBLANK(BV$3:BV$4))*(BV$3:BV$4>$IU$3:$IU$4))+ISBLANK(BV$3:BV$4)) -> 0 | BW12: =SUMPRODUCT((NOT(ISBLANK(BW$3:BW$4))*(BW$3:BW$4>$IV$3:$IV$4))+ISBLANK(BW$3:BW$4)) -> 0 | BX12: =SUMPRODUCT((NOT(ISBLANK(BX$3:BX$4))*(BX$3:BX$4>$IW$3:$IW$4))+ISBLANK(BX$3:BX$4)) -> 0 | BZ12: =SUMPRODUCT((NOT(ISBLANK(BZ$3:BZ$4))*(BZ$3:BZ$4>$IX$3:$IX$4))+ISBLANK(BZ$3:BZ$4)) -> 0 | CA12: =SUMPRODUCT((NOT(ISBLANK(CA$3:CA$4))*(CA$3:CA$4>$IY$3:$IY$4))+ISBLANK(CA$3:CA$4)) -> 0 | CB12: =SUMPRODUCT((NOT(ISBLANK(CB$3:CB$4))*(CB$3:CB$4>$IN$3:$IN$4))+ISBLANK(CB$3:CB$4)) -> 0 | CC12: =SUMPRODUCT((NOT(ISBLANK(CC$3:CC$4))*(CC$3:CC$4>$IO$3:$IO$4))+ISBLANK(CC$3:CC$4)) -> 0 | CD12: =SUMPRODUCT((NOT(ISBLANK(CD$3:CD$4))*(CD$3:CD$4>$IP$3:$IP$4))+ISBLANK(CD$3:CD$4)) -> 0 | CE12: =SUMPRODUCT((NOT(ISBLANK(CE$3:CE$4))*(CE$3:CE$4>$IQ$3:$IQ$4))+ISBLANK(CE$3:CE$4)) -> 0 | CF12: =SUMPRODUCT((NOT(ISBLANK(CF$3:CF$4))*(CF$3:CF$4>$IR$3:$IR$4))+ISBLANK(CF$3:CF$4)) -> 0 | CG12: =SUMPRODUCT((NOT(ISBLANK(CG$3:CG$4))*(CG$3:CG$4>$IS$3:$IS$4))+ISBLANK(CG$3:CG$4)) -> 0 | CH12: =SUMPRODUCT((NOT(ISBLANK(CH$3:CH$4))*(CH$3:CH$4>$IT$3:$IT$4))+ISBLANK(CH$3:CH$4)) -> 0 | CI12: =SUMPRODUCT((NOT(ISBLANK(CI$3:CI$4))*(CI$3:CI$4>$IU$3:$IU$4))+ISBLANK(CI$3:CI$4)) -> 0 | CJ12: =SUMPRODUCT((NOT(ISBLANK(CJ$3:CJ$4))*(CJ$3:CJ$4>$IV$3:$IV$4))+ISBLANK(CJ$3:CJ$4)) -> 0 | CK12: =SUMPRODUCT((NOT(ISBLANK(CK$3:CK$4))*(CK$3:CK$4>$IW$3:$IW$4))+ISBLANK(CK$3:CK$4)) -> 0 | CM12: =SUMPRODUCT((NOT(ISBLANK(CM$3:CM$4))*(CM$3:CM$4>$IX$3:$IX$4))+ISBLANK(CM$3:CM$4)) -> 0 | CN12: =SUMPRODUCT((NOT(ISBLANK(CN$3:CN$4))*(CN$3:CN$4>$IY$3:$IY$4))+ISBLANK(CN$3:CN$4)) -> 0 | CO12: =SUMPRODUCT((NOT(ISBLANK(CO$3:CO$4))*(CO$3:CO$4>$IN$3:$IN$4))+ISBLANK(CO$3:CO$4)) -> 0 | CP12: =SUMPRODUCT((NOT(ISBLANK(CP$3:CP$4))*(CP$3:CP$4>$IO$3:$IO$4))+ISBLANK(CP$3:CP$4)) -> 0 | CQ12: =SUMPRODUCT((NOT(ISBLANK(CQ$3:CQ$4))*(CQ$3:CQ$4>$IP$3:$IP$4))+ISBLANK(CQ$3:CQ$4)) -> 0 | CR12: =SUMPRODUCT((NOT(ISBLANK(CR$3:CR$4))*(CR$3:CR$4>$IQ$3:$IQ$4))+ISBLANK(CR$3:CR$4)) -> 0 | CS12: =SUMPRODUCT((NOT(ISBLANK(CS$3:CS$4))*(CS$3:CS$4>$IR$3:$IR$4))+ISBLANK(CS$3:CS$4)) -> 0 | CT12: =SUMPRODUCT((NOT(ISBLANK(CT$3:CT$4))*(CT$3:CT$4>$IS$3:$IS$4))+ISBLANK(CT$3:CT$4)) -> 0 | CU12: =SUMPRODUCT((NOT(ISBLANK(CU$3:CU$4))*(CU$3:CU$4>$IT$3:$IT$4))+ISBLANK(CU$3:CU$4)) -> 0 | CV12: =SUMPRODUCT((NOT(ISBLANK(CV$3:CV$4))*(CV$3:CV$4>$IU$3:$IU$4))+ISBLANK(CV$3:CV$4)) -> 0 | CW12: =SUMPRODUCT((NOT(ISBLANK(CW$3:CW$4))*(CW$3:CW$4>$IV$3:$IV$4))+ISBLANK(CW$3:CW$4)) -> 0 | CX12: =SUMPRODUCT((NOT(ISBLANK(CX$3:CX$4))*(CX$3:CX$4>$IW$3:$IW$4))+ISBLANK(CX$3:CX$4)) -> 0 | CZ12: =SUMPRODUCT((NOT(ISBLANK(CZ$3:CZ$4))*(CZ$3:CZ$4>$IX$3:$IX$4))+ISBLANK(CZ$3:CZ$4)) -> 0 | DA12: =SUMPRODUCT((NOT(ISBLANK(DA$3:DA$4))*(DA$3:DA$4>$IY$3:$IY$4))+ISBLANK(DA$3:DA$4)) -> 0 | DB12: =SUMPRODUCT((NOT(ISBLANK(DB$3:DB$4))*(DB$3:DB$4>$IN$3:$IN$4))+ISBLANK(DB$3:DB$4)) -> 0 | DC12: =SUMPRODUCT((NOT(ISBLANK(DC$3:DC$4))*(DC$3:DC$4>$IO$3:$IO$4))+ISBLANK(DC$3:DC$4)) -> 0 | DD12: =SUMPRODUCT((NOT(ISBLANK(DD$3:DD$4))*(DD$3:DD$4>$IP$3:$IP$4))+ISBLANK(DD$3:DD$4)) -> 0 | DE12: =SUMPRODUCT((NOT(ISBLANK(DE$3:DE$4))*(DE$3:DE$4>$IQ$3:$IQ$4))+ISBLANK(DE$3:DE$4)) -> 0 | DF12: =SUMPRODUCT((NOT(ISBLANK(DF$3:DF$4))*(DF$3:DF$4>$IR$3:$IR$4))+ISBLANK(DF$3:DF$4)) -> 0 | DG12: =SUMPRODUCT((NOT(ISBLANK(DG$3:DG$4))*(DG$3:DG$4>$IS$3:$IS$4))+ISBLANK(DG$3:DG$4)) -> 0 | DH12: =SUMPRODUCT((NOT(ISBLANK(DH$3:DH$4))*(DH$3:DH$4>$IT$3:$IT$4))+ISBLANK(DH$3:DH$4)) -> 0 | DI12: =SUMPRODUCT((NOT(ISBLANK(DI$3:DI$4))*(DI$3:DI$4>$IU$3:$IU$4))+ISBLANK(DI$3:DI$4)) -> 0 | DJ12: =SUMPRODUCT((NOT(ISBLANK(DJ$3:DJ$4))*(DJ$3:DJ$4>$IV$3:$IV$4))+ISBLANK(DJ$3:DJ$4)) -> 0 | DK12: =SUMPRODUCT((NOT(ISBLANK(DK$3:DK$4))*(DK$3:DK$4>$IW$3:$IW$4))+ISBLANK(DK$3:DK$4)) -> 0 | DM12: =SUMPRODUCT((NOT(ISBLANK(DM$3:DM$4))*(DM$3:DM$4>$IX$3:$IX$4))+ISBLANK(DM$3:DM$4)) -> 0 | DN12: =SUMPRODUCT((NOT(ISBLANK(DN$3:DN$4))*(DN$3:DN$4>$IY$3:$IY$4))+ISBLANK(DN$3:DN$4)) -> 0 | DO12: =SUMPRODUCT((NOT(ISBLANK(DO$3:DO$4))*(DO$3:DO$4>$IN$3:$IN$4))+ISBLANK(DO$3:DO$4)) -> 0 | DP12: =SUMPRODUCT((NOT(ISBLANK(DP$3:DP$4))*(DP$3:DP$4>$IO$3:$IO$4))+ISBLANK(DP$3:DP$4)) -> 0 | DQ12: =SUMPRODUCT((NOT(ISBLANK(DQ$3:DQ$4))*(DQ$3:DQ$4>$IP$3:$IP$4))+ISBLANK(DQ$3:DQ$4)) -> 0 | DR12: =SUMPRODUCT((NOT(ISBLANK(DR$3:DR$4))*(DR$3:DR$4>$IQ$3:$IQ$4))+ISBLANK(DR$3:DR$4)) -> 0 | DS12: =SUMPRODUCT((NOT(ISBLANK(DS$3:DS$4))*(DS$3:DS$4>$IR$3:$IR$4))+ISBLANK(DS$3:DS$4)) -> 0 | DT12: =SUMPRODUCT((NOT(ISBLANK(DT$3:DT$4))*(DT$3:DT$4>$IS$3:$IS$4))+ISBLANK(DT$3:DT$4)) -> 0 | DU12: =SUMPRODUCT((NOT(ISBLANK(DU$3:DU$4))*(DU$3:DU$4>$IT$3:$IT$4))+ISBLANK(DU$3:DU$4)) -> 0 | DV12: =SUMPRODUCT((NOT(ISBLANK(DV$3:DV$4))*(DV$3:DV$4>$IU$3:$IU$4))+ISBLANK(DV$3:DV$4)) -> 0 | DW12: =SUMPRODUCT((NOT(ISBLANK(DW$3:DW$4))*(DW$3:DW$4>$IV$3:$IV$4))+ISBLANK(DW$3:DW$4)) -> 0 | DX12: =SUMPRODUCT((NOT(ISBLANK(DX$3:DX$4))*(DX$3:DX$4>$IW$3:$IW$4))+ISBLANK(DX$3:DX$4)) -> 0 | DZ12: =SUMPRODUCT((NOT(ISBLANK(DZ$3:DZ$4))*(DZ$3:DZ$4>$IX$3:$IX$4))+ISBLANK(DZ$3:DZ$4)) -> 0 | EA12: =SUMPRODUCT((NOT(ISBLANK(EA$3:EA$4))*(EA$3:EA$4>$IY$3:$IY$4))+ISBLANK(EA$3:EA$4)) -> 0 | EB12: =SUMPRODUCT((NOT(ISBLANK(EB$3:EB$4))*(EB$3:EB$4>$IN$3:$IN$4))+ISBLANK(EB$3:EB$4)) -> 0 | EC12: =SUMPRODUCT((NOT(ISBLANK(EC$3:EC$4))*(EC$3:EC$4>$IO$3:$IO$4))+ISBLANK(EC$3:EC$4)) -> 0 | ED12: =SUMPRODUCT((NOT(ISBLANK(ED$3:ED$4))*(ED$3:ED$4>$IP$3:$IP$4))+ISBLANK(ED$3:ED$4)) -> 0 | EE12: =SUMPRODUCT((NOT(ISBLANK(EE$3:EE$4))*(EE$3:EE$4>$IQ$3:$IQ$4))+ISBLANK(EE$3:EE$4)) -> 0 | EF12: =SUMPRODUCT((NOT(ISBLANK(EF$3:EF$4))*(EF$3:EF$4>$IR$3:$IR$4))+ISBLANK(EF$3:EF$4)) -> 0 | EG12: =SUMPRODUCT((NOT(ISBLANK(EG$3:EG$4))*(EG$3:EG$4>$IS$3:$IS$4))+ISBLANK(EG$3:EG$4)) -> 0 | EH12: =SUMPRODUCT((NOT(ISBLANK(EH$3:EH$4))*(EH$3:EH$4>$IT$3:$IT$4))+ISBLANK(EH$3:EH$4)) -> 0 | EI12: =SUMPRODUCT((NOT(ISBLANK(EI$3:EI$4))*(EI$3:EI$4>$IU$3:$IU$4))+ISBLANK(EI$3:EI$4)) -> 0 | EJ12: =SUMPRODUCT((NOT(ISBLANK(EJ$3:EJ$4))*(EJ$3:EJ$4>$IV$3:$IV$4))+ISBLANK(EJ$3:EJ$4)) -> 0 | EK12: =SUMPRODUCT((NOT(ISBLANK(EK$3:EK$4))*(EK$3:EK$4>$IW$3:$IW$4))+ISBLANK(EK$3:EK$4)) -> 0 | EM12: =SUMPRODUCT((NOT(ISBLANK(EM$3:EM$4))*(EM$3:EM$4>$IX$3:$IX$4))+ISBLANK(EM$3:EM$4)) -> 0 | EN12: =SUMPRODUCT((NOT(ISBLANK(EN$3:EN$4))*(EN$3:EN$4>$IY$3:$IY$4))+ISBLANK(EN$3:EN$4)) -> 0 | EO12: =SUMPRODUCT((NOT(ISBLANK(EO$3:EO$4))*(EO$3:EO$4>$IN$3:$IN$4))+ISBLANK(EO$3:EO$4)) -> 0 | EP12: =SUMPRODUCT((NOT(ISBLANK(EP$3:EP$4))*(EP$3:EP$4>$IO$3:$IO$4))+ISBLANK(EP$3:EP$4)) -> 0 | EQ12: =SUMPRODUCT((NOT(ISBLANK(EQ$3:EQ$4))*(EQ$3:EQ$4>$IP$3:$IP$4))+ISBLANK(EQ$3:EQ$4)) -> 0 | ER12: =SUMPRODUCT((NOT(ISBLANK(ER$3:ER$4))*(ER$3:ER$4>$IQ$3:$IQ$4))+ISBLANK(ER$3:ER$4)) -> 0 | ES12: =SUMPRODUCT((NOT(ISBLANK(ES$3:ES$4))*(ES$3:ES$4>$IR$3:$IR$4))+ISBLANK(ES$3:ES$4)) -> 0 | ET12: =SUMPRODUCT((NOT(ISBLANK(ET$3:ET$4))*(ET$3:ET$4>$IS$3:$IS$4))+ISBLANK(ET$3:ET$4)) -> 0 | EU12: =SUMPRODUCT((NOT(ISBLANK(EU$3:EU$4))*(EU$3:EU$4>$IT$3:$IT$4))+ISBLANK(EU$3:EU$4)) -> 0 | EV12: =SUMPRODUCT((NOT(ISBLANK(EV$3:EV$4))*(EV$3:EV$4>$IU$3:$IU$4))+ISBLANK(EV$3:EV$4)) -> 0 | EW12: =SUMPRODUCT((NOT(ISBLANK(EW$3:EW$4))*(EW$3:EW$4>$IV$3:$IV$4))+ISBLANK(EW$3:EW$4)) -> 0 | EX12: =SUMPRODUCT((NOT(ISBLANK(EX$3:EX$4))*(EX$3:EX$4>$IW$3:$IW$4))+ISBLANK(EX$3:EX$4)) -> 0 | EZ12: =SUMPRODUCT((NOT(ISBLANK(EZ$3:EZ$4))*(EZ$3:EZ$4>$IX$3:$IX$4))+ISBLANK(EZ$3:EZ$4)) -> 0 | FA12: =SUMPRODUCT((NOT(ISBLANK(FA$3:FA$4))*(FA$3:FA$4>$IY$3:$IY$4))+ISBLANK(FA$3:FA$4)) -> 0 | FB12: =SUMPRODUCT((NOT(ISBLANK(FB$3:FB$4))*(FB$3:FB$4>$IN$3:$IN$4))+ISBLANK(FB$3:FB$4)) -> 0 | FC12: =SUMPRODUCT((NOT(ISBLANK(FC$3:FC$4))*(FC$3:FC$4>$IO$3:$IO$4))+ISBLANK(FC$3:FC$4)) -> 0 | FD12: =SUMPRODUCT((NOT(ISBLANK(FD$3:FD$4))*(FD$3:FD$4>$IP$3:$IP$4))+ISBLANK(FD$3:FD$4)) -> 0 | FE12: =SUMPRODUCT((NOT(ISBLANK(FE$3:FE$4))*(FE$3:FE$4>$IQ$3:$IQ$4))+ISBLANK(FE$3:FE$4)) -> 0 | FF12: =SUMPRODUCT((NOT(ISBLANK(FF$3:FF$4))*(FF$3:FF$4>$IR$3:$IR$4))+ISBLANK(FF$3:FF$4)) -> 0 | FG12: =SUMPRODUCT((NOT(ISBLANK(FG$3:FG$4))*(FG$3:FG$4>$IS$3:$IS$4))+ISBLANK(FG$3:FG$4)) -> 0 | FH12: =SUMPRODUCT((NOT(ISBLANK(FH$3:FH$4))*(FH$3:FH$4>$IT$3:$IT$4))+ISBLANK(FH$3:FH$4)) -> 0 | FI12: =SUMPRODUCT((NOT(ISBLANK(FI$3:FI$4))*(FI$3:FI$4>$IU$3:$IU$4))+ISBLANK(FI$3:FI$4)) -> 0 | FJ12: =SUMPRODUCT((NOT(ISBLANK(FJ$3:FJ$4))*(FJ$3:FJ$4>$IV$3:$IV$4))+ISBLANK(FJ$3:FJ$4)) -> 0 | FK12: =SUMPRODUCT((NOT(ISBLANK(FK$3:FK$4))*(FK$3:FK$4>$IW$3:$IW$4))+ISBLANK(FK$3:FK$4)) -> 0 | FM12: =SUMPRODUCT((NOT(ISBLANK(FM$3:FM$4))*(FM$3:FM$4>$IX$3:$IX$4))+ISBLANK(FM$3:FM$4)) -> 0 | FN12: =SUMPRODUCT((NOT(ISBLANK(FN$3:FN$4))*(FN$3:FN$4>$IY$3:$IY$4))+ISBLANK(FN$3:FN$4)) -> 0 | FO12: =SUMPRODUCT((NOT(ISBLANK(FO$3:FO$4))*(FO$3:FO$4>$IN$3:$IN$4))+ISBLANK(FO$3:FO$4)) -> 0 | FP12: =SUMPRODUCT((NOT(ISBLANK(FP$3:FP$4))*(FP$3:FP$4>$IO$3:$IO$4))+ISBLANK(FP$3:FP$4)) -> 0 | FQ12: =SUMPRODUCT((NOT(ISBLANK(FQ$3:FQ$4))*(FQ$3:FQ$4>$IP$3:$IP$4))+ISBLANK(FQ$3:FQ$4)) -> 0 | FR12: =SUMPRODUCT((NOT(ISBLANK(FR$3:FR$4))*(FR$3:FR$4>$IQ$3:$IQ$4))+ISBLANK(FR$3:FR$4)) -> 0 | FS12: =SUMPRODUCT((NOT(ISBLANK(FS$3:FS$4))*(FS$3:FS$4>$IR$3:$IR$4))+ISBLANK(FS$3:FS$4)) -> 0 | FT12: =SUMPRODUCT((NOT(ISBLANK(FT$3:FT$4))*(FT$3:FT$4>$IS$3:$IS$4))+ISBLANK(FT$3:FT$4)) -> 0 | FU12: =SUMPRODUCT((NOT(ISBLANK(FU$3:FU$4))*(FU$3:FU$4>$IT$3:$IT$4))+ISBLANK(FU$3:FU$4)) -> 0 | FV12: =SUMPRODUCT((NOT(ISBLANK(FV$3:FV$4))*(FV$3:FV$4>$IU$3:$IU$4))+ISBLANK(FV$3:FV$4)) -> 0 | FW12: =SUMPRODUCT((NOT(ISBLANK(FW$3:FW$4))*(FW$3:FW$4>$IV$3:$IV$4))+ISBLANK(FW$3:FW$4)) -> 0 | FX12: =SUMPRODUCT((NOT(ISBLANK(FX$3:FX$4))*(FX$3:FX$4>$IW$3:$IW$4))+ISBLANK(FX$3:FX$4)) -> 0 | FZ12: =SUMPRODUCT((NOT(ISBLANK(FZ$3:FZ$4))*(FZ$3:FZ$4>$IX$3:$IX$4))+ISBLANK(FZ$3:FZ$4)) -> 0 | GA12: =SUMPRODUCT((NOT(ISBLANK(GA$3:GA$4))*(GA$3:GA$4>$IY$3:$IY$4))+ISBLANK(GA$3:GA$4)) -> 0 | GB12: =SUMPRODUCT((NOT(ISBLANK(GB$3:GB$4))*(GB$3:GB$4>$IN$3:$IN$4))+ISBLANK(GB$3:GB$4)) -> 0 | GC12: =SUMPRODUCT((NOT(ISBLANK(GC$3:GC$4))*(GC$3:GC$4>$IO$3:$IO$4))+ISBLANK(GC$3:GC$4)) -> 0 | GD12: =SUMPRODUCT((NOT(ISBLANK(GD$3:GD$4))*(GD$3:GD$4>$IP$3:$IP$4))+ISBLANK(GD$3:GD$4)) -> 0 | GE12: =SUMPRODUCT((NOT(ISBLANK(GE$3:GE$4))*(GE$3:GE$4>$IQ$3:$IQ$4))+ISBLANK(GE$3:GE$4)) -> 0 | GF12: =SUMPRODUCT((NOT(ISBLANK(GF$3:GF$4))*(GF$3:GF$4>$IR$3:$IR$4))+ISBLANK(GF$3:GF$4)) -> 0 | GG12: =SUMPRODUCT((NOT(ISBLANK(GG$3:GG$4))*(GG$3:GG$4>$IS$3:$IS$4))+ISBLANK(GG$3:GG$4)) -> 0 | GH12: =SUMPRODUCT((NOT(ISBLANK(GH$3:GH$4))*(GH$3:GH$4>$IT$3:$IT$4))+ISBLANK(GH$3:GH$4)) -> 0 | GI12: =SUMPRODUCT((NOT(ISBLANK(GI$3:GI$4))*(GI$3:GI$4>$IU$3:$IU$4))+ISBLANK(GI$3:GI$4)) -> 0 | GJ12: =SUMPRODUCT((NOT(ISBLANK(GJ$3:GJ$4))*(GJ$3:GJ$4>$IV$3:$IV$4))+ISBLANK(GJ$3:GJ$4)) -> 0 | GK12: =SUMPRODUCT((NOT(ISBLANK(GK$3:GK$4))*(GK$3:GK$4>$IW$3:$IW$4))+ISBLANK(GK$3:GK$4)) -> 0 | GM12: =SUMPRODUCT((NOT(ISBLANK(GM$3:GM$4))*(GM$3:GM$4>$IX$3:$IX$4))+ISBLANK(GM$3:GM$4)) -> 0 | GN12: =SUMPRODUCT((NOT(ISBLANK(GN$3:GN$4))*(GN$3:GN$4>$IY$3:$IY$4))+ISBLANK(GN$3:GN$4)) -> 0 | GO12: =SUMPRODUCT((NOT(ISBLANK(GO$3:GO$4))*(GO$3:GO$4>$IN$3:$IN$4))+ISBLANK(GO$3:GO$4)) -> 0 | GP12: =SUMPRODUCT((NOT(ISBLANK(GP$3:GP$4))*(GP$3:GP$4>$IO$3:$IO$4))+ISBLANK(GP$3:GP$4)) -> 0 | GQ12: =SUMPRODUCT((NOT(ISBLANK(GQ$3:GQ$4))*(GQ$3:GQ$4>$IP$3:$IP$4))+ISBLANK(GQ$3:GQ$4)) -> 0 | GR12: =SUMPRODUCT((NOT(ISBLANK(GR$3:GR$4))*(GR$3:GR$4>$IQ$3:$IQ$4))+ISBLANK(GR$3:GR$4)) -> 0 | GS12: =SUMPRODUCT((NOT(ISBLANK(GS$3:GS$4))*(GS$3:GS$4>$IR$3:$IR$4))+ISBLANK(GS$3:GS$4)) -> 0 | GT12: =SUMPRODUCT((NOT(ISBLANK(GT$3:GT$4))*(GT$3:GT$4>$IS$3:$IS$4))+ISBLANK(GT$3:GT$4)) -> 0 | GU12: =SUMPRODUCT((NOT(ISBLANK(GU$3:GU$4))*(GU$3:GU$4>$IT$3:$IT$4))+ISBLANK(GU$3:GU$4)) -> 0 | GV12: =SUMPRODUCT((NOT(ISBLANK(GV$3:GV$4))*(GV$3:GV$4>$IU$3:$IU$4))+ISBLANK(GV$3:GV$4)) -> 0 | GW12: =SUMPRODUCT((NOT(ISBLANK(GW$3:GW$4))*(GW$3:GW$4>$IV$3:$IV$4))+ISBLANK(GW$3:GW$4)) -> 0 | GX12: =SUMPRODUCT((NOT(ISBLANK(GX$3:GX$4))*(GX$3:GX$4>$IW$3:$IW$4))+ISBLANK(GX$3:GX$4)) -> 0 | GZ12: =SUMPRODUCT((NOT(ISBLANK(GZ$3:GZ$4))*(GZ$3:GZ$4>$IX$3:$IX$4))+ISBLANK(GZ$3:GZ$4)) -> 0 | HA12: =SUMPRODUCT((NOT(ISBLANK(HA$3:HA$4))*(HA$3:HA$4>$IY$3:$IY$4))+ISBLANK(HA$3:HA$4)) -> 0 | HB12: =SUMPRODUCT((NOT(ISBLANK(HB$3:HB$4))*(HB$3:HB$4>$IN$3:$IN$4))+ISBLANK(HB$3:HB$4)) -> 0 | HC12: =SUMPRODUCT((NOT(ISBLANK(HC$3:HC$4))*(HC$3:HC$4>$IO$3:$IO$4))+ISBLANK(HC$3:HC$4)) -> 0 | HD12: =SUMPRODUCT((NOT(ISBLANK(HD$3:HD$4))*(HD$3:HD$4>$IP$3:$IP$4))+ISBLANK(HD$3:HD$4)) -> 0 | HE12: =SUMPRODUCT((NOT(ISBLANK(HE$3:HE$4))*(HE$3:HE$4>$IQ$3:$IQ$4))+ISBLANK(HE$3:HE$4)) -> 0 | HF12: =SUMPRODUCT((NOT(ISBLANK(HF$3:HF$4))*(HF$3:HF$4>$IR$3:$IR$4))+ISBLANK(HF$3:HF$4)) -> 0 | HG12: =SUMPRODUCT((NOT(ISBLANK(HG$3:HG$4))*(HG$3:HG$4>$IS$3:$IS$4))+ISBLANK(HG$3:HG$4)) -> 0 | HH12: =SUMPRODUCT((NOT(ISBLANK(HH$3:HH$4))*(HH$3:HH$4>$IT$3:$IT$4))+ISBLANK(HH$3:HH$4)) -> 0 | HI12: =SUMPRODUCT((NOT(ISBLANK(HI$3:HI$4))*(HI$3:HI$4>$IU$3:$IU$4))+ISBLANK(HI$3:HI$4)) -> 0 | HJ12: =SUMPRODUCT((NOT(ISBLANK(HJ$3:HJ$4))*(HJ$3:HJ$4>$IV$3:$IV$4))+ISBLANK(HJ$3:HJ$4)) -> 0 | HK12: =SUMPRODUCT((NOT(ISBLANK(HK$3:HK$4))*(HK$3:HK$4>$IW$3:$IW$4))+ISBLANK(HK$3:HK$4)) -> 0 | HM12: =SUMPRODUCT((NOT(ISBLANK(HM$3:HM$4))*(HM$3:HM$4>$IX$3:$IX$4))+ISBLANK(HM$3:HM$4)) -> 0 | HN12: =SUMPRODUCT((NOT(ISBLANK(HN$3:HN$4))*(HN$3:HN$4>$IY$3:$IY$4))+ISBLANK(HN$3:HN$4)) -> 0 | HO12: =SUMPRODUCT((NOT(ISBLANK(HO$3:HO$4))*(HO$3:HO$4>$IN$3:$IN$4))+ISBLANK(HO$3:HO$4)) -> 0 | HP12: =SUMPRODUCT((NOT(ISBLANK(HP$3:HP$4))*(HP$3:HP$4>$IO$3:$IO$4))+ISBLANK(HP$3:HP$4)) -> 0 | HQ12: =SUMPRODUCT((NOT(ISBLANK(HQ$3:HQ$4))*(HQ$3:HQ$4>$IP$3:$IP$4))+ISBLANK(HQ$3:HQ$4)) -> 0 | HR12: =SUMPRODUCT((NOT(ISBLANK(HR$3:HR$4))*(HR$3:HR$4>$IQ$3:$IQ$4))+ISBLANK(HR$3:HR$4)) -> 0 | HS12: =SUMPRODUCT((NOT(ISBLANK(HS$3:HS$4))*(HS$3:HS$4>$IR$3:$IR$4))+ISBLANK(HS$3:HS$4)) -> 0 | HT12: =SUMPRODUCT((NOT(ISBLANK(HT$3:HT$4))*(HT$3:HT$4>$IS$3:$IS$4))+ISBLANK(HT$3:HT$4)) -> 0 | HU12: =SUMPRODUCT((NOT(ISBLANK(HU$3:HU$4))*(HU$3:HU$4>$IT$3:$IT$4))+ISBLANK(HU$3:HU$4)) -> 0 | HV12: =SUMPRODUCT((NOT(ISBLANK(HV$3:HV$4))*(HV$3:HV$4>$IU$3:$IU$4))+ISBLANK(HV$3:HV$4)) -> 0 | HW12: =SUMPRODUCT((NOT(ISBLANK(HW$3:HW$4))*(HW$3:HW$4>$IV$3:$IV$4))+ISBLANK(HW$3:HW$4)) -> 0 | HX12: =SUMPRODUCT((NOT(ISBLANK(HX$3:HX$4))*(HX$3:HX$4>$IW$3:$IW$4))+ISBLANK(HX$3:HX$4)) -> 0 | HZ12: =SUMPRODUCT((NOT(ISBLANK(HZ$3:HZ$4))*(HZ$3:HZ$4>$IX$3:$IX$4))+ISBLANK(HZ$3:HZ$4)) -> 0 | IA12: =SUMPRODUCT((NOT(ISBLANK(IA$3:IA$4))*(IA$3:IA$4>$IY$3:$IY$4))+ISBLANK(IA$3:IA$4)) -> 0
A13: WORST | B13: =SUMPRODUCT((NOT(ISBLANK(B$3:B$4))*(B$3:B$4=$IZ$3:$IZ$4))+ISBLANK(B$3:B$4)) -> 0 | C13: =SUMPRODUCT((NOT(ISBLANK(C$3:C$4))*(C$3:C$4=$JA$3:$JA$4))+ISBLANK(C$3:C$4)) -> 0 | D13: =SUMPRODUCT((NOT(ISBLANK(D$3:D$4))*(D$3:D$4=$JB$3:$JB$4))+ISBLANK(D$3:D$4)) -> 0 | E13: =SUMPRODUCT((NOT(ISBLANK(E$3:E$4))*(E$3:E$4=$JC$3:$JC$4))+ISBLANK(E$3:E$4)) -> 0 | F13: =SUMPRODUCT((NOT(ISBLANK(F$3:F$4))*(F$3:F$4=$JD$3:$JD$4))+ISBLANK(F$3:F$4)) -> 0 | G13: =SUMPRODUCT((NOT(ISBLANK(G$3:G$4))*(G$3:G$4=$JE$3:$JE$4))+ISBLANK(G$3:G$4)) -> 0 | H13: =SUMPRODUCT((NOT(ISBLANK(H$3:H$4))*(H$3:H$4=$JF$3:$JF$4))+ISBLANK(H$3:H$4)) -> 0 | I13: =SUMPRODUCT((NOT(ISBLANK(I$3:I$4))*(I$3:I$4=$JG$3:$JG$4))+ISBLANK(I$3:I$4)) -> 0 | J13: =SUMPRODUCT((NOT(ISBLANK(J$3:J$4))*(J$3:J$4=$JH$3:$JH$4))+ISBLANK(J$3:J$4)) -> 0 | K13: =SUMPRODUCT((NOT(ISBLANK(K$3:K$4))*(K$3:K$4=$JI$3:$JI$4))+ISBLANK(K$3:K$4)) -> 0 | M13: =SUMPRODUCT((NOT(ISBLANK(M$3:M$4))*(M$3:M$4=$JJ$3:$JJ$4))+ISBLANK(M$3:M$4)) -> 0 | N13: =SUMPRODUCT((NOT(ISBLANK(N$3:N$4))*(N$3:N$4=$JK$3:$JK$4))+ISBLANK(N$3:N$4)) -> 0 | O13: =SUMPRODUCT((NOT(ISBLANK(O$3:O$4))*(O$3:O$4=$IZ$3:$IZ$4))+ISBLANK(O$3:O$4)) -> 0 | P13: =SUMPRODUCT((NOT(ISBLANK(P$3:P$4))*(P$3:P$4=$JA$3:$JA$4))+ISBLANK(P$3:P$4)) -> 0 | Q13: =SUMPRODUCT((NOT(ISBLANK(Q$3:Q$4))*(Q$3:Q$4=$JB$3:$JB$4))+ISBLANK(Q$3:Q$4)) -> 0 | R13: =SUMPRODUCT((NOT(ISBLANK(R$3:R$4))*(R$3:R$4=$JC$3:$JC$4))+ISBLANK(R$3:R$4)) -> 0 | S13: =SUMPRODUCT((NOT(ISBLANK(S$3:S$4))*(S$3:S$4=$JD$3:$JD$4))+ISBLANK(S$3:S$4)) -> 0 | T13: =SUMPRODUCT((NOT(ISBLANK(T$3:T$4))*(T$3:T$4=$JE$3:$JE$4))+ISBLANK(T$3:T$4)) -> 0 | U13: =SUMPRODUCT((NOT(ISBLANK(U$3:U$4))*(U$3:U$4=$JF$3:$JF$4))+ISBLANK(U$3:U$4)) -> 0 | V13: =SUMPRODUCT((NOT(ISBLANK(V$3:V$4))*(V$3:V$4=$JG$3:$JG$4))+ISBLANK(V$3:V$4)) -> 0 | W13: =SUMPRODUCT((NOT(ISBLANK(W$3:W$4))*(W$3:W$4=$JH$3:$JH$4))+ISBLANK(W$3:W$4)) -> 0 | X13: =SUMPRODUCT((NOT(ISBLANK(X$3:X$4))*(X$3:X$4=$JI$3:$JI$4))+ISBLANK(X$3:X$4)) -> 0 | Z13: =SUMPRODUCT((NOT(ISBLANK(Z$3:Z$4))*(Z$3:Z$4=$JJ$3:$JJ$4))+ISBLANK(Z$3:Z$4)) -> 0 | AA13: =SUMPRODUCT((NOT(ISBLANK(AA$3:AA$4))*(AA$3:AA$4=$JK$3:$JK$4))+ISBLANK(AA$3:AA$4)) -> 0 | AB13: =SUMPRODUCT((NOT(ISBLANK(AB$3:AB$4))*(AB$3:AB$4=$IZ$3:$IZ$4))+ISBLANK(AB$3:AB$4)) -> 0 | AC13: =SUMPRODUCT((NOT(ISBLANK(AC$3:AC$4))*(AC$3:AC$4=$JA$3:$JA$4))+ISBLANK(AC$3:AC$4)) -> 0 | AD13: =SUMPRODUCT((NOT(ISBLANK(AD$3:AD$4))*(AD$3:AD$4=$JB$3:$JB$4))+ISBLANK(AD$3:AD$4)) -> 0 | AE13: =SUMPRODUCT((NOT(ISBLANK(AE$3:AE$4))*(AE$3:AE$4=$JC$3:$JC$4))+ISBLANK(AE$3:AE$4)) -> 0 | AF13: =SUMPRODUCT((NOT(ISBLANK(AF$3:AF$4))*(AF$3:AF$4=$JD$3:$JD$4))+ISBLANK(AF$3:AF$4)) -> 0 | AG13: =SUMPRODUCT((NOT(ISBLANK(AG$3:AG$4))*(AG$3:AG$4=$JE$3:$JE$4))+ISBLANK(AG$3:AG$4)) -> 0 | AH13: =SUMPRODUCT((NOT(ISBLANK(AH$3:AH$4))*(AH$3:AH$4=$JF$3:$JF$4))+ISBLANK(AH$3:AH$4)) -> 0 | AI13: =SUMPRODUCT((NOT(ISBLANK(AI$3:AI$4))*(AI$3:AI$4=$JG$3:$JG$4))+ISBLANK(AI$3:AI$4)) -> 0 | AJ13: =SUMPRODUCT((NOT(ISBLANK(AJ$3:AJ$4))*(AJ$3:AJ$4=$JH$3:$JH$4))+ISBLANK(AJ$3:AJ$4)) -> 0 | AK13: =SUMPRODUCT((NOT(ISBLANK(AK$3:AK$4))*(AK$3:AK$4=$JI$3:$JI$4))+ISBLANK(AK$3:AK$4)) -> 0 | AM13: =SUMPRODUCT((NOT(ISBLANK(AM$3:AM$4))*(AM$3:AM$4=$JJ$3:$JJ$4))+ISBLANK(AM$3:AM$4)) -> 0 | AN13: =SUMPRODUCT((NOT(ISBLANK(AN$3:AN$4))*(AN$3:AN$4=$JK$3:$JK$4))+ISBLANK(AN$3:AN$4)) -> 0 | AO13: =SUMPRODUCT((NOT(ISBLANK(AO$3:AO$4))*(AO$3:AO$4=$IZ$3:$IZ$4))+ISBLANK(AO$3:AO$4)) -> 0 | AP13: =SUMPRODUCT((NOT(ISBLANK(AP$3:AP$4))*(AP$3:AP$4=$JA$3:$JA$4))+ISBLANK(AP$3:AP$4)) -> 0 | AQ13: =SUMPRODUCT((NOT(ISBLANK(AQ$3:AQ$4))*(AQ$3:AQ$4=$JB$3:$JB$4))+ISBLANK(AQ$3:AQ$4)) -> 0 | AR13: =SUMPRODUCT((NOT(ISBLANK(AR$3:AR$4))*(AR$3:AR$4=$JC$3:$JC$4))+ISBLANK(AR$3:AR$4)) -> 0 | AS13: =SUMPRODUCT((NOT(ISBLANK(AS$3:AS$4))*(AS$3:AS$4=$JD$3:$JD$4))+ISBLANK(AS$3:AS$4)) -> 0 | AT13: =SUMPRODUCT((NOT(ISBLANK(AT$3:AT$4))*(AT$3:AT$4=$JE$3:$JE$4))+ISBLANK(AT$3:AT$4)) -> 0 | AU13: =SUMPRODUCT((NOT(ISBLANK(AU$3:AU$4))*(AU$3:AU$4=$JF$3:$JF$4))+ISBLANK(AU$3:AU$4)) -> 0 | AV13: =SUMPRODUCT((NOT(ISBLANK(AV$3:AV$4))*(AV$3:AV$4=$JG$3:$JG$4))+ISBLANK(AV$3:AV$4)) -> 0 | AW13: =SUMPRODUCT((NOT(ISBLANK(AW$3:AW$4))*(AW$3:AW$4=$JH$3:$JH$4))+ISBLANK(AW$3:AW$4)) -> 0 | AX13: =SUMPRODUCT((NOT(ISBLANK(AX$3:AX$4))*(AX$3:AX$4=$JI$3:$JI$4))+ISBLANK(AX$3:AX$4)) -> 0 | AZ13: =SUMPRODUCT((NOT(ISBLANK(AZ$3:AZ$4))*(AZ$3:AZ$4=$JJ$3:$JJ$4))+ISBLANK(AZ$3:AZ$4)) -> 0 | BA13: =SUMPRODUCT((NOT(ISBLANK(BA$3:BA$4))*(BA$3:BA$4=$JK$3:$JK$4))+ISBLANK(BA$3:BA$4)) -> 0 | BB13: =SUMPRODUCT((NOT(ISBLANK(BB$3:BB$4))*(BB$3:BB$4=$IZ$3:$IZ$4))+ISBLANK(BB$3:BB$4)) -> 0 | BC13: =SUMPRODUCT((NOT(ISBLANK(BC$3:BC$4))*(BC$3:BC$4=$JA$3:$JA$4))+ISBLANK(BC$3:BC$4)) -> 0 | BD13: =SUMPRODUCT((NOT(ISBLANK(BD$3:BD$4))*(BD$3:BD$4=$JB$3:$JB$4))+ISBLANK(BD$3:BD$4)) -> 0 | BE13: =SUMPRODUCT((NOT(ISBLANK(BE$3:BE$4))*(BE$3:BE$4=$JC$3:$JC$4))+ISBLANK(BE$3:BE$4)) -> 0 | BF13: =SUMPRODUCT((NOT(ISBLANK(BF$3:BF$4))*(BF$3:BF$4=$JD$3:$JD$4))+ISBLANK(BF$3:BF$4)) -> 0 | BG13: =SUMPRODUCT((NOT(ISBLANK(BG$3:BG$4))*(BG$3:BG$4=$JE$3:$JE$4))+ISBLANK(BG$3:BG$4)) -> 0 | BH13: =SUMPRODUCT((NOT(ISBLANK(BH$3:BH$4))*(BH$3:BH$4=$JF$3:$JF$4))+ISBLANK(BH$3:BH$4)) -> 0 | BI13: =SUMPRODUCT((NOT(ISBLANK(BI$3:BI$4))*(BI$3:BI$4=$JG$3:$JG$4))+ISBLANK(BI$3:BI$4)) -> 0 | BJ13: =SUMPRODUCT((NOT(ISBLANK(BJ$3:BJ$4))*(BJ$3:BJ$4=$JH$3:$JH$4))+ISBLANK(BJ$3:BJ$4)) -> 0 | BK13: =SUMPRODUCT((NOT(ISBLANK(BK$3:BK$4))*(BK$3:BK$4=$JI$3:$JI$4))+ISBLANK(BK$3:BK$4)) -> 0 | BM13: =SUMPRODUCT((NOT(ISBLANK(BM$3:BM$4))*(BM$3:BM$4=$JJ$3:$JJ$4))+ISBLANK(BM$3:BM$4)) -> 0 | BN13: =SUMPRODUCT((NOT(ISBLANK(BN$3:BN$4))*(BN$3:BN$4=$JK$3:$JK$4))+ISBLANK(BN$3:BN$4)) -> 0 | BO13: =SUMPRODUCT((NOT(ISBLANK(BO$3:BO$4))*(BO$3:BO$4=$IZ$3:$IZ$4))+ISBLANK(BO$3:BO$4)) -> 0 | BP13: =SUMPRODUCT((NOT(ISBLANK(BP$3:BP$4))*(BP$3:BP$4=$JA$3:$JA$4))+ISBLANK(BP$3:BP$4)) -> 0 | BQ13: =SUMPRODUCT((NOT(ISBLANK(BQ$3:BQ$4))*(BQ$3:BQ$4=$JB$3:$JB$4))+ISBLANK(BQ$3:BQ$4)) -> 0 | BR13: =SUMPRODUCT((NOT(ISBLANK(BR$3:BR$4))*(BR$3:BR$4=$JC$3:$JC$4))+ISBLANK(BR$3:BR$4)) -> 0 | BS13: =SUMPRODUCT((NOT(ISBLANK(BS$3:BS$4))*(BS$3:BS$4=$JD$3:$JD$4))+ISBLANK(BS$3:BS$4)) -> 0 | BT13: =SUMPRODUCT((NOT(ISBLANK(BT$3:BT$4))*(BT$3:BT$4=$JE$3:$JE$4))+ISBLANK(BT$3:BT$4)) -> 0 | BU13: =SUMPRODUCT((NOT(ISBLANK(BU$3:BU$4))*(BU$3:BU$4=$JF$3:$JF$4))+ISBLANK(BU$3:BU$4)) -> 0 | BV13: =SUMPRODUCT((NOT(ISBLANK(BV$3:BV$4))*(BV$3:BV$4=$JG$3:$JG$4))+ISBLANK(BV$3:BV$4)) -> 0 | BW13: =SUMPRODUCT((NOT(ISBLANK(BW$3:BW$4))*(BW$3:BW$4=$JH$3:$JH$4))+ISBLANK(BW$3:BW$4)) -> 0 | BX13: =SUMPRODUCT((NOT(ISBLANK(BX$3:BX$4))*(BX$3:BX$4=$JI$3:$JI$4))+ISBLANK(BX$3:BX$4)) -> 0 | BZ13: =SUMPRODUCT((NOT(ISBLANK(BZ$3:BZ$4))*(BZ$3:BZ$4=$JJ$3:$JJ$4))+ISBLANK(BZ$3:BZ$4)) -> 0 | CA13: =SUMPRODUCT((NOT(ISBLANK(CA$3:CA$4))*(CA$3:CA$4=$JK$3:$JK$4))+ISBLANK(CA$3:CA$4)) -> 0 | CB13: =SUMPRODUCT((NOT(ISBLANK(CB$3:CB$4))*(CB$3:CB$4=$IZ$3:$IZ$4))+ISBLANK(CB$3:CB$4)) -> 0 | CC13: =SUMPRODUCT((NOT(ISBLANK(CC$3:CC$4))*(CC$3:CC$4=$JA$3:$JA$4))+ISBLANK(CC$3:CC$4)) -> 0 | CD13: =SUMPRODUCT((NOT(ISBLANK(CD$3:CD$4))*(CD$3:CD$4=$JB$3:$JB$4))+ISBLANK(CD$3:CD$4)) -> 0 | CE13: =SUMPRODUCT((NOT(ISBLANK(CE$3:CE$4))*(CE$3:CE$4=$JC$3:$JC$4))+ISBLANK(CE$3:CE$4)) -> 0 | CF13: =SUMPRODUCT((NOT(ISBLANK(CF$3:CF$4))*(CF$3:CF$4=$JD$3:$JD$4))+ISBLANK(CF$3:CF$4)) -> 0 | CG13: =SUMPRODUCT((NOT(ISBLANK(CG$3:CG$4))*(CG$3:CG$4=$JE$3:$JE$4))+ISBLANK(CG$3:CG$4)) -> 0 | CH13: =SUMPRODUCT((NOT(ISBLANK(CH$3:CH$4))*(CH$3:CH$4=$JF$3:$JF$4))+ISBLANK(CH$3:CH$4)) -> 0 | CI13: =SUMPRODUCT((NOT(ISBLANK(CI$3:CI$4))*(CI$3:CI$4=$JG$3:$JG$4))+ISBLANK(CI$3:CI$4)) -> 0 | CJ13: =SUMPRODUCT((NOT(ISBLANK(CJ$3:CJ$4))*(CJ$3:CJ$4=$JH$3:$JH$4))+ISBLANK(CJ$3:CJ$4)) -> 0 | CK13: =SUMPRODUCT((NOT(ISBLANK(CK$3:CK$4))*(CK$3:CK$4=$JI$3:$JI$4))+ISBLANK(CK$3:CK$4)) -> 0 | CM13: =SUMPRODUCT((NOT(ISBLANK(CM$3:CM$4))*(CM$3:CM$4=$JJ$3:$JJ$4))+ISBLANK(CM$3:CM$4)) -> 0 | CN13: =SUMPRODUCT((NOT(ISBLANK(CN$3:CN$4))*(CN$3:CN$4=$JK$3:$JK$4))+ISBLANK(CN$3:CN$4)) -> 0 | CO13: =SUMPRODUCT((NOT(ISBLANK(CO$3:CO$4))*(CO$3:CO$4=$IZ$3:$IZ$4))+ISBLANK(CO$3:CO$4)) -> 0 | CP13: =SUMPRODUCT((NOT(ISBLANK(CP$3:CP$4))*(CP$3:CP$4=$JA$3:$JA$4))+ISBLANK(CP$3:CP$4)) -> 0 | CQ13: =SUMPRODUCT((NOT(ISBLANK(CQ$3:CQ$4))*(CQ$3:CQ$4=$JB$3:$JB$4))+ISBLANK(CQ$3:CQ$4)) -> 0 | CR13: =SUMPRODUCT((NOT(ISBLANK(CR$3:CR$4))*(CR$3:CR$4=$JC$3:$JC$4))+ISBLANK(CR$3:CR$4)) -> 0 | CS13: =SUMPRODUCT((NOT(ISBLANK(CS$3:CS$4))*(CS$3:CS$4=$JD$3:$JD$4))+ISBLANK(CS$3:CS$4)) -> 0 | CT13: =SUMPRODUCT((NOT(ISBLANK(CT$3:CT$4))*(CT$3:CT$4=$JE$3:$JE$4))+ISBLANK(CT$3:CT$4)) -> 0 | CU13: =SUMPRODUCT((NOT(ISBLANK(CU$3:CU$4))*(CU$3:CU$4=$JF$3:$JF$4))+ISBLANK(CU$3:CU$4)) -> 0 | CV13: =SUMPRODUCT((NOT(ISBLANK(CV$3:CV$4))*(CV$3:CV$4=$JG$3:$JG$4))+ISBLANK(CV$3:CV$4)) -> 0 | CW13: =SUMPRODUCT((NOT(ISBLANK(CW$3:CW$4))*(CW$3:CW$4=$JH$3:$JH$4))+ISBLANK(CW$3:CW$4)) -> 0 | CX13: =SUMPRODUCT((NOT(ISBLANK(CX$3:CX$4))*(CX$3:CX$4=$JI$3:$JI$4))+ISBLANK(CX$3:CX$4)) -> 0 | CZ13: =SUMPRODUCT((NOT(ISBLANK(CZ$3:CZ$4))*(CZ$3:CZ$4=$JJ$3:$JJ$4))+ISBLANK(CZ$3:CZ$4)) -> 0 | DA13: =SUMPRODUCT((NOT(ISBLANK(DA$3:DA$4))*(DA$3:DA$4=$JK$3:$JK$4))+ISBLANK(DA$3:DA$4)) -> 0 | DB13: =SUMPRODUCT((NOT(ISBLANK(DB$3:DB$4))*(DB$3:DB$4=$IZ$3:$IZ$4))+ISBLANK(DB$3:DB$4)) -> 0 | DC13: =SUMPRODUCT((NOT(ISBLANK(DC$3:DC$4))*(DC$3:DC$4=$JA$3:$JA$4))+ISBLANK(DC$3:DC$4)) -> 0 | DD13: =SUMPRODUCT((NOT(ISBLANK(DD$3:DD$4))*(DD$3:DD$4=$JB$3:$JB$4))+ISBLANK(DD$3:DD$4)) -> 0 | DE13: =SUMPRODUCT((NOT(ISBLANK(DE$3:DE$4))*(DE$3:DE$4=$JC$3:$JC$4))+ISBLANK(DE$3:DE$4)) -> 0 | DF13: =SUMPRODUCT((NOT(ISBLANK(DF$3:DF$4))*(DF$3:DF$4=$JD$3:$JD$4))+ISBLANK(DF$3:DF$4)) -> 0 | DG13: =SUMPRODUCT((NOT(ISBLANK(DG$3:DG$4))*(DG$3:DG$4=$JE$3:$JE$4))+ISBLANK(DG$3:DG$4)) -> 0 | DH13: =SUMPRODUCT((NOT(ISBLANK(DH$3:DH$4))*(DH$3:DH$4=$JF$3:$JF$4))+ISBLANK(DH$3:DH$4)) -> 0 | DI13: =SUMPRODUCT((NOT(ISBLANK(DI$3:DI$4))*(DI$3:DI$4=$JG$3:$JG$4))+ISBLANK(DI$3:DI$4)) -> 0 | DJ13: =SUMPRODUCT((NOT(ISBLANK(DJ$3:DJ$4))*(DJ$3:DJ$4=$JH$3:$JH$4))+ISBLANK(DJ$3:DJ$4)) -> 0 | DK13: =SUMPRODUCT((NOT(ISBLANK(DK$3:DK$4))*(DK$3:DK$4=$JI$3:$JI$4))+ISBLANK(DK$3:DK$4)) -> 0 | DM13: =SUMPRODUCT((NOT(ISBLANK(DM$3:DM$4))*(DM$3:DM$4=$JJ$3:$JJ$4))+ISBLANK(DM$3:DM$4)) -> 0 | DN13: =SUMPRODUCT((NOT(ISBLANK(DN$3:DN$4))*(DN$3:DN$4=$JK$3:$JK$4))+ISBLANK(DN$3:DN$4)) -> 0 | DO13: =SUMPRODUCT((NOT(ISBLANK(DO$3:DO$4))*(DO$3:DO$4=$IZ$3:$IZ$4))+ISBLANK(DO$3:DO$4)) -> 0 | DP13: =SUMPRODUCT((NOT(ISBLANK(DP$3:DP$4))*(DP$3:DP$4=$JA$3:$JA$4))+ISBLANK(DP$3:DP$4)) -> 0 | DQ13: =SUMPRODUCT((NOT(ISBLANK(DQ$3:DQ$4))*(DQ$3:DQ$4=$JB$3:$JB$4))+ISBLANK(DQ$3:DQ$4)) -> 0 | DR13: =SUMPRODUCT((NOT(ISBLANK(DR$3:DR$4))*(DR$3:DR$4=$JC$3:$JC$4))+ISBLANK(DR$3:DR$4)) -> 0 | DS13: =SUMPRODUCT((NOT(ISBLANK(DS$3:DS$4))*(DS$3:DS$4=$JD$3:$JD$4))+ISBLANK(DS$3:DS$4)) -> 0 | DT13: =SUMPRODUCT((NOT(ISBLANK(DT$3:DT$4))*(DT$3:DT$4=$JE$3:$JE$4))+ISBLANK(DT$3:DT$4)) -> 0 | DU13: =SUMPRODUCT((NOT(ISBLANK(DU$3:DU$4))*(DU$3:DU$4=$JF$3:$JF$4))+ISBLANK(DU$3:DU$4)) -> 0 | DV13: =SUMPRODUCT((NOT(ISBLANK(DV$3:DV$4))*(DV$3:DV$4=$JG$3:$JG$4))+ISBLANK(DV$3:DV$4)) -> 0 | DW13: =SUMPRODUCT((NOT(ISBLANK(DW$3:DW$4))*(DW$3:DW$4=$JH$3:$JH$4))+ISBLANK(DW$3:DW$4)) -> 0 | DX13: =SUMPRODUCT((NOT(ISBLANK(DX$3:DX$4))*(DX$3:DX$4=$JI$3:$JI$4))+ISBLANK(DX$3:DX$4)) -> 0 | DZ13: =SUMPRODUCT((NOT(ISBLANK(DZ$3:DZ$4))*(DZ$3:DZ$4=$JJ$3:$JJ$4))+ISBLANK(DZ$3:DZ$4)) -> 0 | EA13: =SUMPRODUCT((NOT(ISBLANK(EA$3:EA$4))*(EA$3:EA$4=$JK$3:$JK$4))+ISBLANK(EA$3:EA$4)) -> 0 | EB13: =SUMPRODUCT((NOT(ISBLANK(EB$3:EB$4))*(EB$3:EB$4=$IZ$3:$IZ$4))+ISBLANK(EB$3:EB$4)) -> 0 | EC13: =SUMPRODUCT((NOT(ISBLANK(EC$3:EC$4))*(EC$3:EC$4=$JA$3:$JA$4))+ISBLANK(EC$3:EC$4)) -> 0 | ED13: =SUMPRODUCT((NOT(ISBLANK(ED$3:ED$4))*(ED$3:ED$4=$JB$3:$JB$4))+ISBLANK(ED$3:ED$4)) -> 0 | EE13: =SUMPRODUCT((NOT(ISBLANK(EE$3:EE$4))*(EE$3:EE$4=$JC$3:$JC$4))+ISBLANK(EE$3:EE$4)) -> 0 | EF13: =SUMPRODUCT((NOT(ISBLANK(EF$3:EF$4))*(EF$3:EF$4=$JD$3:$JD$4))+ISBLANK(EF$3:EF$4)) -> 0 | EG13: =SUMPRODUCT((NOT(ISBLANK(EG$3:EG$4))*(EG$3:EG$4=$JE$3:$JE$4))+ISBLANK(EG$3:EG$4)) -> 0 | EH13: =SUMPRODUCT((NOT(ISBLANK(EH$3:EH$4))*(EH$3:EH$4=$JF$3:$JF$4))+ISBLANK(EH$3:EH$4)) -> 0 | EI13: =SUMPRODUCT((NOT(ISBLANK(EI$3:EI$4))*(EI$3:EI$4=$JG$3:$JG$4))+ISBLANK(EI$3:EI$4)) -> 0 | EJ13: =SUMPRODUCT((NOT(ISBLANK(EJ$3:EJ$4))*(EJ$3:EJ$4=$JH$3:$JH$4))+ISBLANK(EJ$3:EJ$4)) -> 0 | EK13: =SUMPRODUCT((NOT(ISBLANK(EK$3:EK$4))*(EK$3:EK$4=$JI$3:$JI$4))+ISBLANK(EK$3:EK$4)) -> 0 | EM13: =SUMPRODUCT((NOT(ISBLANK(EM$3:EM$4))*(EM$3:EM$4=$JJ$3:$JJ$4))+ISBLANK(EM$3:EM$4)) -> 0 | EN13: =SUMPRODUCT((NOT(ISBLANK(EN$3:EN$4))*(EN$3:EN$4=$JK$3:$JK$4))+ISBLANK(EN$3:EN$4)) -> 0 | EO13: =SUMPRODUCT((NOT(ISBLANK(EO$3:EO$4))*(EO$3:EO$4=$IZ$3:$IZ$4))+ISBLANK(EO$3:EO$4)) -> 0 | EP13: =SUMPRODUCT((NOT(ISBLANK(EP$3:EP$4))*(EP$3:EP$4=$JA$3:$JA$4))+ISBLANK(EP$3:EP$4)) -> 0 | EQ13: =SUMPRODUCT((NOT(ISBLANK(EQ$3:EQ$4))*(EQ$3:EQ$4=$JB$3:$JB$4))+ISBLANK(EQ$3:EQ$4)) -> 0 | ER13: =SUMPRODUCT((NOT(ISBLANK(ER$3:ER$4))*(ER$3:ER$4=$JC$3:$JC$4))+ISBLANK(ER$3:ER$4)) -> 0 | ES13: =SUMPRODUCT((NOT(ISBLANK(ES$3:ES$4))*(ES$3:ES$4=$JD$3:$JD$4))+ISBLANK(ES$3:ES$4)) -> 0 | ET13: =SUMPRODUCT((NOT(ISBLANK(ET$3:ET$4))*(ET$3:ET$4=$JE$3:$JE$4))+ISBLANK(ET$3:ET$4)) -> 0 | EU13: =SUMPRODUCT((NOT(ISBLANK(EU$3:EU$4))*(EU$3:EU$4=$JF$3:$JF$4))+ISBLANK(EU$3:EU$4)) -> 0 | EV13: =SUMPRODUCT((NOT(ISBLANK(EV$3:EV$4))*(EV$3:EV$4=$JG$3:$JG$4))+ISBLANK(EV$3:EV$4)) -> 0 | EW13: =SUMPRODUCT((NOT(ISBLANK(EW$3:EW$4))*(EW$3:EW$4=$JH$3:$JH$4))+ISBLANK(EW$3:EW$4)) -> 0 | EX13: =SUMPRODUCT((NOT(ISBLANK(EX$3:EX$4))*(EX$3:EX$4=$JI$3:$JI$4))+ISBLANK(EX$3:EX$4)) -> 0 | EZ13: =SUMPRODUCT((NOT(ISBLANK(EZ$3:EZ$4))*(EZ$3:EZ$4=$JJ$3:$JJ$4))+ISBLANK(EZ$3:EZ$4)) -> 0 | FA13: =SUMPRODUCT((NOT(ISBLANK(FA$3:FA$4))*(FA$3:FA$4=$JK$3:$JK$4))+ISBLANK(FA$3:FA$4)) -> 0 | FB13: =SUMPRODUCT((NOT(ISBLANK(FB$3:FB$4))*(FB$3:FB$4=$IZ$3:$IZ$4))+ISBLANK(FB$3:FB$4)) -> 0 | FC13: =SUMPRODUCT((NOT(ISBLANK(FC$3:FC$4))*(FC$3:FC$4=$JA$3:$JA$4))+ISBLANK(FC$3:FC$4)) -> 0 | FD13: =SUMPRODUCT((NOT(ISBLANK(FD$3:FD$4))*(FD$3:FD$4=$JB$3:$JB$4))+ISBLANK(FD$3:FD$4)) -> 0 | FE13: =SUMPRODUCT((NOT(ISBLANK(FE$3:FE$4))*(FE$3:FE$4=$JC$3:$JC$4))+ISBLANK(FE$3:FE$4)) -> 0 | FF13: =SUMPRODUCT((NOT(ISBLANK(FF$3:FF$4))*(FF$3:FF$4=$JD$3:$JD$4))+ISBLANK(FF$3:FF$4)) -> 0 | FG13: =SUMPRODUCT((NOT(ISBLANK(FG$3:FG$4))*(FG$3:FG$4=$JE$3:$JE$4))+ISBLANK(FG$3:FG$4)) -> 0 | FH13: =SUMPRODUCT((NOT(ISBLANK(FH$3:FH$4))*(FH$3:FH$4=$JF$3:$JF$4))+ISBLANK(FH$3:FH$4)) -> 0 | FI13: =SUMPRODUCT((NOT(ISBLANK(FI$3:FI$4))*(FI$3:FI$4=$JG$3:$JG$4))+ISBLANK(FI$3:FI$4)) -> 0 | FJ13: =SUMPRODUCT((NOT(ISBLANK(FJ$3:FJ$4))*(FJ$3:FJ$4=$JH$3:$JH$4))+ISBLANK(FJ$3:FJ$4)) -> 0 | FK13: =SUMPRODUCT((NOT(ISBLANK(FK$3:FK$4))*(FK$3:FK$4=$JI$3:$JI$4))+ISBLANK(FK$3:FK$4)) -> 0 | FM13: =SUMPRODUCT((NOT(ISBLANK(FM$3:FM$4))*(FM$3:FM$4=$JJ$3:$JJ$4))+ISBLANK(FM$3:FM$4)) -> 0 | FN13: =SUMPRODUCT((NOT(ISBLANK(FN$3:FN$4))*(FN$3:FN$4=$JK$3:$JK$4))+ISBLANK(FN$3:FN$4)) -> 0 | FO13: =SUMPRODUCT((NOT(ISBLANK(FO$3:FO$4))*(FO$3:FO$4=$IZ$3:$IZ$4))+ISBLANK(FO$3:FO$4)) -> 0 | FP13: =SUMPRODUCT((NOT(ISBLANK(FP$3:FP$4))*(FP$3:FP$4=$JA$3:$JA$4))+ISBLANK(FP$3:FP$4)) -> 0 | FQ13: =SUMPRODUCT((NOT(ISBLANK(FQ$3:FQ$4))*(FQ$3:FQ$4=$JB$3:$JB$4))+ISBLANK(FQ$3:FQ$4)) -> 0 | FR13: =SUMPRODUCT((NOT(ISBLANK(FR$3:FR$4))*(FR$3:FR$4=$JC$3:$JC$4))+ISBLANK(FR$3:FR$4)) -> 0 | FS13: =SUMPRODUCT((NOT(ISBLANK(FS$3:FS$4))*(FS$3:FS$4=$JD$3:$JD$4))+ISBLANK(FS$3:FS$4)) -> 0 | FT13: =SUMPRODUCT((NOT(ISBLANK(FT$3:FT$4))*(FT$3:FT$4=$JE$3:$JE$4))+ISBLANK(FT$3:FT$4)) -> 0 | FU13: =SUMPRODUCT((NOT(ISBLANK(FU$3:FU$4))*(FU$3:FU$4=$JF$3:$JF$4))+ISBLANK(FU$3:FU$4)) -> 0 | FV13: =SUMPRODUCT((NOT(ISBLANK(FV$3:FV$4))*(FV$3:FV$4=$JG$3:$JG$4))+ISBLANK(FV$3:FV$4)) -> 0 | FW13: =SUMPRODUCT((NOT(ISBLANK(FW$3:FW$4))*(FW$3:FW$4=$JH$3:$JH$4))+ISBLANK(FW$3:FW$4)) -> 0 | FX13: =SUMPRODUCT((NOT(ISBLANK(FX$3:FX$4))*(FX$3:FX$4=$JI$3:$JI$4))+ISBLANK(FX$3:FX$4)) -> 0 | FZ13: =SUMPRODUCT((NOT(ISBLANK(FZ$3:FZ$4))*(FZ$3:FZ$4=$JJ$3:$JJ$4))+ISBLANK(FZ$3:FZ$4)) -> 0 | GA13: =SUMPRODUCT((NOT(ISBLANK(GA$3:GA$4))*(GA$3:GA$4=$JK$3:$JK$4))+ISBLANK(GA$3:GA$4)) -> 0 | GB13: =SUMPRODUCT((NOT(ISBLANK(GB$3:GB$4))*(GB$3:GB$4=$IZ$3:$IZ$4))+ISBLANK(GB$3:GB$4)) -> 0 | GC13: =SUMPRODUCT((NOT(ISBLANK(GC$3:GC$4))*(GC$3:GC$4=$JA$3:$JA$4))+ISBLANK(GC$3:GC$4)) -> 0 | GD13: =SUMPRODUCT((NOT(ISBLANK(GD$3:GD$4))*(GD$3:GD$4=$JB$3:$JB$4))+ISBLANK(GD$3:GD$4)) -> 0 | GE13: =SUMPRODUCT((NOT(ISBLANK(GE$3:GE$4))*(GE$3:GE$4=$JC$3:$JC$4))+ISBLANK(GE$3:GE$4)) -> 0 | GF13: =SUMPRODUCT((NOT(ISBLANK(GF$3:GF$4))*(GF$3:GF$4=$JD$3:$JD$4))+ISBLANK(GF$3:GF$4)) -> 0 | GG13: =SUMPRODUCT((NOT(ISBLANK(GG$3:GG$4))*(GG$3:GG$4=$JE$3:$JE$4))+ISBLANK(GG$3:GG$4)) -> 0 | GH13: =SUMPRODUCT((NOT(ISBLANK(GH$3:GH$4))*(GH$3:GH$4=$JF$3:$JF$4))+ISBLANK(GH$3:GH$4)) -> 0 | GI13: =SUMPRODUCT((NOT(ISBLANK(GI$3:GI$4))*(GI$3:GI$4=$JG$3:$JG$4))+ISBLANK(GI$3:GI$4)) -> 0 | GJ13: =SUMPRODUCT((NOT(ISBLANK(GJ$3:GJ$4))*(GJ$3:GJ$4=$JH$3:$JH$4))+ISBLANK(GJ$3:GJ$4)) -> 0 | GK13: =SUMPRODUCT((NOT(ISBLANK(GK$3:GK$4))*(GK$3:GK$4=$JI$3:$JI$4))+ISBLANK(GK$3:GK$4)) -> 0 | GM13: =SUMPRODUCT((NOT(ISBLANK(GM$3:GM$4))*(GM$3:GM$4=$JJ$3:$JJ$4))+ISBLANK(GM$3:GM$4)) -> 0 | GN13: =SUMPRODUCT((NOT(ISBLANK(GN$3:GN$4))*(GN$3:GN$4=$JK$3:$JK$4))+ISBLANK(GN$3:GN$4)) -> 0 | GO13: =SUMPRODUCT((NOT(ISBLANK(GO$3:GO$4))*(GO$3:GO$4=$IZ$3:$IZ$4))+ISBLANK(GO$3:GO$4)) -> 0 | GP13: =SUMPRODUCT((NOT(ISBLANK(GP$3:GP$4))*(GP$3:GP$4=$JA$3:$JA$4))+ISBLANK(GP$3:GP$4)) -> 0 | GQ13: =SUMPRODUCT((NOT(ISBLANK(GQ$3:GQ$4))*(GQ$3:GQ$4=$JB$3:$JB$4))+ISBLANK(GQ$3:GQ$4)) -> 0 | GR13: =SUMPRODUCT((NOT(ISBLANK(GR$3:GR$4))*(GR$3:GR$4=$JC$3:$JC$4))+ISBLANK(GR$3:GR$4)) -> 0 | GS13: =SUMPRODUCT((NOT(ISBLANK(GS$3:GS$4))*(GS$3:GS$4=$JD$3:$JD$4))+ISBLANK(GS$3:GS$4)) -> 0 | GT13: =SUMPRODUCT((NOT(ISBLANK(GT$3:GT$4))*(GT$3:GT$4=$JE$3:$JE$4))+ISBLANK(GT$3:GT$4)) -> 0 | GU13: =SUMPRODUCT((NOT(ISBLANK(GU$3:GU$4))*(GU$3:GU$4=$JF$3:$JF$4))+ISBLANK(GU$3:GU$4)) -> 0 | GV13: =SUMPRODUCT((NOT(ISBLANK(GV$3:GV$4))*(GV$3:GV$4=$JG$3:$JG$4))+ISBLANK(GV$3:GV$4)) -> 0 | GW13: =SUMPRODUCT((NOT(ISBLANK(GW$3:GW$4))*(GW$3:GW$4=$JH$3:$JH$4))+ISBLANK(GW$3:GW$4)) -> 0 | GX13: =SUMPRODUCT((NOT(ISBLANK(GX$3:GX$4))*(GX$3:GX$4=$JI$3:$JI$4))+ISBLANK(GX$3:GX$4)) -> 0 | GZ13: =SUMPRODUCT((NOT(ISBLANK(GZ$3:GZ$4))*(GZ$3:GZ$4=$JJ$3:$JJ$4))+ISBLANK(GZ$3:GZ$4)) -> 0 | HA13: =SUMPRODUCT((NOT(ISBLANK(HA$3:HA$4))*(HA$3:HA$4=$JK$3:$JK$4))+ISBLANK(HA$3:HA$4)) -> 0 | HB13: =SUMPRODUCT((NOT(ISBLANK(HB$3:HB$4))*(HB$3:HB$4=$IZ$3:$IZ$4))+ISBLANK(HB$3:HB$4)) -> 0 | HC13: =SUMPRODUCT((NOT(ISBLANK(HC$3:HC$4))*(HC$3:HC$4=$JA$3:$JA$4))+ISBLANK(HC$3:HC$4)) -> 0 | HD13: =SUMPRODUCT((NOT(ISBLANK(HD$3:HD$4))*(HD$3:HD$4=$JB$3:$JB$4))+ISBLANK(HD$3:HD$4)) -> 0 | HE13: =SUMPRODUCT((NOT(ISBLANK(HE$3:HE$4))*(HE$3:HE$4=$JC$3:$JC$4))+ISBLANK(HE$3:HE$4)) -> 0 | HF13: =SUMPRODUCT((NOT(ISBLANK(HF$3:HF$4))*(HF$3:HF$4=$JD$3:$JD$4))+ISBLANK(HF$3:HF$4)) -> 0 | HG13: =SUMPRODUCT((NOT(ISBLANK(HG$3:HG$4))*(HG$3:HG$4=$JE$3:$JE$4))+ISBLANK(HG$3:HG$4)) -> 0 | HH13: =SUMPRODUCT((NOT(ISBLANK(HH$3:HH$4))*(HH$3:HH$4=$JF$3:$JF$4))+ISBLANK(HH$3:HH$4)) -> 0 | HI13: =SUMPRODUCT((NOT(ISBLANK(HI$3:HI$4))*(HI$3:HI$4=$JG$3:$JG$4))+ISBLANK(HI$3:HI$4)) -> 0 | HJ13: =SUMPRODUCT((NOT(ISBLANK(HJ$3:HJ$4))*(HJ$3:HJ$4=$JH$3:$JH$4))+ISBLANK(HJ$3:HJ$4)) -> 0 | HK13: =SUMPRODUCT((NOT(ISBLANK(HK$3:HK$4))*(HK$3:HK$4=$JI$3:$JI$4))+ISBLANK(HK$3:HK$4)) -> 0 | HM13: =SUMPRODUCT((NOT(ISBLANK(HM$3:HM$4))*(HM$3:HM$4=$JJ$3:$JJ$4))+ISBLANK(HM$3:HM$4)) -> 0 | HN13: =SUMPRODUCT((NOT(ISBLANK(HN$3:HN$4))*(HN$3:HN$4=$JK$3:$JK$4))+ISBLANK(HN$3:HN$4)) -> 0 | HO13: =SUMPRODUCT((NOT(ISBLANK(HO$3:HO$4))*(HO$3:HO$4=$IZ$3:$IZ$4))+ISBLANK(HO$3:HO$4)) -> 0 | HP13: =SUMPRODUCT((NOT(ISBLANK(HP$3:HP$4))*(HP$3:HP$4=$JA$3:$JA$4))+ISBLANK(HP$3:HP$4)) -> 0 | HQ13: =SUMPRODUCT((NOT(ISBLANK(HQ$3:HQ$4))*(HQ$3:HQ$4=$JB$3:$JB$4))+ISBLANK(HQ$3:HQ$4)) -> 0 | HR13: =SUMPRODUCT((NOT(ISBLANK(HR$3:HR$4))*(HR$3:HR$4=$JC$3:$JC$4))+ISBLANK(HR$3:HR$4)) -> 0 | HS13: =SUMPRODUCT((NOT(ISBLANK(HS$3:HS$4))*(HS$3:HS$4=$JD$3:$JD$4))+ISBLANK(HS$3:HS$4)) -> 0 | HT13: =SUMPRODUCT((NOT(ISBLANK(HT$3:HT$4))*(HT$3:HT$4=$JE$3:$JE$4))+ISBLANK(HT$3:HT$4)) -> 0 | HU13: =SUMPRODUCT((NOT(ISBLANK(HU$3:HU$4))*(HU$3:HU$4=$JF$3:$JF$4))+ISBLANK(HU$3:HU$4)) -> 0 | HV13: =SUMPRODUCT((NOT(ISBLANK(HV$3:HV$4))*(HV$3:HV$4=$JG$3:$JG$4))+ISBLANK(HV$3:HV$4)) -> 0 | HW13: =SUMPRODUCT((NOT(ISBLANK(HW$3:HW$4))*(HW$3:HW$4=$JH$3:$JH$4))+ISBLANK(HW$3:HW$4)) -> 0 | HX13: =SUMPRODUCT((NOT(ISBLANK(HX$3:HX$4))*(HX$3:HX$4=$JI$3:$JI$4))+ISBLANK(HX$3:HX$4)) -> 0 | HZ13: =SUMPRODUCT((NOT(ISBLANK(HZ$3:HZ$4))*(HZ$3:HZ$4=$JJ$3:$JJ$4))+ISBLANK(HZ$3:HZ$4)) -> 0 | IA13: =SUMPRODUCT((NOT(ISBLANK(IA$3:IA$4))*(IA$3:IA$4=$JK$3:$JK$4))+ISBLANK(IA$3:IA$4)) -> 0
A15: Select run:
A16: 1
A17: SUM | B17: {=SUM(_xlfn._xlws.FILTER(B$3:B$4,MOD(ROW(B$3:B$4)-CHOOSE($A$16,ROW(B$3),ROW(B$4)),2)=0))} -> 0 | C17: {=SUM(_xlfn._xlws.FILTER(C$3:C$4,MOD(ROW(C$3:C$4)-CHOOSE($A$16,ROW(C$3),ROW(C$4)),2)=0))} -> 0 | D17: {=SUM(_xlfn._xlws.FILTER(D$3:D$4,MOD(ROW(D$3:D$4)-CHOOSE($A$16,ROW(D$3),ROW(D$4)),2)=0))} -> 0 | E17: {=SUM(_xlfn._xlws.FILTER(E$3:E$4,MOD(ROW(E$3:E$4)-CHOOSE($A$16,ROW(E$3),ROW(E$4)),2)=0))} -> 0 | F17: {=SUM(_xlfn._xlws.FILTER(F$3:F$4,MOD(ROW(F$3:F$4)-CHOOSE($A$16,ROW(F$3),ROW(F$4)),2)=0))} -> 0 | G17: {=SUM(_xlfn._xlws.FILTER(G$3:G$4,MOD(ROW(G$3:G$4)-CHOOSE($A$16,ROW(G$3),ROW(G$4)),2)=0))} -> 0 | H17: {=SUM(_xlfn._xlws.FILTER(H$3:H$4,MOD(ROW(H$3:H$4)-CHOOSE($A$16,ROW(H$3),ROW(H$4)),2)=0))} -> 0 | I17: {=SUM(_xlfn._xlws.FILTER(I$3:I$4,MOD(ROW(I$3:I$4)-CHOOSE($A$16,ROW(I$3),ROW(I$4)),2)=0))} -> 0 | ... K17: {=SUM(_xlfn._xlws.FILTER(K$3:K$4,MOD(ROW(K$3:K$4)-CHOOSE($A$16,ROW(K$3),ROW(K$4)),2)=0))} -> 0 | M17: {=SUM(_xlfn._xlws.FILTER(M$3:M$4,MOD(ROW(M$3:M$4)-CHOOSE($A$16,ROW(M$3),ROW(M$4)),2)=0))} -> 0 | N17: {=SUM(_xlfn._xlws.FILTER(N$3:N$4,MOD(ROW(N$3:N$4)-CHOOSE($A$16,ROW(N$3),ROW(N$4)),2)=0))} -> 0 | O17: {=SUM(_xlfn._xlws.FILTER(O$3:O$4,MOD(ROW(O$3:O$4)-CHOOSE($A$16,ROW(O$3),ROW(O$4)),2)=0))} -> 0 | P17: {=SUM(_xlfn._xlws.FILTER(P$3:P$4,MOD(ROW(P$3:P$4)-CHOOSE($A$16,ROW(P$3),ROW(P$4)),2)=0))} -> 0 | Q17: {=SUM(_xlfn._xlws.FILTER(Q$3:Q$4,MOD(ROW(Q$3:Q$4)-CHOOSE($A$16,ROW(Q$3),ROW(Q$4)),2)=0))} -> 0 | R17: {=SUM(_xlfn._xlws.FILTER(R$3:R$4,MOD(ROW(R$3:R$4)-CHOOSE($A$16,ROW(R$3),ROW(R$4)),2)=0))} -> 0 | S17: {=SUM(_xlfn._xlws.FILTER(S$3:S$4,MOD(ROW(S$3:S$4)-CHOOSE($A$16,ROW(S$3),ROW(S$4)),2)=0))} -> 0 | T17: {=SUM(_xlfn._xlws.FILTER(T$3:T$4,MOD(ROW(T$3:T$4)-CHOOSE($A$16,ROW(T$3),ROW(T$4)),2)=0))} -> 0 | ... X17: {=SUM(_xlfn._xlws.FILTER(X$3:X$4,MOD(ROW(X$3:X$4)-CHOOSE($A$16,ROW(X$3),ROW(X$4)),2)=0))} -> 0 | Z17: {=SUM(_xlfn._xlws.FILTER(Z$3:Z$4,MOD(ROW(Z$3:Z$4)-CHOOSE($A$16,ROW(Z$3),ROW(Z$4)),2)=0))} -> 0 | AA17: {=SUM(_xlfn._xlws.FILTER(AA$3:AA$4,MOD(ROW(AA$3:AA$4)-CHOOSE($A$16,ROW(AA$3),ROW(AA$4)),2)=0))} -> 0 | AB17: {=SUM(_xlfn._xlws.FILTER(AB$3:AB$4,MOD(ROW(AB$3:AB$4)-CHOOSE($A$16,ROW(AB$3),ROW(AB$4)),2)=0))} -> 0 | AC17: {=SUM(_xlfn._xlws.FILTER(AC$3:AC$4,MOD(ROW(AC$3:AC$4)-CHOOSE($A$16,ROW(AC$3),ROW(AC$4)),2)=0))} -> 0 | AD17: {=SUM(_xlfn._xlws.FILTER(AD$3:AD$4,MOD(ROW(AD$3:AD$4)-CHOOSE($A$16,ROW(AD$3),ROW(AD$4)),2)=0))} -> 0 | AE17: {=SUM(_xlfn._xlws.FILTER(AE$3:AE$4,MOD(ROW(AE$3:AE$4)-CHOOSE($A$16,ROW(AE$3),ROW(AE$4)),2)=0))} -> 0 | AF17: {=SUM(_xlfn._xlws.FILTER(AF$3:AF$4,MOD(ROW(AF$3:AF$4)-CHOOSE($A$16,ROW(AF$3),ROW(AF$4)),2)=0))} -> 0 | AG17: {=SUM(_xlfn._xlws.FILTER(AG$3:AG$4,MOD(ROW(AG$3:AG$4)-CHOOSE($A$16,ROW(AG$3),ROW(AG$4)),2)=0))} -> 0 | ... AK17: {=SUM(_xlfn._xlws.FILTER(AK$3:AK$4,MOD(ROW(AK$3:AK$4)-CHOOSE($A$16,ROW(AK$3),ROW(AK$4)),2)=0))} -> 0 | AM17: {=SUM(_xlfn._xlws.FILTER(AM$3:AM$4,MOD(ROW(AM$3:AM$4)-CHOOSE($A$16,ROW(AM$3),ROW(AM$4)),2)=0))} -> 0 | AN17: {=SUM(_xlfn._xlws.FILTER(AN$3:AN$4,MOD(ROW(AN$3:AN$4)-CHOOSE($A$16,ROW(AN$3),ROW(AN$4)),2)=0))} -> 0 | AO17: {=SUM(_xlfn._xlws.FILTER(AO$3:AO$4,MOD(ROW(AO$3:AO$4)-CHOOSE($A$16,ROW(AO$3),ROW(AO$4)),2)=0))} -> 0 | AP17: {=SUM(_xlfn._xlws.FILTER(AP$3:AP$4,MOD(ROW(AP$3:AP$4)-CHOOSE($A$16,ROW(AP$3),ROW(AP$4)),2)=0))} -> 0 | AQ17: {=SUM(_xlfn._xlws.FILTER(AQ$3:AQ$4,MOD(ROW(AQ$3:AQ$4)-CHOOSE($A$16,ROW(AQ$3),ROW(AQ$4)),2)=0))} -> 0 | AR17: {=SUM(_xlfn._xlws.FILTER(AR$3:AR$4,MOD(ROW(AR$3:AR$4)-CHOOSE($A$16,ROW(AR$3),ROW(AR$4)),2)=0))} -> 0 | AS17: {=SUM(_xlfn._xlws.FILTER(AS$3:AS$4,MOD(ROW(AS$3:AS$4)-CHOOSE($A$16,ROW(AS$3),ROW(AS$4)),2)=0))} -> 0 | AT17: {=SUM(_xlfn._xlws.FILTER(AT$3:AT$4,MOD(ROW(AT$3:AT$4)-CHOOSE($A$16,ROW(AT$3),ROW(AT$4)),2)=0))} -> 0 | ... AX17: {=SUM(_xlfn._xlws.FILTER(AX$3:AX$4,MOD(ROW(AX$3:AX$4)-CHOOSE($A$16,ROW(AX$3),ROW(AX$4)),2)=0))} -> 0 | AZ17: {=SUM(_xlfn._xlws.FILTER(AZ$3:AZ$4,MOD(ROW(AZ$3:AZ$4)-CHOOSE($A$16,ROW(AZ$3),ROW(AZ$4)),2)=0))} -> 0 | BA17: {=SUM(_xlfn._xlws.FILTER(BA$3:BA$4,MOD(ROW(BA$3:BA$4)-CHOOSE($A$16,ROW(BA$3),ROW(BA$4)),2)=0))} -> 0 | BB17: {=SUM(_xlfn._xlws.FILTER(BB$3:BB$4,MOD(ROW(BB$3:BB$4)-CHOOSE($A$16,ROW(BB$3),ROW(BB$4)),2)=0))} -> 0 | BC17: {=SUM(_xlfn._xlws.FILTER(BC$3:BC$4,MOD(ROW(BC$3:BC$4)-CHOOSE($A$16,ROW(BC$3),ROW(BC$4)),2)=0))} -> 0 | BD17: {=SUM(_xlfn._xlws.FILTER(BD$3:BD$4,MOD(ROW(BD$3:BD$4)-CHOOSE($A$16,ROW(BD$3),ROW(BD$4)),2)=0))} -> 0 | BE17: {=SUM(_xlfn._xlws.FILTER(BE$3:BE$4,MOD(ROW(BE$3:BE$4)-CHOOSE($A$16,ROW(BE$3),ROW(BE$4)),2)=0))} -> 0 | BF17: {=SUM(_xlfn._xlws.FILTER(BF$3:BF$4,MOD(ROW(BF$3:BF$4)-CHOOSE($A$16,ROW(BF$3),ROW(BF$4)),2)=0))} -> 0 | BG17: {=SUM(_xlfn._xlws.FILTER(BG$3:BG$4,MOD(ROW(BG$3:BG$4)-CHOOSE($A$16,ROW(BG$3),ROW(BG$4)),2)=0))} -> 0 | ... BK17: {=SUM(_xlfn._xlws.FILTER(BK$3:BK$4,MOD(ROW(BK$3:BK$4)-CHOOSE($A$16,ROW(BK$3),ROW(BK$4)),2)=0))} -> 0 | BM17: {=SUM(_xlfn._xlws.FILTER(BM$3:BM$4,MOD(ROW(BM$3:BM$4)-CHOOSE($A$16,ROW(BM$3),ROW(BM$4)),2)=0))} -> 0 | BN17: {=SUM(_xlfn._xlws.FILTER(BN$3:BN$4,MOD(ROW(BN$3:BN$4)-CHOOSE($A$16,ROW(BN$3),ROW(BN$4)),2)=0))} -> 0 | BO17: {=SUM(_xlfn._xlws.FILTER(BO$3:BO$4,MOD(ROW(BO$3:BO$4)-CHOOSE($A$16,ROW(BO$3),ROW(BO$4)),2)=0))} -> 0 | BP17: {=SUM(_xlfn._xlws.FILTER(BP$3:BP$4,MOD(ROW(BP$3:BP$4)-CHOOSE($A$16,ROW(BP$3),ROW(BP$4)),2)=0))} -> 0 | BQ17: {=SUM(_xlfn._xlws.FILTER(BQ$3:BQ$4,MOD(ROW(BQ$3:BQ$4)-CHOOSE($A$16,ROW(BQ$3),ROW(BQ$4)),2)=0))} -> 0 | BR17: {=SUM(_xlfn._xlws.FILTER(BR$3:BR$4,MOD(ROW(BR$3:BR$4)-CHOOSE($A$16,ROW(BR$3),ROW(BR$4)),2)=0))} -> 0 | BS17: {=SUM(_xlfn._xlws.FILTER(BS$3:BS$4,MOD(ROW(BS$3:BS$4)-CHOOSE($A$16,ROW(BS$3),ROW(BS$4)),2)=0))} -> 0 | BT17: {=SUM(_xlfn._xlws.FILTER(BT$3:BT$4,MOD(ROW(BT$3:BT$4)-CHOOSE($A$16,ROW(BT$3),ROW(BT$4)),2)=0))} -> 0 | ... BX17: {=SUM(_xlfn._xlws.FILTER(BX$3:BX$4,MOD(ROW(BX$3:BX$4)-CHOOSE($A$16,ROW(BX$3),ROW(BX$4)),2)=0))} -> 0 | BZ17: {=SUM(_xlfn._xlws.FILTER(BZ$3:BZ$4,MOD(ROW(BZ$3:BZ$4)-CHOOSE($A$16,ROW(BZ$3),ROW(BZ$4)),2)=0))} -> 0 | CA17: {=SUM(_xlfn._xlws.FILTER(CA$3:CA$4,MOD(ROW(CA$3:CA$4)-CHOOSE($A$16,ROW(CA$3),ROW(CA$4)),2)=0))} -> 0 | CB17: {=SUM(_xlfn._xlws.FILTER(CB$3:CB$4,MOD(ROW(CB$3:CB$4)-CHOOSE($A$16,ROW(CB$3),ROW(CB$4)),2)=0))} -> 0 | CC17: {=SUM(_xlfn._xlws.FILTER(CC$3:CC$4,MOD(ROW(CC$3:CC$4)-CHOOSE($A$16,ROW(CC$3),ROW(CC$4)),2)=0))} -> 0 | CD17: {=SUM(_xlfn._xlws.FILTER(CD$3:CD$4,MOD(ROW(CD$3:CD$4)-CHOOSE($A$16,ROW(CD$3),ROW(CD$4)),2)=0))} -> 0 | CE17: {=SUM(_xlfn._xlws.FILTER(CE$3:CE$4,MOD(ROW(CE$3:CE$4)-CHOOSE($A$16,ROW(CE$3),ROW(CE$4)),2)=0))} -> 0 | CF17: {=SUM(_xlfn._xlws.FILTER(CF$3:CF$4,MOD(ROW(CF$3:CF$4)-CHOOSE($A$16,ROW(CF$3),ROW(CF$4)),2)=0))} -> 0 | CG17: {=SUM(_xlfn._xlws.FILTER(CG$3:CG$4,MOD(ROW(CG$3:CG$4)-CHOOSE($A$16,ROW(CG$3),ROW(CG$4)),2)=0))} -> 0 | ... CK17: {=SUM(_xlfn._xlws.FILTER(CK$3:CK$4,MOD(ROW(CK$3:CK$4)-CHOOSE($A$16,ROW(CK$3),ROW(CK$4)),2)=0))} -> 0 | CM17: {=SUM(_xlfn._xlws.FILTER(CM$3:CM$4,MOD(ROW(CM$3:CM$4)-CHOOSE($A$16,ROW(CM$3),ROW(CM$4)),2)=0))} -> 0 | CN17: {=SUM(_xlfn._xlws.FILTER(CN$3:CN$4,MOD(ROW(CN$3:CN$4)-CHOOSE($A$16,ROW(CN$3),ROW(CN$4)),2)=0))} -> 0 | CO17: {=SUM(_xlfn._xlws.FILTER(CO$3:CO$4,MOD(ROW(CO$3:CO$4)-CHOOSE($A$16,ROW(CO$3),ROW(CO$4)),2)=0))} -> 0 | CP17: {=SUM(_xlfn._xlws.FILTER(CP$3:CP$4,MOD(ROW(CP$3:CP$4)-CHOOSE($A$16,ROW(CP$3),ROW(CP$4)),2)=0))} -> 0 | CQ17: {=SUM(_xlfn._xlws.FILTER(CQ$3:CQ$4,MOD(ROW(CQ$3:CQ$4)-CHOOSE($A$16,ROW(CQ$3),ROW(CQ$4)),2)=0))} -> 0 | CR17: {=SUM(_xlfn._xlws.FILTER(CR$3:CR$4,MOD(ROW(CR$3:CR$4)-CHOOSE($A$16,ROW(CR$3),ROW(CR$4)),2)=0))} -> 0 | CS17: {=SUM(_xlfn._xlws.FILTER(CS$3:CS$4,MOD(ROW(CS$3:CS$4)-CHOOSE($A$16,ROW(CS$3),ROW(CS$4)),2)=0))} -> 0 | CT17: {=SUM(_xlfn._xlws.FILTER(CT$3:CT$4,MOD(ROW(CT$3:CT$4)-CHOOSE($A$16,ROW(CT$3),ROW(CT$4)),2)=0))} -> 0 | ... CX17: {=SUM(_xlfn._xlws.FILTER(CX$3:CX$4,MOD(ROW(CX$3:CX$4)-CHOOSE($A$16,ROW(CX$3),ROW(CX$4)),2)=0))} -> 0 | CZ17: {=SUM(_xlfn._xlws.FILTER(CZ$3:CZ$4,MOD(ROW(CZ$3:CZ$4)-CHOOSE($A$16,ROW(CZ$3),ROW(CZ$4)),2)=0))} -> 0 | DA17: {=SUM(_xlfn._xlws.FILTER(DA$3:DA$4,MOD(ROW(DA$3:DA$4)-CHOOSE($A$16,ROW(DA$3),ROW(DA$4)),2)=0))} -> 0 | DB17: {=SUM(_xlfn._xlws.FILTER(DB$3:DB$4,MOD(ROW(DB$3:DB$4)-CHOOSE($A$16,ROW(DB$3),ROW(DB$4)),2)=0))} -> 0 | DC17: {=SUM(_xlfn._xlws.FILTER(DC$3:DC$4,MOD(ROW(DC$3:DC$4)-CHOOSE($A$16,ROW(DC$3),ROW(DC$4)),2)=0))} -> 0 | DD17: {=SUM(_xlfn._xlws.FILTER(DD$3:DD$4,MOD(ROW(DD$3:DD$4)-CHOOSE($A$16,ROW(DD$3),ROW(DD$4)),2)=0))} -> 0 | DE17: {=SUM(_xlfn._xlws.FILTER(DE$3:DE$4,MOD(ROW(DE$3:DE$4)-CHOOSE($A$16,ROW(DE$3),ROW(DE$4)),2)=0))} -> 0 | DF17: {=SUM(_xlfn._xlws.FILTER(DF$3:DF$4,MOD(ROW(DF$3:DF$4)-CHOOSE($A$16,ROW(DF$3),ROW(DF$4)),2)=0))} -> 0 | DG17: {=SUM(_xlfn._xlws.FILTER(DG$3:DG$4,MOD(ROW(DG$3:DG$4)-CHOOSE($A$16,ROW(DG$3),ROW(DG$4)),2)=0))} -> 0 | ... DK17: {=SUM(_xlfn._xlws.FILTER(DK$3:DK$4,MOD(ROW(DK$3:DK$4)-CHOOSE($A$16,ROW(DK$3),ROW(DK$4)),2)=0))} -> 0 | DM17: {=SUM(_xlfn._xlws.FILTER(DM$3:DM$4,MOD(ROW(DM$3:DM$4)-CHOOSE($A$16,ROW(DM$3),ROW(DM$4)),2)=0))} -> 0 | DN17: {=SUM(_xlfn._xlws.FILTER(DN$3:DN$4,MOD(ROW(DN$3:DN$4)-CHOOSE($A$16,ROW(DN$3),ROW(DN$4)),2)=0))} -> 0 | DO17: {=SUM(_xlfn._xlws.FILTER(DO$3:DO$4,MOD(ROW(DO$3:DO$4)-CHOOSE($A$16,ROW(DO$3),ROW(DO$4)),2)=0))} -> 0 | DP17: {=SUM(_xlfn._xlws.FILTER(DP$3:DP$4,MOD(ROW(DP$3:DP$4)-CHOOSE($A$16,ROW(DP$3),ROW(DP$4)),2)=0))} -> 0 | DQ17: {=SUM(_xlfn._xlws.FILTER(DQ$3:DQ$4,MOD(ROW(DQ$3:DQ$4)-CHOOSE($A$16,ROW(DQ$3),ROW(DQ$4)),2)=0))} -> 0 | DR17: {=SUM(_xlfn._xlws.FILTER(DR$3:DR$4,MOD(ROW(DR$3:DR$4)-CHOOSE($A$16,ROW(DR$3),ROW(DR$4)),2)=0))} -> 0 | DS17: {=SUM(_xlfn._xlws.FILTER(DS$3:DS$4,MOD(ROW(DS$3:DS$4)-CHOOSE($A$16,ROW(DS$3),ROW(DS$4)),2)=0))} -> 0 | DT17: {=SUM(_xlfn._xlws.FILTER(DT$3:DT$4,MOD(ROW(DT$3:DT$4)-CHOOSE($A$16,ROW(DT$3),ROW(DT$4)),2)=0))} -> 0 | ... DX17: {=SUM(_xlfn._xlws.FILTER(DX$3:DX$4,MOD(ROW(DX$3:DX$4)-CHOOSE($A$16,ROW(DX$3),ROW(DX$4)),2)=0))} -> 0 | DZ17: {=SUM(_xlfn._xlws.FILTER(DZ$3:DZ$4,MOD(ROW(DZ$3:DZ$4)-CHOOSE($A$16,ROW(DZ$3),ROW(DZ$4)),2)=0))} -> 0 | EA17: {=SUM(_xlfn._xlws.FILTER(EA$3:EA$4,MOD(ROW(EA$3:EA$4)-CHOOSE($A$16,ROW(EA$3),ROW(EA$4)),2)=0))} -> 0 | EB17: {=SUM(_xlfn._xlws.FILTER(EB$3:EB$4,MOD(ROW(EB$3:EB$4)-CHOOSE($A$16,ROW(EB$3),ROW(EB$4)),2)=0))} -> 0 | EC17: {=SUM(_xlfn._xlws.FILTER(EC$3:EC$4,MOD(ROW(EC$3:EC$4)-CHOOSE($A$16,ROW(EC$3),ROW(EC$4)),2)=0))} -> 0 | ED17: {=SUM(_xlfn._xlws.FILTER(ED$3:ED$4,MOD(ROW(ED$3:ED$4)-CHOOSE($A$16,ROW(ED$3),ROW(ED$4)),2)=0))} -> 0 | EE17: {=SUM(_xlfn._xlws.FILTER(EE$3:EE$4,MOD(ROW(EE$3:EE$4)-CHOOSE($A$16,ROW(EE$3),ROW(EE$4)),2)=0))} -> 0 | EF17: {=SUM(_xlfn._xlws.FILTER(EF$3:EF$4,MOD(ROW(EF$3:EF$4)-CHOOSE($A$16,ROW(EF$3),ROW(EF$4)),2)=0))} -> 0 | EG17: {=SUM(_xlfn._xlws.FILTER(EG$3:EG$4,MOD(ROW(EG$3:EG$4)-CHOOSE($A$16,ROW(EG$3),ROW(EG$4)),2)=0))} -> 0 | ... EK17: {=SUM(_xlfn._xlws.FILTER(EK$3:EK$4,MOD(ROW(EK$3:EK$4)-CHOOSE($A$16,ROW(EK$3),ROW(EK$4)),2)=0))} -> 0 | EM17: {=SUM(_xlfn._xlws.FILTER(EM$3:EM$4,MOD(ROW(EM$3:EM$4)-CHOOSE($A$16,ROW(EM$3),ROW(EM$4)),2)=0))} -> 0 | EN17: {=SUM(_xlfn._xlws.FILTER(EN$3:EN$4,MOD(ROW(EN$3:EN$4)-CHOOSE($A$16,ROW(EN$3),ROW(EN$4)),2)=0))} -> 0 | EO17: {=SUM(_xlfn._xlws.FILTER(EO$3:EO$4,MOD(ROW(EO$3:EO$4)-CHOOSE($A$16,ROW(EO$3),ROW(EO$4)),2)=0))} -> 0 | EP17: {=SUM(_xlfn._xlws.FILTER(EP$3:EP$4,MOD(ROW(EP$3:EP$4)-CHOOSE($A$16,ROW(EP$3),ROW(EP$4)),2)=0))} -> 0 | EQ17: {=SUM(_xlfn._xlws.FILTER(EQ$3:EQ$4,MOD(ROW(EQ$3:EQ$4)-CHOOSE($A$16,ROW(EQ$3),ROW(EQ$4)),2)=0))} -> 0 | ER17: {=SUM(_xlfn._xlws.FILTER(ER$3:ER$4,MOD(ROW(ER$3:ER$4)-CHOOSE($A$16,ROW(ER$3),ROW(ER$4)),2)=0))} -> 0 | ES17: {=SUM(_xlfn._xlws.FILTER(ES$3:ES$4,MOD(ROW(ES$3:ES$4)-CHOOSE($A$16,ROW(ES$3),ROW(ES$4)),2)=0))} -> 0 | ET17: {=SUM(_xlfn._xlws.FILTER(ET$3:ET$4,MOD(ROW(ET$3:ET$4)-CHOOSE($A$16,ROW(ET$3),ROW(ET$4)),2)=0))} -> 0 | ... EX17: {=SUM(_xlfn._xlws.FILTER(EX$3:EX$4,MOD(ROW(EX$3:EX$4)-CHOOSE($A$16,ROW(EX$3),ROW(EX$4)),2)=0))} -> 0 | EZ17: {=SUM(_xlfn._xlws.FILTER(EZ$3:EZ$4,MOD(ROW(EZ$3:EZ$4)-CHOOSE($A$16,ROW(EZ$3),ROW(EZ$4)),2)=0))} -> 0 | FA17: {=SUM(_xlfn._xlws.FILTER(FA$3:FA$4,MOD(ROW(FA$3:FA$4)-CHOOSE($A$16,ROW(FA$3),ROW(FA$4)),2)=0))} -> 0 | FB17: {=SUM(_xlfn._xlws.FILTER(FB$3:FB$4,MOD(ROW(FB$3:FB$4)-CHOOSE($A$16,ROW(FB$3),ROW(FB$4)),2)=0))} -> 0 | FC17: {=SUM(_xlfn._xlws.FILTER(FC$3:FC$4,MOD(ROW(FC$3:FC$4)-CHOOSE($A$16,ROW(FC$3),ROW(FC$4)),2)=0))} -> 0 | FD17: {=SUM(_xlfn._xlws.FILTER(FD$3:FD$4,MOD(ROW(FD$3:FD$4)-CHOOSE($A$16,ROW(FD$3),ROW(FD$4)),2)=0))} -> 0 | FE17: {=SUM(_xlfn._xlws.FILTER(FE$3:FE$4,MOD(ROW(FE$3:FE$4)-CHOOSE($A$16,ROW(FE$3),ROW(FE$4)),2)=0))} -> 0 | FF17: {=SUM(_xlfn._xlws.FILTER(FF$3:FF$4,MOD(ROW(FF$3:FF$4)-CHOOSE($A$16,ROW(FF$3),ROW(FF$4)),2)=0))} -> 0 | FG17: {=SUM(_xlfn._xlws.FILTER(FG$3:FG$4,MOD(ROW(FG$3:FG$4)-CHOOSE($A$16,ROW(FG$3),ROW(FG$4)),2)=0))} -> 0 | ... FK17: {=SUM(_xlfn._xlws.FILTER(FK$3:FK$4,MOD(ROW(FK$3:FK$4)-CHOOSE($A$16,ROW(FK$3),ROW(FK$4)),2)=0))} -> 0 | FM17: {=SUM(_xlfn._xlws.FILTER(FM$3:FM$4,MOD(ROW(FM$3:FM$4)-CHOOSE($A$16,ROW(FM$3),ROW(FM$4)),2)=0))} -> 0 | FN17: {=SUM(_xlfn._xlws.FILTER(FN$3:FN$4,MOD(ROW(FN$3:FN$4)-CHOOSE($A$16,ROW(FN$3),ROW(FN$4)),2)=0))} -> 0 | FO17: {=SUM(_xlfn._xlws.FILTER(FO$3:FO$4,MOD(ROW(FO$3:FO$4)-CHOOSE($A$16,ROW(FO$3),ROW(FO$4)),2)=0))} -> 0 | FP17: {=SUM(_xlfn._xlws.FILTER(FP$3:FP$4,MOD(ROW(FP$3:FP$4)-CHOOSE($A$16,ROW(FP$3),ROW(FP$4)),2)=0))} -> 0 | FQ17: {=SUM(_xlfn._xlws.FILTER(FQ$3:FQ$4,MOD(ROW(FQ$3:FQ$4)-CHOOSE($A$16,ROW(FQ$3),ROW(FQ$4)),2)=0))} -> 0 | FR17: {=SUM(_xlfn._xlws.FILTER(FR$3:FR$4,MOD(ROW(FR$3:FR$4)-CHOOSE($A$16,ROW(FR$3),ROW(FR$4)),2)=0))} -> 0 | FS17: {=SUM(_xlfn._xlws.FILTER(FS$3:FS$4,MOD(ROW(FS$3:FS$4)-CHOOSE($A$16,ROW(FS$3),ROW(FS$4)),2)=0))} -> 0 | FT17: {=SUM(_xlfn._xlws.FILTER(FT$3:FT$4,MOD(ROW(FT$3:FT$4)-CHOOSE($A$16,ROW(FT$3),ROW(FT$4)),2)=0))} -> 0 | ... FX17: {=SUM(_xlfn._xlws.FILTER(FX$3:FX$4,MOD(ROW(FX$3:FX$4)-CHOOSE($A$16,ROW(FX$3),ROW(FX$4)),2)=0))} -> 0 | FZ17: {=SUM(_xlfn._xlws.FILTER(FZ$3:FZ$4,MOD(ROW(FZ$3:FZ$4)-CHOOSE($A$16,ROW(FZ$3),ROW(FZ$4)),2)=0))} -> 0 | GA17: {=SUM(_xlfn._xlws.FILTER(GA$3:GA$4,MOD(ROW(GA$3:GA$4)-CHOOSE($A$16,ROW(GA$3),ROW(GA$4)),2)=0))} -> 0 | GB17: {=SUM(_xlfn._xlws.FILTER(GB$3:GB$4,MOD(ROW(GB$3:GB$4)-CHOOSE($A$16,ROW(GB$3),ROW(GB$4)),2)=0))} -> 0 | GC17: {=SUM(_xlfn._xlws.FILTER(GC$3:GC$4,MOD(ROW(GC$3:GC$4)-CHOOSE($A$16,ROW(GC$3),ROW(GC$4)),2)=0))} -> 0 | GD17: {=SUM(_xlfn._xlws.FILTER(GD$3:GD$4,MOD(ROW(GD$3:GD$4)-CHOOSE($A$16,ROW(GD$3),ROW(GD$4)),2)=0))} -> 0 | GE17: {=SUM(_xlfn._xlws.FILTER(GE$3:GE$4,MOD(ROW(GE$3:GE$4)-CHOOSE($A$16,ROW(GE$3),ROW(GE$4)),2)=0))} -> 0 | GF17: {=SUM(_xlfn._xlws.FILTER(GF$3:GF$4,MOD(ROW(GF$3:GF$4)-CHOOSE($A$16,ROW(GF$3),ROW(GF$4)),2)=0))} -> 0 | GG17: {=SUM(_xlfn._xlws.FILTER(GG$3:GG$4,MOD(ROW(GG$3:GG$4)-CHOOSE($A$16,ROW(GG$3),ROW(GG$4)),2)=0))} -> 0 | ... GK17: {=SUM(_xlfn._xlws.FILTER(GK$3:GK$4,MOD(ROW(GK$3:GK$4)-CHOOSE($A$16,ROW(GK$3),ROW(GK$4)),2)=0))} -> 0 | GM17: {=SUM(_xlfn._xlws.FILTER(GM$3:GM$4,MOD(ROW(GM$3:GM$4)-CHOOSE($A$16,ROW(GM$3),ROW(GM$4)),2)=0))} -> 0 | GN17: {=SUM(_xlfn._xlws.FILTER(GN$3:GN$4,MOD(ROW(GN$3:GN$4)-CHOOSE($A$16,ROW(GN$3),ROW(GN$4)),2)=0))} -> 0 | GO17: {=SUM(_xlfn._xlws.FILTER(GO$3:GO$4,MOD(ROW(GO$3:GO$4)-CHOOSE($A$16,ROW(GO$3),ROW(GO$4)),2)=0))} -> 0 | GP17: {=SUM(_xlfn._xlws.FILTER(GP$3:GP$4,MOD(ROW(GP$3:GP$4)-CHOOSE($A$16,ROW(GP$3),ROW(GP$4)),2)=0))} -> 0 | GQ17: {=SUM(_xlfn._xlws.FILTER(GQ$3:GQ$4,MOD(ROW(GQ$3:GQ$4)-CHOOSE($A$16,ROW(GQ$3),ROW(GQ$4)),2)=0))} -> 0 | GR17: {=SUM(_xlfn._xlws.FILTER(GR$3:GR$4,MOD(ROW(GR$3:GR$4)-CHOOSE($A$16,ROW(GR$3),ROW(GR$4)),2)=0))} -> 0 | GS17: {=SUM(_xlfn._xlws.FILTER(GS$3:GS$4,MOD(ROW(GS$3:GS$4)-CHOOSE($A$16,ROW(GS$3),ROW(GS$4)),2)=0))} -> 0 | GT17: {=SUM(_xlfn._xlws.FILTER(GT$3:GT$4,MOD(ROW(GT$3:GT$4)-CHOOSE($A$16,ROW(GT$3),ROW(GT$4)),2)=0))} -> 0 | ... GX17: {=SUM(_xlfn._xlws.FILTER(GX$3:GX$4,MOD(ROW(GX$3:GX$4)-CHOOSE($A$16,ROW(GX$3),ROW(GX$4)),2)=0))} -> 0 | GZ17: {=SUM(_xlfn._xlws.FILTER(GZ$3:GZ$4,MOD(ROW(GZ$3:GZ$4)-CHOOSE($A$16,ROW(GZ$3),ROW(GZ$4)),2)=0))} -> 0 | HA17: {=SUM(_xlfn._xlws.FILTER(HA$3:HA$4,MOD(ROW(HA$3:HA$4)-CHOOSE($A$16,ROW(HA$3),ROW(HA$4)),2)=0))} -> 0 | HB17: {=SUM(_xlfn._xlws.FILTER(HB$3:HB$4,MOD(ROW(HB$3:HB$4)-CHOOSE($A$16,ROW(HB$3),ROW(HB$4)),2)=0))} -> 0 | HC17: {=SUM(_xlfn._xlws.FILTER(HC$3:HC$4,MOD(ROW(HC$3:HC$4)-CHOOSE($A$16,ROW(HC$3),ROW(HC$4)),2)=0))} -> 0 | HD17: {=SUM(_xlfn._xlws.FILTER(HD$3:HD$4,MOD(ROW(HD$3:HD$4)-CHOOSE($A$16,ROW(HD$3),ROW(HD$4)),2)=0))} -> 0 | HE17: {=SUM(_xlfn._xlws.FILTER(HE$3:HE$4,MOD(ROW(HE$3:HE$4)-CHOOSE($A$16,ROW(HE$3),ROW(HE$4)),2)=0))} -> 0 | HF17: {=SUM(_xlfn._xlws.FILTER(HF$3:HF$4,MOD(ROW(HF$3:HF$4)-CHOOSE($A$16,ROW(HF$3),ROW(HF$4)),2)=0))} -> 0 | HG17: {=SUM(_xlfn._xlws.FILTER(HG$3:HG$4,MOD(ROW(HG$3:HG$4)-CHOOSE($A$16,ROW(HG$3),ROW(HG$4)),2)=0))} -> 0 | ... HK17: {=SUM(_xlfn._xlws.FILTER(HK$3:HK$4,MOD(ROW(HK$3:HK$4)-CHOOSE($A$16,ROW(HK$3),ROW(HK$4)),2)=0))} -> 0 | HM17: {=SUM(_xlfn._xlws.FILTER(HM$3:HM$4,MOD(ROW(HM$3:HM$4)-CHOOSE($A$16,ROW(HM$3),ROW(HM$4)),2)=0))} -> 0 | HN17: {=SUM(_xlfn._xlws.FILTER(HN$3:HN$4,MOD(ROW(HN$3:HN$4)-CHOOSE($A$16,ROW(HN$3),ROW(HN$4)),2)=0))} -> 0 | HO17: {=SUM(_xlfn._xlws.FILTER(HO$3:HO$4,MOD(ROW(HO$3:HO$4)-CHOOSE($A$16,ROW(HO$3),ROW(HO$4)),2)=0))} -> 0 | HP17: {=SUM(_xlfn._xlws.FILTER(HP$3:HP$4,MOD(ROW(HP$3:HP$4)-CHOOSE($A$16,ROW(HP$3),ROW(HP$4)),2)=0))} -> 0 | HQ17: {=SUM(_xlfn._xlws.FILTER(HQ$3:HQ$4,MOD(ROW(HQ$3:HQ$4)-CHOOSE($A$16,ROW(HQ$3),ROW(HQ$4)),2)=0))} -> 0 | HR17: {=SUM(_xlfn._xlws.FILTER(HR$3:HR$4,MOD(ROW(HR$3:HR$4)-CHOOSE($A$16,ROW(HR$3),ROW(HR$4)),2)=0))} -> 0 | HS17: {=SUM(_xlfn._xlws.FILTER(HS$3:HS$4,MOD(ROW(HS$3:HS$4)-CHOOSE($A$16,ROW(HS$3),ROW(HS$4)),2)=0))} -> 0 | HT17: {=SUM(_xlfn._xlws.FILTER(HT$3:HT$4,MOD(ROW(HT$3:HT$4)-CHOOSE($A$16,ROW(HT$3),ROW(HT$4)),2)=0))} -> 0 | ... HX17: {=SUM(_xlfn._xlws.FILTER(HX$3:HX$4,MOD(ROW(HX$3:HX$4)-CHOOSE($A$16,ROW(HX$3),ROW(HX$4)),2)=0))} -> 0 | HZ17: {=SUM(_xlfn._xlws.FILTER(HZ$3:HZ$4,MOD(ROW(HZ$3:HZ$4)-CHOOSE($A$16,ROW(HZ$3),ROW(HZ$4)),2)=0))} -> 0 | IA17: {=SUM(_xlfn._xlws.FILTER(IA$3:IA$4,MOD(ROW(IA$3:IA$4)-CHOOSE($A$16,ROW(IA$3),ROW(IA$4)),2)=0))} -> 0 | IB17: {=SUM(_xlfn._xlws.FILTER(IB$3:IB$4,MOD(ROW(IB$3:IB$4)-CHOOSE($A$16,ROW(IB$3),ROW(IB$4)),2)=0))} -> 0 | IC17: {=SUM(_xlfn._xlws.FILTER(IC$3:IC$4,MOD(ROW(IC$3:IC$4)-CHOOSE($A$16,ROW(IC$3),ROW(IC$4)),2)=0))} -> 0 | ID17: {=SUM(_xlfn._xlws.FILTER(ID$3:ID$4,MOD(ROW(ID$3:ID$4)-CHOOSE($A$16,ROW(ID$3),ROW(ID$4)),2)=0))} -> 0 | IE17: {=SUM(_xlfn._xlws.FILTER(IE$3:IE$4,MOD(ROW(IE$3:IE$4)-CHOOSE($A$16,ROW(IE$3),ROW(IE$4)),2)=0))} -> 0 | IF17: {=SUM(_xlfn._xlws.FILTER(IF$3:IF$4,MOD(ROW(IF$3:IF$4)-CHOOSE($A$16,ROW(IF$3),ROW(IF$4)),2)=0))} -> 0 | IG17: {=SUM(_xlfn._xlws.FILTER(IG$3:IG$4,MOD(ROW(IG$3:IG$4)-CHOOSE($A$16,ROW(IG$3),ROW(IG$4)),2)=0))} -> 0 | ... JK17: {=SUM(_xlfn._xlws.FILTER(JK$3:JK$4,MOD(ROW(JK$3:JK$4)-CHOOSE($A$16,ROW(JK$3),ROW(JK$4)),2)=0))} -> 0
A18: AVG | B18: {=AVERAGE(_xlfn._xlws.FILTER(B$3:B$4,MOD(ROW(B$3:B$4)-CHOOSE($A$16,ROW(B$3),ROW(B$4)),2)=0))} -> 0 | C18: {=AVERAGE(_xlfn._xlws.FILTER(C$3:C$4,MOD(ROW(C$3:C$4)-CHOOSE($A$16,ROW(C$3),ROW(C$4)),2)=0))} -> 0 | D18: {=AVERAGE(_xlfn._xlws.FILTER(D$3:D$4,MOD(ROW(D$3:D$4)-CHOOSE($A$16,ROW(D$3),ROW(D$4)),2)=0))} -> 0 | E18: {=AVERAGE(_xlfn._xlws.FILTER(E$3:E$4,MOD(ROW(E$3:E$4)-CHOOSE($A$16,ROW(E$3),ROW(E$4)),2)=0))} -> 0 | F18: {=AVERAGE(_xlfn._xlws.FILTER(F$3:F$4,MOD(ROW(F$3:F$4)-CHOOSE($A$16,ROW(F$3),ROW(F$4)),2)=0))} -> 0 | G18: {=AVERAGE(_xlfn._xlws.FILTER(G$3:G$4,MOD(ROW(G$3:G$4)-CHOOSE($A$16,ROW(G$3),ROW(G$4)),2)=0))} -> 0 | H18: {=AVERAGE(_xlfn._xlws.FILTER(H$3:H$4,MOD(ROW(H$3:H$4)-CHOOSE($A$16,ROW(H$3),ROW(H$4)),2)=0))} -> 0 | I18: {=AVERAGE(_xlfn._xlws.FILTER(I$3:I$4,MOD(ROW(I$3:I$4)-CHOOSE($A$16,ROW(I$3),ROW(I$4)),2)=0))} -> 0 | ... K18: {=AVERAGE(_xlfn._xlws.FILTER(K$3:K$4,MOD(ROW(K$3:K$4)-CHOOSE($A$16,ROW(K$3),ROW(K$4)),2)=0))} -> 0 | M18: {=AVERAGE(_xlfn._xlws.FILTER(M$3:M$4,MOD(ROW(M$3:M$4)-CHOOSE($A$16,ROW(M$3),ROW(M$4)),2)=0))} -> 0 | N18: {=AVERAGE(_xlfn._xlws.FILTER(N$3:N$4,MOD(ROW(N$3:N$4)-CHOOSE($A$16,ROW(N$3),ROW(N$4)),2)=0))} -> 0 | O18: {=AVERAGE(_xlfn._xlws.FILTER(O$3:O$4,MOD(ROW(O$3:O$4)-CHOOSE($A$16,ROW(O$3),ROW(O$4)),2)=0))} -> 0 | P18: {=AVERAGE(_xlfn._xlws.FILTER(P$3:P$4,MOD(ROW(P$3:P$4)-CHOOSE($A$16,ROW(P$3),ROW(P$4)),2)=0))} -> 0 | Q18: {=AVERAGE(_xlfn._xlws.FILTER(Q$3:Q$4,MOD(ROW(Q$3:Q$4)-CHOOSE($A$16,ROW(Q$3),ROW(Q$4)),2)=0))} -> 0 | R18: {=AVERAGE(_xlfn._xlws.FILTER(R$3:R$4,MOD(ROW(R$3:R$4)-CHOOSE($A$16,ROW(R$3),ROW(R$4)),2)=0))} -> 0 | S18: {=AVERAGE(_xlfn._xlws.FILTER(S$3:S$4,MOD(ROW(S$3:S$4)-CHOOSE($A$16,ROW(S$3),ROW(S$4)),2)=0))} -> 0 | T18: {=AVERAGE(_xlfn._xlws.FILTER(T$3:T$4,MOD(ROW(T$3:T$4)-CHOOSE($A$16,ROW(T$3),ROW(T$4)),2)=0))} -> 0 | ... X18: {=AVERAGE(_xlfn._xlws.FILTER(X$3:X$4,MOD(ROW(X$3:X$4)-CHOOSE($A$16,ROW(X$3),ROW(X$4)),2)=0))} -> 0 | Z18: {=AVERAGE(_xlfn._xlws.FILTER(Z$3:Z$4,MOD(ROW(Z$3:Z$4)-CHOOSE($A$16,ROW(Z$3),ROW(Z$4)),2)=0))} -> 0 | AA18: {=AVERAGE(_xlfn._xlws.FILTER(AA$3:AA$4,MOD(ROW(AA$3:AA$4)-CHOOSE($A$16,ROW(AA$3),ROW(AA$4)),2)=0))} -> 0 | AB18: {=AVERAGE(_xlfn._xlws.FILTER(AB$3:AB$4,MOD(ROW(AB$3:AB$4)-CHOOSE($A$16,ROW(AB$3),ROW(AB$4)),2)=0))} -> 0 | AC18: {=AVERAGE(_xlfn._xlws.FILTER(AC$3:AC$4,MOD(ROW(AC$3:AC$4)-CHOOSE($A$16,ROW(AC$3),ROW(AC$4)),2)=0))} -> 0 | AD18: {=AVERAGE(_xlfn._xlws.FILTER(AD$3:AD$4,MOD(ROW(AD$3:AD$4)-CHOOSE($A$16,ROW(AD$3),ROW(AD$4)),2)=0))} -> 0 | AE18: {=AVERAGE(_xlfn._xlws.FILTER(AE$3:AE$4,MOD(ROW(AE$3:AE$4)-CHOOSE($A$16,ROW(AE$3),ROW(AE$4)),2)=0))} -> 0 | AF18: {=AVERAGE(_xlfn._xlws.FILTER(AF$3:AF$4,MOD(ROW(AF$3:AF$4)-CHOOSE($A$16,ROW(AF$3),ROW(AF$4)),2)=0))} -> 0 | AG18: {=AVERAGE(_xlfn._xlws.FILTER(AG$3:AG$4,MOD(ROW(AG$3:AG$4)-CHOOSE($A$16,ROW(AG$3),ROW(AG$4)),2)=0))} -> 0 | ... AK18: {=AVERAGE(_xlfn._xlws.FILTER(AK$3:AK$4,MOD(ROW(AK$3:AK$4)-CHOOSE($A$16,ROW(AK$3),ROW(AK$4)),2)=0))} -> 0 | AM18: {=AVERAGE(_xlfn._xlws.FILTER(AM$3:AM$4,MOD(ROW(AM$3:AM$4)-CHOOSE($A$16,ROW(AM$3),ROW(AM$4)),2)=0))} -> 0 | AN18: {=AVERAGE(_xlfn._xlws.FILTER(AN$3:AN$4,MOD(ROW(AN$3:AN$4)-CHOOSE($A$16,ROW(AN$3),ROW(AN$4)),2)=0))} -> 0 | AO18: {=AVERAGE(_xlfn._xlws.FILTER(AO$3:AO$4,MOD(ROW(AO$3:AO$4)-CHOOSE($A$16,ROW(AO$3),ROW(AO$4)),2)=0))} -> 0 | AP18: {=AVERAGE(_xlfn._xlws.FILTER(AP$3:AP$4,MOD(ROW(AP$3:AP$4)-CHOOSE($A$16,ROW(AP$3),ROW(AP$4)),2)=0))} -> 0 | AQ18: {=AVERAGE(_xlfn._xlws.FILTER(AQ$3:AQ$4,MOD(ROW(AQ$3:AQ$4)-CHOOSE($A$16,ROW(AQ$3),ROW(AQ$4)),2)=0))} -> 0 | AR18: {=AVERAGE(_xlfn._xlws.FILTER(AR$3:AR$4,MOD(ROW(AR$3:AR$4)-CHOOSE($A$16,ROW(AR$3),ROW(AR$4)),2)=0))} -> 0 | AS18: {=AVERAGE(_xlfn._xlws.FILTER(AS$3:AS$4,MOD(ROW(AS$3:AS$4)-CHOOSE($A$16,ROW(AS$3),ROW(AS$4)),2)=0))} -> 0 | AT18: {=AVERAGE(_xlfn._xlws.FILTER(AT$3:AT$4,MOD(ROW(AT$3:AT$4)-CHOOSE($A$16,ROW(AT$3),ROW(AT$4)),2)=0))} -> 0 | ... AX18: {=AVERAGE(_xlfn._xlws.FILTER(AX$3:AX$4,MOD(ROW(AX$3:AX$4)-CHOOSE($A$16,ROW(AX$3),ROW(AX$4)),2)=0))} -> 0 | AZ18: {=AVERAGE(_xlfn._xlws.FILTER(AZ$3:AZ$4,MOD(ROW(AZ$3:AZ$4)-CHOOSE($A$16,ROW(AZ$3),ROW(AZ$4)),2)=0))} -> 0 | BA18: {=AVERAGE(_xlfn._xlws.FILTER(BA$3:BA$4,MOD(ROW(BA$3:BA$4)-CHOOSE($A$16,ROW(BA$3),ROW(BA$4)),2)=0))} -> 0 | BB18: {=AVERAGE(_xlfn._xlws.FILTER(BB$3:BB$4,MOD(ROW(BB$3:BB$4)-CHOOSE($A$16,ROW(BB$3),ROW(BB$4)),2)=0))} -> 0 | BC18: {=AVERAGE(_xlfn._xlws.FILTER(BC$3:BC$4,MOD(ROW(BC$3:BC$4)-CHOOSE($A$16,ROW(BC$3),ROW(BC$4)),2)=0))} -> 0 | BD18: {=AVERAGE(_xlfn._xlws.FILTER(BD$3:BD$4,MOD(ROW(BD$3:BD$4)-CHOOSE($A$16,ROW(BD$3),ROW(BD$4)),2)=0))} -> 0 | BE18: {=AVERAGE(_xlfn._xlws.FILTER(BE$3:BE$4,MOD(ROW(BE$3:BE$4)-CHOOSE($A$16,ROW(BE$3),ROW(BE$4)),2)=0))} -> 0 | BF18: {=AVERAGE(_xlfn._xlws.FILTER(BF$3:BF$4,MOD(ROW(BF$3:BF$4)-CHOOSE($A$16,ROW(BF$3),ROW(BF$4)),2)=0))} -> 0 | BG18: {=AVERAGE(_xlfn._xlws.FILTER(BG$3:BG$4,MOD(ROW(BG$3:BG$4)-CHOOSE($A$16,ROW(BG$3),ROW(BG$4)),2)=0))} -> 0 | ... BK18: {=AVERAGE(_xlfn._xlws.FILTER(BK$3:BK$4,MOD(ROW(BK$3:BK$4)-CHOOSE($A$16,ROW(BK$3),ROW(BK$4)),2)=0))} -> 0 | BM18: {=AVERAGE(_xlfn._xlws.FILTER(BM$3:BM$4,MOD(ROW(BM$3:BM$4)-CHOOSE($A$16,ROW(BM$3),ROW(BM$4)),2)=0))} -> 0 | BN18: {=AVERAGE(_xlfn._xlws.FILTER(BN$3:BN$4,MOD(ROW(BN$3:BN$4)-CHOOSE($A$16,ROW(BN$3),ROW(BN$4)),2)=0))} -> 0 | BO18: {=AVERAGE(_xlfn._xlws.FILTER(BO$3:BO$4,MOD(ROW(BO$3:BO$4)-CHOOSE($A$16,ROW(BO$3),ROW(BO$4)),2)=0))} -> 0 | BP18: {=AVERAGE(_xlfn._xlws.FILTER(BP$3:BP$4,MOD(ROW(BP$3:BP$4)-CHOOSE($A$16,ROW(BP$3),ROW(BP$4)),2)=0))} -> 0 | BQ18: {=AVERAGE(_xlfn._xlws.FILTER(BQ$3:BQ$4,MOD(ROW(BQ$3:BQ$4)-CHOOSE($A$16,ROW(BQ$3),ROW(BQ$4)),2)=0))} -> 0 | BR18: {=AVERAGE(_xlfn._xlws.FILTER(BR$3:BR$4,MOD(ROW(BR$3:BR$4)-CHOOSE($A$16,ROW(BR$3),ROW(BR$4)),2)=0))} -> 0 | BS18: {=AVERAGE(_xlfn._xlws.FILTER(BS$3:BS$4,MOD(ROW(BS$3:BS$4)-CHOOSE($A$16,ROW(BS$3),ROW(BS$4)),2)=0))} -> 0 | BT18: {=AVERAGE(_xlfn._xlws.FILTER(BT$3:BT$4,MOD(ROW(BT$3:BT$4)-CHOOSE($A$16,ROW(BT$3),ROW(BT$4)),2)=0))} -> 0 | ... BX18: {=AVERAGE(_xlfn._xlws.FILTER(BX$3:BX$4,MOD(ROW(BX$3:BX$4)-CHOOSE($A$16,ROW(BX$3),ROW(BX$4)),2)=0))} -> 0 | BZ18: {=AVERAGE(_xlfn._xlws.FILTER(BZ$3:BZ$4,MOD(ROW(BZ$3:BZ$4)-CHOOSE($A$16,ROW(BZ$3),ROW(BZ$4)),2)=0))} -> 0 | CA18: {=AVERAGE(_xlfn._xlws.FILTER(CA$3:CA$4,MOD(ROW(CA$3:CA$4)-CHOOSE($A$16,ROW(CA$3),ROW(CA$4)),2)=0))} -> 0 | CB18: {=AVERAGE(_xlfn._xlws.FILTER(CB$3:CB$4,MOD(ROW(CB$3:CB$4)-CHOOSE($A$16,ROW(CB$3),ROW(CB$4)),2)=0))} -> 0 | CC18: {=AVERAGE(_xlfn._xlws.FILTER(CC$3:CC$4,MOD(ROW(CC$3:CC$4)-CHOOSE($A$16,ROW(CC$3),ROW(CC$4)),2)=0))} -> 0 | CD18: {=AVERAGE(_xlfn._xlws.FILTER(CD$3:CD$4,MOD(ROW(CD$3:CD$4)-CHOOSE($A$16,ROW(CD$3),ROW(CD$4)),2)=0))} -> 0 | CE18: {=AVERAGE(_xlfn._xlws.FILTER(CE$3:CE$4,MOD(ROW(CE$3:CE$4)-CHOOSE($A$16,ROW(CE$3),ROW(CE$4)),2)=0))} -> 0 | CF18: {=AVERAGE(_xlfn._xlws.FILTER(CF$3:CF$4,MOD(ROW(CF$3:CF$4)-CHOOSE($A$16,ROW(CF$3),ROW(CF$4)),2)=0))} -> 0 | CG18: {=AVERAGE(_xlfn._xlws.FILTER(CG$3:CG$4,MOD(ROW(CG$3:CG$4)-CHOOSE($A$16,ROW(CG$3),ROW(CG$4)),2)=0))} -> 0 | ... CK18: {=AVERAGE(_xlfn._xlws.FILTER(CK$3:CK$4,MOD(ROW(CK$3:CK$4)-CHOOSE($A$16,ROW(CK$3),ROW(CK$4)),2)=0))} -> 0 | CM18: {=AVERAGE(_xlfn._xlws.FILTER(CM$3:CM$4,MOD(ROW(CM$3:CM$4)-CHOOSE($A$16,ROW(CM$3),ROW(CM$4)),2)=0))} -> 0 | CN18: {=AVERAGE(_xlfn._xlws.FILTER(CN$3:CN$4,MOD(ROW(CN$3:CN$4)-CHOOSE($A$16,ROW(CN$3),ROW(CN$4)),2)=0))} -> 0 | CO18: {=AVERAGE(_xlfn._xlws.FILTER(CO$3:CO$4,MOD(ROW(CO$3:CO$4)-CHOOSE($A$16,ROW(CO$3),ROW(CO$4)),2)=0))} -> 0 | CP18: {=AVERAGE(_xlfn._xlws.FILTER(CP$3:CP$4,MOD(ROW(CP$3:CP$4)-CHOOSE($A$16,ROW(CP$3),ROW(CP$4)),2)=0))} -> 0 | CQ18: {=AVERAGE(_xlfn._xlws.FILTER(CQ$3:CQ$4,MOD(ROW(CQ$3:CQ$4)-CHOOSE($A$16,ROW(CQ$3),ROW(CQ$4)),2)=0))} -> 0 | CR18: {=AVERAGE(_xlfn._xlws.FILTER(CR$3:CR$4,MOD(ROW(CR$3:CR$4)-CHOOSE($A$16,ROW(CR$3),ROW(CR$4)),2)=0))} -> 0 | CS18: {=AVERAGE(_xlfn._xlws.FILTER(CS$3:CS$4,MOD(ROW(CS$3:CS$4)-CHOOSE($A$16,ROW(CS$3),ROW(CS$4)),2)=0))} -> 0 | CT18: {=AVERAGE(_xlfn._xlws.FILTER(CT$3:CT$4,MOD(ROW(CT$3:CT$4)-CHOOSE($A$16,ROW(CT$3),ROW(CT$4)),2)=0))} -> 0 | ... CX18: {=AVERAGE(_xlfn._xlws.FILTER(CX$3:CX$4,MOD(ROW(CX$3:CX$4)-CHOOSE($A$16,ROW(CX$3),ROW(CX$4)),2)=0))} -> 0 | CZ18: {=AVERAGE(_xlfn._xlws.FILTER(CZ$3:CZ$4,MOD(ROW(CZ$3:CZ$4)-CHOOSE($A$16,ROW(CZ$3),ROW(CZ$4)),2)=0))} -> 0 | DA18: {=AVERAGE(_xlfn._xlws.FILTER(DA$3:DA$4,MOD(ROW(DA$3:DA$4)-CHOOSE($A$16,ROW(DA$3),ROW(DA$4)),2)=0))} -> 0 | DB18: {=AVERAGE(_xlfn._xlws.FILTER(DB$3:DB$4,MOD(ROW(DB$3:DB$4)-CHOOSE($A$16,ROW(DB$3),ROW(DB$4)),2)=0))} -> 0 | DC18: {=AVERAGE(_xlfn._xlws.FILTER(DC$3:DC$4,MOD(ROW(DC$3:DC$4)-CHOOSE($A$16,ROW(DC$3),ROW(DC$4)),2)=0))} -> 0 | DD18: {=AVERAGE(_xlfn._xlws.FILTER(DD$3:DD$4,MOD(ROW(DD$3:DD$4)-CHOOSE($A$16,ROW(DD$3),ROW(DD$4)),2)=0))} -> 0 | DE18: {=AVERAGE(_xlfn._xlws.FILTER(DE$3:DE$4,MOD(ROW(DE$3:DE$4)-CHOOSE($A$16,ROW(DE$3),ROW(DE$4)),2)=0))} -> 0 | DF18: {=AVERAGE(_xlfn._xlws.FILTER(DF$3:DF$4,MOD(ROW(DF$3:DF$4)-CHOOSE($A$16,ROW(DF$3),ROW(DF$4)),2)=0))} -> 0 | DG18: {=AVERAGE(_xlfn._xlws.FILTER(DG$3:DG$4,MOD(ROW(DG$3:DG$4)-CHOOSE($A$16,ROW(DG$3),ROW(DG$4)),2)=0))} -> 0 | ... DK18: {=AVERAGE(_xlfn._xlws.FILTER(DK$3:DK$4,MOD(ROW(DK$3:DK$4)-CHOOSE($A$16,ROW(DK$3),ROW(DK$4)),2)=0))} -> 0 | DM18: {=AVERAGE(_xlfn._xlws.FILTER(DM$3:DM$4,MOD(ROW(DM$3:DM$4)-CHOOSE($A$16,ROW(DM$3),ROW(DM$4)),2)=0))} -> 0 | DN18: {=AVERAGE(_xlfn._xlws.FILTER(DN$3:DN$4,MOD(ROW(DN$3:DN$4)-CHOOSE($A$16,ROW(DN$3),ROW(DN$4)),2)=0))} -> 0 | DO18: {=AVERAGE(_xlfn._xlws.FILTER(DO$3:DO$4,MOD(ROW(DO$3:DO$4)-CHOOSE($A$16,ROW(DO$3),ROW(DO$4)),2)=0))} -> 0 | DP18: {=AVERAGE(_xlfn._xlws.FILTER(DP$3:DP$4,MOD(ROW(DP$3:DP$4)-CHOOSE($A$16,ROW(DP$3),ROW(DP$4)),2)=0))} -> 0 | DQ18: {=AVERAGE(_xlfn._xlws.FILTER(DQ$3:DQ$4,MOD(ROW(DQ$3:DQ$4)-CHOOSE($A$16,ROW(DQ$3),ROW(DQ$4)),2)=0))} -> 0 | DR18: {=AVERAGE(_xlfn._xlws.FILTER(DR$3:DR$4,MOD(ROW(DR$3:DR$4)-CHOOSE($A$16,ROW(DR$3),ROW(DR$4)),2)=0))} -> 0 | DS18: {=AVERAGE(_xlfn._xlws.FILTER(DS$3:DS$4,MOD(ROW(DS$3:DS$4)-CHOOSE($A$16,ROW(DS$3),ROW(DS$4)),2)=0))} -> 0 | DT18: {=AVERAGE(_xlfn._xlws.FILTER(DT$3:DT$4,MOD(ROW(DT$3:DT$4)-CHOOSE($A$16,ROW(DT$3),ROW(DT$4)),2)=0))} -> 0 | ... DX18: {=AVERAGE(_xlfn._xlws.FILTER(DX$3:DX$4,MOD(ROW(DX$3:DX$4)-CHOOSE($A$16,ROW(DX$3),ROW(DX$4)),2)=0))} -> 0 | DZ18: {=AVERAGE(_xlfn._xlws.FILTER(DZ$3:DZ$4,MOD(ROW(DZ$3:DZ$4)-CHOOSE($A$16,ROW(DZ$3),ROW(DZ$4)),2)=0))} -> 0 | EA18: {=AVERAGE(_xlfn._xlws.FILTER(EA$3:EA$4,MOD(ROW(EA$3:EA$4)-CHOOSE($A$16,ROW(EA$3),ROW(EA$4)),2)=0))} -> 0 | EB18: {=AVERAGE(_xlfn._xlws.FILTER(EB$3:EB$4,MOD(ROW(EB$3:EB$4)-CHOOSE($A$16,ROW(EB$3),ROW(EB$4)),2)=0))} -> 0 | EC18: {=AVERAGE(_xlfn._xlws.FILTER(EC$3:EC$4,MOD(ROW(EC$3:EC$4)-CHOOSE($A$16,ROW(EC$3),ROW(EC$4)),2)=0))} -> 0 | ED18: {=AVERAGE(_xlfn._xlws.FILTER(ED$3:ED$4,MOD(ROW(ED$3:ED$4)-CHOOSE($A$16,ROW(ED$3),ROW(ED$4)),2)=0))} -> 0 | EE18: {=AVERAGE(_xlfn._xlws.FILTER(EE$3:EE$4,MOD(ROW(EE$3:EE$4)-CHOOSE($A$16,ROW(EE$3),ROW(EE$4)),2)=0))} -> 0 | EF18: {=AVERAGE(_xlfn._xlws.FILTER(EF$3:EF$4,MOD(ROW(EF$3:EF$4)-CHOOSE($A$16,ROW(EF$3),ROW(EF$4)),2)=0))} -> 0 | EG18: {=AVERAGE(_xlfn._xlws.FILTER(EG$3:EG$4,MOD(ROW(EG$3:EG$4)-CHOOSE($A$16,ROW(EG$3),ROW(EG$4)),2)=0))} -> 0 | ... EK18: {=AVERAGE(_xlfn._xlws.FILTER(EK$3:EK$4,MOD(ROW(EK$3:EK$4)-CHOOSE($A$16,ROW(EK$3),ROW(EK$4)),2)=0))} -> 0 | EM18: {=AVERAGE(_xlfn._xlws.FILTER(EM$3:EM$4,MOD(ROW(EM$3:EM$4)-CHOOSE($A$16,ROW(EM$3),ROW(EM$4)),2)=0))} -> 0 | EN18: {=AVERAGE(_xlfn._xlws.FILTER(EN$3:EN$4,MOD(ROW(EN$3:EN$4)-CHOOSE($A$16,ROW(EN$3),ROW(EN$4)),2)=0))} -> 0 | EO18: {=AVERAGE(_xlfn._xlws.FILTER(EO$3:EO$4,MOD(ROW(EO$3:EO$4)-CHOOSE($A$16,ROW(EO$3),ROW(EO$4)),2)=0))} -> 0 | EP18: {=AVERAGE(_xlfn._xlws.FILTER(EP$3:EP$4,MOD(ROW(EP$3:EP$4)-CHOOSE($A$16,ROW(EP$3),ROW(EP$4)),2)=0))} -> 0 | EQ18: {=AVERAGE(_xlfn._xlws.FILTER(EQ$3:EQ$4,MOD(ROW(EQ$3:EQ$4)-CHOOSE($A$16,ROW(EQ$3),ROW(EQ$4)),2)=0))} -> 0 | ER18: {=AVERAGE(_xlfn._xlws.FILTER(ER$3:ER$4,MOD(ROW(ER$3:ER$4)-CHOOSE($A$16,ROW(ER$3),ROW(ER$4)),2)=0))} -> 0 | ES18: {=AVERAGE(_xlfn._xlws.FILTER(ES$3:ES$4,MOD(ROW(ES$3:ES$4)-CHOOSE($A$16,ROW(ES$3),ROW(ES$4)),2)=0))} -> 0 | ET18: {=AVERAGE(_xlfn._xlws.FILTER(ET$3:ET$4,MOD(ROW(ET$3:ET$4)-CHOOSE($A$16,ROW(ET$3),ROW(ET$4)),2)=0))} -> 0 | ... EX18: {=AVERAGE(_xlfn._xlws.FILTER(EX$3:EX$4,MOD(ROW(EX$3:EX$4)-CHOOSE($A$16,ROW(EX$3),ROW(EX$4)),2)=0))} -> 0 | EZ18: {=AVERAGE(_xlfn._xlws.FILTER(EZ$3:EZ$4,MOD(ROW(EZ$3:EZ$4)-CHOOSE($A$16,ROW(EZ$3),ROW(EZ$4)),2)=0))} -> 0 | FA18: {=AVERAGE(_xlfn._xlws.FILTER(FA$3:FA$4,MOD(ROW(FA$3:FA$4)-CHOOSE($A$16,ROW(FA$3),ROW(FA$4)),2)=0))} -> 0 | FB18: {=AVERAGE(_xlfn._xlws.FILTER(FB$3:FB$4,MOD(ROW(FB$3:FB$4)-CHOOSE($A$16,ROW(FB$3),ROW(FB$4)),2)=0))} -> 0 | FC18: {=AVERAGE(_xlfn._xlws.FILTER(FC$3:FC$4,MOD(ROW(FC$3:FC$4)-CHOOSE($A$16,ROW(FC$3),ROW(FC$4)),2)=0))} -> 0 | FD18: {=AVERAGE(_xlfn._xlws.FILTER(FD$3:FD$4,MOD(ROW(FD$3:FD$4)-CHOOSE($A$16,ROW(FD$3),ROW(FD$4)),2)=0))} -> 0 | FE18: {=AVERAGE(_xlfn._xlws.FILTER(FE$3:FE$4,MOD(ROW(FE$3:FE$4)-CHOOSE($A$16,ROW(FE$3),ROW(FE$4)),2)=0))} -> 0 | FF18: {=AVERAGE(_xlfn._xlws.FILTER(FF$3:FF$4,MOD(ROW(FF$3:FF$4)-CHOOSE($A$16,ROW(FF$3),ROW(FF$4)),2)=0))} -> 0 | FG18: {=AVERAGE(_xlfn._xlws.FILTER(FG$3:FG$4,MOD(ROW(FG$3:FG$4)-CHOOSE($A$16,ROW(FG$3),ROW(FG$4)),2)=0))} -> 0 | ... FK18: {=AVERAGE(_xlfn._xlws.FILTER(FK$3:FK$4,MOD(ROW(FK$3:FK$4)-CHOOSE($A$16,ROW(FK$3),ROW(FK$4)),2)=0))} -> 0 | FM18: {=AVERAGE(_xlfn._xlws.FILTER(FM$3:FM$4,MOD(ROW(FM$3:FM$4)-CHOOSE($A$16,ROW(FM$3),ROW(FM$4)),2)=0))} -> 0 | FN18: {=AVERAGE(_xlfn._xlws.FILTER(FN$3:FN$4,MOD(ROW(FN$3:FN$4)-CHOOSE($A$16,ROW(FN$3),ROW(FN$4)),2)=0))} -> 0 | FO18: {=AVERAGE(_xlfn._xlws.FILTER(FO$3:FO$4,MOD(ROW(FO$3:FO$4)-CHOOSE($A$16,ROW(FO$3),ROW(FO$4)),2)=0))} -> 0 | FP18: {=AVERAGE(_xlfn._xlws.FILTER(FP$3:FP$4,MOD(ROW(FP$3:FP$4)-CHOOSE($A$16,ROW(FP$3),ROW(FP$4)),2)=0))} -> 0 | FQ18: {=AVERAGE(_xlfn._xlws.FILTER(FQ$3:FQ$4,MOD(ROW(FQ$3:FQ$4)-CHOOSE($A$16,ROW(FQ$3),ROW(FQ$4)),2)=0))} -> 0 | FR18: {=AVERAGE(_xlfn._xlws.FILTER(FR$3:FR$4,MOD(ROW(FR$3:FR$4)-CHOOSE($A$16,ROW(FR$3),ROW(FR$4)),2)=0))} -> 0 | FS18: {=AVERAGE(_xlfn._xlws.FILTER(FS$3:FS$4,MOD(ROW(FS$3:FS$4)-CHOOSE($A$16,ROW(FS$3),ROW(FS$4)),2)=0))} -> 0 | FT18: {=AVERAGE(_xlfn._xlws.FILTER(FT$3:FT$4,MOD(ROW(FT$3:FT$4)-CHOOSE($A$16,ROW(FT$3),ROW(FT$4)),2)=0))} -> 0 | ... FX18: {=AVERAGE(_xlfn._xlws.FILTER(FX$3:FX$4,MOD(ROW(FX$3:FX$4)-CHOOSE($A$16,ROW(FX$3),ROW(FX$4)),2)=0))} -> 0 | FZ18: {=AVERAGE(_xlfn._xlws.FILTER(FZ$3:FZ$4,MOD(ROW(FZ$3:FZ$4)-CHOOSE($A$16,ROW(FZ$3),ROW(FZ$4)),2)=0))} -> 0 | GA18: {=AVERAGE(_xlfn._xlws.FILTER(GA$3:GA$4,MOD(ROW(GA$3:GA$4)-CHOOSE($A$16,ROW(GA$3),ROW(GA$4)),2)=0))} -> 0 | GB18: {=AVERAGE(_xlfn._xlws.FILTER(GB$3:GB$4,MOD(ROW(GB$3:GB$4)-CHOOSE($A$16,ROW(GB$3),ROW(GB$4)),2)=0))} -> 0 | GC18: {=AVERAGE(_xlfn._xlws.FILTER(GC$3:GC$4,MOD(ROW(GC$3:GC$4)-CHOOSE($A$16,ROW(GC$3),ROW(GC$4)),2)=0))} -> 0 | GD18: {=AVERAGE(_xlfn._xlws.FILTER(GD$3:GD$4,MOD(ROW(GD$3:GD$4)-CHOOSE($A$16,ROW(GD$3),ROW(GD$4)),2)=0))} -> 0 | GE18: {=AVERAGE(_xlfn._xlws.FILTER(GE$3:GE$4,MOD(ROW(GE$3:GE$4)-CHOOSE($A$16,ROW(GE$3),ROW(GE$4)),2)=0))} -> 0 | GF18: {=AVERAGE(_xlfn._xlws.FILTER(GF$3:GF$4,MOD(ROW(GF$3:GF$4)-CHOOSE($A$16,ROW(GF$3),ROW(GF$4)),2)=0))} -> 0 | GG18: {=AVERAGE(_xlfn._xlws.FILTER(GG$3:GG$4,MOD(ROW(GG$3:GG$4)-CHOOSE($A$16,ROW(GG$3),ROW(GG$4)),2)=0))} -> 0 | ... GK18: {=AVERAGE(_xlfn._xlws.FILTER(GK$3:GK$4,MOD(ROW(GK$3:GK$4)-CHOOSE($A$16,ROW(GK$3),ROW(GK$4)),2)=0))} -> 0 | GM18: {=AVERAGE(_xlfn._xlws.FILTER(GM$3:GM$4,MOD(ROW(GM$3:GM$4)-CHOOSE($A$16,ROW(GM$3),ROW(GM$4)),2)=0))} -> 0 | GN18: {=AVERAGE(_xlfn._xlws.FILTER(GN$3:GN$4,MOD(ROW(GN$3:GN$4)-CHOOSE($A$16,ROW(GN$3),ROW(GN$4)),2)=0))} -> 0 | GO18: {=AVERAGE(_xlfn._xlws.FILTER(GO$3:GO$4,MOD(ROW(GO$3:GO$4)-CHOOSE($A$16,ROW(GO$3),ROW(GO$4)),2)=0))} -> 0 | GP18: {=AVERAGE(_xlfn._xlws.FILTER(GP$3:GP$4,MOD(ROW(GP$3:GP$4)-CHOOSE($A$16,ROW(GP$3),ROW(GP$4)),2)=0))} -> 0 | GQ18: {=AVERAGE(_xlfn._xlws.FILTER(GQ$3:GQ$4,MOD(ROW(GQ$3:GQ$4)-CHOOSE($A$16,ROW(GQ$3),ROW(GQ$4)),2)=0))} -> 0 | GR18: {=AVERAGE(_xlfn._xlws.FILTER(GR$3:GR$4,MOD(ROW(GR$3:GR$4)-CHOOSE($A$16,ROW(GR$3),ROW(GR$4)),2)=0))} -> 0 | GS18: {=AVERAGE(_xlfn._xlws.FILTER(GS$3:GS$4,MOD(ROW(GS$3:GS$4)-CHOOSE($A$16,ROW(GS$3),ROW(GS$4)),2)=0))} -> 0 | GT18: {=AVERAGE(_xlfn._xlws.FILTER(GT$3:GT$4,MOD(ROW(GT$3:GT$4)-CHOOSE($A$16,ROW(GT$3),ROW(GT$4)),2)=0))} -> 0 | ... GX18: {=AVERAGE(_xlfn._xlws.FILTER(GX$3:GX$4,MOD(ROW(GX$3:GX$4)-CHOOSE($A$16,ROW(GX$3),ROW(GX$4)),2)=0))} -> 0 | GZ18: {=AVERAGE(_xlfn._xlws.FILTER(GZ$3:GZ$4,MOD(ROW(GZ$3:GZ$4)-CHOOSE($A$16,ROW(GZ$3),ROW(GZ$4)),2)=0))} -> 0 | HA18: {=AVERAGE(_xlfn._xlws.FILTER(HA$3:HA$4,MOD(ROW(HA$3:HA$4)-CHOOSE($A$16,ROW(HA$3),ROW(HA$4)),2)=0))} -> 0 | HB18: {=AVERAGE(_xlfn._xlws.FILTER(HB$3:HB$4,MOD(ROW(HB$3:HB$4)-CHOOSE($A$16,ROW(HB$3),ROW(HB$4)),2)=0))} -> 0 | HC18: {=AVERAGE(_xlfn._xlws.FILTER(HC$3:HC$4,MOD(ROW(HC$3:HC$4)-CHOOSE($A$16,ROW(HC$3),ROW(HC$4)),2)=0))} -> 0 | HD18: {=AVERAGE(_xlfn._xlws.FILTER(HD$3:HD$4,MOD(ROW(HD$3:HD$4)-CHOOSE($A$16,ROW(HD$3),ROW(HD$4)),2)=0))} -> 0 | HE18: {=AVERAGE(_xlfn._xlws.FILTER(HE$3:HE$4,MOD(ROW(HE$3:HE$4)-CHOOSE($A$16,ROW(HE$3),ROW(HE$4)),2)=0))} -> 0 | HF18: {=AVERAGE(_xlfn._xlws.FILTER(HF$3:HF$4,MOD(ROW(HF$3:HF$4)-CHOOSE($A$16,ROW(HF$3),ROW(HF$4)),2)=0))} -> 0 | HG18: {=AVERAGE(_xlfn._xlws.FILTER(HG$3:HG$4,MOD(ROW(HG$3:HG$4)-CHOOSE($A$16,ROW(HG$3),ROW(HG$4)),2)=0))} -> 0 | ... HK18: {=AVERAGE(_xlfn._xlws.FILTER(HK$3:HK$4,MOD(ROW(HK$3:HK$4)-CHOOSE($A$16,ROW(HK$3),ROW(HK$4)),2)=0))} -> 0 | HM18: {=AVERAGE(_xlfn._xlws.FILTER(HM$3:HM$4,MOD(ROW(HM$3:HM$4)-CHOOSE($A$16,ROW(HM$3),ROW(HM$4)),2)=0))} -> 0 | HN18: {=AVERAGE(_xlfn._xlws.FILTER(HN$3:HN$4,MOD(ROW(HN$3:HN$4)-CHOOSE($A$16,ROW(HN$3),ROW(HN$4)),2)=0))} -> 0 | HO18: {=AVERAGE(_xlfn._xlws.FILTER(HO$3:HO$4,MOD(ROW(HO$3:HO$4)-CHOOSE($A$16,ROW(HO$3),ROW(HO$4)),2)=0))} -> 0 | HP18: {=AVERAGE(_xlfn._xlws.FILTER(HP$3:HP$4,MOD(ROW(HP$3:HP$4)-CHOOSE($A$16,ROW(HP$3),ROW(HP$4)),2)=0))} -> 0 | HQ18: {=AVERAGE(_xlfn._xlws.FILTER(HQ$3:HQ$4,MOD(ROW(HQ$3:HQ$4)-CHOOSE($A$16,ROW(HQ$3),ROW(HQ$4)),2)=0))} -> 0 | HR18: {=AVERAGE(_xlfn._xlws.FILTER(HR$3:HR$4,MOD(ROW(HR$3:HR$4)-CHOOSE($A$16,ROW(HR$3),ROW(HR$4)),2)=0))} -> 0 | HS18: {=AVERAGE(_xlfn._xlws.FILTER(HS$3:HS$4,MOD(ROW(HS$3:HS$4)-CHOOSE($A$16,ROW(HS$3),ROW(HS$4)),2)=0))} -> 0 | HT18: {=AVERAGE(_xlfn._xlws.FILTER(HT$3:HT$4,MOD(ROW(HT$3:HT$4)-CHOOSE($A$16,ROW(HT$3),ROW(HT$4)),2)=0))} -> 0 | ... HX18: {=AVERAGE(_xlfn._xlws.FILTER(HX$3:HX$4,MOD(ROW(HX$3:HX$4)-CHOOSE($A$16,ROW(HX$3),ROW(HX$4)),2)=0))} -> 0 | HZ18: {=AVERAGE(_xlfn._xlws.FILTER(HZ$3:HZ$4,MOD(ROW(HZ$3:HZ$4)-CHOOSE($A$16,ROW(HZ$3),ROW(HZ$4)),2)=0))} -> 0 | IA18: {=AVERAGE(_xlfn._xlws.FILTER(IA$3:IA$4,MOD(ROW(IA$3:IA$4)-CHOOSE($A$16,ROW(IA$3),ROW(IA$4)),2)=0))} -> 0 | IB18: {=AVERAGE(_xlfn._xlws.FILTER(IB$3:IB$4,MOD(ROW(IB$3:IB$4)-CHOOSE($A$16,ROW(IB$3),ROW(IB$4)),2)=0))} -> 0 | IC18: {=AVERAGE(_xlfn._xlws.FILTER(IC$3:IC$4,MOD(ROW(IC$3:IC$4)-CHOOSE($A$16,ROW(IC$3),ROW(IC$4)),2)=0))} -> 0 | ID18: {=AVERAGE(_xlfn._xlws.FILTER(ID$3:ID$4,MOD(ROW(ID$3:ID$4)-CHOOSE($A$16,ROW(ID$3),ROW(ID$4)),2)=0))} -> 0 | IE18: {=AVERAGE(_xlfn._xlws.FILTER(IE$3:IE$4,MOD(ROW(IE$3:IE$4)-CHOOSE($A$16,ROW(IE$3),ROW(IE$4)),2)=0))} -> 0 | IF18: {=AVERAGE(_xlfn._xlws.FILTER(IF$3:IF$4,MOD(ROW(IF$3:IF$4)-CHOOSE($A$16,ROW(IF$3),ROW(IF$4)),2)=0))} -> 0 | IG18: {=AVERAGE(_xlfn._xlws.FILTER(IG$3:IG$4,MOD(ROW(IG$3:IG$4)-CHOOSE($A$16,ROW(IG$3),ROW(IG$4)),2)=0))} -> 0 | ... JK18: {=AVERAGE(_xlfn._xlws.FILTER(JK$3:JK$4,MOD(ROW(JK$3:JK$4)-CHOOSE($A$16,ROW(JK$3),ROW(JK$4)),2)=0))} -> 0
A19: DEV | B19: {=STDEV(_xlfn._xlws.FILTER(B$3:B$4,MOD(ROW(B$3:B$4)-CHOOSE($A$16,ROW(B$3),ROW(B$4)),2)=0))} -> 0 | C19: {=STDEV(_xlfn._xlws.FILTER(C$3:C$4,MOD(ROW(C$3:C$4)-CHOOSE($A$16,ROW(C$3),ROW(C$4)),2)=0))} -> 0 | D19: {=STDEV(_xlfn._xlws.FILTER(D$3:D$4,MOD(ROW(D$3:D$4)-CHOOSE($A$16,ROW(D$3),ROW(D$4)),2)=0))} -> 0 | E19: {=STDEV(_xlfn._xlws.FILTER(E$3:E$4,MOD(ROW(E$3:E$4)-CHOOSE($A$16,ROW(E$3),ROW(E$4)),2)=0))} -> 0 | F19: {=STDEV(_xlfn._xlws.FILTER(F$3:F$4,MOD(ROW(F$3:F$4)-CHOOSE($A$16,ROW(F$3),ROW(F$4)),2)=0))} -> 0 | G19: {=STDEV(_xlfn._xlws.FILTER(G$3:G$4,MOD(ROW(G$3:G$4)-CHOOSE($A$16,ROW(G$3),ROW(G$4)),2)=0))} -> 0 | H19: {=STDEV(_xlfn._xlws.FILTER(H$3:H$4,MOD(ROW(H$3:H$4)-CHOOSE($A$16,ROW(H$3),ROW(H$4)),2)=0))} -> 0 | I19: {=STDEV(_xlfn._xlws.FILTER(I$3:I$4,MOD(ROW(I$3:I$4)-CHOOSE($A$16,ROW(I$3),ROW(I$4)),2)=0))} -> 0 | ... K19: {=STDEV(_xlfn._xlws.FILTER(K$3:K$4,MOD(ROW(K$3:K$4)-CHOOSE($A$16,ROW(K$3),ROW(K$4)),2)=0))} -> 0 | M19: {=STDEV(_xlfn._xlws.FILTER(M$3:M$4,MOD(ROW(M$3:M$4)-CHOOSE($A$16,ROW(M$3),ROW(M$4)),2)=0))} -> 0 | N19: {=STDEV(_xlfn._xlws.FILTER(N$3:N$4,MOD(ROW(N$3:N$4)-CHOOSE($A$16,ROW(N$3),ROW(N$4)),2)=0))} -> 0 | O19: {=STDEV(_xlfn._xlws.FILTER(O$3:O$4,MOD(ROW(O$3:O$4)-CHOOSE($A$16,ROW(O$3),ROW(O$4)),2)=0))} -> 0 | P19: {=STDEV(_xlfn._xlws.FILTER(P$3:P$4,MOD(ROW(P$3:P$4)-CHOOSE($A$16,ROW(P$3),ROW(P$4)),2)=0))} -> 0 | Q19: {=STDEV(_xlfn._xlws.FILTER(Q$3:Q$4,MOD(ROW(Q$3:Q$4)-CHOOSE($A$16,ROW(Q$3),ROW(Q$4)),2)=0))} -> 0 | R19: {=STDEV(_xlfn._xlws.FILTER(R$3:R$4,MOD(ROW(R$3:R$4)-CHOOSE($A$16,ROW(R$3),ROW(R$4)),2)=0))} -> 0 | S19: {=STDEV(_xlfn._xlws.FILTER(S$3:S$4,MOD(ROW(S$3:S$4)-CHOOSE($A$16,ROW(S$3),ROW(S$4)),2)=0))} -> 0 | T19: {=STDEV(_xlfn._xlws.FILTER(T$3:T$4,MOD(ROW(T$3:T$4)-CHOOSE($A$16,ROW(T$3),ROW(T$4)),2)=0))} -> 0 | ... X19: {=STDEV(_xlfn._xlws.FILTER(X$3:X$4,MOD(ROW(X$3:X$4)-CHOOSE($A$16,ROW(X$3),ROW(X$4)),2)=0))} -> 0 | Z19: {=STDEV(_xlfn._xlws.FILTER(Z$3:Z$4,MOD(ROW(Z$3:Z$4)-CHOOSE($A$16,ROW(Z$3),ROW(Z$4)),2)=0))} -> 0 | AA19: {=STDEV(_xlfn._xlws.FILTER(AA$3:AA$4,MOD(ROW(AA$3:AA$4)-CHOOSE($A$16,ROW(AA$3),ROW(AA$4)),2)=0))} -> 0 | AB19: {=STDEV(_xlfn._xlws.FILTER(AB$3:AB$4,MOD(ROW(AB$3:AB$4)-CHOOSE($A$16,ROW(AB$3),ROW(AB$4)),2)=0))} -> 0 | AC19: {=STDEV(_xlfn._xlws.FILTER(AC$3:AC$4,MOD(ROW(AC$3:AC$4)-CHOOSE($A$16,ROW(AC$3),ROW(AC$4)),2)=0))} -> 0 | AD19: {=STDEV(_xlfn._xlws.FILTER(AD$3:AD$4,MOD(ROW(AD$3:AD$4)-CHOOSE($A$16,ROW(AD$3),ROW(AD$4)),2)=0))} -> 0 | AE19: {=STDEV(_xlfn._xlws.FILTER(AE$3:AE$4,MOD(ROW(AE$3:AE$4)-CHOOSE($A$16,ROW(AE$3),ROW(AE$4)),2)=0))} -> 0 | AF19: {=STDEV(_xlfn._xlws.FILTER(AF$3:AF$4,MOD(ROW(AF$3:AF$4)-CHOOSE($A$16,ROW(AF$3),ROW(AF$4)),2)=0))} -> 0 | AG19: {=STDEV(_xlfn._xlws.FILTER(AG$3:AG$4,MOD(ROW(AG$3:AG$4)-CHOOSE($A$16,ROW(AG$3),ROW(AG$4)),2)=0))} -> 0 | ... AK19: {=STDEV(_xlfn._xlws.FILTER(AK$3:AK$4,MOD(ROW(AK$3:AK$4)-CHOOSE($A$16,ROW(AK$3),ROW(AK$4)),2)=0))} -> 0 | AM19: {=STDEV(_xlfn._xlws.FILTER(AM$3:AM$4,MOD(ROW(AM$3:AM$4)-CHOOSE($A$16,ROW(AM$3),ROW(AM$4)),2)=0))} -> 0 | AN19: {=STDEV(_xlfn._xlws.FILTER(AN$3:AN$4,MOD(ROW(AN$3:AN$4)-CHOOSE($A$16,ROW(AN$3),ROW(AN$4)),2)=0))} -> 0 | AO19: {=STDEV(_xlfn._xlws.FILTER(AO$3:AO$4,MOD(ROW(AO$3:AO$4)-CHOOSE($A$16,ROW(AO$3),ROW(AO$4)),2)=0))} -> 0 | AP19: {=STDEV(_xlfn._xlws.FILTER(AP$3:AP$4,MOD(ROW(AP$3:AP$4)-CHOOSE($A$16,ROW(AP$3),ROW(AP$4)),2)=0))} -> 0 | AQ19: {=STDEV(_xlfn._xlws.FILTER(AQ$3:AQ$4,MOD(ROW(AQ$3:AQ$4)-CHOOSE($A$16,ROW(AQ$3),ROW(AQ$4)),2)=0))} -> 0 | AR19: {=STDEV(_xlfn._xlws.FILTER(AR$3:AR$4,MOD(ROW(AR$3:AR$4)-CHOOSE($A$16,ROW(AR$3),ROW(AR$4)),2)=0))} -> 0 | AS19: {=STDEV(_xlfn._xlws.FILTER(AS$3:AS$4,MOD(ROW(AS$3:AS$4)-CHOOSE($A$16,ROW(AS$3),ROW(AS$4)),2)=0))} -> 0 | AT19: {=STDEV(_xlfn._xlws.FILTER(AT$3:AT$4,MOD(ROW(AT$3:AT$4)-CHOOSE($A$16,ROW(AT$3),ROW(AT$4)),2)=0))} -> 0 | ... AX19: {=STDEV(_xlfn._xlws.FILTER(AX$3:AX$4,MOD(ROW(AX$3:AX$4)-CHOOSE($A$16,ROW(AX$3),ROW(AX$4)),2)=0))} -> 0 | AZ19: {=STDEV(_xlfn._xlws.FILTER(AZ$3:AZ$4,MOD(ROW(AZ$3:AZ$4)-CHOOSE($A$16,ROW(AZ$3),ROW(AZ$4)),2)=0))} -> 0 | BA19: {=STDEV(_xlfn._xlws.FILTER(BA$3:BA$4,MOD(ROW(BA$3:BA$4)-CHOOSE($A$16,ROW(BA$3),ROW(BA$4)),2)=0))} -> 0 | BB19: {=STDEV(_xlfn._xlws.FILTER(BB$3:BB$4,MOD(ROW(BB$3:BB$4)-CHOOSE($A$16,ROW(BB$3),ROW(BB$4)),2)=0))} -> 0 | BC19: {=STDEV(_xlfn._xlws.FILTER(BC$3:BC$4,MOD(ROW(BC$3:BC$4)-CHOOSE($A$16,ROW(BC$3),ROW(BC$4)),2)=0))} -> 0 | BD19: {=STDEV(_xlfn._xlws.FILTER(BD$3:BD$4,MOD(ROW(BD$3:BD$4)-CHOOSE($A$16,ROW(BD$3),ROW(BD$4)),2)=0))} -> 0 | BE19: {=STDEV(_xlfn._xlws.FILTER(BE$3:BE$4,MOD(ROW(BE$3:BE$4)-CHOOSE($A$16,ROW(BE$3),ROW(BE$4)),2)=0))} -> 0 | BF19: {=STDEV(_xlfn._xlws.FILTER(BF$3:BF$4,MOD(ROW(BF$3:BF$4)-CHOOSE($A$16,ROW(BF$3),ROW(BF$4)),2)=0))} -> 0 | BG19: {=STDEV(_xlfn._xlws.FILTER(BG$3:BG$4,MOD(ROW(BG$3:BG$4)-CHOOSE($A$16,ROW(BG$3),ROW(BG$4)),2)=0))} -> 0 | ... BK19: {=STDEV(_xlfn._xlws.FILTER(BK$3:BK$4,MOD(ROW(BK$3:BK$4)-CHOOSE($A$16,ROW(BK$3),ROW(BK$4)),2)=0))} -> 0 | BM19: {=STDEV(_xlfn._xlws.FILTER(BM$3:BM$4,MOD(ROW(BM$3:BM$4)-CHOOSE($A$16,ROW(BM$3),ROW(BM$4)),2)=0))} -> 0 | BN19: {=STDEV(_xlfn._xlws.FILTER(BN$3:BN$4,MOD(ROW(BN$3:BN$4)-CHOOSE($A$16,ROW(BN$3),ROW(BN$4)),2)=0))} -> 0 | BO19: {=STDEV(_xlfn._xlws.FILTER(BO$3:BO$4,MOD(ROW(BO$3:BO$4)-CHOOSE($A$16,ROW(BO$3),ROW(BO$4)),2)=0))} -> 0 | BP19: {=STDEV(_xlfn._xlws.FILTER(BP$3:BP$4,MOD(ROW(BP$3:BP$4)-CHOOSE($A$16,ROW(BP$3),ROW(BP$4)),2)=0))} -> 0 | BQ19: {=STDEV(_xlfn._xlws.FILTER(BQ$3:BQ$4,MOD(ROW(BQ$3:BQ$4)-CHOOSE($A$16,ROW(BQ$3),ROW(BQ$4)),2)=0))} -> 0 | BR19: {=STDEV(_xlfn._xlws.FILTER(BR$3:BR$4,MOD(ROW(BR$3:BR$4)-CHOOSE($A$16,ROW(BR$3),ROW(BR$4)),2)=0))} -> 0 | BS19: {=STDEV(_xlfn._xlws.FILTER(BS$3:BS$4,MOD(ROW(BS$3:BS$4)-CHOOSE($A$16,ROW(BS$3),ROW(BS$4)),2)=0))} -> 0 | BT19: {=STDEV(_xlfn._xlws.FILTER(BT$3:BT$4,MOD(ROW(BT$3:BT$4)-CHOOSE($A$16,ROW(BT$3),ROW(BT$4)),2)=0))} -> 0 | ... BX19: {=STDEV(_xlfn._xlws.FILTER(BX$3:BX$4,MOD(ROW(BX$3:BX$4)-CHOOSE($A$16,ROW(BX$3),ROW(BX$4)),2)=0))} -> 0 | BZ19: {=STDEV(_xlfn._xlws.FILTER(BZ$3:BZ$4,MOD(ROW(BZ$3:BZ$4)-CHOOSE($A$16,ROW(BZ$3),ROW(BZ$4)),2)=0))} -> 0 | CA19: {=STDEV(_xlfn._xlws.FILTER(CA$3:CA$4,MOD(ROW(CA$3:CA$4)-CHOOSE($A$16,ROW(CA$3),ROW(CA$4)),2)=0))} -> 0 | CB19: {=STDEV(_xlfn._xlws.FILTER(CB$3:CB$4,MOD(ROW(CB$3:CB$4)-CHOOSE($A$16,ROW(CB$3),ROW(CB$4)),2)=0))} -> 0 | CC19: {=STDEV(_xlfn._xlws.FILTER(CC$3:CC$4,MOD(ROW(CC$3:CC$4)-CHOOSE($A$16,ROW(CC$3),ROW(CC$4)),2)=0))} -> 0 | CD19: {=STDEV(_xlfn._xlws.FILTER(CD$3:CD$4,MOD(ROW(CD$3:CD$4)-CHOOSE($A$16,ROW(CD$3),ROW(CD$4)),2)=0))} -> 0 | CE19: {=STDEV(_xlfn._xlws.FILTER(CE$3:CE$4,MOD(ROW(CE$3:CE$4)-CHOOSE($A$16,ROW(CE$3),ROW(CE$4)),2)=0))} -> 0 | CF19: {=STDEV(_xlfn._xlws.FILTER(CF$3:CF$4,MOD(ROW(CF$3:CF$4)-CHOOSE($A$16,ROW(CF$3),ROW(CF$4)),2)=0))} -> 0 | CG19: {=STDEV(_xlfn._xlws.FILTER(CG$3:CG$4,MOD(ROW(CG$3:CG$4)-CHOOSE($A$16,ROW(CG$3),ROW(CG$4)),2)=0))} -> 0 | ... CK19: {=STDEV(_xlfn._xlws.FILTER(CK$3:CK$4,MOD(ROW(CK$3:CK$4)-CHOOSE($A$16,ROW(CK$3),ROW(CK$4)),2)=0))} -> 0 | CM19: {=STDEV(_xlfn._xlws.FILTER(CM$3:CM$4,MOD(ROW(CM$3:CM$4)-CHOOSE($A$16,ROW(CM$3),ROW(CM$4)),2)=0))} -> 0 | CN19: {=STDEV(_xlfn._xlws.FILTER(CN$3:CN$4,MOD(ROW(CN$3:CN$4)-CHOOSE($A$16,ROW(CN$3),ROW(CN$4)),2)=0))} -> 0 | CO19: {=STDEV(_xlfn._xlws.FILTER(CO$3:CO$4,MOD(ROW(CO$3:CO$4)-CHOOSE($A$16,ROW(CO$3),ROW(CO$4)),2)=0))} -> 0 | CP19: {=STDEV(_xlfn._xlws.FILTER(CP$3:CP$4,MOD(ROW(CP$3:CP$4)-CHOOSE($A$16,ROW(CP$3),ROW(CP$4)),2)=0))} -> 0 | CQ19: {=STDEV(_xlfn._xlws.FILTER(CQ$3:CQ$4,MOD(ROW(CQ$3:CQ$4)-CHOOSE($A$16,ROW(CQ$3),ROW(CQ$4)),2)=0))} -> 0 | CR19: {=STDEV(_xlfn._xlws.FILTER(CR$3:CR$4,MOD(ROW(CR$3:CR$4)-CHOOSE($A$16,ROW(CR$3),ROW(CR$4)),2)=0))} -> 0 | CS19: {=STDEV(_xlfn._xlws.FILTER(CS$3:CS$4,MOD(ROW(CS$3:CS$4)-CHOOSE($A$16,ROW(CS$3),ROW(CS$4)),2)=0))} -> 0 | CT19: {=STDEV(_xlfn._xlws.FILTER(CT$3:CT$4,MOD(ROW(CT$3:CT$4)-CHOOSE($A$16,ROW(CT$3),ROW(CT$4)),2)=0))} -> 0 | ... CX19: {=STDEV(_xlfn._xlws.FILTER(CX$3:CX$4,MOD(ROW(CX$3:CX$4)-CHOOSE($A$16,ROW(CX$3),ROW(CX$4)),2)=0))} -> 0 | CZ19: {=STDEV(_xlfn._xlws.FILTER(CZ$3:CZ$4,MOD(ROW(CZ$3:CZ$4)-CHOOSE($A$16,ROW(CZ$3),ROW(CZ$4)),2)=0))} -> 0 | DA19: {=STDEV(_xlfn._xlws.FILTER(DA$3:DA$4,MOD(ROW(DA$3:DA$4)-CHOOSE($A$16,ROW(DA$3),ROW(DA$4)),2)=0))} -> 0 | DB19: {=STDEV(_xlfn._xlws.FILTER(DB$3:DB$4,MOD(ROW(DB$3:DB$4)-CHOOSE($A$16,ROW(DB$3),ROW(DB$4)),2)=0))} -> 0 | DC19: {=STDEV(_xlfn._xlws.FILTER(DC$3:DC$4,MOD(ROW(DC$3:DC$4)-CHOOSE($A$16,ROW(DC$3),ROW(DC$4)),2)=0))} -> 0 | DD19: {=STDEV(_xlfn._xlws.FILTER(DD$3:DD$4,MOD(ROW(DD$3:DD$4)-CHOOSE($A$16,ROW(DD$3),ROW(DD$4)),2)=0))} -> 0 | DE19: {=STDEV(_xlfn._xlws.FILTER(DE$3:DE$4,MOD(ROW(DE$3:DE$4)-CHOOSE($A$16,ROW(DE$3),ROW(DE$4)),2)=0))} -> 0 | DF19: {=STDEV(_xlfn._xlws.FILTER(DF$3:DF$4,MOD(ROW(DF$3:DF$4)-CHOOSE($A$16,ROW(DF$3),ROW(DF$4)),2)=0))} -> 0 | DG19: {=STDEV(_xlfn._xlws.FILTER(DG$3:DG$4,MOD(ROW(DG$3:DG$4)-CHOOSE($A$16,ROW(DG$3),ROW(DG$4)),2)=0))} -> 0 | ... DK19: {=STDEV(_xlfn._xlws.FILTER(DK$3:DK$4,MOD(ROW(DK$3:DK$4)-CHOOSE($A$16,ROW(DK$3),ROW(DK$4)),2)=0))} -> 0 | DM19: {=STDEV(_xlfn._xlws.FILTER(DM$3:DM$4,MOD(ROW(DM$3:DM$4)-CHOOSE($A$16,ROW(DM$3),ROW(DM$4)),2)=0))} -> 0 | DN19: {=STDEV(_xlfn._xlws.FILTER(DN$3:DN$4,MOD(ROW(DN$3:DN$4)-CHOOSE($A$16,ROW(DN$3),ROW(DN$4)),2)=0))} -> 0 | DO19: {=STDEV(_xlfn._xlws.FILTER(DO$3:DO$4,MOD(ROW(DO$3:DO$4)-CHOOSE($A$16,ROW(DO$3),ROW(DO$4)),2)=0))} -> 0 | DP19: {=STDEV(_xlfn._xlws.FILTER(DP$3:DP$4,MOD(ROW(DP$3:DP$4)-CHOOSE($A$16,ROW(DP$3),ROW(DP$4)),2)=0))} -> 0 | DQ19: {=STDEV(_xlfn._xlws.FILTER(DQ$3:DQ$4,MOD(ROW(DQ$3:DQ$4)-CHOOSE($A$16,ROW(DQ$3),ROW(DQ$4)),2)=0))} -> 0 | DR19: {=STDEV(_xlfn._xlws.FILTER(DR$3:DR$4,MOD(ROW(DR$3:DR$4)-CHOOSE($A$16,ROW(DR$3),ROW(DR$4)),2)=0))} -> 0 | DS19: {=STDEV(_xlfn._xlws.FILTER(DS$3:DS$4,MOD(ROW(DS$3:DS$4)-CHOOSE($A$16,ROW(DS$3),ROW(DS$4)),2)=0))} -> 0 | DT19: {=STDEV(_xlfn._xlws.FILTER(DT$3:DT$4,MOD(ROW(DT$3:DT$4)-CHOOSE($A$16,ROW(DT$3),ROW(DT$4)),2)=0))} -> 0 | ... DX19: {=STDEV(_xlfn._xlws.FILTER(DX$3:DX$4,MOD(ROW(DX$3:DX$4)-CHOOSE($A$16,ROW(DX$3),ROW(DX$4)),2)=0))} -> 0 | DZ19: {=STDEV(_xlfn._xlws.FILTER(DZ$3:DZ$4,MOD(ROW(DZ$3:DZ$4)-CHOOSE($A$16,ROW(DZ$3),ROW(DZ$4)),2)=0))} -> 0 | EA19: {=STDEV(_xlfn._xlws.FILTER(EA$3:EA$4,MOD(ROW(EA$3:EA$4)-CHOOSE($A$16,ROW(EA$3),ROW(EA$4)),2)=0))} -> 0 | EB19: {=STDEV(_xlfn._xlws.FILTER(EB$3:EB$4,MOD(ROW(EB$3:EB$4)-CHOOSE($A$16,ROW(EB$3),ROW(EB$4)),2)=0))} -> 0 | EC19: {=STDEV(_xlfn._xlws.FILTER(EC$3:EC$4,MOD(ROW(EC$3:EC$4)-CHOOSE($A$16,ROW(EC$3),ROW(EC$4)),2)=0))} -> 0 | ED19: {=STDEV(_xlfn._xlws.FILTER(ED$3:ED$4,MOD(ROW(ED$3:ED$4)-CHOOSE($A$16,ROW(ED$3),ROW(ED$4)),2)=0))} -> 0 | EE19: {=STDEV(_xlfn._xlws.FILTER(EE$3:EE$4,MOD(ROW(EE$3:EE$4)-CHOOSE($A$16,ROW(EE$3),ROW(EE$4)),2)=0))} -> 0 | EF19: {=STDEV(_xlfn._xlws.FILTER(EF$3:EF$4,MOD(ROW(EF$3:EF$4)-CHOOSE($A$16,ROW(EF$3),ROW(EF$4)),2)=0))} -> 0 | EG19: {=STDEV(_xlfn._xlws.FILTER(EG$3:EG$4,MOD(ROW(EG$3:EG$4)-CHOOSE($A$16,ROW(EG$3),ROW(EG$4)),2)=0))} -> 0 | ... EK19: {=STDEV(_xlfn._xlws.FILTER(EK$3:EK$4,MOD(ROW(EK$3:EK$4)-CHOOSE($A$16,ROW(EK$3),ROW(EK$4)),2)=0))} -> 0 | EM19: {=STDEV(_xlfn._xlws.FILTER(EM$3:EM$4,MOD(ROW(EM$3:EM$4)-CHOOSE($A$16,ROW(EM$3),ROW(EM$4)),2)=0))} -> 0 | EN19: {=STDEV(_xlfn._xlws.FILTER(EN$3:EN$4,MOD(ROW(EN$3:EN$4)-CHOOSE($A$16,ROW(EN$3),ROW(EN$4)),2)=0))} -> 0 | EO19: {=STDEV(_xlfn._xlws.FILTER(EO$3:EO$4,MOD(ROW(EO$3:EO$4)-CHOOSE($A$16,ROW(EO$3),ROW(EO$4)),2)=0))} -> 0 | EP19: {=STDEV(_xlfn._xlws.FILTER(EP$3:EP$4,MOD(ROW(EP$3:EP$4)-CHOOSE($A$16,ROW(EP$3),ROW(EP$4)),2)=0))} -> 0 | EQ19: {=STDEV(_xlfn._xlws.FILTER(EQ$3:EQ$4,MOD(ROW(EQ$3:EQ$4)-CHOOSE($A$16,ROW(EQ$3),ROW(EQ$4)),2)=0))} -> 0 | ER19: {=STDEV(_xlfn._xlws.FILTER(ER$3:ER$4,MOD(ROW(ER$3:ER$4)-CHOOSE($A$16,ROW(ER$3),ROW(ER$4)),2)=0))} -> 0 | ES19: {=STDEV(_xlfn._xlws.FILTER(ES$3:ES$4,MOD(ROW(ES$3:ES$4)-CHOOSE($A$16,ROW(ES$3),ROW(ES$4)),2)=0))} -> 0 | ET19: {=STDEV(_xlfn._xlws.FILTER(ET$3:ET$4,MOD(ROW(ET$3:ET$4)-CHOOSE($A$16,ROW(ET$3),ROW(ET$4)),2)=0))} -> 0 | ... EX19: {=STDEV(_xlfn._xlws.FILTER(EX$3:EX$4,MOD(ROW(EX$3:EX$4)-CHOOSE($A$16,ROW(EX$3),ROW(EX$4)),2)=0))} -> 0 | EZ19: {=STDEV(_xlfn._xlws.FILTER(EZ$3:EZ$4,MOD(ROW(EZ$3:EZ$4)-CHOOSE($A$16,ROW(EZ$3),ROW(EZ$4)),2)=0))} -> 0 | FA19: {=STDEV(_xlfn._xlws.FILTER(FA$3:FA$4,MOD(ROW(FA$3:FA$4)-CHOOSE($A$16,ROW(FA$3),ROW(FA$4)),2)=0))} -> 0 | FB19: {=STDEV(_xlfn._xlws.FILTER(FB$3:FB$4,MOD(ROW(FB$3:FB$4)-CHOOSE($A$16,ROW(FB$3),ROW(FB$4)),2)=0))} -> 0 | FC19: {=STDEV(_xlfn._xlws.FILTER(FC$3:FC$4,MOD(ROW(FC$3:FC$4)-CHOOSE($A$16,ROW(FC$3),ROW(FC$4)),2)=0))} -> 0 | FD19: {=STDEV(_xlfn._xlws.FILTER(FD$3:FD$4,MOD(ROW(FD$3:FD$4)-CHOOSE($A$16,ROW(FD$3),ROW(FD$4)),2)=0))} -> 0 | FE19: {=STDEV(_xlfn._xlws.FILTER(FE$3:FE$4,MOD(ROW(FE$3:FE$4)-CHOOSE($A$16,ROW(FE$3),ROW(FE$4)),2)=0))} -> 0 | FF19: {=STDEV(_xlfn._xlws.FILTER(FF$3:FF$4,MOD(ROW(FF$3:FF$4)-CHOOSE($A$16,ROW(FF$3),ROW(FF$4)),2)=0))} -> 0 | FG19: {=STDEV(_xlfn._xlws.FILTER(FG$3:FG$4,MOD(ROW(FG$3:FG$4)-CHOOSE($A$16,ROW(FG$3),ROW(FG$4)),2)=0))} -> 0 | ... FK19: {=STDEV(_xlfn._xlws.FILTER(FK$3:FK$4,MOD(ROW(FK$3:FK$4)-CHOOSE($A$16,ROW(FK$3),ROW(FK$4)),2)=0))} -> 0 | FM19: {=STDEV(_xlfn._xlws.FILTER(FM$3:FM$4,MOD(ROW(FM$3:FM$4)-CHOOSE($A$16,ROW(FM$3),ROW(FM$4)),2)=0))} -> 0 | FN19: {=STDEV(_xlfn._xlws.FILTER(FN$3:FN$4,MOD(ROW(FN$3:FN$4)-CHOOSE($A$16,ROW(FN$3),ROW(FN$4)),2)=0))} -> 0 | FO19: {=STDEV(_xlfn._xlws.FILTER(FO$3:FO$4,MOD(ROW(FO$3:FO$4)-CHOOSE($A$16,ROW(FO$3),ROW(FO$4)),2)=0))} -> 0 | FP19: {=STDEV(_xlfn._xlws.FILTER(FP$3:FP$4,MOD(ROW(FP$3:FP$4)-CHOOSE($A$16,ROW(FP$3),ROW(FP$4)),2)=0))} -> 0 | FQ19: {=STDEV(_xlfn._xlws.FILTER(FQ$3:FQ$4,MOD(ROW(FQ$3:FQ$4)-CHOOSE($A$16,ROW(FQ$3),ROW(FQ$4)),2)=0))} -> 0 | FR19: {=STDEV(_xlfn._xlws.FILTER(FR$3:FR$4,MOD(ROW(FR$3:FR$4)-CHOOSE($A$16,ROW(FR$3),ROW(FR$4)),2)=0))} -> 0 | FS19: {=STDEV(_xlfn._xlws.FILTER(FS$3:FS$4,MOD(ROW(FS$3:FS$4)-CHOOSE($A$16,ROW(FS$3),ROW(FS$4)),2)=0))} -> 0 | FT19: {=STDEV(_xlfn._xlws.FILTER(FT$3:FT$4,MOD(ROW(FT$3:FT$4)-CHOOSE($A$16,ROW(FT$3),ROW(FT$4)),2)=0))} -> 0 | ... FX19: {=STDEV(_xlfn._xlws.FILTER(FX$3:FX$4,MOD(ROW(FX$3:FX$4)-CHOOSE($A$16,ROW(FX$3),ROW(FX$4)),2)=0))} -> 0 | FZ19: {=STDEV(_xlfn._xlws.FILTER(FZ$3:FZ$4,MOD(ROW(FZ$3:FZ$4)-CHOOSE($A$16,ROW(FZ$3),ROW(FZ$4)),2)=0))} -> 0 | GA19: {=STDEV(_xlfn._xlws.FILTER(GA$3:GA$4,MOD(ROW(GA$3:GA$4)-CHOOSE($A$16,ROW(GA$3),ROW(GA$4)),2)=0))} -> 0 | GB19: {=STDEV(_xlfn._xlws.FILTER(GB$3:GB$4,MOD(ROW(GB$3:GB$4)-CHOOSE($A$16,ROW(GB$3),ROW(GB$4)),2)=0))} -> 0 | GC19: {=STDEV(_xlfn._xlws.FILTER(GC$3:GC$4,MOD(ROW(GC$3:GC$4)-CHOOSE($A$16,ROW(GC$3),ROW(GC$4)),2)=0))} -> 0 | GD19: {=STDEV(_xlfn._xlws.FILTER(GD$3:GD$4,MOD(ROW(GD$3:GD$4)-CHOOSE($A$16,ROW(GD$3),ROW(GD$4)),2)=0))} -> 0 | GE19: {=STDEV(_xlfn._xlws.FILTER(GE$3:GE$4,MOD(ROW(GE$3:GE$4)-CHOOSE($A$16,ROW(GE$3),ROW(GE$4)),2)=0))} -> 0 | GF19: {=STDEV(_xlfn._xlws.FILTER(GF$3:GF$4,MOD(ROW(GF$3:GF$4)-CHOOSE($A$16,ROW(GF$3),ROW(GF$4)),2)=0))} -> 0 | GG19: {=STDEV(_xlfn._xlws.FILTER(GG$3:GG$4,MOD(ROW(GG$3:GG$4)-CHOOSE($A$16,ROW(GG$3),ROW(GG$4)),2)=0))} -> 0 | ... GK19: {=STDEV(_xlfn._xlws.FILTER(GK$3:GK$4,MOD(ROW(GK$3:GK$4)-CHOOSE($A$16,ROW(GK$3),ROW(GK$4)),2)=0))} -> 0 | GM19: {=STDEV(_xlfn._xlws.FILTER(GM$3:GM$4,MOD(ROW(GM$3:GM$4)-CHOOSE($A$16,ROW(GM$3),ROW(GM$4)),2)=0))} -> 0 | GN19: {=STDEV(_xlfn._xlws.FILTER(GN$3:GN$4,MOD(ROW(GN$3:GN$4)-CHOOSE($A$16,ROW(GN$3),ROW(GN$4)),2)=0))} -> 0 | GO19: {=STDEV(_xlfn._xlws.FILTER(GO$3:GO$4,MOD(ROW(GO$3:GO$4)-CHOOSE($A$16,ROW(GO$3),ROW(GO$4)),2)=0))} -> 0 | GP19: {=STDEV(_xlfn._xlws.FILTER(GP$3:GP$4,MOD(ROW(GP$3:GP$4)-CHOOSE($A$16,ROW(GP$3),ROW(GP$4)),2)=0))} -> 0 | GQ19: {=STDEV(_xlfn._xlws.FILTER(GQ$3:GQ$4,MOD(ROW(GQ$3:GQ$4)-CHOOSE($A$16,ROW(GQ$3),ROW(GQ$4)),2)=0))} -> 0 | GR19: {=STDEV(_xlfn._xlws.FILTER(GR$3:GR$4,MOD(ROW(GR$3:GR$4)-CHOOSE($A$16,ROW(GR$3),ROW(GR$4)),2)=0))} -> 0 | GS19: {=STDEV(_xlfn._xlws.FILTER(GS$3:GS$4,MOD(ROW(GS$3:GS$4)-CHOOSE($A$16,ROW(GS$3),ROW(GS$4)),2)=0))} -> 0 | GT19: {=STDEV(_xlfn._xlws.FILTER(GT$3:GT$4,MOD(ROW(GT$3:GT$4)-CHOOSE($A$16,ROW(GT$3),ROW(GT$4)),2)=0))} -> 0 | ... GX19: {=STDEV(_xlfn._xlws.FILTER(GX$3:GX$4,MOD(ROW(GX$3:GX$4)-CHOOSE($A$16,ROW(GX$3),ROW(GX$4)),2)=0))} -> 0 | GZ19: {=STDEV(_xlfn._xlws.FILTER(GZ$3:GZ$4,MOD(ROW(GZ$3:GZ$4)-CHOOSE($A$16,ROW(GZ$3),ROW(GZ$4)),2)=0))} -> 0 | HA19: {=STDEV(_xlfn._xlws.FILTER(HA$3:HA$4,MOD(ROW(HA$3:HA$4)-CHOOSE($A$16,ROW(HA$3),ROW(HA$4)),2)=0))} -> 0 | HB19: {=STDEV(_xlfn._xlws.FILTER(HB$3:HB$4,MOD(ROW(HB$3:HB$4)-CHOOSE($A$16,ROW(HB$3),ROW(HB$4)),2)=0))} -> 0 | HC19: {=STDEV(_xlfn._xlws.FILTER(HC$3:HC$4,MOD(ROW(HC$3:HC$4)-CHOOSE($A$16,ROW(HC$3),ROW(HC$4)),2)=0))} -> 0 | HD19: {=STDEV(_xlfn._xlws.FILTER(HD$3:HD$4,MOD(ROW(HD$3:HD$4)-CHOOSE($A$16,ROW(HD$3),ROW(HD$4)),2)=0))} -> 0 | HE19: {=STDEV(_xlfn._xlws.FILTER(HE$3:HE$4,MOD(ROW(HE$3:HE$4)-CHOOSE($A$16,ROW(HE$3),ROW(HE$4)),2)=0))} -> 0 | HF19: {=STDEV(_xlfn._xlws.FILTER(HF$3:HF$4,MOD(ROW(HF$3:HF$4)-CHOOSE($A$16,ROW(HF$3),ROW(HF$4)),2)=0))} -> 0 | HG19: {=STDEV(_xlfn._xlws.FILTER(HG$3:HG$4,MOD(ROW(HG$3:HG$4)-CHOOSE($A$16,ROW(HG$3),ROW(HG$4)),2)=0))} -> 0 | ... HK19: {=STDEV(_xlfn._xlws.FILTER(HK$3:HK$4,MOD(ROW(HK$3:HK$4)-CHOOSE($A$16,ROW(HK$3),ROW(HK$4)),2)=0))} -> 0 | HM19: {=STDEV(_xlfn._xlws.FILTER(HM$3:HM$4,MOD(ROW(HM$3:HM$4)-CHOOSE($A$16,ROW(HM$3),ROW(HM$4)),2)=0))} -> 0 | HN19: {=STDEV(_xlfn._xlws.FILTER(HN$3:HN$4,MOD(ROW(HN$3:HN$4)-CHOOSE($A$16,ROW(HN$3),ROW(HN$4)),2)=0))} -> 0 | HO19: {=STDEV(_xlfn._xlws.FILTER(HO$3:HO$4,MOD(ROW(HO$3:HO$4)-CHOOSE($A$16,ROW(HO$3),ROW(HO$4)),2)=0))} -> 0 | HP19: {=STDEV(_xlfn._xlws.FILTER(HP$3:HP$4,MOD(ROW(HP$3:HP$4)-CHOOSE($A$16,ROW(HP$3),ROW(HP$4)),2)=0))} -> 0 | HQ19: {=STDEV(_xlfn._xlws.FILTER(HQ$3:HQ$4,MOD(ROW(HQ$3:HQ$4)-CHOOSE($A$16,ROW(HQ$3),ROW(HQ$4)),2)=0))} -> 0 | HR19: {=STDEV(_xlfn._xlws.FILTER(HR$3:HR$4,MOD(ROW(HR$3:HR$4)-CHOOSE($A$16,ROW(HR$3),ROW(HR$4)),2)=0))} -> 0 | HS19: {=STDEV(_xlfn._xlws.FILTER(HS$3:HS$4,MOD(ROW(HS$3:HS$4)-CHOOSE($A$16,ROW(HS$3),ROW(HS$4)),2)=0))} -> 0 | HT19: {=STDEV(_xlfn._xlws.FILTER(HT$3:HT$4,MOD(ROW(HT$3:HT$4)-CHOOSE($A$16,ROW(HT$3),ROW(HT$4)),2)=0))} -> 0 | ... HX19: {=STDEV(_xlfn._xlws.FILTER(HX$3:HX$4,MOD(ROW(HX$3:HX$4)-CHOOSE($A$16,ROW(HX$3),ROW(HX$4)),2)=0))} -> 0 | HZ19: {=STDEV(_xlfn._xlws.FILTER(HZ$3:HZ$4,MOD(ROW(HZ$3:HZ$4)-CHOOSE($A$16,ROW(HZ$3),ROW(HZ$4)),2)=0))} -> 0 | IA19: {=STDEV(_xlfn._xlws.FILTER(IA$3:IA$4,MOD(ROW(IA$3:IA$4)-CHOOSE($A$16,ROW(IA$3),ROW(IA$4)),2)=0))} -> 0 | IB19: {=STDEV(_xlfn._xlws.FILTER(IB$3:IB$4,MOD(ROW(IB$3:IB$4)-CHOOSE($A$16,ROW(IB$3),ROW(IB$4)),2)=0))} -> 0 | IC19: {=STDEV(_xlfn._xlws.FILTER(IC$3:IC$4,MOD(ROW(IC$3:IC$4)-CHOOSE($A$16,ROW(IC$3),ROW(IC$4)),2)=0))} -> 0 | ID19: {=STDEV(_xlfn._xlws.FILTER(ID$3:ID$4,MOD(ROW(ID$3:ID$4)-CHOOSE($A$16,ROW(ID$3),ROW(ID$4)),2)=0))} -> 0 | IE19: {=STDEV(_xlfn._xlws.FILTER(IE$3:IE$4,MOD(ROW(IE$3:IE$4)-CHOOSE($A$16,ROW(IE$3),ROW(IE$4)),2)=0))} -> 0 | IF19: {=STDEV(_xlfn._xlws.FILTER(IF$3:IF$4,MOD(ROW(IF$3:IF$4)-CHOOSE($A$16,ROW(IF$3),ROW(IF$4)),2)=0))} -> 0 | IG19: {=STDEV(_xlfn._xlws.FILTER(IG$3:IG$4,MOD(ROW(IG$3:IG$4)-CHOOSE($A$16,ROW(IG$3),ROW(IG$4)),2)=0))} -> 0 | ... JK19: {=STDEV(_xlfn._xlws.FILTER(JK$3:JK$4,MOD(ROW(JK$3:JK$4)-CHOOSE($A$16,ROW(JK$3),ROW(JK$4)),2)=0))} -> 0
