Workbook

Sheet Instances
B1: memelingo-1/lambda-large_30_mlp-tplp-htc | D1: memelingo-1/lambda-large_30_mlp-tplp-htcdl | F1: memelingo-1/lambda-large_40_mlp-tplp-htc | H1: memelingo-1/lambda-large_40_mlp-tplp-htcdl | J1: memelingo-1/lambda-large_50_mlp-tplp-htc | L1: memelingo-1/lambda-large_50_mlp-tplp-htcdl | N1: memelingo-1/lambda-large_60_mlp-tplp-htc | P1: memelingo-1/lambda-large_60_mlp-tplp-htcdl | R1: memelingo-1/lambda-small_10_mlp-tplp-ht | T1: memelingo-1/lambda-small_10_mlp-tplp-htc | V1: memelingo-1/lambda-small_10_mlp-tplp-htcdl | X1: memelingo-1/lambda-small_13_mlp-tplp-ht | Z1: memelingo-1/lambda-small_13_mlp-tplp-htc | AB1: memelingo-1/lambda-small_13_mlp-tplp-htcdl | AD1: memelingo-1/lambda-small_15_mlp-tplp-ht | AF1: memelingo-1/lambda-small_15_mlp-tplp-htc | AH1: memelingo-1/lambda-small_15_mlp-tplp-htcdl | AJ1: memelingo-1/lambda-small_20_mlp-tplp-ht | AL1: memelingo-1/lambda-small_20_mlp-tplp-htc | AN1: memelingo-1/lambda-small_20_mlp-tplp-htcdl | AP1: min | AQ1: median | AR1: max
B2: time | C2: status | D2: time | E2: status | F2: time | G2: status | H2: time | I2: status | J2: time | K2: status | L2: time | M2: status | N2: time | O2: status | P2: time | Q2: status | R2: time | S2: status | T2: time | U2: status | V2: time | W2: status | X2: time | Y2: status | Z2: time | AA2: status | AB2: time | AC2: status | AD2: time | AE2: status | AF2: time | AG2: status | AH2: time | AI2: status | AJ2: time | AK2: status | AL2: time | AM2: status | AN2: time | AO2: status | AP2: time | AQ2: time | AR2: time
A3: instances/ft06 | R3: 257.94 | S3: UNSATISFIABLE | T3: 11.32 | U3: UNSATISFIABLE | V3: 10.99 | W3: UNSATISFIABLE | X3: 193.76 | Y3: SATISFIABLE | Z3: 14.53 | AA3: SATISFIABLE | AB3: 14.59 | AC3: SATISFIABLE | AD3: 220.43 | AE3: SATISFIABLE | AF3: 17.3 | AG3: SATISFIABLE | AH3: 21.67 | AI3: SATISFIABLE | AJ3: 125.93 | AK3: SATISFIABLE | AL3: 22.93 | AM3: SATISFIABLE | AN3: 48.34 | AO3: SATISFIABLE | AP3: =MIN($B3,$D3,$F3,$H3,$J3,$L3,$N3,$P3,$R3,$T3,$V3,$X3,$Z3,$AB3,$AD3,$AF3,$AH3,$AJ3,$AL3,$AN3) -> 0 | AQ3: =MEDIAN($B3,$D3,$F3,$H3,$J3,$L3,$N3,$P3,$R3,$T3,$V3,$X3,$Z3,$AB3,$AD3,$AF3,$AH3,$AJ3,$AL3,$AN3) -> 0 | AR3: =MAX($B3,$D3,$F3,$H3,$J3,$L3,$N3,$P3,$R3,$T3,$V3,$X3,$Z3,$AB3,$AD3,$AF3,$AH3,$AJ3,$AL3,$AN3) -> 0
A4: instances/ft10 | B4: 1200 | C4: UNKNOWN | D4: 1200 | E4: UNKNOWN | F4: 1200 | G4: UNKNOWN | H4: 1200 | I4: UNKNOWN | J4: 1200 | K4: UNKNOWN | L4: 1200 | M4: UNKNOWN | N4: 1200 | O4: UNKNOWN | P4: 1200 | Q4: UNKNOWN | AP4: =MIN($B4,$D4,$F4,$H4,$J4,$L4,$N4,$P4,$R4,$T4,$V4,$X4,$Z4,$AB4,$AD4,$AF4,$AH4,$AJ4,$AL4,$AN4) -> 0 | AQ4: =MEDIAN($B4,$D4,$F4,$H4,$J4,$L4,$N4,$P4,$R4,$T4,$V4,$X4,$Z4,$AB4,$AD4,$AF4,$AH4,$AJ4,$AL4,$AN4) -> 0 | AR4: =MAX($B4,$D4,$F4,$H4,$J4,$L4,$N4,$P4,$R4,$T4,$V4,$X4,$Z4,$AB4,$AD4,$AF4,$AH4,$AJ4,$AL4,$AN4) -> 0
A5: instances/ft10const10 | B5: 106.92 | C5: SATISFIABLE | D5: 144.26 | E5: SATISFIABLE | F5: 179.03 | G5: SATISFIABLE | H5: 379.29 | I5: SATISFIABLE | J5: 241.76 | K5: SATISFIABLE | L5: 940.5 | M5: SATISFIABLE | N5: 359.85 | O5: SATISFIABLE | P5: 1200 | Q5: UNKNOWN | AP5: =MIN($B5,$D5,$F5,$H5,$J5,$L5,$N5,$P5,$R5,$T5,$V5,$X5,$Z5,$AB5,$AD5,$AF5,$AH5,$AJ5,$AL5,$AN5) -> 0 | AQ5: =MEDIAN($B5,$D5,$F5,$H5,$J5,$L5,$N5,$P5,$R5,$T5,$V5,$X5,$Z5,$AB5,$AD5,$AF5,$AH5,$AJ5,$AL5,$AN5) -> 0 | AR5: =MAX($B5,$D5,$F5,$H5,$J5,$L5,$N5,$P5,$R5,$T5,$V5,$X5,$Z5,$AB5,$AD5,$AF5,$AH5,$AJ5,$AL5,$AN5) -> 0
A6: instances/ft10const15 | B6: 141.84 | C6: SATISFIABLE | D6: 135.48 | E6: SATISFIABLE | F6: 207.23 | G6: SATISFIABLE | H6: 369.71 | I6: SATISFIABLE | J6: 256.22 | K6: SATISFIABLE | L6: 1015.79 | M6: SATISFIABLE | N6: 750.03 | O6: SATISFIABLE | P6: 1200 | Q6: UNKNOWN | AP6: =MIN($B6,$D6,$F6,$H6,$J6,$L6,$N6,$P6,$R6,$T6,$V6,$X6,$Z6,$AB6,$AD6,$AF6,$AH6,$AJ6,$AL6,$AN6) -> 0 | AQ6: =MEDIAN($B6,$D6,$F6,$H6,$J6,$L6,$N6,$P6,$R6,$T6,$V6,$X6,$Z6,$AB6,$AD6,$AF6,$AH6,$AJ6,$AL6,$AN6) -> 0 | AR6: =MAX($B6,$D6,$F6,$H6,$J6,$L6,$N6,$P6,$R6,$T6,$V6,$X6,$Z6,$AB6,$AD6,$AF6,$AH6,$AJ6,$AL6,$AN6) -> 0
A7: instances/ft10const2 | B7: 23.29 | C7: SATISFIABLE | D7: 84.84 | E7: SATISFIABLE | F7: 30.95 | G7: SATISFIABLE | H7: 248.32 | I7: SATISFIABLE | J7: 53.8 | K7: SATISFIABLE | L7: 581.06 | M7: SATISFIABLE | N7: 67.24 | O7: SATISFIABLE | P7: 1200 | Q7: UNKNOWN | AP7: =MIN($B7,$D7,$F7,$H7,$J7,$L7,$N7,$P7,$R7,$T7,$V7,$X7,$Z7,$AB7,$AD7,$AF7,$AH7,$AJ7,$AL7,$AN7) -> 0 | AQ7: =MEDIAN($B7,$D7,$F7,$H7,$J7,$L7,$N7,$P7,$R7,$T7,$V7,$X7,$Z7,$AB7,$AD7,$AF7,$AH7,$AJ7,$AL7,$AN7) -> 0 | AR7: =MAX($B7,$D7,$F7,$H7,$J7,$L7,$N7,$P7,$R7,$T7,$V7,$X7,$Z7,$AB7,$AD7,$AF7,$AH7,$AJ7,$AL7,$AN7) -> 0
A8: instances/ft10const5 | B8: 111.28 | C8: SATISFIABLE | D8: 137.33 | E8: SATISFIABLE | F8: 77.82 | G8: SATISFIABLE | H8: 371.21 | I8: SATISFIABLE | J8: 56.44 | K8: SATISFIABLE | L8: 897.76 | M8: SATISFIABLE | N8: 102.32 | O8: SATISFIABLE | P8: 1200 | Q8: UNKNOWN | AP8: =MIN($B8,$D8,$F8,$H8,$J8,$L8,$N8,$P8,$R8,$T8,$V8,$X8,$Z8,$AB8,$AD8,$AF8,$AH8,$AJ8,$AL8,$AN8) -> 0 | AQ8: =MEDIAN($B8,$D8,$F8,$H8,$J8,$L8,$N8,$P8,$R8,$T8,$V8,$X8,$Z8,$AB8,$AD8,$AF8,$AH8,$AJ8,$AL8,$AN8) -> 0 | AR8: =MAX($B8,$D8,$F8,$H8,$J8,$L8,$N8,$P8,$R8,$T8,$V8,$X8,$Z8,$AB8,$AD8,$AF8,$AH8,$AJ8,$AL8,$AN8) -> 0
A10: SUM | B10: =SUM(B$3:B$8) -> 0 | D10: =SUM(D$3:D$8) -> 0 | F10: =SUM(F$3:F$8) -> 0 | H10: =SUM(H$3:H$8) -> 0 | J10: =SUM(J$3:J$8) -> 0 | L10: =SUM(L$3:L$8) -> 0 | N10: =SUM(N$3:N$8) -> 0 | P10: =SUM(P$3:P$8) -> 0 | R10: =SUM(R$3:R$8) -> 0 | T10: =SUM(T$3:T$8) -> 0 | V10: =SUM(V$3:V$8) -> 0 | X10: =SUM(X$3:X$8) -> 0 | Z10: =SUM(Z$3:Z$8) -> 0 | AB10: =SUM(AB$3:AB$8) -> 0 | AD10: =SUM(AD$3:AD$8) -> 0 | AF10: =SUM(AF$3:AF$8) -> 0 | AH10: =SUM(AH$3:AH$8) -> 0 | AJ10: =SUM(AJ$3:AJ$8) -> 0 | AL10: =SUM(AL$3:AL$8) -> 0 | AN10: =SUM(AN$3:AN$8) -> 0 | AP10: =SUM(AP$3:AP$8) -> 0 | AQ10: =SUM(AQ$3:AQ$8) -> 0 | AR10: =SUM(AR$3:AR$8) -> 0
A11: AVG | B11: =AVERAGE(B$3:B$8) -> 0 | D11: =AVERAGE(D$3:D$8) -> 0 | F11: =AVERAGE(F$3:F$8) -> 0 | H11: =AVERAGE(H$3:H$8) -> 0 | J11: =AVERAGE(J$3:J$8) -> 0 | L11: =AVERAGE(L$3:L$8) -> 0 | N11: =AVERAGE(N$3:N$8) -> 0 | P11: =AVERAGE(P$3:P$8) -> 0 | R11: =AVERAGE(R$3:R$8) -> 0 | T11: =AVERAGE(T$3:T$8) -> 0 | V11: =AVERAGE(V$3:V$8) -> 0 | X11: =AVERAGE(X$3:X$8) -> 0 | Z11: =AVERAGE(Z$3:Z$8) -> 0 | AB11: =AVERAGE(AB$3:AB$8) -> 0 | AD11: =AVERAGE(AD$3:AD$8) -> 0 | AF11: =AVERAGE(AF$3:AF$8) -> 0 | AH11: =AVERAGE(AH$3:AH$8) -> 0 | AJ11: =AVERAGE(AJ$3:AJ$8) -> 0 | AL11: =AVERAGE(AL$3:AL$8) -> 0 | AN11: =AVERAGE(AN$3:AN$8) -> 0 | AP11: =AVERAGE(AP$3:AP$8) -> 0 | AQ11: =AVERAGE(AQ$3:AQ$8) -> 0 | AR11: =AVERAGE(AR$3:AR$8) -> 0
A12: DEV | B12: =STDEV(B$3:B$8) -> 0 | D12: =STDEV(D$3:D$8) -> 0 | F12: =STDEV(F$3:F$8) -> 0 | H12: =STDEV(H$3:H$8) -> 0 | J12: =STDEV(J$3:J$8) -> 0 | L12: =STDEV(L$3:L$8) -> 0 | N12: =STDEV(N$3:N$8) -> 0 | P12: =STDEV(P$3:P$8) -> 0 | R12: =STDEV(R$3:R$8) -> 0 | T12: =STDEV(T$3:T$8) -> 0 | V12: =STDEV(V$3:V$8) -> 0 | X12: =STDEV(X$3:X$8) -> 0 | Z12: =STDEV(Z$3:Z$8) -> 0 | AB12: =STDEV(AB$3:AB$8) -> 0 | AD12: =STDEV(AD$3:AD$8) -> 0 | AF12: =STDEV(AF$3:AF$8) -> 0 | AH12: =STDEV(AH$3:AH$8) -> 0 | AJ12: =STDEV(AJ$3:AJ$8) -> 0 | AL12: =STDEV(AL$3:AL$8) -> 0 | AN12: =STDEV(AN$3:AN$8) -> 0 | AP12: =STDEV(AP$3:AP$8) -> 0 | AQ12: =STDEV(AQ$3:AQ$8) -> 0 | AR12: =STDEV(AR$3:AR$8) -> 0
A13: DST | B13: =SUMPRODUCT(--(B$3:B$8-$AP$3:$AP$8)^2)^0.5 -> 0 | D13: =SUMPRODUCT(--(D$3:D$8-$AP$3:$AP$8)^2)^0.5 -> 0 | F13: =SUMPRODUCT(--(F$3:F$8-$AP$3:$AP$8)^2)^0.5 -> 0 | H13: =SUMPRODUCT(--(H$3:H$8-$AP$3:$AP$8)^2)^0.5 -> 0 | J13: =SUMPRODUCT(--(J$3:J$8-$AP$3:$AP$8)^2)^0.5 -> 0 | L13: =SUMPRODUCT(--(L$3:L$8-$AP$3:$AP$8)^2)^0.5 -> 0 | N13: =SUMPRODUCT(--(N$3:N$8-$AP$3:$AP$8)^2)^0.5 -> 0 | P13: =SUMPRODUCT(--(P$3:P$8-$AP$3:$AP$8)^2)^0.5 -> 0 | R13: =SUMPRODUCT(--(R$3:R$8-$AP$3:$AP$8)^2)^0.5 -> 0 | T13: =SUMPRODUCT(--(T$3:T$8-$AP$3:$AP$8)^2)^0.5 -> 0 | V13: =SUMPRODUCT(--(V$3:V$8-$AP$3:$AP$8)^2)^0.5 -> 0 | X13: =SUMPRODUCT(--(X$3:X$8-$AP$3:$AP$8)^2)^0.5 -> 0 | Z13: =SUMPRODUCT(--(Z$3:Z$8-$AP$3:$AP$8)^2)^0.5 -> 0 | AB13: =SUMPRODUCT(--(AB$3:AB$8-$AP$3:$AP$8)^2)^0.5 -> 0 | AD13: =SUMPRODUCT(--(AD$3:AD$8-$AP$3:$AP$8)^2)^0.5 -> 0 | AF13: =SUMPRODUCT(--(AF$3:AF$8-$AP$3:$AP$8)^2)^0.5 -> 0 | AH13: =SUMPRODUCT(--(AH$3:AH$8-$AP$3:$AP$8)^2)^0.5 -> 0 | AJ13: =SUMPRODUCT(--(AJ$3:AJ$8-$AP$3:$AP$8)^2)^0.5 -> 0 | AL13: =SUMPRODUCT(--(AL$3:AL$8-$AP$3:$AP$8)^2)^0.5 -> 0 | AN13: =SUMPRODUCT(--(AN$3:AN$8-$AP$3:$AP$8)^2)^0.5 -> 0
A14: BEST | B14: =SUMPRODUCT(NOT(ISBLANK(B$3:B$8))*(B$3:B$8=$AP$3:$AP$8)) -> 0 | D14: =SUMPRODUCT(NOT(ISBLANK(D$3:D$8))*(D$3:D$8=$AP$3:$AP$8)) -> 0 | F14: =SUMPRODUCT(NOT(ISBLANK(F$3:F$8))*(F$3:F$8=$AP$3:$AP$8)) -> 0 | H14: =SUMPRODUCT(NOT(ISBLANK(H$3:H$8))*(H$3:H$8=$AP$3:$AP$8)) -> 0 | J14: =SUMPRODUCT(NOT(ISBLANK(J$3:J$8))*(J$3:J$8=$AP$3:$AP$8)) -> 0 | L14: =SUMPRODUCT(NOT(ISBLANK(L$3:L$8))*(L$3:L$8=$AP$3:$AP$8)) -> 0 | N14: =SUMPRODUCT(NOT(ISBLANK(N$3:N$8))*(N$3:N$8=$AP$3:$AP$8)) -> 0 | P14: =SUMPRODUCT(NOT(ISBLANK(P$3:P$8))*(P$3:P$8=$AP$3:$AP$8)) -> 0 | R14: =SUMPRODUCT(NOT(ISBLANK(R$3:R$8))*(R$3:R$8=$AP$3:$AP$8)) -> 0 | T14: =SUMPRODUCT(NOT(ISBLANK(T$3:T$8))*(T$3:T$8=$AP$3:$AP$8)) -> 0 | V14: =SUMPRODUCT(NOT(ISBLANK(V$3:V$8))*(V$3:V$8=$AP$3:$AP$8)) -> 0 | X14: =SUMPRODUCT(NOT(ISBLANK(X$3:X$8))*(X$3:X$8=$AP$3:$AP$8)) -> 0 | Z14: =SUMPRODUCT(NOT(ISBLANK(Z$3:Z$8))*(Z$3:Z$8=$AP$3:$AP$8)) -> 0 | AB14: =SUMPRODUCT(NOT(ISBLANK(AB$3:AB$8))*(AB$3:AB$8=$AP$3:$AP$8)) -> 0 | AD14: =SUMPRODUCT(NOT(ISBLANK(AD$3:AD$8))*(AD$3:AD$8=$AP$3:$AP$8)) -> 0 | AF14: =SUMPRODUCT(NOT(ISBLANK(AF$3:AF$8))*(AF$3:AF$8=$AP$3:$AP$8)) -> 0 | AH14: =SUMPRODUCT(NOT(ISBLANK(AH$3:AH$8))*(AH$3:AH$8=$AP$3:$AP$8)) -> 0 | AJ14: =SUMPRODUCT(NOT(ISBLANK(AJ$3:AJ$8))*(AJ$3:AJ$8=$AP$3:$AP$8)) -> 0 | AL14: =SUMPRODUCT(NOT(ISBLANK(AL$3:AL$8))*(AL$3:AL$8=$AP$3:$AP$8)) -> 0 | AN14: =SUMPRODUCT(NOT(ISBLANK(AN$3:AN$8))*(AN$3:AN$8=$AP$3:$AP$8)) -> 0
A15: BETTER | B15: =SUMPRODUCT(NOT(ISBLANK(B$3:B$8))*(B$3:B$8<$AQ$3:$AQ$8)) -> 0 | D15: =SUMPRODUCT(NOT(ISBLANK(D$3:D$8))*(D$3:D$8<$AQ$3:$AQ$8)) -> 0 | F15: =SUMPRODUCT(NOT(ISBLANK(F$3:F$8))*(F$3:F$8<$AQ$3:$AQ$8)) -> 0 | H15: =SUMPRODUCT(NOT(ISBLANK(H$3:H$8))*(H$3:H$8<$AQ$3:$AQ$8)) -> 0 | J15: =SUMPRODUCT(NOT(ISBLANK(J$3:J$8))*(J$3:J$8<$AQ$3:$AQ$8)) -> 0 | L15: =SUMPRODUCT(NOT(ISBLANK(L$3:L$8))*(L$3:L$8<$AQ$3:$AQ$8)) -> 0 | N15: =SUMPRODUCT(NOT(ISBLANK(N$3:N$8))*(N$3:N$8<$AQ$3:$AQ$8)) -> 0 | P15: =SUMPRODUCT(NOT(ISBLANK(P$3:P$8))*(P$3:P$8<$AQ$3:$AQ$8)) -> 0 | R15: =SUMPRODUCT(NOT(ISBLANK(R$3:R$8))*(R$3:R$8<$AQ$3:$AQ$8)) -> 0 | T15: =SUMPRODUCT(NOT(ISBLANK(T$3:T$8))*(T$3:T$8<$AQ$3:$AQ$8)) -> 0 | V15: =SUMPRODUCT(NOT(ISBLANK(V$3:V$8))*(V$3:V$8<$AQ$3:$AQ$8)) -> 0 | X15: =SUMPRODUCT(NOT(ISBLANK(X$3:X$8))*(X$3:X$8<$AQ$3:$AQ$8)) -> 0 | Z15: =SUMPRODUCT(NOT(ISBLANK(Z$3:Z$8))*(Z$3:Z$8<$AQ$3:$AQ$8)) -> 0 | AB15: =SUMPRODUCT(NOT(ISBLANK(AB$3:AB$8))*(AB$3:AB$8<$AQ$3:$AQ$8)) -> 0 | AD15: =SUMPRODUCT(NOT(ISBLANK(AD$3:AD$8))*(AD$3:AD$8<$AQ$3:$AQ$8)) -> 0 | AF15: =SUMPRODUCT(NOT(ISBLANK(AF$3:AF$8))*(AF$3:AF$8<$AQ$3:$AQ$8)) -> 0 | AH15: =SUMPRODUCT(NOT(ISBLANK(AH$3:AH$8))*(AH$3:AH$8<$AQ$3:$AQ$8)) -> 0 | AJ15: =SUMPRODUCT(NOT(ISBLANK(AJ$3:AJ$8))*(AJ$3:AJ$8<$AQ$3:$AQ$8)) -> 0 | AL15: =SUMPRODUCT(NOT(ISBLANK(AL$3:AL$8))*(AL$3:AL$8<$AQ$3:$AQ$8)) -> 0 | AN15: =SUMPRODUCT(NOT(ISBLANK(AN$3:AN$8))*(AN$3:AN$8<$AQ$3:$AQ$8)) -> 0
A16: WORSE | B16: =SUMPRODUCT((NOT(ISBLANK(B$3:B$8))*(B$3:B$8>$AQ$3:$AQ$8))+ISBLANK(B$3:B$8)) -> 0 | D16: =SUMPRODUCT((NOT(ISBLANK(D$3:D$8))*(D$3:D$8>$AQ$3:$AQ$8))+ISBLANK(D$3:D$8)) -> 0 | F16: =SUMPRODUCT((NOT(ISBLANK(F$3:F$8))*(F$3:F$8>$AQ$3:$AQ$8))+ISBLANK(F$3:F$8)) -> 0 | H16: =SUMPRODUCT((NOT(ISBLANK(H$3:H$8))*(H$3:H$8>$AQ$3:$AQ$8))+ISBLANK(H$3:H$8)) -> 0 | J16: =SUMPRODUCT((NOT(ISBLANK(J$3:J$8))*(J$3:J$8>$AQ$3:$AQ$8))+ISBLANK(J$3:J$8)) -> 0 | L16: =SUMPRODUCT((NOT(ISBLANK(L$3:L$8))*(L$3:L$8>$AQ$3:$AQ$8))+ISBLANK(L$3:L$8)) -> 0 | N16: =SUMPRODUCT((NOT(ISBLANK(N$3:N$8))*(N$3:N$8>$AQ$3:$AQ$8))+ISBLANK(N$3:N$8)) -> 0 | P16: =SUMPRODUCT((NOT(ISBLANK(P$3:P$8))*(P$3:P$8>$AQ$3:$AQ$8))+ISBLANK(P$3:P$8)) -> 0 | R16: =SUMPRODUCT((NOT(ISBLANK(R$3:R$8))*(R$3:R$8>$AQ$3:$AQ$8))+ISBLANK(R$3:R$8)) -> 0 | T16: =SUMPRODUCT((NOT(ISBLANK(T$3:T$8))*(T$3:T$8>$AQ$3:$AQ$8))+ISBLANK(T$3:T$8)) -> 0 | V16: =SUMPRODUCT((NOT(ISBLANK(V$3:V$8))*(V$3:V$8>$AQ$3:$AQ$8))+ISBLANK(V$3:V$8)) -> 0 | X16: =SUMPRODUCT((NOT(ISBLANK(X$3:X$8))*(X$3:X$8>$AQ$3:$AQ$8))+ISBLANK(X$3:X$8)) -> 0 | Z16: =SUMPRODUCT((NOT(ISBLANK(Z$3:Z$8))*(Z$3:Z$8>$AQ$3:$AQ$8))+ISBLANK(Z$3:Z$8)) -> 0 | AB16: =SUMPRODUCT((NOT(ISBLANK(AB$3:AB$8))*(AB$3:AB$8>$AQ$3:$AQ$8))+ISBLANK(AB$3:AB$8)) -> 0 | AD16: =SUMPRODUCT((NOT(ISBLANK(AD$3:AD$8))*(AD$3:AD$8>$AQ$3:$AQ$8))+ISBLANK(AD$3:AD$8)) -> 0 | AF16: =SUMPRODUCT((NOT(ISBLANK(AF$3:AF$8))*(AF$3:AF$8>$AQ$3:$AQ$8))+ISBLANK(AF$3:AF$8)) -> 0 | AH16: =SUMPRODUCT((NOT(ISBLANK(AH$3:AH$8))*(AH$3:AH$8>$AQ$3:$AQ$8))+ISBLANK(AH$3:AH$8)) -> 0 | AJ16: =SUMPRODUCT((NOT(ISBLANK(AJ$3:AJ$8))*(AJ$3:AJ$8>$AQ$3:$AQ$8))+ISBLANK(AJ$3:AJ$8)) -> 0 | AL16: =SUMPRODUCT((NOT(ISBLANK(AL$3:AL$8))*(AL$3:AL$8>$AQ$3:$AQ$8))+ISBLANK(AL$3:AL$8)) -> 0 | AN16: =SUMPRODUCT((NOT(ISBLANK(AN$3:AN$8))*(AN$3:AN$8>$AQ$3:$AQ$8))+ISBLANK(AN$3:AN$8)) -> 0
A17: WORST | B17: =SUMPRODUCT((NOT(ISBLANK(B$3:B$8))*(B$3:B$8=$AR$3:$AR$8))+ISBLANK(B$3:B$8)) -> 0 | D17: =SUMPRODUCT((NOT(ISBLANK(D$3:D$8))*(D$3:D$8=$AR$3:$AR$8))+ISBLANK(D$3:D$8)) -> 0 | F17: =SUMPRODUCT((NOT(ISBLANK(F$3:F$8))*(F$3:F$8=$AR$3:$AR$8))+ISBLANK(F$3:F$8)) -> 0 | H17: =SUMPRODUCT((NOT(ISBLANK(H$3:H$8))*(H$3:H$8=$AR$3:$AR$8))+ISBLANK(H$3:H$8)) -> 0 | J17: =SUMPRODUCT((NOT(ISBLANK(J$3:J$8))*(J$3:J$8=$AR$3:$AR$8))+ISBLANK(J$3:J$8)) -> 0 | L17: =SUMPRODUCT((NOT(ISBLANK(L$3:L$8))*(L$3:L$8=$AR$3:$AR$8))+ISBLANK(L$3:L$8)) -> 0 | N17: =SUMPRODUCT((NOT(ISBLANK(N$3:N$8))*(N$3:N$8=$AR$3:$AR$8))+ISBLANK(N$3:N$8)) -> 0 | P17: =SUMPRODUCT((NOT(ISBLANK(P$3:P$8))*(P$3:P$8=$AR$3:$AR$8))+ISBLANK(P$3:P$8)) -> 0 | R17: =SUMPRODUCT((NOT(ISBLANK(R$3:R$8))*(R$3:R$8=$AR$3:$AR$8))+ISBLANK(R$3:R$8)) -> 0 | T17: =SUMPRODUCT((NOT(ISBLANK(T$3:T$8))*(T$3:T$8=$AR$3:$AR$8))+ISBLANK(T$3:T$8)) -> 0 | V17: =SUMPRODUCT((NOT(ISBLANK(V$3:V$8))*(V$3:V$8=$AR$3:$AR$8))+ISBLANK(V$3:V$8)) -> 0 | X17: =SUMPRODUCT((NOT(ISBLANK(X$3:X$8))*(X$3:X$8=$AR$3:$AR$8))+ISBLANK(X$3:X$8)) -> 0 | Z17: =SUMPRODUCT((NOT(ISBLANK(Z$3:Z$8))*(Z$3:Z$8=$AR$3:$AR$8))+ISBLANK(Z$3:Z$8)) -> 0 | AB17: =SUMPRODUCT((NOT(ISBLANK(AB$3:AB$8))*(AB$3:AB$8=$AR$3:$AR$8))+ISBLANK(AB$3:AB$8)) -> 0 | AD17: =SUMPRODUCT((NOT(ISBLANK(AD$3:AD$8))*(AD$3:AD$8=$AR$3:$AR$8))+ISBLANK(AD$3:AD$8)) -> 0 | AF17: =SUMPRODUCT((NOT(ISBLANK(AF$3:AF$8))*(AF$3:AF$8=$AR$3:$AR$8))+ISBLANK(AF$3:AF$8)) -> 0 | AH17: =SUMPRODUCT((NOT(ISBLANK(AH$3:AH$8))*(AH$3:AH$8=$AR$3:$AR$8))+ISBLANK(AH$3:AH$8)) -> 0 | AJ17: =SUMPRODUCT((NOT(ISBLANK(AJ$3:AJ$8))*(AJ$3:AJ$8=$AR$3:$AR$8))+ISBLANK(AJ$3:AJ$8)) -> 0 | AL17: =SUMPRODUCT((NOT(ISBLANK(AL$3:AL$8))*(AL$3:AL$8=$AR$3:$AR$8))+ISBLANK(AL$3:AL$8)) -> 0 | AN17: =SUMPRODUCT((NOT(ISBLANK(AN$3:AN$8))*(AN$3:AN$8=$AR$3:$AR$8))+ISBLANK(AN$3:AN$8)) -> 0

Sheet Merged Runs
A1: Merge criteria: | B1: memelingo-1/lambda-large_30_mlp-tplp-htc | D1: memelingo-1/lambda-large_30_mlp-tplp-htcdl | F1: memelingo-1/lambda-large_40_mlp-tplp-htc | H1: memelingo-1/lambda-large_40_mlp-tplp-htcdl | J1: memelingo-1/lambda-large_50_mlp-tplp-htc | L1: memelingo-1/lambda-large_50_mlp-tplp-htcdl | N1: memelingo-1/lambda-large_60_mlp-tplp-htc | P1: memelingo-1/lambda-large_60_mlp-tplp-htcdl | R1: memelingo-1/lambda-small_10_mlp-tplp-ht | T1: memelingo-1/lambda-small_10_mlp-tplp-htc | V1: memelingo-1/lambda-small_10_mlp-tplp-htcdl | X1: memelingo-1/lambda-small_13_mlp-tplp-ht | Z1: memelingo-1/lambda-small_13_mlp-tplp-htc | AB1: memelingo-1/lambda-small_13_mlp-tplp-htcdl | AD1: memelingo-1/lambda-small_15_mlp-tplp-ht | AF1: memelingo-1/lambda-small_15_mlp-tplp-htc | AH1: memelingo-1/lambda-small_15_mlp-tplp-htcdl | AJ1: memelingo-1/lambda-small_20_mlp-tplp-ht | AL1: memelingo-1/lambda-small_20_mlp-tplp-htc | AN1: memelingo-1/lambda-small_20_mlp-tplp-htcdl | AP1: min | AQ1: median | AR1: max
A2: median | B2: time | C2: status | D2: time | E2: status | F2: time | G2: status | H2: time | I2: status | J2: time | K2: status | L2: time | M2: status | N2: time | O2: status | P2: time | Q2: status | R2: time | S2: status | T2: time | U2: status | V2: time | W2: status | X2: time | Y2: status | Z2: time | AA2: status | AB2: time | AC2: status | AD2: time | AE2: status | AF2: time | AG2: status | AH2: time | AI2: status | AJ2: time | AK2: status | AL2: time | AM2: status | AN2: time | AO2: status | AP2: time | AQ2: time | AR2: time
A3: instances/ft06 | R3: {=_xlfn.SWITCH($A$2,"average", AVERAGE(Instances!R3:Instances!R3),"median", MEDIAN(Instances!R3:Instances!R3),"min", MIN(Instances!R3:Instances!R3),"max", MAX(Instances!R3:Instances!R3),"diff", MAX(Instances!R3:Instances!R3)-MIN(Instances!R3:Instances!R3))} -> 0 | T3: {=_xlfn.SWITCH($A$2,"average", AVERAGE(Instances!T3:Instances!T3),"median", MEDIAN(Instances!T3:Instances!T3),"min", MIN(Instances!T3:Instances!T3),"max", MAX(Instances!T3:Instances!T3),"diff", MAX(Instances!T3:Instances!T3)-MIN(Instances!T3:Instances!T3))} -> 0 | V3: {=_xlfn.SWITCH($A$2,"average", AVERAGE(Instances!V3:Instances!V3),"median", MEDIAN(Instances!V3:Instances!V3),"min", MIN(Instances!V3:Instances!V3),"max", MAX(Instances!V3:Instances!V3),"diff", MAX(Instances!V3:Instances!V3)-MIN(Instances!V3:Instances!V3))} -> 0 | X3: {=_xlfn.SWITCH($A$2,"average", AVERAGE(Instances!X3:Instances!X3),"median", MEDIAN(Instances!X3:Instances!X3),"min", MIN(Instances!X3:Instances!X3),"max", MAX(Instances!X3:Instances!X3),"diff", MAX(Instances!X3:Instances!X3)-MIN(Instances!X3:Instances!X3))} -> 0 | Z3: {=_xlfn.SWITCH($A$2,"average", AVERAGE(Instances!Z3:Instances!Z3),"median", MEDIAN(Instances!Z3:Instances!Z3),"min", MIN(Instances!Z3:Instances!Z3),"max", MAX(Instances!Z3:Instances!Z3),"diff", MAX(Instances!Z3:Instances!Z3)-MIN(Instances!Z3:Instances!Z3))} -> 0 | AB3: {=_xlfn.SWITCH($A$2,"average", AVERAGE(Instances!AB3:Instances!AB3),"median", MEDIAN(Instances!AB3:Instances!AB3),"min", MIN(Instances!AB3:Instances!AB3),"max", MAX(Instances!AB3:Instances!AB3),"diff", MAX(Instances!AB3:Instances!AB3)-MIN(Instances!AB3:Instances!AB3))} -> 0 | AD3: {=_xlfn.SWITCH($A$2,"average", AVERAGE(Instances!AD3:Instances!AD3),"median", MEDIAN(Instances!AD3:Instances!AD3),"min", MIN(Instances!AD3:Instances!AD3),"max", MAX(Instances!AD3:Instances!AD3),"diff", MAX(Instances!AD3:Instances!AD3)-MIN(Instances!AD3:Instances!AD3))} -> 0 | AF3: {=_xlfn.SWITCH($A$2,"average", AVERAGE(Instances!AF3:Instances!AF3),"median", MEDIAN(Instances!AF3:Instances!AF3),"min", MIN(Instances!AF3:Instances!AF3),"max", MAX(Instances!AF3:Instances!AF3),"diff", MAX(Instances!AF3:Instances!AF3)-MIN(Instances!AF3:Instances!AF3))} -> 0 | AH3: {=_xlfn.SWITCH($A$2,"average", AVERAGE(Instances!AH3:Instances!AH3),"median", MEDIAN(Instances!AH3:Instances!AH3),"min", MIN(Instances!AH3:Instances!AH3),"max", MAX(Instances!AH3:Instances!AH3),"diff", MAX(Instances!AH3:Instances!AH3)-MIN(Instances!AH3:Instances!AH3))} -> 0 | AJ3: {=_xlfn.SWITCH($A$2,"average", AVERAGE(Instances!AJ3:Instances!AJ3),"median", MEDIAN(Instances!AJ3:Instances!AJ3),"min", MIN(Instances!AJ3:Instances!AJ3),"max", MAX(Instances!AJ3:Instances!AJ3),"diff", MAX(Instances!AJ3:Instances!AJ3)-MIN(Instances!AJ3:Instances!AJ3))} -> 0 | AL3: {=_xlfn.SWITCH($A$2,"average", AVERAGE(Instances!AL3:Instances!AL3),"median", MEDIAN(Instances!AL3:Instances!AL3),"min", MIN(Instances!AL3:Instances!AL3),"max", MAX(Instances!AL3:Instances!AL3),"diff", MAX(Instances!AL3:Instances!AL3)-MIN(Instances!AL3:Instances!AL3))} -> 0 | AN3: {=_xlfn.SWITCH($A$2,"average", AVERAGE(Instances!AN3:Instances!AN3),"median", MEDIAN(Instances!AN3:Instances!AN3),"min", MIN(Instances!AN3:Instances!AN3),"max", MAX(Instances!AN3:Instances!AN3),"diff", MAX(Instances!AN3:Instances!AN3)-MIN(Instances!AN3:Instances!AN3))} -> 0 | AP3: =MIN($B3,$D3,$F3,$H3,$J3,$L3,$N3,$P3,$R3,$T3,$V3,$X3,$Z3,$AB3,$AD3,$AF3,$AH3,$AJ3,$AL3,$AN3) -> 0 | AQ3: =MEDIAN($B3,$D3,$F3,$H3,$J3,$L3,$N3,$P3,$R3,$T3,$V3,$X3,$Z3,$AB3,$AD3,$AF3,$AH3,$AJ3,$AL3,$AN3) -> 0 | AR3: =MAX($B3,$D3,$F3,$H3,$J3,$L3,$N3,$P3,$R3,$T3,$V3,$X3,$Z3,$AB3,$AD3,$AF3,$AH3,$AJ3,$AL3,$AN3) -> 0
A4: instances/ft10 | B4: {=_xlfn.SWITCH($A$2,"average", AVERAGE(Instances!B4:Instances!B4),"median", MEDIAN(Instances!B4:Instances!B4),"min", MIN(Instances!B4:Instances!B4),"max", MAX(Instances!B4:Instances!B4),"diff", MAX(Instances!B4:Instances!B4)-MIN(Instances!B4:Instances!B4))} -> 0 | D4: {=_xlfn.SWITCH($A$2,"average", AVERAGE(Instances!D4:Instances!D4),"median", MEDIAN(Instances!D4:Instances!D4),"min", MIN(Instances!D4:Instances!D4),"max", MAX(Instances!D4:Instances!D4),"diff", MAX(Instances!D4:Instances!D4)-MIN(Instances!D4:Instances!D4))} -> 0 | F4: {=_xlfn.SWITCH($A$2,"average", AVERAGE(Instances!F4:Instances!F4),"median", MEDIAN(Instances!F4:Instances!F4),"min", MIN(Instances!F4:Instances!F4),"max", MAX(Instances!F4:Instances!F4),"diff", MAX(Instances!F4:Instances!F4)-MIN(Instances!F4:Instances!F4))} -> 0 | H4: {=_xlfn.SWITCH($A$2,"average", AVERAGE(Instances!H4:Instances!H4),"median", MEDIAN(Instances!H4:Instances!H4),"min", MIN(Instances!H4:Instances!H4),"max", MAX(Instances!H4:Instances!H4),"diff", MAX(Instances!H4:Instances!H4)-MIN(Instances!H4:Instances!H4))} -> 0 | J4: {=_xlfn.SWITCH($A$2,"average", AVERAGE(Instances!J4:Instances!J4),"median", MEDIAN(Instances!J4:Instances!J4),"min", MIN(Instances!J4:Instances!J4),"max", MAX(Instances!J4:Instances!J4),"diff", MAX(Instances!J4:Instances!J4)-MIN(Instances!J4:Instances!J4))} -> 0 | L4: {=_xlfn.SWITCH($A$2,"average", AVERAGE(Instances!L4:Instances!L4),"median", MEDIAN(Instances!L4:Instances!L4),"min", MIN(Instances!L4:Instances!L4),"max", MAX(Instances!L4:Instances!L4),"diff", MAX(Instances!L4:Instances!L4)-MIN(Instances!L4:Instances!L4))} -> 0 | N4: {=_xlfn.SWITCH($A$2,"average", AVERAGE(Instances!N4:Instances!N4),"median", MEDIAN(Instances!N4:Instances!N4),"min", MIN(Instances!N4:Instances!N4),"max", MAX(Instances!N4:Instances!N4),"diff", MAX(Instances!N4:Instances!N4)-MIN(Instances!N4:Instances!N4))} -> 0 | P4: {=_xlfn.SWITCH($A$2,"average", AVERAGE(Instances!P4:Instances!P4),"median", MEDIAN(Instances!P4:Instances!P4),"min", MIN(Instances!P4:Instances!P4),"max", MAX(Instances!P4:Instances!P4),"diff", MAX(Instances!P4:Instances!P4)-MIN(Instances!P4:Instances!P4))} -> 0 | AP4: =MIN($B4,$D4,$F4,$H4,$J4,$L4,$N4,$P4,$R4,$T4,$V4,$X4,$Z4,$AB4,$AD4,$AF4,$AH4,$AJ4,$AL4,$AN4) -> 0 | AQ4: =MEDIAN($B4,$D4,$F4,$H4,$J4,$L4,$N4,$P4,$R4,$T4,$V4,$X4,$Z4,$AB4,$AD4,$AF4,$AH4,$AJ4,$AL4,$AN4) -> 0 | AR4: =MAX($B4,$D4,$F4,$H4,$J4,$L4,$N4,$P4,$R4,$T4,$V4,$X4,$Z4,$AB4,$AD4,$AF4,$AH4,$AJ4,$AL4,$AN4) -> 0
A5: instances/ft10const10 | B5: {=_xlfn.SWITCH($A$2,"average", AVERAGE(Instances!B5:Instances!B5),"median", MEDIAN(Instances!B5:Instances!B5),"min", MIN(Instances!B5:Instances!B5),"max", MAX(Instances!B5:Instances!B5),"diff", MAX(Instances!B5:Instances!B5)-MIN(Instances!B5:Instances!B5))} -> 0 | D5: {=_xlfn.SWITCH($A$2,"average", AVERAGE(Instances!D5:Instances!D5),"median", MEDIAN(Instances!D5:Instances!D5),"min", MIN(Instances!D5:Instances!D5),"max", MAX(Instances!D5:Instances!D5),"diff", MAX(Instances!D5:Instances!D5)-MIN(Instances!D5:Instances!D5))} -> 0 | F5: {=_xlfn.SWITCH($A$2,"average", AVERAGE(Instances!F5:Instances!F5),"median", MEDIAN(Instances!F5:Instances!F5),"min", MIN(Instances!F5:Instances!F5),"max", MAX(Instances!F5:Instances!F5),"diff", MAX(Instances!F5:Instances!F5)-MIN(Instances!F5:Instances!F5))} -> 0 | H5: {=_xlfn.SWITCH($A$2,"average", AVERAGE(Instances!H5:Instances!H5),"median", MEDIAN(Instances!H5:Instances!H5),"min", MIN(Instances!H5:Instances!H5),"max", MAX(Instances!H5:Instances!H5),"diff", MAX(Instances!H5:Instances!H5)-MIN(Instances!H5:Instances!H5))} -> 0 | J5: {=_xlfn.SWITCH($A$2,"average", AVERAGE(Instances!J5:Instances!J5),"median", MEDIAN(Instances!J5:Instances!J5),"min", MIN(Instances!J5:Instances!J5),"max", MAX(Instances!J5:Instances!J5),"diff", MAX(Instances!J5:Instances!J5)-MIN(Instances!J5:Instances!J5))} -> 0 | L5: {=_xlfn.SWITCH($A$2,"average", AVERAGE(Instances!L5:Instances!L5),"median", MEDIAN(Instances!L5:Instances!L5),"min", MIN(Instances!L5:Instances!L5),"max", MAX(Instances!L5:Instances!L5),"diff", MAX(Instances!L5:Instances!L5)-MIN(Instances!L5:Instances!L5))} -> 0 | N5: {=_xlfn.SWITCH($A$2,"average", AVERAGE(Instances!N5:Instances!N5),"median", MEDIAN(Instances!N5:Instances!N5),"min", MIN(Instances!N5:Instances!N5),"max", MAX(Instances!N5:Instances!N5),"diff", MAX(Instances!N5:Instances!N5)-MIN(Instances!N5:Instances!N5))} -> 0 | P5: {=_xlfn.SWITCH($A$2,"average", AVERAGE(Instances!P5:Instances!P5),"median", MEDIAN(Instances!P5:Instances!P5),"min", MIN(Instances!P5:Instances!P5),"max", MAX(Instances!P5:Instances!P5),"diff", MAX(Instances!P5:Instances!P5)-MIN(Instances!P5:Instances!P5))} -> 0 | AP5: =MIN($B5,$D5,$F5,$H5,$J5,$L5,$N5,$P5,$R5,$T5,$V5,$X5,$Z5,$AB5,$AD5,$AF5,$AH5,$AJ5,$AL5,$AN5) -> 0 | AQ5: =MEDIAN($B5,$D5,$F5,$H5,$J5,$L5,$N5,$P5,$R5,$T5,$V5,$X5,$Z5,$AB5,$AD5,$AF5,$AH5,$AJ5,$AL5,$AN5) -> 0 | AR5: =MAX($B5,$D5,$F5,$H5,$J5,$L5,$N5,$P5,$R5,$T5,$V5,$X5,$Z5,$AB5,$AD5,$AF5,$AH5,$AJ5,$AL5,$AN5) -> 0
A6: instances/ft10const15 | B6: {=_xlfn.SWITCH($A$2,"average", AVERAGE(Instances!B6:Instances!B6),"median", MEDIAN(Instances!B6:Instances!B6),"min", MIN(Instances!B6:Instances!B6),"max", MAX(Instances!B6:Instances!B6),"diff", MAX(Instances!B6:Instances!B6)-MIN(Instances!B6:Instances!B6))} -> 0 | D6: {=_xlfn.SWITCH($A$2,"average", AVERAGE(Instances!D6:Instances!D6),"median", MEDIAN(Instances!D6:Instances!D6),"min", MIN(Instances!D6:Instances!D6),"max", MAX(Instances!D6:Instances!D6),"diff", MAX(Instances!D6:Instances!D6)-MIN(Instances!D6:Instances!D6))} -> 0 | F6: {=_xlfn.SWITCH($A$2,"average", AVERAGE(Instances!F6:Instances!F6),"median", MEDIAN(Instances!F6:Instances!F6),"min", MIN(Instances!F6:Instances!F6),"max", MAX(Instances!F6:Instances!F6),"diff", MAX(Instances!F6:Instances!F6)-MIN(Instances!F6:Instances!F6))} -> 0 | H6: {=_xlfn.SWITCH($A$2,"average", AVERAGE(Instances!H6:Instances!H6),"median", MEDIAN(Instances!H6:Instances!H6),"min", MIN(Instances!H6:Instances!H6),"max", MAX(Instances!H6:Instances!H6),"diff", MAX(Instances!H6:Instances!H6)-MIN(Instances!H6:Instances!H6))} -> 0 | J6: {=_xlfn.SWITCH($A$2,"average", AVERAGE(Instances!J6:Instances!J6),"median", MEDIAN(Instances!J6:Instances!J6),"min", MIN(Instances!J6:Instances!J6),"max", MAX(Instances!J6:Instances!J6),"diff", MAX(Instances!J6:Instances!J6)-MIN(Instances!J6:Instances!J6))} -> 0 | L6: {=_xlfn.SWITCH($A$2,"average", AVERAGE(Instances!L6:Instances!L6),"median", MEDIAN(Instances!L6:Instances!L6),"min", MIN(Instances!L6:Instances!L6),"max", MAX(Instances!L6:Instances!L6),"diff", MAX(Instances!L6:Instances!L6)-MIN(Instances!L6:Instances!L6))} -> 0 | N6: {=_xlfn.SWITCH($A$2,"average", AVERAGE(Instances!N6:Instances!N6),"median", MEDIAN(Instances!N6:Instances!N6),"min", MIN(Instances!N6:Instances!N6),"max", MAX(Instances!N6:Instances!N6),"diff", MAX(Instances!N6:Instances!N6)-MIN(Instances!N6:Instances!N6))} -> 0 | P6: {=_xlfn.SWITCH($A$2,"average", AVERAGE(Instances!P6:Instances!P6),"median", MEDIAN(Instances!P6:Instances!P6),"min", MIN(Instances!P6:Instances!P6),"max", MAX(Instances!P6:Instances!P6),"diff", MAX(Instances!P6:Instances!P6)-MIN(Instances!P6:Instances!P6))} -> 0 | AP6: =MIN($B6,$D6,$F6,$H6,$J6,$L6,$N6,$P6,$R6,$T6,$V6,$X6,$Z6,$AB6,$AD6,$AF6,$AH6,$AJ6,$AL6,$AN6) -> 0 | AQ6: =MEDIAN($B6,$D6,$F6,$H6,$J6,$L6,$N6,$P6,$R6,$T6,$V6,$X6,$Z6,$AB6,$AD6,$AF6,$AH6,$AJ6,$AL6,$AN6) -> 0 | AR6: =MAX($B6,$D6,$F6,$H6,$J6,$L6,$N6,$P6,$R6,$T6,$V6,$X6,$Z6,$AB6,$AD6,$AF6,$AH6,$AJ6,$AL6,$AN6) -> 0
A7: instances/ft10const2 | B7: {=_xlfn.SWITCH($A$2,"average", AVERAGE(Instances!B7:Instances!B7),"median", MEDIAN(Instances!B7:Instances!B7),"min", MIN(Instances!B7:Instances!B7),"max", MAX(Instances!B7:Instances!B7),"diff", MAX(Instances!B7:Instances!B7)-MIN(Instances!B7:Instances!B7))} -> 0 | D7: {=_xlfn.SWITCH($A$2,"average", AVERAGE(Instances!D7:Instances!D7),"median", MEDIAN(Instances!D7:Instances!D7),"min", MIN(Instances!D7:Instances!D7),"max", MAX(Instances!D7:Instances!D7),"diff", MAX(Instances!D7:Instances!D7)-MIN(Instances!D7:Instances!D7))} -> 0 | F7: {=_xlfn.SWITCH($A$2,"average", AVERAGE(Instances!F7:Instances!F7),"median", MEDIAN(Instances!F7:Instances!F7),"min", MIN(Instances!F7:Instances!F7),"max", MAX(Instances!F7:Instances!F7),"diff", MAX(Instances!F7:Instances!F7)-MIN(Instances!F7:Instances!F7))} -> 0 | H7: {=_xlfn.SWITCH($A$2,"average", AVERAGE(Instances!H7:Instances!H7),"median", MEDIAN(Instances!H7:Instances!H7),"min", MIN(Instances!H7:Instances!H7),"max", MAX(Instances!H7:Instances!H7),"diff", MAX(Instances!H7:Instances!H7)-MIN(Instances!H7:Instances!H7))} -> 0 | J7: {=_xlfn.SWITCH($A$2,"average", AVERAGE(Instances!J7:Instances!J7),"median", MEDIAN(Instances!J7:Instances!J7),"min", MIN(Instances!J7:Instances!J7),"max", MAX(Instances!J7:Instances!J7),"diff", MAX(Instances!J7:Instances!J7)-MIN(Instances!J7:Instances!J7))} -> 0 | L7: {=_xlfn.SWITCH($A$2,"average", AVERAGE(Instances!L7:Instances!L7),"median", MEDIAN(Instances!L7:Instances!L7),"min", MIN(Instances!L7:Instances!L7),"max", MAX(Instances!L7:Instances!L7),"diff", MAX(Instances!L7:Instances!L7)-MIN(Instances!L7:Instances!L7))} -> 0 | N7: {=_xlfn.SWITCH($A$2,"average", AVERAGE(Instances!N7:Instances!N7),"median", MEDIAN(Instances!N7:Instances!N7),"min", MIN(Instances!N7:Instances!N7),"max", MAX(Instances!N7:Instances!N7),"diff", MAX(Instances!N7:Instances!N7)-MIN(Instances!N7:Instances!N7))} -> 0 | P7: {=_xlfn.SWITCH($A$2,"average", AVERAGE(Instances!P7:Instances!P7),"median", MEDIAN(Instances!P7:Instances!P7),"min", MIN(Instances!P7:Instances!P7),"max", MAX(Instances!P7:Instances!P7),"diff", MAX(Instances!P7:Instances!P7)-MIN(Instances!P7:Instances!P7))} -> 0 | AP7: =MIN($B7,$D7,$F7,$H7,$J7,$L7,$N7,$P7,$R7,$T7,$V7,$X7,$Z7,$AB7,$AD7,$AF7,$AH7,$AJ7,$AL7,$AN7) -> 0 | AQ7: =MEDIAN($B7,$D7,$F7,$H7,$J7,$L7,$N7,$P7,$R7,$T7,$V7,$X7,$Z7,$AB7,$AD7,$AF7,$AH7,$AJ7,$AL7,$AN7) -> 0 | AR7: =MAX($B7,$D7,$F7,$H7,$J7,$L7,$N7,$P7,$R7,$T7,$V7,$X7,$Z7,$AB7,$AD7,$AF7,$AH7,$AJ7,$AL7,$AN7) -> 0
A8: instances/ft10const5 | B8: {=_xlfn.SWITCH($A$2,"average", AVERAGE(Instances!B8:Instances!B8),"median", MEDIAN(Instances!B8:Instances!B8),"min", MIN(Instances!B8:Instances!B8),"max", MAX(Instances!B8:Instances!B8),"diff", MAX(Instances!B8:Instances!B8)-MIN(Instances!B8:Instances!B8))} -> 0 | D8: {=_xlfn.SWITCH($A$2,"average", AVERAGE(Instances!D8:Instances!D8),"median", MEDIAN(Instances!D8:Instances!D8),"min", MIN(Instances!D8:Instances!D8),"max", MAX(Instances!D8:Instances!D8),"diff", MAX(Instances!D8:Instances!D8)-MIN(Instances!D8:Instances!D8))} -> 0 | F8: {=_xlfn.SWITCH($A$2,"average", AVERAGE(Instances!F8:Instances!F8),"median", MEDIAN(Instances!F8:Instances!F8),"min", MIN(Instances!F8:Instances!F8),"max", MAX(Instances!F8:Instances!F8),"diff", MAX(Instances!F8:Instances!F8)-MIN(Instances!F8:Instances!F8))} -> 0 | H8: {=_xlfn.SWITCH($A$2,"average", AVERAGE(Instances!H8:Instances!H8),"median", MEDIAN(Instances!H8:Instances!H8),"min", MIN(Instances!H8:Instances!H8),"max", MAX(Instances!H8:Instances!H8),"diff", MAX(Instances!H8:Instances!H8)-MIN(Instances!H8:Instances!H8))} -> 0 | J8: {=_xlfn.SWITCH($A$2,"average", AVERAGE(Instances!J8:Instances!J8),"median", MEDIAN(Instances!J8:Instances!J8),"min", MIN(Instances!J8:Instances!J8),"max", MAX(Instances!J8:Instances!J8),"diff", MAX(Instances!J8:Instances!J8)-MIN(Instances!J8:Instances!J8))} -> 0 | L8: {=_xlfn.SWITCH($A$2,"average", AVERAGE(Instances!L8:Instances!L8),"median", MEDIAN(Instances!L8:Instances!L8),"min", MIN(Instances!L8:Instances!L8),"max", MAX(Instances!L8:Instances!L8),"diff", MAX(Instances!L8:Instances!L8)-MIN(Instances!L8:Instances!L8))} -> 0 | N8: {=_xlfn.SWITCH($A$2,"average", AVERAGE(Instances!N8:Instances!N8),"median", MEDIAN(Instances!N8:Instances!N8),"min", MIN(Instances!N8:Instances!N8),"max", MAX(Instances!N8:Instances!N8),"diff", MAX(Instances!N8:Instances!N8)-MIN(Instances!N8:Instances!N8))} -> 0 | P8: {=_xlfn.SWITCH($A$2,"average", AVERAGE(Instances!P8:Instances!P8),"median", MEDIAN(Instances!P8:Instances!P8),"min", MIN(Instances!P8:Instances!P8),"max", MAX(Instances!P8:Instances!P8),"diff", MAX(Instances!P8:Instances!P8)-MIN(Instances!P8:Instances!P8))} -> 0 | AP8: =MIN($B8,$D8,$F8,$H8,$J8,$L8,$N8,$P8,$R8,$T8,$V8,$X8,$Z8,$AB8,$AD8,$AF8,$AH8,$AJ8,$AL8,$AN8) -> 0 | AQ8: =MEDIAN($B8,$D8,$F8,$H8,$J8,$L8,$N8,$P8,$R8,$T8,$V8,$X8,$Z8,$AB8,$AD8,$AF8,$AH8,$AJ8,$AL8,$AN8) -> 0 | AR8: =MAX($B8,$D8,$F8,$H8,$J8,$L8,$N8,$P8,$R8,$T8,$V8,$X8,$Z8,$AB8,$AD8,$AF8,$AH8,$AJ8,$AL8,$AN8) -> 0
A10: SUM | B10: =SUM(B$3:B$8) -> 0 | D10: =SUM(D$3:D$8) -> 0 | F10: =SUM(F$3:F$8) -> 0 | H10: =SUM(H$3:H$8) -> 0 | J10: =SUM(J$3:J$8) -> 0 | L10: =SUM(L$3:L$8) -> 0 | N10: =SUM(N$3:N$8) -> 0 | P10: =SUM(P$3:P$8) -> 0 | R10: =SUM(R$3:R$8) -> 0 | T10: =SUM(T$3:T$8) -> 0 | V10: =SUM(V$3:V$8) -> 0 | X10: =SUM(X$3:X$8) -> 0 | Z10: =SUM(Z$3:Z$8) -> 0 | AB10: =SUM(AB$3:AB$8) -> 0 | AD10: =SUM(AD$3:AD$8) -> 0 | AF10: =SUM(AF$3:AF$8) -> 0 | AH10: =SUM(AH$3:AH$8) -> 0 | AJ10: =SUM(AJ$3:AJ$8) -> 0 | AL10: =SUM(AL$3:AL$8) -> 0 | AN10: =SUM(AN$3:AN$8) -> 0 | AP10: =SUM(AP$3:AP$8) -> 0 | AQ10: =SUM(AQ$3:AQ$8) -> 0 | AR10: =SUM(AR$3:AR$8) -> 0
A11: AVG | B11: =AVERAGE(B$3:B$8) -> 0 | D11: =AVERAGE(D$3:D$8) -> 0 | F11: =AVERAGE(F$3:F$8) -> 0 | H11: =AVERAGE(H$3:H$8) -> 0 | J11: =AVERAGE(J$3:J$8) -> 0 | L11: =AVERAGE(L$3:L$8) -> 0 | N11: =AVERAGE(N$3:N$8) -> 0 | P11: =AVERAGE(P$3:P$8) -> 0 | R11: =AVERAGE(R$3:R$8) -> 0 | T11: =AVERAGE(T$3:T$8) -> 0 | V11: =AVERAGE(V$3:V$8) -> 0 | X11: =AVERAGE(X$3:X$8) -> 0 | Z11: =AVERAGE(Z$3:Z$8) -> 0 | AB11: =AVERAGE(AB$3:AB$8) -> 0 | AD11: =AVERAGE(AD$3:AD$8) -> 0 | AF11: =AVERAGE(AF$3:AF$8) -> 0 | AH11: =AVERAGE(AH$3:AH$8) -> 0 | AJ11: =AVERAGE(AJ$3:AJ$8) -> 0 | AL11: =AVERAGE(AL$3:AL$8) -> 0 | AN11: =AVERAGE(AN$3:AN$8) -> 0 | AP11: =AVERAGE(AP$3:AP$8) -> 0 | AQ11: =AVERAGE(AQ$3:AQ$8) -> 0 | AR11: =AVERAGE(AR$3:AR$8) -> 0
A12: DEV | B12: =STDEV(B$3:B$8) -> 0 | D12: =STDEV(D$3:D$8) -> 0 | F12: =STDEV(F$3:F$8) -> 0 | H12: =STDEV(H$3:H$8) -> 0 | J12: =STDEV(J$3:J$8) -> 0 | L12: =STDEV(L$3:L$8) -> 0 | N12: =STDEV(N$3:N$8) -> 0 | P12: =STDEV(P$3:P$8) -> 0 | R12: =STDEV(R$3:R$8) -> 0 | T12: =STDEV(T$3:T$8) -> 0 | V12: =STDEV(V$3:V$8) -> 0 | X12: =STDEV(X$3:X$8) -> 0 | Z12: =STDEV(Z$3:Z$8) -> 0 | AB12: =STDEV(AB$3:AB$8) -> 0 | AD12: =STDEV(AD$3:AD$8) -> 0 | AF12: =STDEV(AF$3:AF$8) -> 0 | AH12: =STDEV(AH$3:AH$8) -> 0 | AJ12: =STDEV(AJ$3:AJ$8) -> 0 | AL12: =STDEV(AL$3:AL$8) -> 0 | AN12: =STDEV(AN$3:AN$8) -> 0 | AP12: =STDEV(AP$3:AP$8) -> 0 | AQ12: =STDEV(AQ$3:AQ$8) -> 0 | AR12: =STDEV(AR$3:AR$8) -> 0
A13: DST | B13: =SUMPRODUCT(--(B$3:B$8-$AP$3:$AP$8)^2)^0.5 -> 0 | D13: =SUMPRODUCT(--(D$3:D$8-$AP$3:$AP$8)^2)^0.5 -> 0 | F13: =SUMPRODUCT(--(F$3:F$8-$AP$3:$AP$8)^2)^0.5 -> 0 | H13: =SUMPRODUCT(--(H$3:H$8-$AP$3:$AP$8)^2)^0.5 -> 0 | J13: =SUMPRODUCT(--(J$3:J$8-$AP$3:$AP$8)^2)^0.5 -> 0 | L13: =SUMPRODUCT(--(L$3:L$8-$AP$3:$AP$8)^2)^0.5 -> 0 | N13: =SUMPRODUCT(--(N$3:N$8-$AP$3:$AP$8)^2)^0.5 -> 0 | P13: =SUMPRODUCT(--(P$3:P$8-$AP$3:$AP$8)^2)^0.5 -> 0 | R13: =SUMPRODUCT(--(R$3:R$8-$AP$3:$AP$8)^2)^0.5 -> 0 | T13: =SUMPRODUCT(--(T$3:T$8-$AP$3:$AP$8)^2)^0.5 -> 0 | V13: =SUMPRODUCT(--(V$3:V$8-$AP$3:$AP$8)^2)^0.5 -> 0 | X13: =SUMPRODUCT(--(X$3:X$8-$AP$3:$AP$8)^2)^0.5 -> 0 | Z13: =SUMPRODUCT(--(Z$3:Z$8-$AP$3:$AP$8)^2)^0.5 -> 0 | AB13: =SUMPRODUCT(--(AB$3:AB$8-$AP$3:$AP$8)^2)^0.5 -> 0 | AD13: =SUMPRODUCT(--(AD$3:AD$8-$AP$3:$AP$8)^2)^0.5 -> 0 | AF13: =SUMPRODUCT(--(AF$3:AF$8-$AP$3:$AP$8)^2)^0.5 -> 0 | AH13: =SUMPRODUCT(--(AH$3:AH$8-$AP$3:$AP$8)^2)^0.5 -> 0 | AJ13: =SUMPRODUCT(--(AJ$3:AJ$8-$AP$3:$AP$8)^2)^0.5 -> 0 | AL13: =SUMPRODUCT(--(AL$3:AL$8-$AP$3:$AP$8)^2)^0.5 -> 0 | AN13: =SUMPRODUCT(--(AN$3:AN$8-$AP$3:$AP$8)^2)^0.5 -> 0
A14: BEST | B14: =SUMPRODUCT(NOT(ISBLANK(B$3:B$8))*(B$3:B$8=$AP$3:$AP$8)) -> 0 | D14: =SUMPRODUCT(NOT(ISBLANK(D$3:D$8))*(D$3:D$8=$AP$3:$AP$8)) -> 0 | F14: =SUMPRODUCT(NOT(ISBLANK(F$3:F$8))*(F$3:F$8=$AP$3:$AP$8)) -> 0 | H14: =SUMPRODUCT(NOT(ISBLANK(H$3:H$8))*(H$3:H$8=$AP$3:$AP$8)) -> 0 | J14: =SUMPRODUCT(NOT(ISBLANK(J$3:J$8))*(J$3:J$8=$AP$3:$AP$8)) -> 0 | L14: =SUMPRODUCT(NOT(ISBLANK(L$3:L$8))*(L$3:L$8=$AP$3:$AP$8)) -> 0 | N14: =SUMPRODUCT(NOT(ISBLANK(N$3:N$8))*(N$3:N$8=$AP$3:$AP$8)) -> 0 | P14: =SUMPRODUCT(NOT(ISBLANK(P$3:P$8))*(P$3:P$8=$AP$3:$AP$8)) -> 0 | R14: =SUMPRODUCT(NOT(ISBLANK(R$3:R$8))*(R$3:R$8=$AP$3:$AP$8)) -> 0 | T14: =SUMPRODUCT(NOT(ISBLANK(T$3:T$8))*(T$3:T$8=$AP$3:$AP$8)) -> 0 | V14: =SUMPRODUCT(NOT(ISBLANK(V$3:V$8))*(V$3:V$8=$AP$3:$AP$8)) -> 0 | X14: =SUMPRODUCT(NOT(ISBLANK(X$3:X$8))*(X$3:X$8=$AP$3:$AP$8)) -> 0 | Z14: =SUMPRODUCT(NOT(ISBLANK(Z$3:Z$8))*(Z$3:Z$8=$AP$3:$AP$8)) -> 0 | AB14: =SUMPRODUCT(NOT(ISBLANK(AB$3:AB$8))*(AB$3:AB$8=$AP$3:$AP$8)) -> 0 | AD14: =SUMPRODUCT(NOT(ISBLANK(AD$3:AD$8))*(AD$3:AD$8=$AP$3:$AP$8)) -> 0 | AF14: =SUMPRODUCT(NOT(ISBLANK(AF$3:AF$8))*(AF$3:AF$8=$AP$3:$AP$8)) -> 0 | AH14: =SUMPRODUCT(NOT(ISBLANK(AH$3:AH$8))*(AH$3:AH$8=$AP$3:$AP$8)) -> 0 | AJ14: =SUMPRODUCT(NOT(ISBLANK(AJ$3:AJ$8))*(AJ$3:AJ$8=$AP$3:$AP$8)) -> 0 | AL14: =SUMPRODUCT(NOT(ISBLANK(AL$3:AL$8))*(AL$3:AL$8=$AP$3:$AP$8)) -> 0 | AN14: =SUMPRODUCT(NOT(ISBLANK(AN$3:AN$8))*(AN$3:AN$8=$AP$3:$AP$8)) -> 0
A15: BETTER | B15: =SUMPRODUCT(NOT(ISBLANK(B$3:B$8))*(B$3:B$8<$AQ$3:$AQ$8)) -> 0 | D15: =SUMPRODUCT(NOT(ISBLANK(D$3:D$8))*(D$3:D$8<$AQ$3:$AQ$8)) -> 0 | F15: =SUMPRODUCT(NOT(ISBLANK(F$3:F$8))*(F$3:F$8<$AQ$3:$AQ$8)) -> 0 | H15: =SUMPRODUCT(NOT(ISBLANK(H$3:H$8))*(H$3:H$8<$AQ$3:$AQ$8)) -> 0 | J15: =SUMPRODUCT(NOT(ISBLANK(J$3:J$8))*(J$3:J$8<$AQ$3:$AQ$8)) -> 0 | L15: =SUMPRODUCT(NOT(ISBLANK(L$3:L$8))*(L$3:L$8<$AQ$3:$AQ$8)) -> 0 | N15: =SUMPRODUCT(NOT(ISBLANK(N$3:N$8))*(N$3:N$8<$AQ$3:$AQ$8)) -> 0 | P15: =SUMPRODUCT(NOT(ISBLANK(P$3:P$8))*(P$3:P$8<$AQ$3:$AQ$8)) -> 0 | R15: =SUMPRODUCT(NOT(ISBLANK(R$3:R$8))*(R$3:R$8<$AQ$3:$AQ$8)) -> 0 | T15: =SUMPRODUCT(NOT(ISBLANK(T$3:T$8))*(T$3:T$8<$AQ$3:$AQ$8)) -> 0 | V15: =SUMPRODUCT(NOT(ISBLANK(V$3:V$8))*(V$3:V$8<$AQ$3:$AQ$8)) -> 0 | X15: =SUMPRODUCT(NOT(ISBLANK(X$3:X$8))*(X$3:X$8<$AQ$3:$AQ$8)) -> 0 | Z15: =SUMPRODUCT(NOT(ISBLANK(Z$3:Z$8))*(Z$3:Z$8<$AQ$3:$AQ$8)) -> 0 | AB15: =SUMPRODUCT(NOT(ISBLANK(AB$3:AB$8))*(AB$3:AB$8<$AQ$3:$AQ$8)) -> 0 | AD15: =SUMPRODUCT(NOT(ISBLANK(AD$3:AD$8))*(AD$3:AD$8<$AQ$3:$AQ$8)) -> 0 | AF15: =SUMPRODUCT(NOT(ISBLANK(AF$3:AF$8))*(AF$3:AF$8<$AQ$3:$AQ$8)) -> 0 | AH15: =SUMPRODUCT(NOT(ISBLANK(AH$3:AH$8))*(AH$3:AH$8<$AQ$3:$AQ$8)) -> 0 | AJ15: =SUMPRODUCT(NOT(ISBLANK(AJ$3:AJ$8))*(AJ$3:AJ$8<$AQ$3:$AQ$8)) -> 0 | AL15: =SUMPRODUCT(NOT(ISBLANK(AL$3:AL$8))*(AL$3:AL$8<$AQ$3:$AQ$8)) -> 0 | AN15: =SUMPRODUCT(NOT(ISBLANK(AN$3:AN$8))*(AN$3:AN$8<$AQ$3:$AQ$8)) -> 0
A16: WORSE | B16: =SUMPRODUCT((NOT(ISBLANK(B$3:B$8))*(B$3:B$8>$AQ$3:$AQ$8))+ISBLANK(B$3:B$8)) -> 0 | D16: =SUMPRODUCT((NOT(ISBLANK(D$3:D$8))*(D$3:D$8>$AQ$3:$AQ$8))+ISBLANK(D$3:D$8)) -> 0 | F16: =SUMPRODUCT((NOT(ISBLANK(F$3:F$8))*(F$3:F$8>$AQ$3:$AQ$8))+ISBLANK(F$3:F$8)) -> 0 | H16: =SUMPRODUCT((NOT(ISBLANK(H$3:H$8))*(H$3:H$8>$AQ$3:$AQ$8))+ISBLANK(H$3:H$8)) -> 0 | J16: =SUMPRODUCT((NOT(ISBLANK(J$3:J$8))*(J$3:J$8>$AQ$3:$AQ$8))+ISBLANK(J$3:J$8)) -> 0 | L16: =SUMPRODUCT((NOT(ISBLANK(L$3:L$8))*(L$3:L$8>$AQ$3:$AQ$8))+ISBLANK(L$3:L$8)) -> 0 | N16: =SUMPRODUCT((NOT(ISBLANK(N$3:N$8))*(N$3:N$8>$AQ$3:$AQ$8))+ISBLANK(N$3:N$8)) -> 0 | P16: =SUMPRODUCT((NOT(ISBLANK(P$3:P$8))*(P$3:P$8>$AQ$3:$AQ$8))+ISBLANK(P$3:P$8)) -> 0 | R16: =SUMPRODUCT((NOT(ISBLANK(R$3:R$8))*(R$3:R$8>$AQ$3:$AQ$8))+ISBLANK(R$3:R$8)) -> 0 | T16: =SUMPRODUCT((NOT(ISBLANK(T$3:T$8))*(T$3:T$8>$AQ$3:$AQ$8))+ISBLANK(T$3:T$8)) -> 0 | V16: =SUMPRODUCT((NOT(ISBLANK(V$3:V$8))*(V$3:V$8>$AQ$3:$AQ$8))+ISBLANK(V$3:V$8)) -> 0 | X16: =SUMPRODUCT((NOT(ISBLANK(X$3:X$8))*(X$3:X$8>$AQ$3:$AQ$8))+ISBLANK(X$3:X$8)) -> 0 | Z16: =SUMPRODUCT((NOT(ISBLANK(Z$3:Z$8))*(Z$3:Z$8>$AQ$3:$AQ$8))+ISBLANK(Z$3:Z$8)) -> 0 | AB16: =SUMPRODUCT((NOT(ISBLANK(AB$3:AB$8))*(AB$3:AB$8>$AQ$3:$AQ$8))+ISBLANK(AB$3:AB$8)) -> 0 | AD16: =SUMPRODUCT((NOT(ISBLANK(AD$3:AD$8))*(AD$3:AD$8>$AQ$3:$AQ$8))+ISBLANK(AD$3:AD$8)) -> 0 | AF16: =SUMPRODUCT((NOT(ISBLANK(AF$3:AF$8))*(AF$3:AF$8>$AQ$3:$AQ$8))+ISBLANK(AF$3:AF$8)) -> 0 | AH16: =SUMPRODUCT((NOT(ISBLANK(AH$3:AH$8))*(AH$3:AH$8>$AQ$3:$AQ$8))+ISBLANK(AH$3:AH$8)) -> 0 | AJ16: =SUMPRODUCT((NOT(ISBLANK(AJ$3:AJ$8))*(AJ$3:AJ$8>$AQ$3:$AQ$8))+ISBLANK(AJ$3:AJ$8)) -> 0 | AL16: =SUMPRODUCT((NOT(ISBLANK(AL$3:AL$8))*(AL$3:AL$8>$AQ$3:$AQ$8))+ISBLANK(AL$3:AL$8)) -> 0 | AN16: =SUMPRODUCT((NOT(ISBLANK(AN$3:AN$8))*(AN$3:AN$8>$AQ$3:$AQ$8))+ISBLANK(AN$3:AN$8)) -> 0
A17: WORST | B17: =SUMPRODUCT((NOT(ISBLANK(B$3:B$8))*(B$3:B$8=$AR$3:$AR$8))+ISBLANK(B$3:B$8)) -> 0 | D17: =SUMPRODUCT((NOT(ISBLANK(D$3:D$8))*(D$3:D$8=$AR$3:$AR$8))+ISBLANK(D$3:D$8)) -> 0 | F17: =SUMPRODUCT((NOT(ISBLANK(F$3:F$8))*(F$3:F$8=$AR$3:$AR$8))+ISBLANK(F$3:F$8)) -> 0 | H17: =SUMPRODUCT((NOT(ISBLANK(H$3:H$8))*(H$3:H$8=$AR$3:$AR$8))+ISBLANK(H$3:H$8)) -> 0 | J17: =SUMPRODUCT((NOT(ISBLANK(J$3:J$8))*(J$3:J$8=$AR$3:$AR$8))+ISBLANK(J$3:J$8)) -> 0 | L17: =SUMPRODUCT((NOT(ISBLANK(L$3:L$8))*(L$3:L$8=$AR$3:$AR$8))+ISBLANK(L$3:L$8)) -> 0 | N17: =SUMPRODUCT((NOT(ISBLANK(N$3:N$8))*(N$3:N$8=$AR$3:$AR$8))+ISBLANK(N$3:N$8)) -> 0 | P17: =SUMPRODUCT((NOT(ISBLANK(P$3:P$8))*(P$3:P$8=$AR$3:$AR$8))+ISBLANK(P$3:P$8)) -> 0 | R17: =SUMPRODUCT((NOT(ISBLANK(R$3:R$8))*(R$3:R$8=$AR$3:$AR$8))+ISBLANK(R$3:R$8)) -> 0 | T17: =SUMPRODUCT((NOT(ISBLANK(T$3:T$8))*(T$3:T$8=$AR$3:$AR$8))+ISBLANK(T$3:T$8)) -> 0 | V17: =SUMPRODUCT((NOT(ISBLANK(V$3:V$8))*(V$3:V$8=$AR$3:$AR$8))+ISBLANK(V$3:V$8)) -> 0 | X17: =SUMPRODUCT((NOT(ISBLANK(X$3:X$8))*(X$3:X$8=$AR$3:$AR$8))+ISBLANK(X$3:X$8)) -> 0 | Z17: =SUMPRODUCT((NOT(ISBLANK(Z$3:Z$8))*(Z$3:Z$8=$AR$3:$AR$8))+ISBLANK(Z$3:Z$8)) -> 0 | AB17: =SUMPRODUCT((NOT(ISBLANK(AB$3:AB$8))*(AB$3:AB$8=$AR$3:$AR$8))+ISBLANK(AB$3:AB$8)) -> 0 | AD17: =SUMPRODUCT((NOT(ISBLANK(AD$3:AD$8))*(AD$3:AD$8=$AR$3:$AR$8))+ISBLANK(AD$3:AD$8)) -> 0 | AF17: =SUMPRODUCT((NOT(ISBLANK(AF$3:AF$8))*(AF$3:AF$8=$AR$3:$AR$8))+ISBLANK(AF$3:AF$8)) -> 0 | AH17: =SUMPRODUCT((NOT(ISBLANK(AH$3:AH$8))*(AH$3:AH$8=$AR$3:$AR$8))+ISBLANK(AH$3:AH$8)) -> 0 | AJ17: =SUMPRODUCT((NOT(ISBLANK(AJ$3:AJ$8))*(AJ$3:AJ$8=$AR$3:$AR$8))+ISBLANK(AJ$3:AJ$8)) -> 0 | AL17: =SUMPRODUCT((NOT(ISBLANK(AL$3:AL$8))*(AL$3:AL$8=$AR$3:$AR$8))+ISBLANK(AL$3:AL$8)) -> 0 | AN17: =SUMPRODUCT((NOT(ISBLANK(AN$3:AN$8))*(AN$3:AN$8=$AR$3:$AR$8))+ISBLANK(AN$3:AN$8)) -> 0

Sheet Classes
B1: memelingo-1/lambda-large_30_mlp-tplp-htc | D1: memelingo-1/lambda-large_30_mlp-tplp-htcdl | F1: memelingo-1/lambda-large_40_mlp-tplp-htc | H1: memelingo-1/lambda-large_40_mlp-tplp-htcdl | J1: memelingo-1/lambda-large_50_mlp-tplp-htc | L1: memelingo-1/lambda-large_50_mlp-tplp-htcdl | N1: memelingo-1/lambda-large_60_mlp-tplp-htc | P1: memelingo-1/lambda-large_60_mlp-tplp-htcdl | R1: memelingo-1/lambda-small_10_mlp-tplp-ht | T1: memelingo-1/lambda-small_10_mlp-tplp-htc | V1: memelingo-1/lambda-small_10_mlp-tplp-htcdl | X1: memelingo-1/lambda-small_13_mlp-tplp-ht | Z1: memelingo-1/lambda-small_13_mlp-tplp-htc | AB1: memelingo-1/lambda-small_13_mlp-tplp-htcdl | AD1: memelingo-1/lambda-small_15_mlp-tplp-ht | AF1: memelingo-1/lambda-small_15_mlp-tplp-htc | AH1: memelingo-1/lambda-small_15_mlp-tplp-htcdl | AJ1: memelingo-1/lambda-small_20_mlp-tplp-ht | AL1: memelingo-1/lambda-small_20_mlp-tplp-htc | AN1: memelingo-1/lambda-small_20_mlp-tplp-htcdl | AP1: min | AQ1: median | AR1: max
B2: time | C2: status | D2: time | E2: status | F2: time | G2: status | H2: time | I2: status | J2: time | K2: status | L2: time | M2: status | N2: time | O2: status | P2: time | Q2: status | R2: time | S2: status | T2: time | U2: status | V2: time | W2: status | X2: time | Y2: status | Z2: time | AA2: status | AB2: time | AC2: status | AD2: time | AE2: status | AF2: time | AG2: status | AH2: time | AI2: status | AJ2: time | AK2: status | AL2: time | AM2: status | AN2: time | AO2: status | AP2: time | AQ2: time | AR2: time
A3: instances | R3: =AVERAGE(Instances!R3:Instances!R3) -> 0 | T3: =AVERAGE(Instances!T3:Instances!T3) -> 0 | V3: =AVERAGE(Instances!V3:Instances!V3) -> 0 | X3: =AVERAGE(Instances!X3:Instances!X3) -> 0 | Z3: =AVERAGE(Instances!Z3:Instances!Z3) -> 0 | AB3: =AVERAGE(Instances!AB3:Instances!AB3) -> 0 | AD3: =AVERAGE(Instances!AD3:Instances!AD3) -> 0 | AF3: =AVERAGE(Instances!AF3:Instances!AF3) -> 0 | AH3: =AVERAGE(Instances!AH3:Instances!AH3) -> 0 | AJ3: =AVERAGE(Instances!AJ3:Instances!AJ3) -> 0 | AL3: =AVERAGE(Instances!AL3:Instances!AL3) -> 0 | AN3: =AVERAGE(Instances!AN3:Instances!AN3) -> 0 | AP3: =MIN($B3,$D3,$F3,$H3,$J3,$L3,$N3,$P3,$R3,$T3,$V3,$X3,$Z3,$AB3,$AD3,$AF3,$AH3,$AJ3,$AL3,$AN3) -> 0 | AQ3: =MEDIAN($B3,$D3,$F3,$H3,$J3,$L3,$N3,$P3,$R3,$T3,$V3,$X3,$Z3,$AB3,$AD3,$AF3,$AH3,$AJ3,$AL3,$AN3) -> 0 | AR3: =MAX($B3,$D3,$F3,$H3,$J3,$L3,$N3,$P3,$R3,$T3,$V3,$X3,$Z3,$AB3,$AD3,$AF3,$AH3,$AJ3,$AL3,$AN3) -> 0
A4: instances | B4: =AVERAGE(Instances!B4:Instances!B8) -> 0 | D4: =AVERAGE(Instances!D4:Instances!D8) -> 0 | F4: =AVERAGE(Instances!F4:Instances!F8) -> 0 | H4: =AVERAGE(Instances!H4:Instances!H8) -> 0 | J4: =AVERAGE(Instances!J4:Instances!J8) -> 0 | L4: =AVERAGE(Instances!L4:Instances!L8) -> 0 | N4: =AVERAGE(Instances!N4:Instances!N8) -> 0 | P4: =AVERAGE(Instances!P4:Instances!P8) -> 0 | AP4: =MIN($B4,$D4,$F4,$H4,$J4,$L4,$N4,$P4,$R4,$T4,$V4,$X4,$Z4,$AB4,$AD4,$AF4,$AH4,$AJ4,$AL4,$AN4) -> 0 | AQ4: =MEDIAN($B4,$D4,$F4,$H4,$J4,$L4,$N4,$P4,$R4,$T4,$V4,$X4,$Z4,$AB4,$AD4,$AF4,$AH4,$AJ4,$AL4,$AN4) -> 0 | AR4: =MAX($B4,$D4,$F4,$H4,$J4,$L4,$N4,$P4,$R4,$T4,$V4,$X4,$Z4,$AB4,$AD4,$AF4,$AH4,$AJ4,$AL4,$AN4) -> 0
A6: SUM | B6: =SUM(B$3:B$4) -> 0 | D6: =SUM(D$3:D$4) -> 0 | F6: =SUM(F$3:F$4) -> 0 | H6: =SUM(H$3:H$4) -> 0 | J6: =SUM(J$3:J$4) -> 0 | L6: =SUM(L$3:L$4) -> 0 | N6: =SUM(N$3:N$4) -> 0 | P6: =SUM(P$3:P$4) -> 0 | R6: =SUM(R$3:R$4) -> 0 | T6: =SUM(T$3:T$4) -> 0 | V6: =SUM(V$3:V$4) -> 0 | X6: =SUM(X$3:X$4) -> 0 | Z6: =SUM(Z$3:Z$4) -> 0 | AB6: =SUM(AB$3:AB$4) -> 0 | AD6: =SUM(AD$3:AD$4) -> 0 | AF6: =SUM(AF$3:AF$4) -> 0 | AH6: =SUM(AH$3:AH$4) -> 0 | AJ6: =SUM(AJ$3:AJ$4) -> 0 | AL6: =SUM(AL$3:AL$4) -> 0 | AN6: =SUM(AN$3:AN$4) -> 0 | AP6: =SUM(AP$3:AP$4) -> 0 | AQ6: =SUM(AQ$3:AQ$4) -> 0 | AR6: =SUM(AR$3:AR$4) -> 0
A7: AVG | B7: =AVERAGE(B$3:B$4) -> 0 | D7: =AVERAGE(D$3:D$4) -> 0 | F7: =AVERAGE(F$3:F$4) -> 0 | H7: =AVERAGE(H$3:H$4) -> 0 | J7: =AVERAGE(J$3:J$4) -> 0 | L7: =AVERAGE(L$3:L$4) -> 0 | N7: =AVERAGE(N$3:N$4) -> 0 | P7: =AVERAGE(P$3:P$4) -> 0 | R7: =AVERAGE(R$3:R$4) -> 0 | T7: =AVERAGE(T$3:T$4) -> 0 | V7: =AVERAGE(V$3:V$4) -> 0 | X7: =AVERAGE(X$3:X$4) -> 0 | Z7: =AVERAGE(Z$3:Z$4) -> 0 | AB7: =AVERAGE(AB$3:AB$4) -> 0 | AD7: =AVERAGE(AD$3:AD$4) -> 0 | AF7: =AVERAGE(AF$3:AF$4) -> 0 | AH7: =AVERAGE(AH$3:AH$4) -> 0 | AJ7: =AVERAGE(AJ$3:AJ$4) -> 0 | AL7: =AVERAGE(AL$3:AL$4) -> 0 | AN7: =AVERAGE(AN$3:AN$4) -> 0 | AP7: =AVERAGE(AP$3:AP$4) -> 0 | AQ7: =AVERAGE(AQ$3:AQ$4) -> 0 | AR7: =AVERAGE(AR$3:AR$4) -> 0
A8: DEV | B8: =STDEV(B$3:B$4) -> 0 | D8: =STDEV(D$3:D$4) -> 0 | F8: =STDEV(F$3:F$4) -> 0 | H8: =STDEV(H$3:H$4) -> 0 | J8: =STDEV(J$3:J$4) -> 0 | L8: =STDEV(L$3:L$4) -> 0 | N8: =STDEV(N$3:N$4) -> 0 | P8: =STDEV(P$3:P$4) -> 0 | R8: =STDEV(R$3:R$4) -> 0 | T8: =STDEV(T$3:T$4) -> 0 | V8: =STDEV(V$3:V$4) -> 0 | X8: =STDEV(X$3:X$4) -> 0 | Z8: =STDEV(Z$3:Z$4) -> 0 | AB8: =STDEV(AB$3:AB$4) -> 0 | AD8: =STDEV(AD$3:AD$4) -> 0 | AF8: =STDEV(AF$3:AF$4) -> 0 | AH8: =STDEV(AH$3:AH$4) -> 0 | AJ8: =STDEV(AJ$3:AJ$4) -> 0 | AL8: =STDEV(AL$3:AL$4) -> 0 | AN8: =STDEV(AN$3:AN$4) -> 0 | AP8: =STDEV(AP$3:AP$4) -> 0 | AQ8: =STDEV(AQ$3:AQ$4) -> 0 | AR8: =STDEV(AR$3:AR$4) -> 0
A9: DST | B9: =SUMPRODUCT(--(B$3:B$4-$AP$3:$AP$4)^2)^0.5 -> 0 | D9: =SUMPRODUCT(--(D$3:D$4-$AP$3:$AP$4)^2)^0.5 -> 0 | F9: =SUMPRODUCT(--(F$3:F$4-$AP$3:$AP$4)^2)^0.5 -> 0 | H9: =SUMPRODUCT(--(H$3:H$4-$AP$3:$AP$4)^2)^0.5 -> 0 | J9: =SUMPRODUCT(--(J$3:J$4-$AP$3:$AP$4)^2)^0.5 -> 0 | L9: =SUMPRODUCT(--(L$3:L$4-$AP$3:$AP$4)^2)^0.5 -> 0 | N9: =SUMPRODUCT(--(N$3:N$4-$AP$3:$AP$4)^2)^0.5 -> 0 | P9: =SUMPRODUCT(--(P$3:P$4-$AP$3:$AP$4)^2)^0.5 -> 0 | R9: =SUMPRODUCT(--(R$3:R$4-$AP$3:$AP$4)^2)^0.5 -> 0 | T9: =SUMPRODUCT(--(T$3:T$4-$AP$3:$AP$4)^2)^0.5 -> 0 | V9: =SUMPRODUCT(--(V$3:V$4-$AP$3:$AP$4)^2)^0.5 -> 0 | X9: =SUMPRODUCT(--(X$3:X$4-$AP$3:$AP$4)^2)^0.5 -> 0 | Z9: =SUMPRODUCT(--(Z$3:Z$4-$AP$3:$AP$4)^2)^0.5 -> 0 | AB9: =SUMPRODUCT(--(AB$3:AB$4-$AP$3:$AP$4)^2)^0.5 -> 0 | AD9: =SUMPRODUCT(--(AD$3:AD$4-$AP$3:$AP$4)^2)^0.5 -> 0 | AF9: =SUMPRODUCT(--(AF$3:AF$4-$AP$3:$AP$4)^2)^0.5 -> 0 | AH9: =SUMPRODUCT(--(AH$3:AH$4-$AP$3:$AP$4)^2)^0.5 -> 0 | AJ9: =SUMPRODUCT(--(AJ$3:AJ$4-$AP$3:$AP$4)^2)^0.5 -> 0 | AL9: =SUMPRODUCT(--(AL$3:AL$4-$AP$3:$AP$4)^2)^0.5 -> 0 | AN9: =SUMPRODUCT(--(AN$3:AN$4-$AP$3:$AP$4)^2)^0.5 -> 0
A10: BEST | B10: =SUMPRODUCT(NOT(ISBLANK(B$3:B$4))*(B$3:B$4=$AP$3:$AP$4)) -> 0 | D10: =SUMPRODUCT(NOT(ISBLANK(D$3:D$4))*(D$3:D$4=$AP$3:$AP$4)) -> 0 | F10: =SUMPRODUCT(NOT(ISBLANK(F$3:F$4))*(F$3:F$4=$AP$3:$AP$4)) -> 0 | H10: =SUMPRODUCT(NOT(ISBLANK(H$3:H$4))*(H$3:H$4=$AP$3:$AP$4)) -> 0 | J10: =SUMPRODUCT(NOT(ISBLANK(J$3:J$4))*(J$3:J$4=$AP$3:$AP$4)) -> 0 | L10: =SUMPRODUCT(NOT(ISBLANK(L$3:L$4))*(L$3:L$4=$AP$3:$AP$4)) -> 0 | N10: =SUMPRODUCT(NOT(ISBLANK(N$3:N$4))*(N$3:N$4=$AP$3:$AP$4)) -> 0 | P10: =SUMPRODUCT(NOT(ISBLANK(P$3:P$4))*(P$3:P$4=$AP$3:$AP$4)) -> 0 | R10: =SUMPRODUCT(NOT(ISBLANK(R$3:R$4))*(R$3:R$4=$AP$3:$AP$4)) -> 0 | T10: =SUMPRODUCT(NOT(ISBLANK(T$3:T$4))*(T$3:T$4=$AP$3:$AP$4)) -> 0 | V10: =SUMPRODUCT(NOT(ISBLANK(V$3:V$4))*(V$3:V$4=$AP$3:$AP$4)) -> 0 | X10: =SUMPRODUCT(NOT(ISBLANK(X$3:X$4))*(X$3:X$4=$AP$3:$AP$4)) -> 0 | Z10: =SUMPRODUCT(NOT(ISBLANK(Z$3:Z$4))*(Z$3:Z$4=$AP$3:$AP$4)) -> 0 | AB10: =SUMPRODUCT(NOT(ISBLANK(AB$3:AB$4))*(AB$3:AB$4=$AP$3:$AP$4)) -> 0 | AD10: =SUMPRODUCT(NOT(ISBLANK(AD$3:AD$4))*(AD$3:AD$4=$AP$3:$AP$4)) -> 0 | AF10: =SUMPRODUCT(NOT(ISBLANK(AF$3:AF$4))*(AF$3:AF$4=$AP$3:$AP$4)) -> 0 | AH10: =SUMPRODUCT(NOT(ISBLANK(AH$3:AH$4))*(AH$3:AH$4=$AP$3:$AP$4)) -> 0 | AJ10: =SUMPRODUCT(NOT(ISBLANK(AJ$3:AJ$4))*(AJ$3:AJ$4=$AP$3:$AP$4)) -> 0 | AL10: =SUMPRODUCT(NOT(ISBLANK(AL$3:AL$4))*(AL$3:AL$4=$AP$3:$AP$4)) -> 0 | AN10: =SUMPRODUCT(NOT(ISBLANK(AN$3:AN$4))*(AN$3:AN$4=$AP$3:$AP$4)) -> 0
A11: BETTER | B11: =SUMPRODUCT(NOT(ISBLANK(B$3:B$4))*(B$3:B$4<$AQ$3:$AQ$4)) -> 0 | D11: =SUMPRODUCT(NOT(ISBLANK(D$3:D$4))*(D$3:D$4<$AQ$3:$AQ$4)) -> 0 | F11: =SUMPRODUCT(NOT(ISBLANK(F$3:F$4))*(F$3:F$4<$AQ$3:$AQ$4)) -> 0 | H11: =SUMPRODUCT(NOT(ISBLANK(H$3:H$4))*(H$3:H$4<$AQ$3:$AQ$4)) -> 0 | J11: =SUMPRODUCT(NOT(ISBLANK(J$3:J$4))*(J$3:J$4<$AQ$3:$AQ$4)) -> 0 | L11: =SUMPRODUCT(NOT(ISBLANK(L$3:L$4))*(L$3:L$4<$AQ$3:$AQ$4)) -> 0 | N11: =SUMPRODUCT(NOT(ISBLANK(N$3:N$4))*(N$3:N$4<$AQ$3:$AQ$4)) -> 0 | P11: =SUMPRODUCT(NOT(ISBLANK(P$3:P$4))*(P$3:P$4<$AQ$3:$AQ$4)) -> 0 | R11: =SUMPRODUCT(NOT(ISBLANK(R$3:R$4))*(R$3:R$4<$AQ$3:$AQ$4)) -> 0 | T11: =SUMPRODUCT(NOT(ISBLANK(T$3:T$4))*(T$3:T$4<$AQ$3:$AQ$4)) -> 0 | V11: =SUMPRODUCT(NOT(ISBLANK(V$3:V$4))*(V$3:V$4<$AQ$3:$AQ$4)) -> 0 | X11: =SUMPRODUCT(NOT(ISBLANK(X$3:X$4))*(X$3:X$4<$AQ$3:$AQ$4)) -> 0 | Z11: =SUMPRODUCT(NOT(ISBLANK(Z$3:Z$4))*(Z$3:Z$4<$AQ$3:$AQ$4)) -> 0 | AB11: =SUMPRODUCT(NOT(ISBLANK(AB$3:AB$4))*(AB$3:AB$4<$AQ$3:$AQ$4)) -> 0 | AD11: =SUMPRODUCT(NOT(ISBLANK(AD$3:AD$4))*(AD$3:AD$4<$AQ$3:$AQ$4)) -> 0 | AF11: =SUMPRODUCT(NOT(ISBLANK(AF$3:AF$4))*(AF$3:AF$4<$AQ$3:$AQ$4)) -> 0 | AH11: =SUMPRODUCT(NOT(ISBLANK(AH$3:AH$4))*(AH$3:AH$4<$AQ$3:$AQ$4)) -> 0 | AJ11: =SUMPRODUCT(NOT(ISBLANK(AJ$3:AJ$4))*(AJ$3:AJ$4<$AQ$3:$AQ$4)) -> 0 | AL11: =SUMPRODUCT(NOT(ISBLANK(AL$3:AL$4))*(AL$3:AL$4<$AQ$3:$AQ$4)) -> 0 | AN11: =SUMPRODUCT(NOT(ISBLANK(AN$3:AN$4))*(AN$3:AN$4<$AQ$3:$AQ$4)) -> 0
A12: WORSE | B12: =SUMPRODUCT((NOT(ISBLANK(B$3:B$4))*(B$3:B$4>$AQ$3:$AQ$4))+ISBLANK(B$3:B$4)) -> 0 | D12: =SUMPRODUCT((NOT(ISBLANK(D$3:D$4))*(D$3:D$4>$AQ$3:$AQ$4))+ISBLANK(D$3:D$4)) -> 0 | F12: =SUMPRODUCT((NOT(ISBLANK(F$3:F$4))*(F$3:F$4>$AQ$3:$AQ$4))+ISBLANK(F$3:F$4)) -> 0 | H12: =SUMPRODUCT((NOT(ISBLANK(H$3:H$4))*(H$3:H$4>$AQ$3:$AQ$4))+ISBLANK(H$3:H$4)) -> 0 | J12: =SUMPRODUCT((NOT(ISBLANK(J$3:J$4))*(J$3:J$4>$AQ$3:$AQ$4))+ISBLANK(J$3:J$4)) -> 0 | L12: =SUMPRODUCT((NOT(ISBLANK(L$3:L$4))*(L$3:L$4>$AQ$3:$AQ$4))+ISBLANK(L$3:L$4)) -> 0 | N12: =SUMPRODUCT((NOT(ISBLANK(N$3:N$4))*(N$3:N$4>$AQ$3:$AQ$4))+ISBLANK(N$3:N$4)) -> 0 | P12: =SUMPRODUCT((NOT(ISBLANK(P$3:P$4))*(P$3:P$4>$AQ$3:$AQ$4))+ISBLANK(P$3:P$4)) -> 0 | R12: =SUMPRODUCT((NOT(ISBLANK(R$3:R$4))*(R$3:R$4>$AQ$3:$AQ$4))+ISBLANK(R$3:R$4)) -> 0 | T12: =SUMPRODUCT((NOT(ISBLANK(T$3:T$4))*(T$3:T$4>$AQ$3:$AQ$4))+ISBLANK(T$3:T$4)) -> 0 | V12: =SUMPRODUCT((NOT(ISBLANK(V$3:V$4))*(V$3:V$4>$AQ$3:$AQ$4))+ISBLANK(V$3:V$4)) -> 0 | X12: =SUMPRODUCT((NOT(ISBLANK(X$3:X$4))*(X$3:X$4>$AQ$3:$AQ$4))+ISBLANK(X$3:X$4)) -> 0 | Z12: =SUMPRODUCT((NOT(ISBLANK(Z$3:Z$4))*(Z$3:Z$4>$AQ$3:$AQ$4))+ISBLANK(Z$3:Z$4)) -> 0 | AB12: =SUMPRODUCT((NOT(ISBLANK(AB$3:AB$4))*(AB$3:AB$4>$AQ$3:$AQ$4))+ISBLANK(AB$3:AB$4)) -> 0 | AD12: =SUMPRODUCT((NOT(ISBLANK(AD$3:AD$4))*(AD$3:AD$4>$AQ$3:$AQ$4))+ISBLANK(AD$3:AD$4)) -> 0 | AF12: =SUMPRODUCT((NOT(ISBLANK(AF$3:AF$4))*(AF$3:AF$4>$AQ$3:$AQ$4))+ISBLANK(AF$3:AF$4)) -> 0 | AH12: =SUMPRODUCT((NOT(ISBLANK(AH$3:AH$4))*(AH$3:AH$4>$AQ$3:$AQ$4))+ISBLANK(AH$3:AH$4)) -> 0 | AJ12: =SUMPRODUCT((NOT(ISBLANK(AJ$3:AJ$4))*(AJ$3:AJ$4>$AQ$3:$AQ$4))+ISBLANK(AJ$3:AJ$4)) -> 0 | AL12: =SUMPRODUCT((NOT(ISBLANK(AL$3:AL$4))*(AL$3:AL$4>$AQ$3:$AQ$4))+ISBLANK(AL$3:AL$4)) -> 0 | AN12: =SUMPRODUCT((NOT(ISBLANK(AN$3:AN$4))*(AN$3:AN$4>$AQ$3:$AQ$4))+ISBLANK(AN$3:AN$4)) -> 0
A13: WORST | B13: =SUMPRODUCT((NOT(ISBLANK(B$3:B$4))*(B$3:B$4=$AR$3:$AR$4))+ISBLANK(B$3:B$4)) -> 0 | D13: =SUMPRODUCT((NOT(ISBLANK(D$3:D$4))*(D$3:D$4=$AR$3:$AR$4))+ISBLANK(D$3:D$4)) -> 0 | F13: =SUMPRODUCT((NOT(ISBLANK(F$3:F$4))*(F$3:F$4=$AR$3:$AR$4))+ISBLANK(F$3:F$4)) -> 0 | H13: =SUMPRODUCT((NOT(ISBLANK(H$3:H$4))*(H$3:H$4=$AR$3:$AR$4))+ISBLANK(H$3:H$4)) -> 0 | J13: =SUMPRODUCT((NOT(ISBLANK(J$3:J$4))*(J$3:J$4=$AR$3:$AR$4))+ISBLANK(J$3:J$4)) -> 0 | L13: =SUMPRODUCT((NOT(ISBLANK(L$3:L$4))*(L$3:L$4=$AR$3:$AR$4))+ISBLANK(L$3:L$4)) -> 0 | N13: =SUMPRODUCT((NOT(ISBLANK(N$3:N$4))*(N$3:N$4=$AR$3:$AR$4))+ISBLANK(N$3:N$4)) -> 0 | P13: =SUMPRODUCT((NOT(ISBLANK(P$3:P$4))*(P$3:P$4=$AR$3:$AR$4))+ISBLANK(P$3:P$4)) -> 0 | R13: =SUMPRODUCT((NOT(ISBLANK(R$3:R$4))*(R$3:R$4=$AR$3:$AR$4))+ISBLANK(R$3:R$4)) -> 0 | T13: =SUMPRODUCT((NOT(ISBLANK(T$3:T$4))*(T$3:T$4=$AR$3:$AR$4))+ISBLANK(T$3:T$4)) -> 0 | V13: =SUMPRODUCT((NOT(ISBLANK(V$3:V$4))*(V$3:V$4=$AR$3:$AR$4))+ISBLANK(V$3:V$4)) -> 0 | X13: =SUMPRODUCT((NOT(ISBLANK(X$3:X$4))*(X$3:X$4=$AR$3:$AR$4))+ISBLANK(X$3:X$4)) -> 0 | Z13: =SUMPRODUCT((NOT(ISBLANK(Z$3:Z$4))*(Z$3:Z$4=$AR$3:$AR$4))+ISBLANK(Z$3:Z$4)) -> 0 | AB13: =SUMPRODUCT((NOT(ISBLANK(AB$3:AB$4))*(AB$3:AB$4=$AR$3:$AR$4))+ISBLANK(AB$3:AB$4)) -> 0 | AD13: =SUMPRODUCT((NOT(ISBLANK(AD$3:AD$4))*(AD$3:AD$4=$AR$3:$AR$4))+ISBLANK(AD$3:AD$4)) -> 0 | AF13: =SUMPRODUCT((NOT(ISBLANK(AF$3:AF$4))*(AF$3:AF$4=$AR$3:$AR$4))+ISBLANK(AF$3:AF$4)) -> 0 | AH13: =SUMPRODUCT((NOT(ISBLANK(AH$3:AH$4))*(AH$3:AH$4=$AR$3:$AR$4))+ISBLANK(AH$3:AH$4)) -> 0 | AJ13: =SUMPRODUCT((NOT(ISBLANK(AJ$3:AJ$4))*(AJ$3:AJ$4=$AR$3:$AR$4))+ISBLANK(AJ$3:AJ$4)) -> 0 | AL13: =SUMPRODUCT((NOT(ISBLANK(AL$3:AL$4))*(AL$3:AL$4=$AR$3:$AR$4))+ISBLANK(AL$3:AL$4)) -> 0 | AN13: =SUMPRODUCT((NOT(ISBLANK(AN$3:AN$4))*(AN$3:AN$4=$AR$3:$AR$4))+ISBLANK(AN$3:AN$4)) -> 0
