Workbook

Sheet Instances
B1: memelingo-1/all-opts_mlp-tplp-ht_15_100 | I1: memelingo-1/all-opts_mlp-tplp-ht_15_150 | P1: memelingo-1/all-opts_mlp-tplp-ht_15_30 | W1: memelingo-1/all-opts_mlp-tplp-ht_15_50 | AD1: memelingo-1/all-opts_mlp-tplp-ht_20_100 | AK1: memelingo-1/all-opts_mlp-tplp-ht_20_150 | AR1: memelingo-1/all-opts_mlp-tplp-ht_20_30 | AY1: memelingo-1/all-opts_mlp-tplp-ht_20_50 | BF1: memelingo-1/all-opts_mlp-tplp-ht_25_100 | BM1: memelingo-1/all-opts_mlp-tplp-ht_25_150 | BT1: memelingo-1/all-opts_mlp-tplp-ht_25_30 | CA1: memelingo-1/all-opts_mlp-tplp-ht_25_50 | CH1: memelingo-1/all-opts_mlp-tplp-ht_30_100 | CO1: memelingo-1/all-opts_mlp-tplp-ht_30_150 | CV1: memelingo-1/all-opts_mlp-tplp-ht_30_30 | DC1: memelingo-1/all-opts_mlp-tplp-ht_30_50 | DJ1: memelingo-1/all-opts_mlp-tplp-ht_35_100 | DQ1: memelingo-1/all-opts_mlp-tplp-ht_35_150 | DX1: memelingo-1/all-opts_mlp-tplp-ht_35_30 | EE1: memelingo-1/all-opts_mlp-tplp-ht_35_50 | EL1: memelingo-1/all-opts_mlp-tplp-ht_40_100 | ES1: memelingo-1/all-opts_mlp-tplp-ht_40_150 | EZ1: memelingo-1/all-opts_mlp-tplp-ht_40_30 | FG1: memelingo-1/all-opts_mlp-tplp-ht_40_50 | FN1: memelingo-1/all-opts_mlp-tplp-ht_45_100 | FU1: memelingo-1/all-opts_mlp-tplp-ht_45_150 | GB1: memelingo-1/all-opts_mlp-tplp-ht_45_30 | GI1: memelingo-1/all-opts_mlp-tplp-ht_45_50 | GP1: memelingo-1/all-opts_mlp-tplp-htc_15_100 | GW1: memelingo-1/all-opts_mlp-tplp-htc_15_150 | HD1: memelingo-1/all-opts_mlp-tplp-htc_15_30 | HK1: memelingo-1/all-opts_mlp-tplp-htc_15_50 | HR1: memelingo-1/all-opts_mlp-tplp-htc_20_100 | HY1: memelingo-1/all-opts_mlp-tplp-htc_20_150 | IF1: memelingo-1/all-opts_mlp-tplp-htc_20_30 | IM1: memelingo-1/all-opts_mlp-tplp-htc_20_50 | IT1: memelingo-1/all-opts_mlp-tplp-htc_25_100 | JA1: memelingo-1/all-opts_mlp-tplp-htc_25_150 | JH1: memelingo-1/all-opts_mlp-tplp-htc_25_30 | JO1: memelingo-1/all-opts_mlp-tplp-htc_25_50 | JV1: memelingo-1/all-opts_mlp-tplp-htc_30_100 | KC1: memelingo-1/all-opts_mlp-tplp-htc_30_150 | KJ1: memelingo-1/all-opts_mlp-tplp-htc_30_30 | KQ1: memelingo-1/all-opts_mlp-tplp-htc_30_50 | KX1: memelingo-1/all-opts_mlp-tplp-htc_35_100 | LE1: memelingo-1/all-opts_mlp-tplp-htc_35_150 | LL1: memelingo-1/all-opts_mlp-tplp-htc_35_30 | LS1: memelingo-1/all-opts_mlp-tplp-htc_35_50 | LZ1: memelingo-1/all-opts_mlp-tplp-htc_40_100 | MG1: memelingo-1/all-opts_mlp-tplp-htc_40_150 | MN1: memelingo-1/all-opts_mlp-tplp-htc_40_30 | MU1: memelingo-1/all-opts_mlp-tplp-htc_40_50 | NB1: memelingo-1/all-opts_mlp-tplp-htc_45_100 | NI1: memelingo-1/all-opts_mlp-tplp-htc_45_150 | NP1: memelingo-1/all-opts_mlp-tplp-htc_45_30 | NW1: memelingo-1/all-opts_mlp-tplp-htc_45_50 | OD1: memelingo-1/all-opts_mlp-tplp-htcdl_15_100 | OK1: memelingo-1/all-opts_mlp-tplp-htcdl_15_150 | OR1: memelingo-1/all-opts_mlp-tplp-htcdl_15_30 | OY1: memelingo-1/all-opts_mlp-tplp-htcdl_15_50 | PF1: memelingo-1/all-opts_mlp-tplp-htcdl_20_100 | PM1: memelingo-1/all-opts_mlp-tplp-htcdl_20_150 | PT1: memelingo-1/all-opts_mlp-tplp-htcdl_20_30 | QA1: memelingo-1/all-opts_mlp-tplp-htcdl_20_50 | QH1: memelingo-1/all-opts_mlp-tplp-htcdl_25_100 | QO1: memelingo-1/all-opts_mlp-tplp-htcdl_25_150 | QV1: memelingo-1/all-opts_mlp-tplp-htcdl_25_30 | RC1: memelingo-1/all-opts_mlp-tplp-htcdl_25_50 | RJ1: memelingo-1/all-opts_mlp-tplp-htcdl_30_100 | RQ1: memelingo-1/all-opts_mlp-tplp-htcdl_30_150 | RX1: memelingo-1/all-opts_mlp-tplp-htcdl_30_30 | SE1: memelingo-1/all-opts_mlp-tplp-htcdl_30_50 | SL1: memelingo-1/all-opts_mlp-tplp-htcdl_35_100 | SS1: memelingo-1/all-opts_mlp-tplp-htcdl_35_150 | SZ1: memelingo-1/all-opts_mlp-tplp-htcdl_35_30 | TG1: memelingo-1/all-opts_mlp-tplp-htcdl_35_50 | TN1: memelingo-1/all-opts_mlp-tplp-htcdl_40_100 | TU1: memelingo-1/all-opts_mlp-tplp-htcdl_40_150 | UB1: memelingo-1/all-opts_mlp-tplp-htcdl_40_30 | UI1: memelingo-1/all-opts_mlp-tplp-htcdl_40_50 | UP1: memelingo-1/all-opts_mlp-tplp-htcdl_45_100 | UW1: memelingo-1/all-opts_mlp-tplp-htcdl_45_150 | VD1: memelingo-1/all-opts_mlp-tplp-htcdl_45_30 | VK1: memelingo-1/all-opts_mlp-tplp-htcdl_45_50 | VR1: min | VX1: median | WD1: max
B2: time | C2: stime | D2: status | E2: rules | F2: ctime | G2: fmtime | H2: memout | I2: time | J2: stime | K2: status | L2: rules | M2: ctime | N2: fmtime | O2: memout | P2: time | Q2: stime | R2: status | S2: rules | T2: ctime | U2: fmtime | V2: memout | W2: time | X2: stime | Y2: status | Z2: rules | AA2: ctime | AB2: fmtime | AC2: memout | AD2: time | AE2: stime | AF2: status | AG2: rules | AH2: ctime | AI2: fmtime | AJ2: memout | AK2: time | AL2: stime | AM2: status | AN2: rules | AO2: ctime | AP2: fmtime | AQ2: memout | AR2: time | AS2: stime | AT2: status | AU2: rules | AV2: ctime | AW2: fmtime | AX2: memout | AY2: time | AZ2: stime | BA2: status | BB2: rules | BC2: ctime | BD2: fmtime | BE2: memout | BF2: time | BG2: stime | BH2: status | BI2: rules | BJ2: ctime | BK2: fmtime | BL2: memout | BM2: time | BN2: stime | BO2: status | BP2: rules | BQ2: ctime | BR2: fmtime | BS2: memout | BT2: time | BU2: stime | BV2: status | BW2: rules | BX2: ctime | BY2: fmtime | BZ2: memout | CA2: time | CB2: stime | CC2: status | CD2: rules | CE2: ctime | CF2: fmtime | CG2: memout | CH2: time | CI2: stime | CJ2: status | CK2: rules | CL2: ctime | CM2: fmtime | CN2: memout | CO2: time | CP2: stime | CQ2: status | CR2: rules | CS2: ctime | CT2: fmtime | CU2: memout | CV2: time | CW2: stime | CX2: status | CY2: rules | CZ2: ctime | DA2: fmtime | DB2: memout | DC2: time | DD2: stime | DE2: status | DF2: rules | DG2: ctime | DH2: fmtime | DI2: memout | DJ2: time | DK2: stime | DL2: status | DM2: rules | DN2: ctime | DO2: fmtime | DP2: memout | DQ2: time | DR2: stime | DS2: status | DT2: rules | DU2: ctime | DV2: fmtime | DW2: memout | DX2: time | DY2: stime | DZ2: status | EA2: rules | EB2: ctime | EC2: fmtime | ED2: memout | EE2: time | EF2: stime | EG2: status | EH2: rules | EI2: ctime | EJ2: fmtime | EK2: memout | EL2: time | EM2: stime | EN2: status | EO2: rules | EP2: ctime | EQ2: fmtime | ER2: memout | ES2: time | ET2: stime | EU2: status | EV2: rules | EW2: ctime | EX2: fmtime | EY2: memout | EZ2: time | FA2: stime | FB2: status | FC2: rules | FD2: ctime | FE2: fmtime | FF2: memout | FG2: time | FH2: stime | FI2: status | FJ2: rules | FK2: ctime | FL2: fmtime | FM2: memout | FN2: time | FO2: stime | FP2: status | FQ2: rules | FR2: ctime | FS2: fmtime | FT2: memout | FU2: time | FV2: stime | FW2: status | FX2: rules | FY2: ctime | FZ2: fmtime | GA2: memout | GB2: time | GC2: stime | GD2: status | GE2: rules | GF2: ctime | GG2: fmtime | GH2: memout | GI2: time | GJ2: stime | GK2: status | GL2: rules | GM2: ctime | GN2: fmtime | GO2: memout | GP2: time | GQ2: stime | GR2: status | GS2: rules | GT2: ctime | GU2: fmtime | GV2: memout | GW2: time | GX2: stime | GY2: status | GZ2: rules | HA2: ctime | HB2: fmtime | HC2: memout | HD2: time | HE2: stime | HF2: status | HG2: rules | HH2: ctime | HI2: fmtime | HJ2: memout | HK2: time | HL2: stime | HM2: status | HN2: rules | HO2: ctime | HP2: fmtime | HQ2: memout | HR2: time | HS2: stime | HT2: status | HU2: rules | HV2: ctime | HW2: fmtime | HX2: memout | HY2: time | HZ2: stime | IA2: status | IB2: rules | IC2: ctime | ID2: fmtime | IE2: memout | IF2: time | IG2: stime | IH2: status | II2: rules | IJ2: ctime | IK2: fmtime | IL2: memout | IM2: time | IN2: stime | IO2: status | IP2: rules | IQ2: ctime | IR2: fmtime | IS2: memout | IT2: time | IU2: stime | IV2: status | IW2: rules | IX2: ctime | IY2: fmtime | IZ2: memout | JA2: time | JB2: stime | JC2: status | JD2: rules | JE2: ctime | JF2: fmtime | JG2: memout | JH2: time | JI2: stime | JJ2: status | JK2: rules | JL2: ctime | JM2: fmtime | JN2: memout | JO2: time | JP2: stime | JQ2: status | JR2: rules | JS2: ctime | JT2: fmtime | JU2: memout | JV2: time | JW2: stime | JX2: status | JY2: rules | JZ2: ctime | KA2: fmtime | KB2: memout | KC2: time | KD2: stime | KE2: status | KF2: rules | KG2: ctime | KH2: fmtime | KI2: memout | KJ2: time | KK2: stime | KL2: status | KM2: rules | KN2: ctime | KO2: fmtime | KP2: memout | KQ2: time | KR2: stime | KS2: status | KT2: rules | KU2: ctime | KV2: fmtime | KW2: memout | KX2: time | KY2: stime | KZ2: status | LA2: rules | LB2: ctime | LC2: fmtime | LD2: memout | LE2: time | LF2: stime | LG2: status | LH2: rules | LI2: ctime | LJ2: fmtime | LK2: memout | LL2: time | LM2: stime | LN2: status | LO2: rules | LP2: ctime | LQ2: fmtime | LR2: memout | LS2: time | LT2: stime | LU2: status | LV2: rules | LW2: ctime | LX2: fmtime | LY2: memout | LZ2: time | MA2: stime | MB2: status | MC2: rules | MD2: ctime | ME2: fmtime | MF2: memout | MG2: time | MH2: stime | MI2: status | MJ2: rules | MK2: ctime | ML2: fmtime | MM2: memout | MN2: time | MO2: stime | MP2: status | MQ2: rules | MR2: ctime | MS2: fmtime | MT2: memout | MU2: time | MV2: stime | MW2: status | MX2: rules | MY2: ctime | MZ2: fmtime | NA2: memout | NB2: time | NC2: stime | ND2: status | NE2: rules | NF2: ctime | NG2: fmtime | NH2: memout | NI2: time | NJ2: stime | NK2: status | NL2: rules | NM2: ctime | NN2: fmtime | NO2: memout | NP2: time | NQ2: stime | NR2: status | NS2: rules | NT2: ctime | NU2: fmtime | NV2: memout | NW2: time | NX2: stime | NY2: status | NZ2: rules | OA2: ctime | OB2: fmtime | OC2: memout | OD2: time | OE2: stime | OF2: status | OG2: rules | OH2: ctime | OI2: fmtime | OJ2: memout | OK2: time | OL2: stime | OM2: status | ON2: rules | OO2: ctime | OP2: fmtime | OQ2: memout | OR2: time | OS2: stime | OT2: status | OU2: rules | OV2: ctime | OW2: fmtime | OX2: memout | OY2: time | OZ2: stime | PA2: status | PB2: rules | PC2: ctime | PD2: fmtime | PE2: memout | PF2: time | PG2: stime | PH2: status | PI2: rules | PJ2: ctime | PK2: fmtime | PL2: memout | PM2: time | PN2: stime | PO2: status | PP2: rules | PQ2: ctime | PR2: fmtime | PS2: memout | PT2: time | PU2: stime | PV2: status | PW2: rules | PX2: ctime | PY2: fmtime | PZ2: memout | QA2: time | QB2: stime | QC2: status | QD2: rules | QE2: ctime | QF2: fmtime | QG2: memout | QH2: time | QI2: stime | QJ2: status | QK2: rules | QL2: ctime | QM2: fmtime | QN2: memout | QO2: time | QP2: stime | QQ2: status | QR2: rules | QS2: ctime | QT2: fmtime | QU2: memout | QV2: time | QW2: stime | QX2: status | QY2: rules | QZ2: ctime | RA2: fmtime | RB2: memout | RC2: time | RD2: stime | RE2: status | RF2: rules | RG2: ctime | RH2: fmtime | RI2: memout | RJ2: time | RK2: stime | RL2: status | RM2: rules | RN2: ctime | RO2: fmtime | RP2: memout | RQ2: time | RR2: stime | RS2: status | RT2: rules | RU2: ctime | RV2: fmtime | RW2: memout | RX2: time | RY2: stime | RZ2: status | SA2: rules | SB2: ctime | SC2: fmtime | SD2: memout | SE2: time | SF2: stime | SG2: status | SH2: rules | SI2: ctime | SJ2: fmtime | SK2: memout | SL2: time | SM2: stime | SN2: status | SO2: rules | SP2: ctime | SQ2: fmtime | SR2: memout | SS2: time | ST2: stime | SU2: status | SV2: rules | SW2: ctime | SX2: fmtime | SY2: memout | SZ2: time | TA2: stime | TB2: status | TC2: rules | TD2: ctime | TE2: fmtime | TF2: memout | TG2: time | TH2: stime | TI2: status | TJ2: rules | TK2: ctime | TL2: fmtime | TM2: memout | TN2: time | TO2: stime | TP2: status | TQ2: rules | TR2: ctime | TS2: fmtime | TT2: memout | TU2: time | TV2: stime | TW2: status | TX2: rules | TY2: ctime | TZ2: fmtime | UA2: memout | UB2: time | UC2: stime | UD2: status | UE2: rules | UF2: ctime | UG2: fmtime | UH2: memout | UI2: time | UJ2: stime | UK2: status | UL2: rules | UM2: ctime | UN2: fmtime | UO2: memout | UP2: time | UQ2: stime | UR2: status | US2: rules | UT2: ctime | UU2: fmtime | UV2: memout | UW2: time | UX2: stime | UY2: status | UZ2: rules | VA2: ctime | VB2: fmtime | VC2: memout | VD2: time | VE2: stime | VF2: status | VG2: rules | VH2: ctime | VI2: fmtime | VJ2: memout | VK2: time | VL2: stime | VM2: status | VN2: rules | VO2: ctime | VP2: fmtime | VQ2: memout | VR2: time | VS2: stime | VT2: rules | VU2: ctime | VV2: fmtime | VW2: memout | VX2: time | VY2: stime | VZ2: rules | WA2: ctime | WB2: fmtime | WC2: memout | WD2: time | WE2: stime | WF2: rules | WG2: ctime | WH2: fmtime | WI2: memout
A3: instances/random_x8_y8_a3 | B3: 1200 | C3: 1159.41 | D3: UNKNOWN | E3: 12014961 | F3: 1193.92 | G3: 0 | H3: 0 | I3: 1200 | J3: 1140.88 | K3: UNKNOWN | L3: 25042111 | M3: 1193.171 | N3: 0 | O3: 0 | P3: 1200 | Q3: 1178.75 | R3: UNKNOWN | S3: 3092551 | T3: 1194.349 | U3: 0 | V3: 0 | W3: 1200 | X3: 1175.11 | Y3: UNKNOWN | Z3: 4532811 | AA3: 1193.482 | AB3: 0 | AC3: 0 | AD3: 1200 | AE3: 1133.9 | AF3: UNKNOWN | AG3: 19677381 | AH3: 1193.976 | AI3: 0 | AJ3: 0 | AK3: 1200 | AL3: 1061.67 | AM3: UNKNOWN | AN3: 42704281 | AO3: 1194.142 | AP3: 0 | AQ3: 0 | AR3: 1200 | AS3: 1175.31 | AT3: UNKNOWN | AU3: 4273321 | AV3: 1193.926 | AW3: 0 | AX3: 0 | AY3: 1200 | AZ3: 1164.53 | BA3: UNKNOWN | BB3: 6670481 | BC3: 1193.952 | BD3: 0 | BE3: 0 | BF3: 1200 | BG3: 1122.76 | BH3: UNKNOWN | BI3: 28629901 | BJ3: 1191.904 | BK3: 0 | BL3: 0 | BM3: 1200 | BN3: 1035.06 | BO3: UNKNOWN | BP3: 64149676 | BQ3: 1190.779 | BR3: 0 | BS3: 0 | BT3: 1200 | BU3: 1165.49 | BV3: UNKNOWN | BW3: 5458816 | BX3: 1193.764 | BY3: 0 | BZ3: 0 | CA3: 666.41 | CB3: 625.06 | CC3: SATISFIABLE | CD3: 8917626 | CE3: 656.77 | CF3: 625 | CG3: 0 | CH3: 873.08 | CI3: 770.85 | CJ3: SATISFIABLE | CK3: 38566021 | CL3: 863.52 | CM3: 770.73 | CN3: 0 | CO3: 1200 | CP3: 964.16 | CQ3: UNKNOWN | CR3: 88871796 | CS3: 1189.69 | CT3: 0 | CU3: 0 | CV3: 48.72 | CW3: 6.45 | CX3: UNSATISFIABLE | CY3: 6622515 | CZ3: 39.685 | DA3: 0 | DB3: 0 | DC3: 236.49 | DD3: 186.2 | DE3: SATISFIABLE | DF3: 11167746 | DG3: 225.684 | DH3: 186.13 | DI3: 0 | DJ3: 462.87 | DK3: 332.94 | DL3: SATISFIABLE | DM3: 49199866 | DN3: 452.369 | DO3: 332.8 | DP3: 0 | DQ3: 1200 | DR3: 761.31 | DS3: UNKNOWN | DT3: 116384766 | DU3: 1193.501 | DV3: 0 | DW3: 0 | DX3: 37.63 | DY3: 0 | DZ3: UNSATISFIABLE | EA3: 15365214 | EB3: 27.927 | EC3: 0 | ED3: 0 | EE3: 150.04 | EF3: 90.5 | EG3: SATISFIABLE | EH3: 13334966 | EI3: 139.436 | EJ3: 90.43 | EK3: 0 | EL3: 246.66 | EM3: 31.2 | EN3: SATISFIABLE | EO3: 60266186 | EP3: 234.666 | EQ3: 31.06 | ER3: 0 | ES3: 971.65 | ET3: 459.01 | EU3: SATISFIABLE | EV3: 146223336 | EW3: 960.002 | EX3: 458.57 | EY3: 0 | EZ3: 48.78 | FA3: 0 | FB3: UNSATISFIABLE | FC3: 17544044 | FD3: 38.96 | FE3: 0 | FF3: 0 | FG3: 88.83 | FH3: 3.2 | FI3: SATISFIABLE | FJ3: 15354036 | FK3: 77.767 | FL3: 3.1 | FM3: 0 | FN3: 232.76 | FO3: 4.58 | FP3: SATISFIABLE | FQ3: 71520356 | FR3: 221.363 | FS3: 4.44 | FT3: 0 | FU3: 714.32 | FV3: 54.58 | FW3: SATISFIABLE | FX3: 177942881 | FY3: 700.974 | FZ3: 54.32 | GA3: 0 | GB3: 54.43 | GC3: 0 | GD3: UNSATISFIABLE | GE3: 19832224 | GF3: 44.51 | GG3: 0 | GH3: 0 | GI3: 102.62 | GJ3: 3.03 | GK3: SATISFIABLE | GL3: 17180331 | GM3: 90.879 | GN3: 2.9 | GO3: 0 | GP3: 844.04 | GQ3: 816.73 | GR3: SATISFIABLE | GS3: 2529416 | GT3: 837.106 | GU3: 816.66 | GV3: 0 | GW3: 800.98 | GX3: 773.94 | GY3: SATISFIABLE | GZ3: 2529416 | HA3: 793.574 | HB3: 773.89 | HC3: 0 | HD3: 475.37 | HE3: 447.01 | HF3: UNSATISFIABLE | HG3: 2529416 | HH3: 467.248 | HI3: 0 | HJ3: 0 | HK3: 833.89 | HL3: 809.55 | HM3: SATISFIABLE | HN3: 2529416 | HO3: 826.505 | HP3: 809.48 | HQ3: 0 | HR3: 290.98 | HS3: 257.84 | HT3: SATISFIABLE | HU3: 3467646 | HV3: 282.968 | HW3: 257.74 | HX3: 0 | HY3: 364.04 | HZ3: 328.42 | IA3: SATISFIABLE | IB3: 3467646 | IC3: 355.324 | ID3: 328.32 | IE3: 0 | IF3: 1200 | IG3: 1168.54 | IH3: UNKNOWN | II3: 3467646 | IJ3: 1192.908 | IK3: 0 | IL3: 0 | IM3: 604.15 | IN3: 570.93 | IO3: SATISFIABLE | IP3: 3467646 | IQ3: 595.737 | IR3: 570.84 | IS3: 0 | IT3: 523.13 | IU3: 483.07 | IV3: SATISFIABLE | IW3: 4479301 | IX3: 514.833 | IY3: 482.94 | IZ3: 0 | JA3: 251.65 | JB3: 208.29 | JC3: SATISFIABLE | JD3: 4479301 | JE3: 243.137 | JF3: 208.2 | JG3: 0 | JH3: 250.94 | JI3: 205.9 | JJ3: UNSATISFIABLE | JK3: 4479301 | JL3: 241.638 | JM3: 0 | JN3: 0 | JO3: 224.1 | JP3: 179.59 | JQ3: SATISFIABLE | JR3: 4479301 | JS3: 214.856 | JT3: 179.46 | JU3: 0 | JV3: 164.68 | JW3: 118.19 | JX3: SATISFIABLE | JY3: 5564381 | JZ3: 156.518 | KA3: 118.08 | KB3: 0 | KC3: 292.17 | KD3: 246.48 | KE3: SATISFIABLE | KF3: 5564381 | KG3: 283.545 | KH3: 246.33 | KI3: 0 | KJ3: 52 | KK3: 2.13 | KL3: UNSATISFIABLE | KM3: 5564381 | KN3: 43.025 | KO3: 0 | KP3: 0 | KQ3: 1028.5 | KR3: 984.74 | KS3: SATISFIABLE | KT3: 5564381 | KU3: 1020.798 | KV3: 984.58 | KW3: 0 | KX3: 695.38 | KY3: 642.62 | KZ3: SATISFIABLE | LA3: 6722886 | LB3: 686.966 | LC3: 642.47 | LD3: 0 | LE3: 98.91 | LF3: 46.38 | LG3: SATISFIABLE | LH3: 6722886 | LI3: 88.026 | LJ3: 46.25 | LK3: 0 | LL3: 56.7 | LM3: 0 | LN3: UNSATISFIABLE | LO3: 13445772 | LP3: 47.302 | LQ3: 0 | LR3: 0 | LS3: 114.4 | LT3: 55.08 | LU3: SATISFIABLE | LV3: 6722886 | LW3: 105.139 | LX3: 54.9 | LY3: 0 | LZ3: 187.37 | MA3: 123.92 | MB3: SATISFIABLE | MC3: 7954816 | MD3: 174.768 | ME3: 123.78 | MF3: 0 | MG3: 211.59 | MH3: 149.21 | MI3: SATISFIABLE | MJ3: 7954816 | MK3: 200.13 | ML3: 149.05 | MM3: 0 | MN3: 62.66 | MO3: 0 | MP3: UNSATISFIABLE | MQ3: 15909632 | MR3: 49.292 | MS3: 0 | MT3: 0 | MU3: 82.63 | MV3: 16.48 | MW3: SATISFIABLE | MX3: 7954816 | MY3: 69.277 | MZ3: 16.35 | NA3: 0 | NB3: 131.71 | NC3: 54.36 | ND3: SATISFIABLE | NE3: 9260171 | NF3: 117.605 | NG3: 54.17 | NH3: 0 | NI3: 408.72 | NJ3: 331.53 | NK3: SATISFIABLE | NL3: 9260171 | NM3: 394.694 | NN3: 331.33 | NO3: 0 | NP3: 73.44 | NQ3: 0 | NR3: UNSATISFIABLE | NS3: 18520342 | NT3: 60.318 | NU3: 0 | NV3: 0 | NW3: 156.04 | NX3: 78.08 | NY3: SATISFIABLE | NZ3: 9260171 | OA3: 144.871 | OB3: 77.91 | OC3: 0 | OD3: 95.37 | OE3: 67.1 | OF3: SATISFIABLE | OG3: 2529416 | OH3: 87.385 | OI3: 67.02 | OJ3: 0 | OK3: 95.34 | OL3: 67.1 | OM3: SATISFIABLE | ON3: 2529416 | OO3: 87.296 | OP3: 67.03 | OQ3: 0 | OR3: 93.72 | OS3: 69.16 | OT3: UNSATISFIABLE | OU3: 2529416 | OV3: 85.194 | OW3: 0 | OX3: 0 | OY3: 83.5 | OZ3: 57.75 | PA3: SATISFIABLE | PB3: 2529416 | PC3: 76.02 | PD3: 57.69 | PE3: 0 | PF3: 52.13 | PG3: 20.21 | PH3: SATISFIABLE | PI3: 3467646 | PJ3: 43.977 | PK3: 20.12 | PL3: 0 | PM3: 55.22 | PN3: 19.62 | PO3: SATISFIABLE | PP3: 3467646 | PQ3: 46.938 | PR3: 19.52 | PS3: 0 | PT3: 513.72 | PU3: 478.78 | PV3: UNSATISFIABLE | PW3: 3467646 | PX3: 505.792 | PY3: 0 | PZ3: 0 | QA3: 57.57 | QB3: 25.64 | QC3: SATISFIABLE | QD3: 3467646 | QE3: 49.289 | QF3: 25.55 | QG3: 0 | QH3: 59.94 | QI3: 19.32 | QJ3: SATISFIABLE | QK3: 4479301 | QL3: 50.466 | QM3: 19.2 | QN3: 0 | QO3: 66.29 | QP3: 21.45 | QQ3: SATISFIABLE | QR3: 4479301 | QS3: 57.286 | QT3: 21.32 | QU3: 0 | QV3: 521.08 | QW3: 475.91 | QX3: UNSATISFIABLE | QY3: 4479301 | QZ3: 511.944 | RA3: 0 | RB3: 0 | RC3: 94.57 | RD3: 50 | RE3: SATISFIABLE | RF3: 4479301 | RG3: 85.965 | RH3: 49.88 | RI3: 0 | RJ3: 114.52 | RK3: 65.61 | RL3: SATISFIABLE | RM3: 5564381 | RN3: 105.964 | RO3: 65.5 | RP3: 0 | RQ3: 111.86 | RR3: 58.49 | RS3: SATISFIABLE | RT3: 5564381 | RU3: 103.033 | RV3: 58.4 | RW3: 0 | RX3: 50.34 | RY3: 1.64 | RZ3: UNSATISFIABLE | SA3: 5564381 | SB3: 41.688 | SC3: 0 | SD3: 0 | SE3: 278.54 | SF3: 224.52 | SG3: SATISFIABLE | SH3: 5564381 | SI3: 269.832 | SJ3: 224.41 | SK3: 0 | SL3: 86.25 | SM3: 20.61 | SN3: SATISFIABLE | SO3: 6722886 | SP3: 75.984 | SQ3: 20.44 | SR3: 0 | SS3: 72.03 | ST3: 16.42 | SU3: SATISFIABLE | SV3: 6722886 | SW3: 62.747 | SX3: 16.3 | SY3: 0 | SZ3: 60.87 | TA3: 0 | TB3: UNSATISFIABLE | TC3: 6722886 | TD3: 50.359 | TE3: 0 | TF3: 0 | TG3: 82.82 | TH3: 16.24 | TI3: SATISFIABLE | TJ3: 6722886 | TK3: 72.401 | TL3: 16.07 | TM3: 0 | TN3: 77.31 | TO3: 12.5 | TP3: SATISFIABLE | TQ3: 7954816 | TR3: 65.264 | TS3: 12.37 | TT3: 0 | TU3: 77.27 | TV3: 12.48 | TW3: SATISFIABLE | TX3: 7954816 | TY3: 65.222 | TZ3: 12.35 | UA3: 0 | UB3: 62.55 | UC3: 0 | UD3: UNSATISFIABLE | UE3: 7954816 | UF3: 51.02 | UG3: 0 | UH3: 0 | UI3: 69.81 | UJ3: 5.27 | UK3: SATISFIABLE | UL3: 7954816 | UM3: 58.49 | UN3: 5.13 | UO3: 0 | UP3: 91 | UQ3: 13.43 | UR3: SATISFIABLE | US3: 9260171 | UT3: 80.226 | UU3: 13.27 | UV3: 0 | UW3: 90.61 | UX3: 13.44 | UY3: SATISFIABLE | UZ3: 9260171 | VA3: 79.889 | VB3: 13.29 | VC3: 0 | VD3: 77.07 | VE3: 0 | VF3: UNSATISFIABLE | VG3: 9260171 | VH3: 63.277 | VI3: 0 | VJ3: 0 | VK3: 92.4 | VL3: 13.68 | VM3: SATISFIABLE | VN3: 9260171 | VO3: 80.166 | VP3: 13.52 | VQ3: 0 | VR3: =MIN($B3,$I3,$P3,$W3,$AD3,$AK3,$AR3,$AY3,$BF3,$BM3,$BT3,$CA3,$CH3,$CO3,$CV3,$DC3,$DJ3,$DQ3,$DX3,$EE3,$EL3,$ES3,$EZ3,$FG3,$FN3,$FU3,$GB3,$GI3,$GP3,$GW3,$HD3,$HK3,$HR3,$HY3,$IF3,$IM3,$IT3,$JA3,$JH3,$JO3,$JV3,$KC3,$KJ3,$KQ3,$KX3,$LE3,$LL3,$LS3,$LZ3,$MG3,$MN3,$MU3,$NB3,$NI3,$NP3,$NW3,$OD3,$OK3,$OR3,$OY3,$PF3,$PM3,$PT3,$QA3,$QH3,$QO3,$QV3,$RC3,$RJ3,$RQ3,$RX3,$SE3,$SL3,$SS3,$SZ3,$TG3,$TN3,$TU3,$UB3,$UI3,$UP3,$UW3,$VD3,$VK3) -> 0 | VS3: =MIN($C3,$J3,$Q3,$X3,$AE3,$AL3,$AS3,$AZ3,$BG3,$BN3,$BU3,$CB3,$CI3,$CP3,$CW3,$DD3,$DK3,$DR3,$DY3,$EF3,$EM3,$ET3,$FA3,$FH3,$FO3,$FV3,$GC3,$GJ3,$GQ3,$GX3,$HE3,$HL3,$HS3,$HZ3,$IG3,$IN3,$IU3,$JB3,$JI3,$JP3,$JW3,$KD3,$KK3,$KR3,$KY3,$LF3,$LM3,$LT3,$MA3,$MH3,$MO3,$MV3,$NC3,$NJ3,$NQ3,$NX3,$OE3,$OL3,$OS3,$OZ3,$PG3,$PN3,$PU3,$QB3,$QI3,$QP3,$QW3,$RD3,$RK3,$RR3,$RY3,$SF3,$SM3,$ST3,$TA3,$TH3,$TO3,$TV3,$UC3,$UJ3,$UQ3,$UX3,$VE3,$VL3) -> 0 | VT3: =MIN($E3,$L3,$S3,$Z3,$AG3,$AN3,$AU3,$BB3,$BI3,$BP3,$BW3,$CD3,$CK3,$CR3,$CY3,$DF3,$DM3,$DT3,$EA3,$EH3,$EO3,$EV3,$FC3,$FJ3,$FQ3,$FX3,$GE3,$GL3,$GS3,$GZ3,$HG3,$HN3,$HU3,$IB3,$II3,$IP3,$IW3,$JD3,$JK3,$JR3,$JY3,$KF3,$KM3,$KT3,$LA3,$LH3,$LO3,$LV3,$MC3,$MJ3,$MQ3,$MX3,$NE3,$NL3,$NS3,$NZ3,$OG3,$ON3,$OU3,$PB3,$PI3,$PP3,$PW3,$QD3,$QK3,$QR3,$QY3,$RF3,$RM3,$RT3,$SA3,$SH3,$SO3,$SV3,$TC3,$TJ3,$TQ3,$TX3,$UE3,$UL3,$US3,$UZ3,$VG3,$VN3) -> 0 | VU3: =MIN($F3,$M3,$T3,$AA3,$AH3,$AO3,$AV3,$BC3,$BJ3,$BQ3,$BX3,$CE3,$CL3,$CS3,$CZ3,$DG3,$DN3,$DU3,$EB3,$EI3,$EP3,$EW3,$FD3,$FK3,$FR3,$FY3,$GF3,$GM3,$GT3,$HA3,$HH3,$HO3,$HV3,$IC3,$IJ3,$IQ3,$IX3,$JE3,$JL3,$JS3,$JZ3,$KG3,$KN3,$KU3,$LB3,$LI3,$LP3,$LW3,$MD3,$MK3,$MR3,$MY3,$NF3,$NM3,$NT3,$OA3,$OH3,$OO3,$OV3,$PC3,$PJ3,$PQ3,$PX3,$QE3,$QL3,$QS3,$QZ3,$RG3,$RN3,$RU3,$SB3,$SI3,$SP3,$SW3,$TD3,$TK3,$TR3,$TY3,$UF3,$UM3,$UT3,$VA3,$VH3,$VO3) -> 0 | VV3: =MIN($G3,$N3,$U3,$AB3,$AI3,$AP3,$AW3,$BD3,$BK3,$BR3,$BY3,$CF3,$CM3,$CT3,$DA3,$DH3,$DO3,$DV3,$EC3,$EJ3,$EQ3,$EX3,$FE3,$FL3,$FS3,$FZ3,$GG3,$GN3,$GU3,$HB3,$HI3,$HP3,$HW3,$ID3,$IK3,$IR3,$IY3,$JF3,$JM3,$JT3,$KA3,$KH3,$KO3,$KV3,$LC3,$LJ3,$LQ3,$LX3,$ME3,$ML3,$MS3,$MZ3,$NG3,$NN3,$NU3,$OB3,$OI3,$OP3,$OW3,$PD3,$PK3,$PR3,$PY3,$QF3,$QM3,$QT3,$RA3,$RH3,$RO3,$RV3,$SC3,$SJ3,$SQ3,$SX3,$TE3,$TL3,$TS3,$TZ3,$UG3,$UN3,$UU3,$VB3,$VI3,$VP3) -> 0 | VW3: =MIN($H3,$O3,$V3,$AC3,$AJ3,$AQ3,$AX3,$BE3,$BL3,$BS3,$BZ3,$CG3,$CN3,$CU3,$DB3,$DI3,$DP3,$DW3,$ED3,$EK3,$ER3,$EY3,$FF3,$FM3,$FT3,$GA3,$GH3,$GO3,$GV3,$HC3,$HJ3,$HQ3,$HX3,$IE3,$IL3,$IS3,$IZ3,$JG3,$JN3,$JU3,$KB3,$KI3,$KP3,$KW3,$LD3,$LK3,$LR3,$LY3,$MF3,$MM3,$MT3,$NA3,$NH3,$NO3,$NV3,$OC3,$OJ3,$OQ3,$OX3,$PE3,$PL3,$PS3,$PZ3,$QG3,$QN3,$QU3,$RB3,$RI3,$RP3,$RW3,$SD3,$SK3,$SR3,$SY3,$TF3,$TM3,$TT3,$UA3,$UH3,$UO3,$UV3,$VC3,$VJ3,$VQ3) -> 0 | VX3: =MEDIAN($B3,$I3,$P3,$W3,$AD3,$AK3,$AR3,$AY3,$BF3,$BM3,$BT3,$CA3,$CH3,$CO3,$CV3,$DC3,$DJ3,$DQ3,$DX3,$EE3,$EL3,$ES3,$EZ3,$FG3,$FN3,$FU3,$GB3,$GI3,$GP3,$GW3,$HD3,$HK3,$HR3,$HY3,$IF3,$IM3,$IT3,$JA3,$JH3,$JO3,$JV3,$KC3,$KJ3,$KQ3,$KX3,$LE3,$LL3,$LS3,$LZ3,$MG3,$MN3,$MU3,$NB3,$NI3,$NP3,$NW3,$OD3,$OK3,$OR3,$OY3,$PF3,$PM3,$PT3,$QA3,$QH3,$QO3,$QV3,$RC3,$RJ3,$RQ3,$RX3,$SE3,$SL3,$SS3,$SZ3,$TG3,$TN3,$TU3,$UB3,$UI3,$UP3,$UW3,$VD3,$VK3) -> 0 | VY3: =MEDIAN($C3,$J3,$Q3,$X3,$AE3,$AL3,$AS3,$AZ3,$BG3,$BN3,$BU3,$CB3,$CI3,$CP3,$CW3,$DD3,$DK3,$DR3,$DY3,$EF3,$EM3,$ET3,$FA3,$FH3,$FO3,$FV3,$GC3,$GJ3,$GQ3,$GX3,$HE3,$HL3,$HS3,$HZ3,$IG3,$IN3,$IU3,$JB3,$JI3,$JP3,$JW3,$KD3,$KK3,$KR3,$KY3,$LF3,$LM3,$LT3,$MA3,$MH3,$MO3,$MV3,$NC3,$NJ3,$NQ3,$NX3,$OE3,$OL3,$OS3,$OZ3,$PG3,$PN3,$PU3,$QB3,$QI3,$QP3,$QW3,$RD3,$RK3,$RR3,$RY3,$SF3,$SM3,$ST3,$TA3,$TH3,$TO3,$TV3,$UC3,$UJ3,$UQ3,$UX3,$VE3,$VL3) -> 0 | VZ3: =MEDIAN($E3,$L3,$S3,$Z3,$AG3,$AN3,$AU3,$BB3,$BI3,$BP3,$BW3,$CD3,$CK3,$CR3,$CY3,$DF3,$DM3,$DT3,$EA3,$EH3,$EO3,$EV3,$FC3,$FJ3,$FQ3,$FX3,$GE3,$GL3,$GS3,$GZ3,$HG3,$HN3,$HU3,$IB3,$II3,$IP3,$IW3,$JD3,$JK3,$JR3,$JY3,$KF3,$KM3,$KT3,$LA3,$LH3,$LO3,$LV3,$MC3,$MJ3,$MQ3,$MX3,$NE3,$NL3,$NS3,$NZ3,$OG3,$ON3,$OU3,$PB3,$PI3,$PP3,$PW3,$QD3,$QK3,$QR3,$QY3,$RF3,$RM3,$RT3,$SA3,$SH3,$SO3,$SV3,$TC3,$TJ3,$TQ3,$TX3,$UE3,$UL3,$US3,$UZ3,$VG3,$VN3) -> 0 | WA3: =MEDIAN($F3,$M3,$T3,$AA3,$AH3,$AO3,$AV3,$BC3,$BJ3,$BQ3,$BX3,$CE3,$CL3,$CS3,$CZ3,$DG3,$DN3,$DU3,$EB3,$EI3,$EP3,$EW3,$FD3,$FK3,$FR3,$FY3,$GF3,$GM3,$GT3,$HA3,$HH3,$HO3,$HV3,$IC3,$IJ3,$IQ3,$IX3,$JE3,$JL3,$JS3,$JZ3,$KG3,$KN3,$KU3,$LB3,$LI3,$LP3,$LW3,$MD3,$MK3,$MR3,$MY3,$NF3,$NM3,$NT3,$OA3,$OH3,$OO3,$OV3,$PC3,$PJ3,$PQ3,$PX3,$QE3,$QL3,$QS3,$QZ3,$RG3,$RN3,$RU3,$SB3,$SI3,$SP3,$SW3,$TD3,$TK3,$TR3,$TY3,$UF3,$UM3,$UT3,$VA3,$VH3,$VO3) -> 0 | WB3: =MEDIAN($G3,$N3,$U3,$AB3,$AI3,$AP3,$AW3,$BD3,$BK3,$BR3,$BY3,$CF3,$CM3,$CT3,$DA3,$DH3,$DO3,$DV3,$EC3,$EJ3,$EQ3,$EX3,$FE3,$FL3,$FS3,$FZ3,$GG3,$GN3,$GU3,$HB3,$HI3,$HP3,$HW3,$ID3,$IK3,$IR3,$IY3,$JF3,$JM3,$JT3,$KA3,$KH3,$KO3,$KV3,$LC3,$LJ3,$LQ3,$LX3,$ME3,$ML3,$MS3,$MZ3,$NG3,$NN3,$NU3,$OB3,$OI3,$OP3,$OW3,$PD3,$PK3,$PR3,$PY3,$QF3,$QM3,$QT3,$RA3,$RH3,$RO3,$RV3,$SC3,$SJ3,$SQ3,$SX3,$TE3,$TL3,$TS3,$TZ3,$UG3,$UN3,$UU3,$VB3,$VI3,$VP3) -> 0 | WC3: =MEDIAN($H3,$O3,$V3,$AC3,$AJ3,$AQ3,$AX3,$BE3,$BL3,$BS3,$BZ3,$CG3,$CN3,$CU3,$DB3,$DI3,$DP3,$DW3,$ED3,$EK3,$ER3,$EY3,$FF3,$FM3,$FT3,$GA3,$GH3,$GO3,$GV3,$HC3,$HJ3,$HQ3,$HX3,$IE3,$IL3,$IS3,$IZ3,$JG3,$JN3,$JU3,$KB3,$KI3,$KP3,$KW3,$LD3,$LK3,$LR3,$LY3,$MF3,$MM3,$MT3,$NA3,$NH3,$NO3,$NV3,$OC3,$OJ3,$OQ3,$OX3,$PE3,$PL3,$PS3,$PZ3,$QG3,$QN3,$QU3,$RB3,$RI3,$RP3,$RW3,$SD3,$SK3,$SR3,$SY3,$TF3,$TM3,$TT3,$UA3,$UH3,$UO3,$UV3,$VC3,$VJ3,$VQ3) -> 0 | WD3: =MAX($B3,$I3,$P3,$W3,$AD3,$AK3,$AR3,$AY3,$BF3,$BM3,$BT3,$CA3,$CH3,$CO3,$CV3,$DC3,$DJ3,$DQ3,$DX3,$EE3,$EL3,$ES3,$EZ3,$FG3,$FN3,$FU3,$GB3,$GI3,$GP3,$GW3,$HD3,$HK3,$HR3,$HY3,$IF3,$IM3,$IT3,$JA3,$JH3,$JO3,$JV3,$KC3,$KJ3,$KQ3,$KX3,$LE3,$LL3,$LS3,$LZ3,$MG3,$MN3,$MU3,$NB3,$NI3,$NP3,$NW3,$OD3,$OK3,$OR3,$OY3,$PF3,$PM3,$PT3,$QA3,$QH3,$QO3,$QV3,$RC3,$RJ3,$RQ3,$RX3,$SE3,$SL3,$SS3,$SZ3,$TG3,$TN3,$TU3,$UB3,$UI3,$UP3,$UW3,$VD3,$VK3) -> 0 | WE3: =MAX($C3,$J3,$Q3,$X3,$AE3,$AL3,$AS3,$AZ3,$BG3,$BN3,$BU3,$CB3,$CI3,$CP3,$CW3,$DD3,$DK3,$DR3,$DY3,$EF3,$EM3,$ET3,$FA3,$FH3,$FO3,$FV3,$GC3,$GJ3,$GQ3,$GX3,$HE3,$HL3,$HS3,$HZ3,$IG3,$IN3,$IU3,$JB3,$JI3,$JP3,$JW3,$KD3,$KK3,$KR3,$KY3,$LF3,$LM3,$LT3,$MA3,$MH3,$MO3,$MV3,$NC3,$NJ3,$NQ3,$NX3,$OE3,$OL3,$OS3,$OZ3,$PG3,$PN3,$PU3,$QB3,$QI3,$QP3,$QW3,$RD3,$RK3,$RR3,$RY3,$SF3,$SM3,$ST3,$TA3,$TH3,$TO3,$TV3,$UC3,$UJ3,$UQ3,$UX3,$VE3,$VL3) -> 0 | WF3: =MAX($E3,$L3,$S3,$Z3,$AG3,$AN3,$AU3,$BB3,$BI3,$BP3,$BW3,$CD3,$CK3,$CR3,$CY3,$DF3,$DM3,$DT3,$EA3,$EH3,$EO3,$EV3,$FC3,$FJ3,$FQ3,$FX3,$GE3,$GL3,$GS3,$GZ3,$HG3,$HN3,$HU3,$IB3,$II3,$IP3,$IW3,$JD3,$JK3,$JR3,$JY3,$KF3,$KM3,$KT3,$LA3,$LH3,$LO3,$LV3,$MC3,$MJ3,$MQ3,$MX3,$NE3,$NL3,$NS3,$NZ3,$OG3,$ON3,$OU3,$PB3,$PI3,$PP3,$PW3,$QD3,$QK3,$QR3,$QY3,$RF3,$RM3,$RT3,$SA3,$SH3,$SO3,$SV3,$TC3,$TJ3,$TQ3,$TX3,$UE3,$UL3,$US3,$UZ3,$VG3,$VN3) -> 0 | WG3: =MAX($F3,$M3,$T3,$AA3,$AH3,$AO3,$AV3,$BC3,$BJ3,$BQ3,$BX3,$CE3,$CL3,$CS3,$CZ3,$DG3,$DN3,$DU3,$EB3,$EI3,$EP3,$EW3,$FD3,$FK3,$FR3,$FY3,$GF3,$GM3,$GT3,$HA3,$HH3,$HO3,$HV3,$IC3,$IJ3,$IQ3,$IX3,$JE3,$JL3,$JS3,$JZ3,$KG3,$KN3,$KU3,$LB3,$LI3,$LP3,$LW3,$MD3,$MK3,$MR3,$MY3,$NF3,$NM3,$NT3,$OA3,$OH3,$OO3,$OV3,$PC3,$PJ3,$PQ3,$PX3,$QE3,$QL3,$QS3,$QZ3,$RG3,$RN3,$RU3,$SB3,$SI3,$SP3,$SW3,$TD3,$TK3,$TR3,$TY3,$UF3,$UM3,$UT3,$VA3,$VH3,$VO3) -> 0 | WH3: =MAX($G3,$N3,$U3,$AB3,$AI3,$AP3,$AW3,$BD3,$BK3,$BR3,$BY3,$CF3,$CM3,$CT3,$DA3,$DH3,$DO3,$DV3,$EC3,$EJ3,$EQ3,$EX3,$FE3,$FL3,$FS3,$FZ3,$GG3,$GN3,$GU3,$HB3,$HI3,$HP3,$HW3,$ID3,$IK3,$IR3,$IY3,$JF3,$JM3,$JT3,$KA3,$KH3,$KO3,$KV3,$LC3,$LJ3,$LQ3,$LX3,$ME3,$ML3,$MS3,$MZ3,$NG3,$NN3,$NU3,$OB3,$OI3,$OP3,$OW3,$PD3,$PK3,$PR3,$PY3,$QF3,$QM3,$QT3,$RA3,$RH3,$RO3,$RV3,$SC3,$SJ3,$SQ3,$SX3,$TE3,$TL3,$TS3,$TZ3,$UG3,$UN3,$UU3,$VB3,$VI3,$VP3) -> 0 | WI3: =MAX($H3,$O3,$V3,$AC3,$AJ3,$AQ3,$AX3,$BE3,$BL3,$BS3,$BZ3,$CG3,$CN3,$CU3,$DB3,$DI3,$DP3,$DW3,$ED3,$EK3,$ER3,$EY3,$FF3,$FM3,$FT3,$GA3,$GH3,$GO3,$GV3,$HC3,$HJ3,$HQ3,$HX3,$IE3,$IL3,$IS3,$IZ3,$JG3,$JN3,$JU3,$KB3,$KI3,$KP3,$KW3,$LD3,$LK3,$LR3,$LY3,$MF3,$MM3,$MT3,$NA3,$NH3,$NO3,$NV3,$OC3,$OJ3,$OQ3,$OX3,$PE3,$PL3,$PS3,$PZ3,$QG3,$QN3,$QU3,$RB3,$RI3,$RP3,$RW3,$SD3,$SK3,$SR3,$SY3,$TF3,$TM3,$TT3,$UA3,$UH3,$UO3,$UV3,$VC3,$VJ3,$VQ3) -> 0
A4: instances/room_x8_y8_a3 | B4: 49.38 | C4: 0.76 | D4: SATISFIABLE | E4: 12688878 | F4: 41.389 | G4: 0.72 | H4: 0 | I4: 312.86 | J4: 243.42 | K4: SATISFIABLE | L4: 25716028 | M4: 305.357 | N4: 243.34 | O4: 0 | P4: 26.58 | Q4: 0.95 | R4: SATISFIABLE | S4: 3766468 | T4: 19.688 | U4: 0.92 | V4: 0 | W4: 45.88 | X4: 16.81 | Y4: SATISFIABLE | Z4: 5206728 | AA4: 37.788 | AB4: 16.78 | AC4: 0 | AD4: 91.8 | AE4: 15.52 | AF4: SATISFIABLE | AG4: 20582163 | AH4: 82.569 | AI4: 15.43 | AJ4: 0 | AK4: 159.16 | AL4: 9.62 | AM4: SATISFIABLE | AN4: 43609063 | AO4: 149.825 | AP4: 9.52 | AQ4: 0 | AR4: 31.56 | AS4: 0.5 | AT4: SATISFIABLE | AU4: 5178103 | AV4: 24.063 | AW4: 0.46 | AX4: 0 | AY4: 49.67 | AZ4: 4.87 | BA4: SATISFIABLE | BB4: 7575263 | BC4: 41.053 | BD4: 4.81 | BE4: 0 | BF4: 95.46 | BG4: 9.92 | BH4: SATISFIABLE | BI4: 29776348 | BJ4: 84.747 | BK4: 9.84 | BL4: 0 | BM4: 175.46 | BN4: 3.07 | BO4: SATISFIABLE | BP4: 65296123 | BQ4: 163.922 | BR4: 2.99 | BS4: 0 | BT4: 89.68 | BU4: 39.5 | BV4: SATISFIABLE | BW4: 6605263 | BX4: 79.998 | BY4: 39.42 | BZ4: 0 | CA4: 51.75 | CB4: 4.01 | CC4: SATISFIABLE | CD4: 10064073 | CE4: 41.589 | CF4: 3.96 | CG4: 0 | CH4: 132.79 | CI4: 21.06 | CJ4: SATISFIABLE | CK4: 39964933 | CL4: 121.534 | CM4: 20.98 | CN4: 0 | CO4: 609.38 | CP4: 362.55 | CQ4: SATISFIABLE | CR4: 90270708 | CS4: 597.004 | CT4: 362.37 | CU4: 0 | CV4: 58.87 | CW4: 5.21 | CX4: SATISFIABLE | CY4: 8021427 | CZ4: 47.023 | DA4: 5.14 | DB4: 0 | DC4: 70.6 | DD4: 11.92 | DE4: SATISFIABLE | DF4: 12566658 | DG4: 59.806 | DH4: 11.84 | DI4: 0 | DJ4: 167.36 | DK4: 25.56 | DL4: SATISFIABLE | DM4: 50862043 | DN4: 156.351 | DO4: 25.45 | DP4: 0 | DQ4: 683.44 | DR4: 241.56 | DS4: SATISFIABLE | DT4: 118046943 | DU4: 671.512 | DV4: 241.25 | DW4: 0 | DX4: 48.57 | DY4: 0 | DZ4: UNSATISFIABLE | EA4: 18660360 | EB4: 37.405 | EC4: 0 | ED4: 0 | EE4: 96.51 | EF4: 23.93 | EG4: SATISFIABLE | EH4: 14997143 | EI4: 83.764 | EJ4: 23.83 | EK4: 0 | EL4: 313 | EM4: 94.7 | EN4: SATISFIABLE | EO4: 62202428 | EP4: 300.345 | EQ4: 94.51 | ER4: 0 | ES4: 660.11 | ET4: 138.14 | EU4: SATISFIABLE | EV4: 148159578 | EW4: 647.491 | EX4: 137.87 | EY4: 0 | EZ4: 60.76 | FA4: 0 | FB4: UNSATISFIABLE | FC4: 21346280 | FD4: 49.654 | FE4: 0 | FF4: 0 | FG4: 150.03 | FH4: 46.8 | FI4: SATISFIABLE | FJ4: 17290278 | FK4: 137.408 | FL4: 46.67 | FM4: 0 | FN4: 336.39 | FO4: 87.62 | FP4: SATISFIABLE | FQ4: 73741463 | FR4: 323.316 | FS4: 87.44 | FT4: 0 | FU4: 1200 | FV4: 570.3 | FW4: UNKNOWN | FX4: 180163988 | FY4: 1193.365 | FZ4: 0 | GA4: 0 | GB4: 65.54 | GC4: 0 | GD4: UNSATISFIABLE | GE4: 24157750 | GF4: 53.986 | GG4: 0 | GH4: 0 | GI4: 170.95 | GJ4: 52.57 | GK4: SATISFIABLE | GL4: 19401438 | GM4: 157.621 | GN4: 52.43 | GO4: 0 | GP4: 34.36 | GQ4: 0.56 | GR4: SATISFIABLE | GS4: 3203441 | GT4: 26.108 | GU4: 0.45 | GV4: 0 | GW4: 36.24 | GX4: 2.84 | GY4: SATISFIABLE | GZ4: 3203441 | HA4: 27.636 | HB4: 2.76 | HC4: 0 | HD4: 36.22 | HE4: 2.51 | HF4: SATISFIABLE | HG4: 3203441 | HH4: 28.046 | HI4: 2.42 | HJ4: 0 | HK4: 36.21 | HL4: 0.55 | HM4: SATISFIABLE | HN4: 3203441 | HO4: 26.17 | HP4: 0.44 | HQ4: 0 | HR4: 60.65 | HS4: 19.71 | HT4: SATISFIABLE | HU4: 4372536 | HV4: 51.652 | HW4: 19.6 | HX4: 0 | HY4: 45.2 | HZ4: 2.71 | IA4: SATISFIABLE | IB4: 4372536 | IC4: 36.398 | ID4: 2.59 | IE4: 0 | IF4: 46.2 | IG4: 6.43 | IH4: SATISFIABLE | II4: 4372536 | IJ4: 37.562 | IK4: 6.32 | IL4: 0 | IM4: 55.22 | IN4: 14.88 | IO4: SATISFIABLE | IP4: 4372536 | IQ4: 46.463 | IR4: 14.78 | IS4: 0 | IT4: 82.41 | IU4: 36.85 | IV4: SATISFIABLE | IW4: 5625856 | IX4: 72.953 | IY4: 36.7 | IZ4: 0 | JA4: 137.8 | JB4: 85.57 | JC4: SATISFIABLE | JD4: 5625856 | JE4: 128.198 | JF4: 85.43 | JG4: 0 | JH4: 59.95 | JI4: 6.36 | JJ4: SATISFIABLE | JK4: 5625856 | JL4: 50.306 | JM4: 6.22 | JN4: 0 | JO4: 58.41 | JP4: 4.88 | JQ4: SATISFIABLE | JR4: 5625856 | JS4: 48.204 | JT4: 4.72 | JU4: 0 | JV4: 78.83 | JW4: 21.77 | JX4: SATISFIABLE | JY4: 6963401 | JZ4: 69.258 | KA4: 21.64 | KB4: 0 | KC4: 71.89 | KD4: 15.65 | KE4: SATISFIABLE | KF4: 6963401 | KG4: 62.276 | KH4: 15.53 | KI4: 0 | KJ4: 64.09 | KK4: 5.91 | KL4: SATISFIABLE | KM4: 6963401 | KN4: 55.089 | KO4: 5.77 | KP4: 0 | KQ4: 81.89 | KR4: 24.86 | KS4: SATISFIABLE | KT4: 6963401 | KU4: 72.751 | KV4: 24.73 | KW4: 0 | KX4: 136.46 | KY4: 62.02 | KZ4: SATISFIABLE | LA4: 8385171 | LB4: 125.593 | LC4: 61.84 | LD4: 0 | LE4: 154.04 | LF4: 85.63 | LG4: SATISFIABLE | LH4: 8385171 | LI4: 144.121 | LJ4: 85.49 | LK4: 0 | LL4: 77.79 | LM4: 0 | LN4: UNSATISFIABLE | LO4: 16770342 | LP4: 66.561 | LQ4: 0 | LR4: 0 | LS4: 116.36 | LT4: 45.31 | LU4: SATISFIABLE | LV4: 8385171 | LW4: 104.739 | LX4: 45.1 | LY4: 0 | LZ4: 480.28 | MA4: 402.26 | MB4: SATISFIABLE | MC4: 9891166 | MD4: 466.641 | ME4: 402.07 | MF4: 0 | MG4: 194.77 | MH4: 116.89 | MI4: SATISFIABLE | MJ4: 9891166 | MK4: 181.339 | ML4: 116.71 | MM4: 0 | MN4: 76.19 | MO4: 0 | MP4: UNSATISFIABLE | MQ4: 19782332 | MR4: 61.819 | MS4: 0 | MT4: 0 | MU4: 119.96 | MV4: 39.82 | MW4: SATISFIABLE | MX4: 9891166 | MY4: 106.255 | MZ4: 39.64 | NA4: 0 | NB4: 147.94 | NC4: 49.94 | ND4: SATISFIABLE | NE4: 11481386 | NF4: 126.343 | NG4: 49.71 | NH4: 0 | NI4: 162.19 | NJ4: 72.22 | NK4: SATISFIABLE | NL4: 11481386 | NM4: 147.572 | NN4: 72.01 | NO4: 0 | NP4: 89 | NQ4: 0 | NR4: UNSATISFIABLE | NS4: 22962772 | NT4: 73.688 | NU4: 0 | NV4: 0 | NW4: 145.76 | NX4: 52.32 | NY4: SATISFIABLE | NZ4: 11481386 | OA4: 132.693 | OB4: 52.14 | OC4: 0 | OD4: 40.96 | OE4: 7.09 | OF4: SATISFIABLE | OG4: 3203441 | OH4: 32.409 | OI4: 7.01 | OJ4: 0 | OK4: 40.92 | OL4: 7.08 | OM4: SATISFIABLE | ON4: 3203441 | OO4: 32.565 | OP4: 7 | OQ4: 0 | OR4: 35.51 | OS4: 5.63 | OT4: SATISFIABLE | OU4: 3203441 | OV4: 25.862 | OW4: 5.57 | OX4: 0 | OY4: 34.19 | OZ4: 5.63 | PA4: SATISFIABLE | PB4: 3203441 | PC4: 26.25 | PD4: 5.55 | PE4: 0 | PF4: 55.87 | PG4: 16.2 | PH4: SATISFIABLE | PI4: 4372536 | PJ4: 48.033 | PK4: 16.1 | PL4: 0 | PM4: 62.4 | PN4: 21.26 | PO4: SATISFIABLE | PP4: 4372536 | PQ4: 53.406 | PR4: 21.15 | PS4: 0 | PT4: 58.26 | PU4: 14.05 | PV4: SATISFIABLE | PW4: 4372536 | PX4: 48.956 | PY4: 13.94 | PZ4: 0 | QA4: 54.62 | QB4: 16.97 | QC4: SATISFIABLE | QD4: 4372536 | QE4: 46.23 | QF4: 16.87 | QG4: 0 | QH4: 51.49 | QI4: 4.64 | QJ4: SATISFIABLE | QK4: 5625856 | QL4: 42.671 | QM4: 4.54 | QN4: 0 | QO4: 58.06 | QP4: 6 | QQ4: SATISFIABLE | QR4: 5625856 | QS4: 48.316 | QT4: 5.86 | QU4: 0 | QV4: 60.65 | QW4: 6.73 | QX4: SATISFIABLE | QY4: 5625856 | QZ4: 50.984 | RA4: 6.59 | RB4: 0 | RC4: 59.62 | RD4: 5.95 | RE4: SATISFIABLE | RF4: 5625856 | RG4: 50.127 | RH4: 5.81 | RI4: 0 | RJ4: 66.87 | RK4: 7.3 | RL4: SATISFIABLE | RM4: 6963401 | RN4: 57.491 | RO4: 7.16 | RP4: 0 | RQ4: 70.71 | RR4: 7.13 | RS4: SATISFIABLE | RT4: 6963401 | RU4: 61.128 | RV4: 7 | RW4: 0 | RX4: 59.82 | RY4: 2.25 | RZ4: SATISFIABLE | SA4: 6963401 | SB4: 50.48 | SC4: 2.12 | SD4: 0 | SE4: 76 | SF4: 8.96 | SG4: SATISFIABLE | SH4: 6963401 | SI4: 65.479 | SJ4: 8.8 | SK4: 0 | SL4: 110.08 | SM4: 26.19 | SN4: SATISFIABLE | SO4: 8385171 | SP4: 98.2 | SQ4: 25.99 | SR4: 0 | SS4: 110.71 | ST4: 26.59 | SU4: SATISFIABLE | SV4: 8385171 | SW4: 98.873 | SX4: 26.39 | SY4: 0 | SZ4: 75.67 | TA4: 0 | TB4: UNSATISFIABLE | TC4: 8385171 | TD4: 64.789 | TE4: 0 | TF4: 0 | TG4: 92.59 | TH4: 8.57 | TI4: SATISFIABLE | TJ4: 8385171 | TK4: 81.225 | TL4: 8.37 | TM4: 0 | TN4: 107.92 | TO4: 28.9 | TP4: SATISFIABLE | TQ4: 9891166 | TR4: 95.777 | TS4: 28.74 | TT4: 0 | TU4: 107.82 | TV4: 28.85 | TW4: SATISFIABLE | TX4: 9891166 | TY4: 95.631 | TZ4: 28.68 | UA4: 0 | UB4: 75 | UC4: 0 | UD4: UNSATISFIABLE | UE4: 9891166 | UF4: 63.499 | UG4: 0 | UH4: 0 | UI4: 93.35 | UJ4: 13.1 | UK4: SATISFIABLE | UL4: 9891166 | UM4: 80.007 | UN4: 12.94 | UO4: 0 | UP4: 113.55 | UQ4: 22 | UR4: SATISFIABLE | US4: 11481386 | UT4: 101.425 | UU4: 21.83 | UV4: 0 | UW4: 113.93 | UX4: 21.97 | UY4: SATISFIABLE | UZ4: 11481386 | VA4: 101.154 | VB4: 21.79 | VC4: 0 | VD4: 90.42 | VE4: 0 | VF4: UNSATISFIABLE | VG4: 11481386 | VH4: 75.992 | VI4: 0 | VJ4: 0 | VK4: 105.97 | VL4: 12.86 | VM4: SATISFIABLE | VN4: 11481386 | VO4: 92.547 | VP4: 12.68 | VQ4: 0 | VR4: =MIN($B4,$I4,$P4,$W4,$AD4,$AK4,$AR4,$AY4,$BF4,$BM4,$BT4,$CA4,$CH4,$CO4,$CV4,$DC4,$DJ4,$DQ4,$DX4,$EE4,$EL4,$ES4,$EZ4,$FG4,$FN4,$FU4,$GB4,$GI4,$GP4,$GW4,$HD4,$HK4,$HR4,$HY4,$IF4,$IM4,$IT4,$JA4,$JH4,$JO4,$JV4,$KC4,$KJ4,$KQ4,$KX4,$LE4,$LL4,$LS4,$LZ4,$MG4,$MN4,$MU4,$NB4,$NI4,$NP4,$NW4,$OD4,$OK4,$OR4,$OY4,$PF4,$PM4,$PT4,$QA4,$QH4,$QO4,$QV4,$RC4,$RJ4,$RQ4,$RX4,$SE4,$SL4,$SS4,$SZ4,$TG4,$TN4,$TU4,$UB4,$UI4,$UP4,$UW4,$VD4,$VK4) -> 0 | VS4: =MIN($C4,$J4,$Q4,$X4,$AE4,$AL4,$AS4,$AZ4,$BG4,$BN4,$BU4,$CB4,$CI4,$CP4,$CW4,$DD4,$DK4,$DR4,$DY4,$EF4,$EM4,$ET4,$FA4,$FH4,$FO4,$FV4,$GC4,$GJ4,$GQ4,$GX4,$HE4,$HL4,$HS4,$HZ4,$IG4,$IN4,$IU4,$JB4,$JI4,$JP4,$JW4,$KD4,$KK4,$KR4,$KY4,$LF4,$LM4,$LT4,$MA4,$MH4,$MO4,$MV4,$NC4,$NJ4,$NQ4,$NX4,$OE4,$OL4,$OS4,$OZ4,$PG4,$PN4,$PU4,$QB4,$QI4,$QP4,$QW4,$RD4,$RK4,$RR4,$RY4,$SF4,$SM4,$ST4,$TA4,$TH4,$TO4,$TV4,$UC4,$UJ4,$UQ4,$UX4,$VE4,$VL4) -> 0 | VT4: =MIN($E4,$L4,$S4,$Z4,$AG4,$AN4,$AU4,$BB4,$BI4,$BP4,$BW4,$CD4,$CK4,$CR4,$CY4,$DF4,$DM4,$DT4,$EA4,$EH4,$EO4,$EV4,$FC4,$FJ4,$FQ4,$FX4,$GE4,$GL4,$GS4,$GZ4,$HG4,$HN4,$HU4,$IB4,$II4,$IP4,$IW4,$JD4,$JK4,$JR4,$JY4,$KF4,$KM4,$KT4,$LA4,$LH4,$LO4,$LV4,$MC4,$MJ4,$MQ4,$MX4,$NE4,$NL4,$NS4,$NZ4,$OG4,$ON4,$OU4,$PB4,$PI4,$PP4,$PW4,$QD4,$QK4,$QR4,$QY4,$RF4,$RM4,$RT4,$SA4,$SH4,$SO4,$SV4,$TC4,$TJ4,$TQ4,$TX4,$UE4,$UL4,$US4,$UZ4,$VG4,$VN4) -> 0 | VU4: =MIN($F4,$M4,$T4,$AA4,$AH4,$AO4,$AV4,$BC4,$BJ4,$BQ4,$BX4,$CE4,$CL4,$CS4,$CZ4,$DG4,$DN4,$DU4,$EB4,$EI4,$EP4,$EW4,$FD4,$FK4,$FR4,$FY4,$GF4,$GM4,$GT4,$HA4,$HH4,$HO4,$HV4,$IC4,$IJ4,$IQ4,$IX4,$JE4,$JL4,$JS4,$JZ4,$KG4,$KN4,$KU4,$LB4,$LI4,$LP4,$LW4,$MD4,$MK4,$MR4,$MY4,$NF4,$NM4,$NT4,$OA4,$OH4,$OO4,$OV4,$PC4,$PJ4,$PQ4,$PX4,$QE4,$QL4,$QS4,$QZ4,$RG4,$RN4,$RU4,$SB4,$SI4,$SP4,$SW4,$TD4,$TK4,$TR4,$TY4,$UF4,$UM4,$UT4,$VA4,$VH4,$VO4) -> 0 | VV4: =MIN($G4,$N4,$U4,$AB4,$AI4,$AP4,$AW4,$BD4,$BK4,$BR4,$BY4,$CF4,$CM4,$CT4,$DA4,$DH4,$DO4,$DV4,$EC4,$EJ4,$EQ4,$EX4,$FE4,$FL4,$FS4,$FZ4,$GG4,$GN4,$GU4,$HB4,$HI4,$HP4,$HW4,$ID4,$IK4,$IR4,$IY4,$JF4,$JM4,$JT4,$KA4,$KH4,$KO4,$KV4,$LC4,$LJ4,$LQ4,$LX4,$ME4,$ML4,$MS4,$MZ4,$NG4,$NN4,$NU4,$OB4,$OI4,$OP4,$OW4,$PD4,$PK4,$PR4,$PY4,$QF4,$QM4,$QT4,$RA4,$RH4,$RO4,$RV4,$SC4,$SJ4,$SQ4,$SX4,$TE4,$TL4,$TS4,$TZ4,$UG4,$UN4,$UU4,$VB4,$VI4,$VP4) -> 0 | VW4: =MIN($H4,$O4,$V4,$AC4,$AJ4,$AQ4,$AX4,$BE4,$BL4,$BS4,$BZ4,$CG4,$CN4,$CU4,$DB4,$DI4,$DP4,$DW4,$ED4,$EK4,$ER4,$EY4,$FF4,$FM4,$FT4,$GA4,$GH4,$GO4,$GV4,$HC4,$HJ4,$HQ4,$HX4,$IE4,$IL4,$IS4,$IZ4,$JG4,$JN4,$JU4,$KB4,$KI4,$KP4,$KW4,$LD4,$LK4,$LR4,$LY4,$MF4,$MM4,$MT4,$NA4,$NH4,$NO4,$NV4,$OC4,$OJ4,$OQ4,$OX4,$PE4,$PL4,$PS4,$PZ4,$QG4,$QN4,$QU4,$RB4,$RI4,$RP4,$RW4,$SD4,$SK4,$SR4,$SY4,$TF4,$TM4,$TT4,$UA4,$UH4,$UO4,$UV4,$VC4,$VJ4,$VQ4) -> 0 | VX4: =MEDIAN($B4,$I4,$P4,$W4,$AD4,$AK4,$AR4,$AY4,$BF4,$BM4,$BT4,$CA4,$CH4,$CO4,$CV4,$DC4,$DJ4,$DQ4,$DX4,$EE4,$EL4,$ES4,$EZ4,$FG4,$FN4,$FU4,$GB4,$GI4,$GP4,$GW4,$HD4,$HK4,$HR4,$HY4,$IF4,$IM4,$IT4,$JA4,$JH4,$JO4,$JV4,$KC4,$KJ4,$KQ4,$KX4,$LE4,$LL4,$LS4,$LZ4,$MG4,$MN4,$MU4,$NB4,$NI4,$NP4,$NW4,$OD4,$OK4,$OR4,$OY4,$PF4,$PM4,$PT4,$QA4,$QH4,$QO4,$QV4,$RC4,$RJ4,$RQ4,$RX4,$SE4,$SL4,$SS4,$SZ4,$TG4,$TN4,$TU4,$UB4,$UI4,$UP4,$UW4,$VD4,$VK4) -> 0 | VY4: =MEDIAN($C4,$J4,$Q4,$X4,$AE4,$AL4,$AS4,$AZ4,$BG4,$BN4,$BU4,$CB4,$CI4,$CP4,$CW4,$DD4,$DK4,$DR4,$DY4,$EF4,$EM4,$ET4,$FA4,$FH4,$FO4,$FV4,$GC4,$GJ4,$GQ4,$GX4,$HE4,$HL4,$HS4,$HZ4,$IG4,$IN4,$IU4,$JB4,$JI4,$JP4,$JW4,$KD4,$KK4,$KR4,$KY4,$LF4,$LM4,$LT4,$MA4,$MH4,$MO4,$MV4,$NC4,$NJ4,$NQ4,$NX4,$OE4,$OL4,$OS4,$OZ4,$PG4,$PN4,$PU4,$QB4,$QI4,$QP4,$QW4,$RD4,$RK4,$RR4,$RY4,$SF4,$SM4,$ST4,$TA4,$TH4,$TO4,$TV4,$UC4,$UJ4,$UQ4,$UX4,$VE4,$VL4) -> 0 | VZ4: =MEDIAN($E4,$L4,$S4,$Z4,$AG4,$AN4,$AU4,$BB4,$BI4,$BP4,$BW4,$CD4,$CK4,$CR4,$CY4,$DF4,$DM4,$DT4,$EA4,$EH4,$EO4,$EV4,$FC4,$FJ4,$FQ4,$FX4,$GE4,$GL4,$GS4,$GZ4,$HG4,$HN4,$HU4,$IB4,$II4,$IP4,$IW4,$JD4,$JK4,$JR4,$JY4,$KF4,$KM4,$KT4,$LA4,$LH4,$LO4,$LV4,$MC4,$MJ4,$MQ4,$MX4,$NE4,$NL4,$NS4,$NZ4,$OG4,$ON4,$OU4,$PB4,$PI4,$PP4,$PW4,$QD4,$QK4,$QR4,$QY4,$RF4,$RM4,$RT4,$SA4,$SH4,$SO4,$SV4,$TC4,$TJ4,$TQ4,$TX4,$UE4,$UL4,$US4,$UZ4,$VG4,$VN4) -> 0 | WA4: =MEDIAN($F4,$M4,$T4,$AA4,$AH4,$AO4,$AV4,$BC4,$BJ4,$BQ4,$BX4,$CE4,$CL4,$CS4,$CZ4,$DG4,$DN4,$DU4,$EB4,$EI4,$EP4,$EW4,$FD4,$FK4,$FR4,$FY4,$GF4,$GM4,$GT4,$HA4,$HH4,$HO4,$HV4,$IC4,$IJ4,$IQ4,$IX4,$JE4,$JL4,$JS4,$JZ4,$KG4,$KN4,$KU4,$LB4,$LI4,$LP4,$LW4,$MD4,$MK4,$MR4,$MY4,$NF4,$NM4,$NT4,$OA4,$OH4,$OO4,$OV4,$PC4,$PJ4,$PQ4,$PX4,$QE4,$QL4,$QS4,$QZ4,$RG4,$RN4,$RU4,$SB4,$SI4,$SP4,$SW4,$TD4,$TK4,$TR4,$TY4,$UF4,$UM4,$UT4,$VA4,$VH4,$VO4) -> 0 | WB4: =MEDIAN($G4,$N4,$U4,$AB4,$AI4,$AP4,$AW4,$BD4,$BK4,$BR4,$BY4,$CF4,$CM4,$CT4,$DA4,$DH4,$DO4,$DV4,$EC4,$EJ4,$EQ4,$EX4,$FE4,$FL4,$FS4,$FZ4,$GG4,$GN4,$GU4,$HB4,$HI4,$HP4,$HW4,$ID4,$IK4,$IR4,$IY4,$JF4,$JM4,$JT4,$KA4,$KH4,$KO4,$KV4,$LC4,$LJ4,$LQ4,$LX4,$ME4,$ML4,$MS4,$MZ4,$NG4,$NN4,$NU4,$OB4,$OI4,$OP4,$OW4,$PD4,$PK4,$PR4,$PY4,$QF4,$QM4,$QT4,$RA4,$RH4,$RO4,$RV4,$SC4,$SJ4,$SQ4,$SX4,$TE4,$TL4,$TS4,$TZ4,$UG4,$UN4,$UU4,$VB4,$VI4,$VP4) -> 0 | WC4: =MEDIAN($H4,$O4,$V4,$AC4,$AJ4,$AQ4,$AX4,$BE4,$BL4,$BS4,$BZ4,$CG4,$CN4,$CU4,$DB4,$DI4,$DP4,$DW4,$ED4,$EK4,$ER4,$EY4,$FF4,$FM4,$FT4,$GA4,$GH4,$GO4,$GV4,$HC4,$HJ4,$HQ4,$HX4,$IE4,$IL4,$IS4,$IZ4,$JG4,$JN4,$JU4,$KB4,$KI4,$KP4,$KW4,$LD4,$LK4,$LR4,$LY4,$MF4,$MM4,$MT4,$NA4,$NH4,$NO4,$NV4,$OC4,$OJ4,$OQ4,$OX4,$PE4,$PL4,$PS4,$PZ4,$QG4,$QN4,$QU4,$RB4,$RI4,$RP4,$RW4,$SD4,$SK4,$SR4,$SY4,$TF4,$TM4,$TT4,$UA4,$UH4,$UO4,$UV4,$VC4,$VJ4,$VQ4) -> 0 | WD4: =MAX($B4,$I4,$P4,$W4,$AD4,$AK4,$AR4,$AY4,$BF4,$BM4,$BT4,$CA4,$CH4,$CO4,$CV4,$DC4,$DJ4,$DQ4,$DX4,$EE4,$EL4,$ES4,$EZ4,$FG4,$FN4,$FU4,$GB4,$GI4,$GP4,$GW4,$HD4,$HK4,$HR4,$HY4,$IF4,$IM4,$IT4,$JA4,$JH4,$JO4,$JV4,$KC4,$KJ4,$KQ4,$KX4,$LE4,$LL4,$LS4,$LZ4,$MG4,$MN4,$MU4,$NB4,$NI4,$NP4,$NW4,$OD4,$OK4,$OR4,$OY4,$PF4,$PM4,$PT4,$QA4,$QH4,$QO4,$QV4,$RC4,$RJ4,$RQ4,$RX4,$SE4,$SL4,$SS4,$SZ4,$TG4,$TN4,$TU4,$UB4,$UI4,$UP4,$UW4,$VD4,$VK4) -> 0 | WE4: =MAX($C4,$J4,$Q4,$X4,$AE4,$AL4,$AS4,$AZ4,$BG4,$BN4,$BU4,$CB4,$CI4,$CP4,$CW4,$DD4,$DK4,$DR4,$DY4,$EF4,$EM4,$ET4,$FA4,$FH4,$FO4,$FV4,$GC4,$GJ4,$GQ4,$GX4,$HE4,$HL4,$HS4,$HZ4,$IG4,$IN4,$IU4,$JB4,$JI4,$JP4,$JW4,$KD4,$KK4,$KR4,$KY4,$LF4,$LM4,$LT4,$MA4,$MH4,$MO4,$MV4,$NC4,$NJ4,$NQ4,$NX4,$OE4,$OL4,$OS4,$OZ4,$PG4,$PN4,$PU4,$QB4,$QI4,$QP4,$QW4,$RD4,$RK4,$RR4,$RY4,$SF4,$SM4,$ST4,$TA4,$TH4,$TO4,$TV4,$UC4,$UJ4,$UQ4,$UX4,$VE4,$VL4) -> 0 | WF4: =MAX($E4,$L4,$S4,$Z4,$AG4,$AN4,$AU4,$BB4,$BI4,$BP4,$BW4,$CD4,$CK4,$CR4,$CY4,$DF4,$DM4,$DT4,$EA4,$EH4,$EO4,$EV4,$FC4,$FJ4,$FQ4,$FX4,$GE4,$GL4,$GS4,$GZ4,$HG4,$HN4,$HU4,$IB4,$II4,$IP4,$IW4,$JD4,$JK4,$JR4,$JY4,$KF4,$KM4,$KT4,$LA4,$LH4,$LO4,$LV4,$MC4,$MJ4,$MQ4,$MX4,$NE4,$NL4,$NS4,$NZ4,$OG4,$ON4,$OU4,$PB4,$PI4,$PP4,$PW4,$QD4,$QK4,$QR4,$QY4,$RF4,$RM4,$RT4,$SA4,$SH4,$SO4,$SV4,$TC4,$TJ4,$TQ4,$TX4,$UE4,$UL4,$US4,$UZ4,$VG4,$VN4) -> 0 | WG4: =MAX($F4,$M4,$T4,$AA4,$AH4,$AO4,$AV4,$BC4,$BJ4,$BQ4,$BX4,$CE4,$CL4,$CS4,$CZ4,$DG4,$DN4,$DU4,$EB4,$EI4,$EP4,$EW4,$FD4,$FK4,$FR4,$FY4,$GF4,$GM4,$GT4,$HA4,$HH4,$HO4,$HV4,$IC4,$IJ4,$IQ4,$IX4,$JE4,$JL4,$JS4,$JZ4,$KG4,$KN4,$KU4,$LB4,$LI4,$LP4,$LW4,$MD4,$MK4,$MR4,$MY4,$NF4,$NM4,$NT4,$OA4,$OH4,$OO4,$OV4,$PC4,$PJ4,$PQ4,$PX4,$QE4,$QL4,$QS4,$QZ4,$RG4,$RN4,$RU4,$SB4,$SI4,$SP4,$SW4,$TD4,$TK4,$TR4,$TY4,$UF4,$UM4,$UT4,$VA4,$VH4,$VO4) -> 0 | WH4: =MAX($G4,$N4,$U4,$AB4,$AI4,$AP4,$AW4,$BD4,$BK4,$BR4,$BY4,$CF4,$CM4,$CT4,$DA4,$DH4,$DO4,$DV4,$EC4,$EJ4,$EQ4,$EX4,$FE4,$FL4,$FS4,$FZ4,$GG4,$GN4,$GU4,$HB4,$HI4,$HP4,$HW4,$ID4,$IK4,$IR4,$IY4,$JF4,$JM4,$JT4,$KA4,$KH4,$KO4,$KV4,$LC4,$LJ4,$LQ4,$LX4,$ME4,$ML4,$MS4,$MZ4,$NG4,$NN4,$NU4,$OB4,$OI4,$OP4,$OW4,$PD4,$PK4,$PR4,$PY4,$QF4,$QM4,$QT4,$RA4,$RH4,$RO4,$RV4,$SC4,$SJ4,$SQ4,$SX4,$TE4,$TL4,$TS4,$TZ4,$UG4,$UN4,$UU4,$VB4,$VI4,$VP4) -> 0 | WI4: =MAX($H4,$O4,$V4,$AC4,$AJ4,$AQ4,$AX4,$BE4,$BL4,$BS4,$BZ4,$CG4,$CN4,$CU4,$DB4,$DI4,$DP4,$DW4,$ED4,$EK4,$ER4,$EY4,$FF4,$FM4,$FT4,$GA4,$GH4,$GO4,$GV4,$HC4,$HJ4,$HQ4,$HX4,$IE4,$IL4,$IS4,$IZ4,$JG4,$JN4,$JU4,$KB4,$KI4,$KP4,$KW4,$LD4,$LK4,$LR4,$LY4,$MF4,$MM4,$MT4,$NA4,$NH4,$NO4,$NV4,$OC4,$OJ4,$OQ4,$OX4,$PE4,$PL4,$PS4,$PZ4,$QG4,$QN4,$QU4,$RB4,$RI4,$RP4,$RW4,$SD4,$SK4,$SR4,$SY4,$TF4,$TM4,$TT4,$UA4,$UH4,$UO4,$UV4,$VC4,$VJ4,$VQ4) -> 0
A5: instances/warehouse_x8_y8_a3 | B5: 1200 | C5: 1173.91 | D5: UNKNOWN | E5: 10365798 | F5: 1194.545 | G5: 0 | H5: 0 | I5: 1200 | J5: 1143.66 | K5: UNKNOWN | L5: 23392948 | M5: 1193.569 | N5: 0 | O5: 0 | P5: 1200 | Q5: 1186.86 | R5: UNKNOWN | S5: 1443388 | T5: 1193.814 | U5: 0 | V5: 0 | W5: 1200 | X5: 1184.76 | Y5: UNKNOWN | Z5: 2883648 | AA5: 1193.951 | AB5: 0 | AC5: 0 | AD5: 393.14 | AE5: 341.24 | AF5: SATISFIABLE | AG5: 17448298 | AH5: 386.262 | AI5: 341.16 | AJ5: 0 | AK5: 1010.3 | AL5: 891.08 | AM5: SATISFIABLE | AN5: 40475198 | AO5: 1003.246 | AP5: 890.94 | AQ5: 0 | AR5: 17.92 | AS5: 3.87 | AT5: SATISFIABLE | AU5: 2044238 | AV5: 11.019 | AW5: 3.85 | AX5: 0 | AY5: 72.66 | AZ5: 53.33 | BA5: SATISFIABLE | BB5: 4441398 | BC5: 66.246 | BD5: 53.29 | BE5: 0 | BF5: 212.62 | BG5: 151.85 | BH5: SATISFIABLE | BI5: 25787598 | BJ5: 203.255 | BK5: 151.74 | BL5: 0 | BM5: 157.54 | BN5: 9.12 | BO5: SATISFIABLE | BP5: 61307373 | BQ5: 147.736 | BR5: 9.05 | BS5: 0 | BT5: 22.2 | BU5: 1.73 | BV5: SATISFIABLE | BW5: 2616513 | BX5: 14.858 | BY5: 1.69 | BZ5: 0 | CA5: 51.25 | CB5: 28.02 | CC5: SATISFIABLE | CD5: 6075323 | CE5: 42.86 | CF5: 27.99 | CG5: 0 | CH5: 93.13 | CI5: 11.27 | CJ5: SATISFIABLE | CK5: 35077198 | CL5: 83.205 | CM5: 11.21 | CN5: 0 | CO5: 406.14 | CP5: 192.23 | CQ5: SATISFIABLE | CR5: 85382973 | CS5: 395.801 | CT5: 192.04 | CU5: 0 | CV5: 42.29 | CW5: 19.94 | CX5: SATISFIABLE | CY5: 3133692 | CZ5: 32.823 | DA5: 19.9 | DB5: 0 | DC5: 30.93 | DD5: 3.79 | DE5: SATISFIABLE | DF5: 7678923 | DG5: 22.702 | DH5: 3.75 | DI5: 0 | DJ5: 113.58 | DK5: 8.43 | DL5: SATISFIABLE | DM5: 45031223 | DN5: 103.837 | DO5: 8.37 | DP5: 0 | DQ5: 1093.58 | DR5: 686.84 | DS5: SATISFIABLE | DT5: 112216123 | DU5: 1084 | DV5: 686.57 | DW5: 0 | DX5: 18.25 | DY5: 0 | DZ5: UNSATISFIABLE | EA5: 7118480 | EB5: 10.302 | EC5: 0 | ED5: 0 | EE5: 34.17 | EF5: 1.17 | EG5: SATISFIABLE | EH5: 9166323 | EI5: 24.838 | EJ5: 1.12 | EK5: 0 | EL5: 180.79 | EM5: 11.39 | EN5: SATISFIABLE | EO5: 55384423 | EP5: 171.928 | EQ5: 11.3 | ER5: 0 | ES5: 638.91 | ET5: 103.43 | EU5: SATISFIABLE | EV5: 141341573 | EW5: 629.286 | EX5: 103.23 | EY5: 0 | EZ5: 22.19 | FA5: 0 | FB5: UNSATISFIABLE | FC5: 7997610 | FD5: 14.349 | FE5: 0 | FF5: 0 | FG5: 71.21 | FH5: 25.22 | FI5: SATISFIABLE | FJ5: 10472273 | FK5: 62.64 | FL5: 25.15 | FM5: 0 | FN5: 215.65 | FO5: 18.85 | FP5: SATISFIABLE | FQ5: 65892173 | FR5: 206.475 | FS5: 18.75 | FT5: 0 | FU5: 669.34 | FV5: 102.42 | FW5: SATISFIABLE | FX5: 172314698 | FY5: 659.699 | FZ5: 102.22 | GA5: 0 | GB5: 23.17 | GC5: 0 | GD5: UNSATISFIABLE | GE5: 8936140 | GF5: 15.661 | GG5: 0 | GH5: 0 | GI5: 101.22 | GJ5: 49.22 | GK5: SATISFIABLE | GL5: 11552148 | GM5: 92.864 | GN5: 49.14 | GO5: 0 | GP5: 240.54 | GQ5: 227.01 | GR5: SATISFIABLE | GS5: 879920 | GT5: 233.922 | GU5: 226.96 | GV5: 0 | GW5: 313.68 | GX5: 300.12 | GY5: SATISFIABLE | GZ5: 879920 | HA5: 306.817 | HB5: 300.08 | HC5: 0 | HD5: 184.46 | HE5: 167.68 | HF5: SATISFIABLE | HG5: 879920 | HH5: 174.78 | HI5: 167.64 | HJ5: 0 | HK5: 233.63 | HL5: 219.51 | HM5: SATISFIABLE | HN5: 879920 | HO5: 226.585 | HP5: 219.47 | HQ5: 0 | HR5: 58.97 | HS5: 43.45 | HT5: SATISFIABLE | HU5: 1238230 | HV5: 51.85 | HW5: 43.4 | HX5: 0 | HY5: 23.32 | HZ5: 7.92 | IA5: SATISFIABLE | IB5: 1238230 | IC5: 16.164 | ID5: 7.87 | IE5: 0 | IF5: 40.9 | IG5: 25.55 | IH5: SATISFIABLE | II5: 1238230 | IJ5: 33.624 | IK5: 25.5 | IL5: 0 | IM5: 37.91 | IN5: 21.42 | IO5: SATISFIABLE | IP5: 1238230 | IQ5: 30.468 | IR5: 21.36 | IS5: 0 | IT5: 28.34 | IU5: 7.77 | IV5: SATISFIABLE | IW5: 1636665 | IX5: 19.091 | IY5: 7.72 | IZ5: 0 | JA5: 34.19 | JB5: 14.01 | JC5: SATISFIABLE | JD5: 1636665 | JE5: 26.695 | JF5: 13.94 | JG5: 0 | JH5: 22.64 | JI5: 2 | JJ5: SATISFIABLE | JK5: 1636665 | JL5: 14.964 | JM5: 1.93 | JN5: 0 | JO5: 32.97 | JP5: 11.78 | JQ5: SATISFIABLE | JR5: 1636665 | JS5: 24.431 | JT5: 11.71 | JU5: 0 | JV5: 25.61 | JW5: 4.13 | JX5: SATISFIABLE | JY5: 2075225 | JZ5: 18.451 | KA5: 4.06 | KB5: 0 | KC5: 27.48 | KD5: 7.14 | KE5: SATISFIABLE | KF5: 2075225 | KG5: 20.754 | KH5: 7.07 | KI5: 0 | KJ5: 24.44 | KK5: 2.24 | KL5: SATISFIABLE | KM5: 2075225 | KN5: 17.254 | KO5: 2.18 | KP5: 0 | KQ5: 38.69 | KR5: 18.73 | KS5: SATISFIABLE | KT5: 2075225 | KU5: 31.784 | KV5: 18.66 | KW5: 0 | KX5: 77.2 | KY5: 50.83 | KZ5: SATISFIABLE | LA5: 2553910 | LB5: 69.45 | LC5: 50.73 | LD5: 0 | LE5: 29.03 | LF5: 3.9 | LG5: SATISFIABLE | LH5: 2553910 | LI5: 21.824 | LJ5: 3.81 | LK5: 0 | LL5: 27.94 | LM5: 0 | LN5: UNSATISFIABLE | LO5: 5107820 | LP5: 20.205 | LQ5: 0 | LR5: 0 | LS5: 53.86 | LT5: 28.3 | LU5: SATISFIABLE | LV5: 2553910 | LW5: 46.585 | LX5: 28.22 | LY5: 0 | LZ5: 183.01 | MA5: 153.79 | MB5: SATISFIABLE | MC5: 3072720 | MD5: 173.822 | ME5: 153.7 | MF5: 0 | MG5: 78.98 | MH5: 47.9 | MI5: SATISFIABLE | MJ5: 3072720 | MK5: 67.929 | ML5: 47.82 | MM5: 0 | MN5: 30.12 | MO5: 0 | MP5: UNSATISFIABLE | MQ5: 6145440 | MR5: 18.913 | MS5: 0 | MT5: 0 | MU5: 36.98 | MV5: 5.41 | MW5: SATISFIABLE | MX5: 3072720 | MY5: 26.249 | MZ5: 5.33 | NA5: 0 | NB5: 107.73 | NC5: 71.73 | ND5: SATISFIABLE | NE5: 3631655 | NF5: 96.714 | NG5: 71.63 | NH5: 0 | NI5: 59.07 | NJ5: 24.62 | NK5: SATISFIABLE | NL5: 3631655 | NM5: 49.55 | NN5: 24.52 | NO5: 0 | NP5: 32.66 | NQ5: 0 | NR5: UNSATISFIABLE | NS5: 7263310 | NT5: 23.532 | NU5: 0 | NV5: 0 | NW5: 46.56 | NX5: 8.43 | NY5: SATISFIABLE | NZ5: 3631655 | OA5: 35.525 | OB5: 8.34 | OC5: 0 | OD5: 19.35 | OE5: 6.47 | OF5: SATISFIABLE | OG5: 879920 | OH5: 12.375 | OI5: 6.43 | OJ5: 0 | OK5: 20.21 | OL5: 6.48 | OM5: SATISFIABLE | ON5: 879920 | OO5: 13.427 | OP5: 6.44 | OQ5: 0 | OR5: 25.97 | OS5: 10.37 | OT5: SATISFIABLE | OU5: 879920 | OV5: 15.962 | OW5: 10.33 | OX5: 0 | OY5: 19.41 | OZ5: 5.05 | PA5: SATISFIABLE | PB5: 879920 | PC5: 10.828 | PD5: 5.02 | PE5: 0 | PF5: 23.31 | PG5: 7.63 | PH5: SATISFIABLE | PI5: 1238230 | PJ5: 16.791 | PK5: 7.59 | PL5: 0 | PM5: 22.81 | PN5: 8.06 | PO5: SATISFIABLE | PP5: 1238230 | PQ5: 15.565 | PR5: 8.01 | PS5: 0 | PT5: 26.24 | PU5: 8.96 | PV5: SATISFIABLE | PW5: 1238230 | PX5: 18.702 | PY5: 8.9 | PZ5: 0 | QA5: 23.31 | QB5: 7.98 | QC5: SATISFIABLE | QD5: 1238230 | QE5: 16.16 | QF5: 7.94 | QG5: 0 | QH5: 51.09 | QI5: 30.31 | QJ5: SATISFIABLE | QK5: 1636665 | QL5: 43.382 | QM5: 30.25 | QN5: 0 | QO5: 41.15 | QP5: 22.9 | QQ5: SATISFIABLE | QR5: 1636665 | QS5: 33.823 | QT5: 22.85 | QU5: 0 | QV5: 33.33 | QW5: 12.42 | QX5: SATISFIABLE | QY5: 1636665 | QZ5: 25.593 | RA5: 12.36 | RB5: 0 | RC5: 52.46 | RD5: 31.39 | RE5: SATISFIABLE | RF5: 1636665 | RG5: 44.622 | RH5: 31.32 | RI5: 0 | RJ5: 32.81 | RK5: 11.25 | RL5: SATISFIABLE | RM5: 2075225 | RN5: 25.47 | RO5: 11.19 | RP5: 0 | RQ5: 35.07 | RR5: 12.81 | RS5: SATISFIABLE | RT5: 2075225 | RU5: 27.537 | RV5: 12.73 | RW5: 0 | RX5: 22.43 | RY5: 0.87 | RZ5: SATISFIABLE | SA5: 2075225 | SB5: 15.03 | SC5: 0.8 | SD5: 0 | SE5: 58.18 | SF5: 35.77 | SG5: SATISFIABLE | SH5: 2075225 | SI5: 50.608 | SJ5: 35.69 | SK5: 0 | SL5: 45.04 | SM5: 14.34 | SN5: SATISFIABLE | SO5: 2553910 | SP5: 36.768 | SQ5: 14.24 | SR5: 0 | SS5: 44.46 | ST5: 14.44 | SU5: SATISFIABLE | SV5: 2553910 | SW5: 36.659 | SX5: 14.34 | SY5: 0 | SZ5: 27.24 | TA5: 0 | TB5: UNSATISFIABLE | TC5: 2553910 | TD5: 18.951 | TE5: 0 | TF5: 0 | TG5: 38.69 | TH5: 7.71 | TI5: SATISFIABLE | TJ5: 2553910 | TK5: 30.342 | TL5: 7.61 | TM5: 0 | TN5: 38.11 | TO5: 8.49 | TP5: SATISFIABLE | TQ5: 3072720 | TR5: 29.614 | TS5: 8.41 | TT5: 0 | TU5: 39.66 | TV5: 8.47 | TW5: SATISFIABLE | TX5: 3072720 | TY5: 29.639 | TZ5: 8.39 | UA5: 0 | UB5: 30.96 | UC5: 0 | UD5: UNSATISFIABLE | UE5: 3072720 | UF5: 19.977 | UG5: 0 | UH5: 0 | UI5: 31.72 | UJ5: 0.83 | UK5: SATISFIABLE | UL5: 3072720 | UM5: 21.952 | UN5: 0.75 | UO5: 0 | UP5: 50.06 | UQ5: 14.62 | UR5: SATISFIABLE | US5: 3631655 | UT5: 41.172 | UU5: 14.53 | UV5: 0 | UW5: 50.01 | UX5: 14.62 | UY5: SATISFIABLE | UZ5: 3631655 | VA5: 41.199 | VB5: 14.53 | VC5: 0 | VD5: 36.23 | VE5: 0 | VF5: UNSATISFIABLE | VG5: 3631655 | VH5: 24.902 | VI5: 0 | VJ5: 0 | VK5: 40.86 | VL5: 5.18 | VM5: SATISFIABLE | VN5: 3631655 | VO5: 31.73 | VP5: 5.09 | VQ5: 0 | VR5: =MIN($B5,$I5,$P5,$W5,$AD5,$AK5,$AR5,$AY5,$BF5,$BM5,$BT5,$CA5,$CH5,$CO5,$CV5,$DC5,$DJ5,$DQ5,$DX5,$EE5,$EL5,$ES5,$EZ5,$FG5,$FN5,$FU5,$GB5,$GI5,$GP5,$GW5,$HD5,$HK5,$HR5,$HY5,$IF5,$IM5,$IT5,$JA5,$JH5,$JO5,$JV5,$KC5,$KJ5,$KQ5,$KX5,$LE5,$LL5,$LS5,$LZ5,$MG5,$MN5,$MU5,$NB5,$NI5,$NP5,$NW5,$OD5,$OK5,$OR5,$OY5,$PF5,$PM5,$PT5,$QA5,$QH5,$QO5,$QV5,$RC5,$RJ5,$RQ5,$RX5,$SE5,$SL5,$SS5,$SZ5,$TG5,$TN5,$TU5,$UB5,$UI5,$UP5,$UW5,$VD5,$VK5) -> 0 | VS5: =MIN($C5,$J5,$Q5,$X5,$AE5,$AL5,$AS5,$AZ5,$BG5,$BN5,$BU5,$CB5,$CI5,$CP5,$CW5,$DD5,$DK5,$DR5,$DY5,$EF5,$EM5,$ET5,$FA5,$FH5,$FO5,$FV5,$GC5,$GJ5,$GQ5,$GX5,$HE5,$HL5,$HS5,$HZ5,$IG5,$IN5,$IU5,$JB5,$JI5,$JP5,$JW5,$KD5,$KK5,$KR5,$KY5,$LF5,$LM5,$LT5,$MA5,$MH5,$MO5,$MV5,$NC5,$NJ5,$NQ5,$NX5,$OE5,$OL5,$OS5,$OZ5,$PG5,$PN5,$PU5,$QB5,$QI5,$QP5,$QW5,$RD5,$RK5,$RR5,$RY5,$SF5,$SM5,$ST5,$TA5,$TH5,$TO5,$TV5,$UC5,$UJ5,$UQ5,$UX5,$VE5,$VL5) -> 0 | VT5: =MIN($E5,$L5,$S5,$Z5,$AG5,$AN5,$AU5,$BB5,$BI5,$BP5,$BW5,$CD5,$CK5,$CR5,$CY5,$DF5,$DM5,$DT5,$EA5,$EH5,$EO5,$EV5,$FC5,$FJ5,$FQ5,$FX5,$GE5,$GL5,$GS5,$GZ5,$HG5,$HN5,$HU5,$IB5,$II5,$IP5,$IW5,$JD5,$JK5,$JR5,$JY5,$KF5,$KM5,$KT5,$LA5,$LH5,$LO5,$LV5,$MC5,$MJ5,$MQ5,$MX5,$NE5,$NL5,$NS5,$NZ5,$OG5,$ON5,$OU5,$PB5,$PI5,$PP5,$PW5,$QD5,$QK5,$QR5,$QY5,$RF5,$RM5,$RT5,$SA5,$SH5,$SO5,$SV5,$TC5,$TJ5,$TQ5,$TX5,$UE5,$UL5,$US5,$UZ5,$VG5,$VN5) -> 0 | VU5: =MIN($F5,$M5,$T5,$AA5,$AH5,$AO5,$AV5,$BC5,$BJ5,$BQ5,$BX5,$CE5,$CL5,$CS5,$CZ5,$DG5,$DN5,$DU5,$EB5,$EI5,$EP5,$EW5,$FD5,$FK5,$FR5,$FY5,$GF5,$GM5,$GT5,$HA5,$HH5,$HO5,$HV5,$IC5,$IJ5,$IQ5,$IX5,$JE5,$JL5,$JS5,$JZ5,$KG5,$KN5,$KU5,$LB5,$LI5,$LP5,$LW5,$MD5,$MK5,$MR5,$MY5,$NF5,$NM5,$NT5,$OA5,$OH5,$OO5,$OV5,$PC5,$PJ5,$PQ5,$PX5,$QE5,$QL5,$QS5,$QZ5,$RG5,$RN5,$RU5,$SB5,$SI5,$SP5,$SW5,$TD5,$TK5,$TR5,$TY5,$UF5,$UM5,$UT5,$VA5,$VH5,$VO5) -> 0 | VV5: =MIN($G5,$N5,$U5,$AB5,$AI5,$AP5,$AW5,$BD5,$BK5,$BR5,$BY5,$CF5,$CM5,$CT5,$DA5,$DH5,$DO5,$DV5,$EC5,$EJ5,$EQ5,$EX5,$FE5,$FL5,$FS5,$FZ5,$GG5,$GN5,$GU5,$HB5,$HI5,$HP5,$HW5,$ID5,$IK5,$IR5,$IY5,$JF5,$JM5,$JT5,$KA5,$KH5,$KO5,$KV5,$LC5,$LJ5,$LQ5,$LX5,$ME5,$ML5,$MS5,$MZ5,$NG5,$NN5,$NU5,$OB5,$OI5,$OP5,$OW5,$PD5,$PK5,$PR5,$PY5,$QF5,$QM5,$QT5,$RA5,$RH5,$RO5,$RV5,$SC5,$SJ5,$SQ5,$SX5,$TE5,$TL5,$TS5,$TZ5,$UG5,$UN5,$UU5,$VB5,$VI5,$VP5) -> 0 | VW5: =MIN($H5,$O5,$V5,$AC5,$AJ5,$AQ5,$AX5,$BE5,$BL5,$BS5,$BZ5,$CG5,$CN5,$CU5,$DB5,$DI5,$DP5,$DW5,$ED5,$EK5,$ER5,$EY5,$FF5,$FM5,$FT5,$GA5,$GH5,$GO5,$GV5,$HC5,$HJ5,$HQ5,$HX5,$IE5,$IL5,$IS5,$IZ5,$JG5,$JN5,$JU5,$KB5,$KI5,$KP5,$KW5,$LD5,$LK5,$LR5,$LY5,$MF5,$MM5,$MT5,$NA5,$NH5,$NO5,$NV5,$OC5,$OJ5,$OQ5,$OX5,$PE5,$PL5,$PS5,$PZ5,$QG5,$QN5,$QU5,$RB5,$RI5,$RP5,$RW5,$SD5,$SK5,$SR5,$SY5,$TF5,$TM5,$TT5,$UA5,$UH5,$UO5,$UV5,$VC5,$VJ5,$VQ5) -> 0 | VX5: =MEDIAN($B5,$I5,$P5,$W5,$AD5,$AK5,$AR5,$AY5,$BF5,$BM5,$BT5,$CA5,$CH5,$CO5,$CV5,$DC5,$DJ5,$DQ5,$DX5,$EE5,$EL5,$ES5,$EZ5,$FG5,$FN5,$FU5,$GB5,$GI5,$GP5,$GW5,$HD5,$HK5,$HR5,$HY5,$IF5,$IM5,$IT5,$JA5,$JH5,$JO5,$JV5,$KC5,$KJ5,$KQ5,$KX5,$LE5,$LL5,$LS5,$LZ5,$MG5,$MN5,$MU5,$NB5,$NI5,$NP5,$NW5,$OD5,$OK5,$OR5,$OY5,$PF5,$PM5,$PT5,$QA5,$QH5,$QO5,$QV5,$RC5,$RJ5,$RQ5,$RX5,$SE5,$SL5,$SS5,$SZ5,$TG5,$TN5,$TU5,$UB5,$UI5,$UP5,$UW5,$VD5,$VK5) -> 0 | VY5: =MEDIAN($C5,$J5,$Q5,$X5,$AE5,$AL5,$AS5,$AZ5,$BG5,$BN5,$BU5,$CB5,$CI5,$CP5,$CW5,$DD5,$DK5,$DR5,$DY5,$EF5,$EM5,$ET5,$FA5,$FH5,$FO5,$FV5,$GC5,$GJ5,$GQ5,$GX5,$HE5,$HL5,$HS5,$HZ5,$IG5,$IN5,$IU5,$JB5,$JI5,$JP5,$JW5,$KD5,$KK5,$KR5,$KY5,$LF5,$LM5,$LT5,$MA5,$MH5,$MO5,$MV5,$NC5,$NJ5,$NQ5,$NX5,$OE5,$OL5,$OS5,$OZ5,$PG5,$PN5,$PU5,$QB5,$QI5,$QP5,$QW5,$RD5,$RK5,$RR5,$RY5,$SF5,$SM5,$ST5,$TA5,$TH5,$TO5,$TV5,$UC5,$UJ5,$UQ5,$UX5,$VE5,$VL5) -> 0 | VZ5: =MEDIAN($E5,$L5,$S5,$Z5,$AG5,$AN5,$AU5,$BB5,$BI5,$BP5,$BW5,$CD5,$CK5,$CR5,$CY5,$DF5,$DM5,$DT5,$EA5,$EH5,$EO5,$EV5,$FC5,$FJ5,$FQ5,$FX5,$GE5,$GL5,$GS5,$GZ5,$HG5,$HN5,$HU5,$IB5,$II5,$IP5,$IW5,$JD5,$JK5,$JR5,$JY5,$KF5,$KM5,$KT5,$LA5,$LH5,$LO5,$LV5,$MC5,$MJ5,$MQ5,$MX5,$NE5,$NL5,$NS5,$NZ5,$OG5,$ON5,$OU5,$PB5,$PI5,$PP5,$PW5,$QD5,$QK5,$QR5,$QY5,$RF5,$RM5,$RT5,$SA5,$SH5,$SO5,$SV5,$TC5,$TJ5,$TQ5,$TX5,$UE5,$UL5,$US5,$UZ5,$VG5,$VN5) -> 0 | WA5: =MEDIAN($F5,$M5,$T5,$AA5,$AH5,$AO5,$AV5,$BC5,$BJ5,$BQ5,$BX5,$CE5,$CL5,$CS5,$CZ5,$DG5,$DN5,$DU5,$EB5,$EI5,$EP5,$EW5,$FD5,$FK5,$FR5,$FY5,$GF5,$GM5,$GT5,$HA5,$HH5,$HO5,$HV5,$IC5,$IJ5,$IQ5,$IX5,$JE5,$JL5,$JS5,$JZ5,$KG5,$KN5,$KU5,$LB5,$LI5,$LP5,$LW5,$MD5,$MK5,$MR5,$MY5,$NF5,$NM5,$NT5,$OA5,$OH5,$OO5,$OV5,$PC5,$PJ5,$PQ5,$PX5,$QE5,$QL5,$QS5,$QZ5,$RG5,$RN5,$RU5,$SB5,$SI5,$SP5,$SW5,$TD5,$TK5,$TR5,$TY5,$UF5,$UM5,$UT5,$VA5,$VH5,$VO5) -> 0 | WB5: =MEDIAN($G5,$N5,$U5,$AB5,$AI5,$AP5,$AW5,$BD5,$BK5,$BR5,$BY5,$CF5,$CM5,$CT5,$DA5,$DH5,$DO5,$DV5,$EC5,$EJ5,$EQ5,$EX5,$FE5,$FL5,$FS5,$FZ5,$GG5,$GN5,$GU5,$HB5,$HI5,$HP5,$HW5,$ID5,$IK5,$IR5,$IY5,$JF5,$JM5,$JT5,$KA5,$KH5,$KO5,$KV5,$LC5,$LJ5,$LQ5,$LX5,$ME5,$ML5,$MS5,$MZ5,$NG5,$NN5,$NU5,$OB5,$OI5,$OP5,$OW5,$PD5,$PK5,$PR5,$PY5,$QF5,$QM5,$QT5,$RA5,$RH5,$RO5,$RV5,$SC5,$SJ5,$SQ5,$SX5,$TE5,$TL5,$TS5,$TZ5,$UG5,$UN5,$UU5,$VB5,$VI5,$VP5) -> 0 | WC5: =MEDIAN($H5,$O5,$V5,$AC5,$AJ5,$AQ5,$AX5,$BE5,$BL5,$BS5,$BZ5,$CG5,$CN5,$CU5,$DB5,$DI5,$DP5,$DW5,$ED5,$EK5,$ER5,$EY5,$FF5,$FM5,$FT5,$GA5,$GH5,$GO5,$GV5,$HC5,$HJ5,$HQ5,$HX5,$IE5,$IL5,$IS5,$IZ5,$JG5,$JN5,$JU5,$KB5,$KI5,$KP5,$KW5,$LD5,$LK5,$LR5,$LY5,$MF5,$MM5,$MT5,$NA5,$NH5,$NO5,$NV5,$OC5,$OJ5,$OQ5,$OX5,$PE5,$PL5,$PS5,$PZ5,$QG5,$QN5,$QU5,$RB5,$RI5,$RP5,$RW5,$SD5,$SK5,$SR5,$SY5,$TF5,$TM5,$TT5,$UA5,$UH5,$UO5,$UV5,$VC5,$VJ5,$VQ5) -> 0 | WD5: =MAX($B5,$I5,$P5,$W5,$AD5,$AK5,$AR5,$AY5,$BF5,$BM5,$BT5,$CA5,$CH5,$CO5,$CV5,$DC5,$DJ5,$DQ5,$DX5,$EE5,$EL5,$ES5,$EZ5,$FG5,$FN5,$FU5,$GB5,$GI5,$GP5,$GW5,$HD5,$HK5,$HR5,$HY5,$IF5,$IM5,$IT5,$JA5,$JH5,$JO5,$JV5,$KC5,$KJ5,$KQ5,$KX5,$LE5,$LL5,$LS5,$LZ5,$MG5,$MN5,$MU5,$NB5,$NI5,$NP5,$NW5,$OD5,$OK5,$OR5,$OY5,$PF5,$PM5,$PT5,$QA5,$QH5,$QO5,$QV5,$RC5,$RJ5,$RQ5,$RX5,$SE5,$SL5,$SS5,$SZ5,$TG5,$TN5,$TU5,$UB5,$UI5,$UP5,$UW5,$VD5,$VK5) -> 0 | WE5: =MAX($C5,$J5,$Q5,$X5,$AE5,$AL5,$AS5,$AZ5,$BG5,$BN5,$BU5,$CB5,$CI5,$CP5,$CW5,$DD5,$DK5,$DR5,$DY5,$EF5,$EM5,$ET5,$FA5,$FH5,$FO5,$FV5,$GC5,$GJ5,$GQ5,$GX5,$HE5,$HL5,$HS5,$HZ5,$IG5,$IN5,$IU5,$JB5,$JI5,$JP5,$JW5,$KD5,$KK5,$KR5,$KY5,$LF5,$LM5,$LT5,$MA5,$MH5,$MO5,$MV5,$NC5,$NJ5,$NQ5,$NX5,$OE5,$OL5,$OS5,$OZ5,$PG5,$PN5,$PU5,$QB5,$QI5,$QP5,$QW5,$RD5,$RK5,$RR5,$RY5,$SF5,$SM5,$ST5,$TA5,$TH5,$TO5,$TV5,$UC5,$UJ5,$UQ5,$UX5,$VE5,$VL5) -> 0 | WF5: =MAX($E5,$L5,$S5,$Z5,$AG5,$AN5,$AU5,$BB5,$BI5,$BP5,$BW5,$CD5,$CK5,$CR5,$CY5,$DF5,$DM5,$DT5,$EA5,$EH5,$EO5,$EV5,$FC5,$FJ5,$FQ5,$FX5,$GE5,$GL5,$GS5,$GZ5,$HG5,$HN5,$HU5,$IB5,$II5,$IP5,$IW5,$JD5,$JK5,$JR5,$JY5,$KF5,$KM5,$KT5,$LA5,$LH5,$LO5,$LV5,$MC5,$MJ5,$MQ5,$MX5,$NE5,$NL5,$NS5,$NZ5,$OG5,$ON5,$OU5,$PB5,$PI5,$PP5,$PW5,$QD5,$QK5,$QR5,$QY5,$RF5,$RM5,$RT5,$SA5,$SH5,$SO5,$SV5,$TC5,$TJ5,$TQ5,$TX5,$UE5,$UL5,$US5,$UZ5,$VG5,$VN5) -> 0 | WG5: =MAX($F5,$M5,$T5,$AA5,$AH5,$AO5,$AV5,$BC5,$BJ5,$BQ5,$BX5,$CE5,$CL5,$CS5,$CZ5,$DG5,$DN5,$DU5,$EB5,$EI5,$EP5,$EW5,$FD5,$FK5,$FR5,$FY5,$GF5,$GM5,$GT5,$HA5,$HH5,$HO5,$HV5,$IC5,$IJ5,$IQ5,$IX5,$JE5,$JL5,$JS5,$JZ5,$KG5,$KN5,$KU5,$LB5,$LI5,$LP5,$LW5,$MD5,$MK5,$MR5,$MY5,$NF5,$NM5,$NT5,$OA5,$OH5,$OO5,$OV5,$PC5,$PJ5,$PQ5,$PX5,$QE5,$QL5,$QS5,$QZ5,$RG5,$RN5,$RU5,$SB5,$SI5,$SP5,$SW5,$TD5,$TK5,$TR5,$TY5,$UF5,$UM5,$UT5,$VA5,$VH5,$VO5) -> 0 | WH5: =MAX($G5,$N5,$U5,$AB5,$AI5,$AP5,$AW5,$BD5,$BK5,$BR5,$BY5,$CF5,$CM5,$CT5,$DA5,$DH5,$DO5,$DV5,$EC5,$EJ5,$EQ5,$EX5,$FE5,$FL5,$FS5,$FZ5,$GG5,$GN5,$GU5,$HB5,$HI5,$HP5,$HW5,$ID5,$IK5,$IR5,$IY5,$JF5,$JM5,$JT5,$KA5,$KH5,$KO5,$KV5,$LC5,$LJ5,$LQ5,$LX5,$ME5,$ML5,$MS5,$MZ5,$NG5,$NN5,$NU5,$OB5,$OI5,$OP5,$OW5,$PD5,$PK5,$PR5,$PY5,$QF5,$QM5,$QT5,$RA5,$RH5,$RO5,$RV5,$SC5,$SJ5,$SQ5,$SX5,$TE5,$TL5,$TS5,$TZ5,$UG5,$UN5,$UU5,$VB5,$VI5,$VP5) -> 0 | WI5: =MAX($H5,$O5,$V5,$AC5,$AJ5,$AQ5,$AX5,$BE5,$BL5,$BS5,$BZ5,$CG5,$CN5,$CU5,$DB5,$DI5,$DP5,$DW5,$ED5,$EK5,$ER5,$EY5,$FF5,$FM5,$FT5,$GA5,$GH5,$GO5,$GV5,$HC5,$HJ5,$HQ5,$HX5,$IE5,$IL5,$IS5,$IZ5,$JG5,$JN5,$JU5,$KB5,$KI5,$KP5,$KW5,$LD5,$LK5,$LR5,$LY5,$MF5,$MM5,$MT5,$NA5,$NH5,$NO5,$NV5,$OC5,$OJ5,$OQ5,$OX5,$PE5,$PL5,$PS5,$PZ5,$QG5,$QN5,$QU5,$RB5,$RI5,$RP5,$RW5,$SD5,$SK5,$SR5,$SY5,$TF5,$TM5,$TT5,$UA5,$UH5,$UO5,$UV5,$VC5,$VJ5,$VQ5) -> 0
A7: SUM | B7: =SUM(B$3:B$5) -> 0 | C7: =SUM(C$3:C$5) -> 0 | E7: =SUM(E$3:E$5) -> 0 | F7: =SUM(F$3:F$5) -> 0 | G7: =SUM(G$3:G$5) -> 0 | H7: =SUM(H$3:H$5) -> 0 | I7: =SUM(I$3:I$5) -> 0 | J7: =SUM(J$3:J$5) -> 0 | L7: =SUM(L$3:L$5) -> 0 | M7: =SUM(M$3:M$5) -> 0 | N7: =SUM(N$3:N$5) -> 0 | O7: =SUM(O$3:O$5) -> 0 | P7: =SUM(P$3:P$5) -> 0 | Q7: =SUM(Q$3:Q$5) -> 0 | S7: =SUM(S$3:S$5) -> 0 | T7: =SUM(T$3:T$5) -> 0 | U7: =SUM(U$3:U$5) -> 0 | V7: =SUM(V$3:V$5) -> 0 | W7: =SUM(W$3:W$5) -> 0 | X7: =SUM(X$3:X$5) -> 0 | Z7: =SUM(Z$3:Z$5) -> 0 | AA7: =SUM(AA$3:AA$5) -> 0 | AB7: =SUM(AB$3:AB$5) -> 0 | AC7: =SUM(AC$3:AC$5) -> 0 | AD7: =SUM(AD$3:AD$5) -> 0 | AE7: =SUM(AE$3:AE$5) -> 0 | AG7: =SUM(AG$3:AG$5) -> 0 | AH7: =SUM(AH$3:AH$5) -> 0 | AI7: =SUM(AI$3:AI$5) -> 0 | AJ7: =SUM(AJ$3:AJ$5) -> 0 | AK7: =SUM(AK$3:AK$5) -> 0 | AL7: =SUM(AL$3:AL$5) -> 0 | AN7: =SUM(AN$3:AN$5) -> 0 | AO7: =SUM(AO$3:AO$5) -> 0 | AP7: =SUM(AP$3:AP$5) -> 0 | AQ7: =SUM(AQ$3:AQ$5) -> 0 | AR7: =SUM(AR$3:AR$5) -> 0 | AS7: =SUM(AS$3:AS$5) -> 0 | AU7: =SUM(AU$3:AU$5) -> 0 | AV7: =SUM(AV$3:AV$5) -> 0 | AW7: =SUM(AW$3:AW$5) -> 0 | AX7: =SUM(AX$3:AX$5) -> 0 | AY7: =SUM(AY$3:AY$5) -> 0 | AZ7: =SUM(AZ$3:AZ$5) -> 0 | BB7: =SUM(BB$3:BB$5) -> 0 | BC7: =SUM(BC$3:BC$5) -> 0 | BD7: =SUM(BD$3:BD$5) -> 0 | BE7: =SUM(BE$3:BE$5) -> 0 | BF7: =SUM(BF$3:BF$5) -> 0 | BG7: =SUM(BG$3:BG$5) -> 0 | BI7: =SUM(BI$3:BI$5) -> 0 | BJ7: =SUM(BJ$3:BJ$5) -> 0 | BK7: =SUM(BK$3:BK$5) -> 0 | BL7: =SUM(BL$3:BL$5) -> 0 | BM7: =SUM(BM$3:BM$5) -> 0 | BN7: =SUM(BN$3:BN$5) -> 0 | BP7: =SUM(BP$3:BP$5) -> 0 | BQ7: =SUM(BQ$3:BQ$5) -> 0 | BR7: =SUM(BR$3:BR$5) -> 0 | BS7: =SUM(BS$3:BS$5) -> 0 | BT7: =SUM(BT$3:BT$5) -> 0 | BU7: =SUM(BU$3:BU$5) -> 0 | BW7: =SUM(BW$3:BW$5) -> 0 | BX7: =SUM(BX$3:BX$5) -> 0 | BY7: =SUM(BY$3:BY$5) -> 0 | BZ7: =SUM(BZ$3:BZ$5) -> 0 | CA7: =SUM(CA$3:CA$5) -> 0 | CB7: =SUM(CB$3:CB$5) -> 0 | CD7: =SUM(CD$3:CD$5) -> 0 | CE7: =SUM(CE$3:CE$5) -> 0 | CF7: =SUM(CF$3:CF$5) -> 0 | CG7: =SUM(CG$3:CG$5) -> 0 | CH7: =SUM(CH$3:CH$5) -> 0 | CI7: =SUM(CI$3:CI$5) -> 0 | CK7: =SUM(CK$3:CK$5) -> 0 | CL7: =SUM(CL$3:CL$5) -> 0 | CM7: =SUM(CM$3:CM$5) -> 0 | CN7: =SUM(CN$3:CN$5) -> 0 | CO7: =SUM(CO$3:CO$5) -> 0 | CP7: =SUM(CP$3:CP$5) -> 0 | CR7: =SUM(CR$3:CR$5) -> 0 | CS7: =SUM(CS$3:CS$5) -> 0 | CT7: =SUM(CT$3:CT$5) -> 0 | CU7: =SUM(CU$3:CU$5) -> 0 | CV7: =SUM(CV$3:CV$5) -> 0 | CW7: =SUM(CW$3:CW$5) -> 0 | CY7: =SUM(CY$3:CY$5) -> 0 | CZ7: =SUM(CZ$3:CZ$5) -> 0 | DA7: =SUM(DA$3:DA$5) -> 0 | DB7: =SUM(DB$3:DB$5) -> 0 | DC7: =SUM(DC$3:DC$5) -> 0 | DD7: =SUM(DD$3:DD$5) -> 0 | DF7: =SUM(DF$3:DF$5) -> 0 | DG7: =SUM(DG$3:DG$5) -> 0 | DH7: =SUM(DH$3:DH$5) -> 0 | DI7: =SUM(DI$3:DI$5) -> 0 | DJ7: =SUM(DJ$3:DJ$5) -> 0 | DK7: =SUM(DK$3:DK$5) -> 0 | DM7: =SUM(DM$3:DM$5) -> 0 | DN7: =SUM(DN$3:DN$5) -> 0 | DO7: =SUM(DO$3:DO$5) -> 0 | DP7: =SUM(DP$3:DP$5) -> 0 | DQ7: =SUM(DQ$3:DQ$5) -> 0 | DR7: =SUM(DR$3:DR$5) -> 0 | DT7: =SUM(DT$3:DT$5) -> 0 | DU7: =SUM(DU$3:DU$5) -> 0 | DV7: =SUM(DV$3:DV$5) -> 0 | DW7: =SUM(DW$3:DW$5) -> 0 | DX7: =SUM(DX$3:DX$5) -> 0 | DY7: =SUM(DY$3:DY$5) -> 0 | EA7: =SUM(EA$3:EA$5) -> 0 | EB7: =SUM(EB$3:EB$5) -> 0 | EC7: =SUM(EC$3:EC$5) -> 0 | ED7: =SUM(ED$3:ED$5) -> 0 | EE7: =SUM(EE$3:EE$5) -> 0 | EF7: =SUM(EF$3:EF$5) -> 0 | EH7: =SUM(EH$3:EH$5) -> 0 | EI7: =SUM(EI$3:EI$5) -> 0 | EJ7: =SUM(EJ$3:EJ$5) -> 0 | EK7: =SUM(EK$3:EK$5) -> 0 | EL7: =SUM(EL$3:EL$5) -> 0 | EM7: =SUM(EM$3:EM$5) -> 0 | EO7: =SUM(EO$3:EO$5) -> 0 | EP7: =SUM(EP$3:EP$5) -> 0 | EQ7: =SUM(EQ$3:EQ$5) -> 0 | ER7: =SUM(ER$3:ER$5) -> 0 | ES7: =SUM(ES$3:ES$5) -> 0 | ET7: =SUM(ET$3:ET$5) -> 0 | EV7: =SUM(EV$3:EV$5) -> 0 | EW7: =SUM(EW$3:EW$5) -> 0 | EX7: =SUM(EX$3:EX$5) -> 0 | EY7: =SUM(EY$3:EY$5) -> 0 | EZ7: =SUM(EZ$3:EZ$5) -> 0 | FA7: =SUM(FA$3:FA$5) -> 0 | FC7: =SUM(FC$3:FC$5) -> 0 | FD7: =SUM(FD$3:FD$5) -> 0 | FE7: =SUM(FE$3:FE$5) -> 0 | FF7: =SUM(FF$3:FF$5) -> 0 | FG7: =SUM(FG$3:FG$5) -> 0 | FH7: =SUM(FH$3:FH$5) -> 0 | FJ7: =SUM(FJ$3:FJ$5) -> 0 | FK7: =SUM(FK$3:FK$5) -> 0 | FL7: =SUM(FL$3:FL$5) -> 0 | FM7: =SUM(FM$3:FM$5) -> 0 | FN7: =SUM(FN$3:FN$5) -> 0 | FO7: =SUM(FO$3:FO$5) -> 0 | FQ7: =SUM(FQ$3:FQ$5) -> 0 | FR7: =SUM(FR$3:FR$5) -> 0 | FS7: =SUM(FS$3:FS$5) -> 0 | FT7: =SUM(FT$3:FT$5) -> 0 | FU7: =SUM(FU$3:FU$5) -> 0 | FV7: =SUM(FV$3:FV$5) -> 0 | FX7: =SUM(FX$3:FX$5) -> 0 | FY7: =SUM(FY$3:FY$5) -> 0 | FZ7: =SUM(FZ$3:FZ$5) -> 0 | GA7: =SUM(GA$3:GA$5) -> 0 | GB7: =SUM(GB$3:GB$5) -> 0 | GC7: =SUM(GC$3:GC$5) -> 0 | GE7: =SUM(GE$3:GE$5) -> 0 | GF7: =SUM(GF$3:GF$5) -> 0 | GG7: =SUM(GG$3:GG$5) -> 0 | GH7: =SUM(GH$3:GH$5) -> 0 | GI7: =SUM(GI$3:GI$5) -> 0 | GJ7: =SUM(GJ$3:GJ$5) -> 0 | GL7: =SUM(GL$3:GL$5) -> 0 | GM7: =SUM(GM$3:GM$5) -> 0 | GN7: =SUM(GN$3:GN$5) -> 0 | GO7: =SUM(GO$3:GO$5) -> 0 | GP7: =SUM(GP$3:GP$5) -> 0 | GQ7: =SUM(GQ$3:GQ$5) -> 0 | GS7: =SUM(GS$3:GS$5) -> 0 | GT7: =SUM(GT$3:GT$5) -> 0 | GU7: =SUM(GU$3:GU$5) -> 0 | GV7: =SUM(GV$3:GV$5) -> 0 | GW7: =SUM(GW$3:GW$5) -> 0 | GX7: =SUM(GX$3:GX$5) -> 0 | GZ7: =SUM(GZ$3:GZ$5) -> 0 | HA7: =SUM(HA$3:HA$5) -> 0 | HB7: =SUM(HB$3:HB$5) -> 0 | HC7: =SUM(HC$3:HC$5) -> 0 | HD7: =SUM(HD$3:HD$5) -> 0 | HE7: =SUM(HE$3:HE$5) -> 0 | HG7: =SUM(HG$3:HG$5) -> 0 | HH7: =SUM(HH$3:HH$5) -> 0 | HI7: =SUM(HI$3:HI$5) -> 0 | HJ7: =SUM(HJ$3:HJ$5) -> 0 | HK7: =SUM(HK$3:HK$5) -> 0 | HL7: =SUM(HL$3:HL$5) -> 0 | HN7: =SUM(HN$3:HN$5) -> 0 | HO7: =SUM(HO$3:HO$5) -> 0 | HP7: =SUM(HP$3:HP$5) -> 0 | HQ7: =SUM(HQ$3:HQ$5) -> 0 | HR7: =SUM(HR$3:HR$5) -> 0 | HS7: =SUM(HS$3:HS$5) -> 0 | HU7: =SUM(HU$3:HU$5) -> 0 | HV7: =SUM(HV$3:HV$5) -> 0 | HW7: =SUM(HW$3:HW$5) -> 0 | HX7: =SUM(HX$3:HX$5) -> 0 | HY7: =SUM(HY$3:HY$5) -> 0 | HZ7: =SUM(HZ$3:HZ$5) -> 0 | IB7: =SUM(IB$3:IB$5) -> 0 | IC7: =SUM(IC$3:IC$5) -> 0 | ID7: =SUM(ID$3:ID$5) -> 0 | IE7: =SUM(IE$3:IE$5) -> 0 | IF7: =SUM(IF$3:IF$5) -> 0 | IG7: =SUM(IG$3:IG$5) -> 0 | II7: =SUM(II$3:II$5) -> 0 | IJ7: =SUM(IJ$3:IJ$5) -> 0 | IK7: =SUM(IK$3:IK$5) -> 0 | IL7: =SUM(IL$3:IL$5) -> 0 | IM7: =SUM(IM$3:IM$5) -> 0 | IN7: =SUM(IN$3:IN$5) -> 0 | IP7: =SUM(IP$3:IP$5) -> 0 | IQ7: =SUM(IQ$3:IQ$5) -> 0 | IR7: =SUM(IR$3:IR$5) -> 0 | IS7: =SUM(IS$3:IS$5) -> 0 | IT7: =SUM(IT$3:IT$5) -> 0 | IU7: =SUM(IU$3:IU$5) -> 0 | IW7: =SUM(IW$3:IW$5) -> 0 | IX7: =SUM(IX$3:IX$5) -> 0 | IY7: =SUM(IY$3:IY$5) -> 0 | IZ7: =SUM(IZ$3:IZ$5) -> 0 | JA7: =SUM(JA$3:JA$5) -> 0 | JB7: =SUM(JB$3:JB$5) -> 0 | JD7: =SUM(JD$3:JD$5) -> 0 | JE7: =SUM(JE$3:JE$5) -> 0 | JF7: =SUM(JF$3:JF$5) -> 0 | JG7: =SUM(JG$3:JG$5) -> 0 | JH7: =SUM(JH$3:JH$5) -> 0 | JI7: =SUM(JI$3:JI$5) -> 0 | JK7: =SUM(JK$3:JK$5) -> 0 | JL7: =SUM(JL$3:JL$5) -> 0 | JM7: =SUM(JM$3:JM$5) -> 0 | JN7: =SUM(JN$3:JN$5) -> 0 | JO7: =SUM(JO$3:JO$5) -> 0 | JP7: =SUM(JP$3:JP$5) -> 0 | JR7: =SUM(JR$3:JR$5) -> 0 | JS7: =SUM(JS$3:JS$5) -> 0 | JT7: =SUM(JT$3:JT$5) -> 0 | JU7: =SUM(JU$3:JU$5) -> 0 | JV7: =SUM(JV$3:JV$5) -> 0 | JW7: =SUM(JW$3:JW$5) -> 0 | JY7: =SUM(JY$3:JY$5) -> 0 | JZ7: =SUM(JZ$3:JZ$5) -> 0 | KA7: =SUM(KA$3:KA$5) -> 0 | KB7: =SUM(KB$3:KB$5) -> 0 | KC7: =SUM(KC$3:KC$5) -> 0 | KD7: =SUM(KD$3:KD$5) -> 0 | KF7: =SUM(KF$3:KF$5) -> 0 | KG7: =SUM(KG$3:KG$5) -> 0 | KH7: =SUM(KH$3:KH$5) -> 0 | KI7: =SUM(KI$3:KI$5) -> 0 | KJ7: =SUM(KJ$3:KJ$5) -> 0 | KK7: =SUM(KK$3:KK$5) -> 0 | KM7: =SUM(KM$3:KM$5) -> 0 | KN7: =SUM(KN$3:KN$5) -> 0 | KO7: =SUM(KO$3:KO$5) -> 0 | KP7: =SUM(KP$3:KP$5) -> 0 | KQ7: =SUM(KQ$3:KQ$5) -> 0 | KR7: =SUM(KR$3:KR$5) -> 0 | KT7: =SUM(KT$3:KT$5) -> 0 | KU7: =SUM(KU$3:KU$5) -> 0 | KV7: =SUM(KV$3:KV$5) -> 0 | KW7: =SUM(KW$3:KW$5) -> 0 | KX7: =SUM(KX$3:KX$5) -> 0 | KY7: =SUM(KY$3:KY$5) -> 0 | LA7: =SUM(LA$3:LA$5) -> 0 | LB7: =SUM(LB$3:LB$5) -> 0 | LC7: =SUM(LC$3:LC$5) -> 0 | LD7: =SUM(LD$3:LD$5) -> 0 | LE7: =SUM(LE$3:LE$5) -> 0 | LF7: =SUM(LF$3:LF$5) -> 0 | LH7: =SUM(LH$3:LH$5) -> 0 | LI7: =SUM(LI$3:LI$5) -> 0 | LJ7: =SUM(LJ$3:LJ$5) -> 0 | LK7: =SUM(LK$3:LK$5) -> 0 | LL7: =SUM(LL$3:LL$5) -> 0 | LM7: =SUM(LM$3:LM$5) -> 0 | LO7: =SUM(LO$3:LO$5) -> 0 | LP7: =SUM(LP$3:LP$5) -> 0 | LQ7: =SUM(LQ$3:LQ$5) -> 0 | LR7: =SUM(LR$3:LR$5) -> 0 | LS7: =SUM(LS$3:LS$5) -> 0 | LT7: =SUM(LT$3:LT$5) -> 0 | LV7: =SUM(LV$3:LV$5) -> 0 | LW7: =SUM(LW$3:LW$5) -> 0 | LX7: =SUM(LX$3:LX$5) -> 0 | LY7: =SUM(LY$3:LY$5) -> 0 | LZ7: =SUM(LZ$3:LZ$5) -> 0 | MA7: =SUM(MA$3:MA$5) -> 0 | MC7: =SUM(MC$3:MC$5) -> 0 | MD7: =SUM(MD$3:MD$5) -> 0 | ME7: =SUM(ME$3:ME$5) -> 0 | MF7: =SUM(MF$3:MF$5) -> 0 | MG7: =SUM(MG$3:MG$5) -> 0 | MH7: =SUM(MH$3:MH$5) -> 0 | MJ7: =SUM(MJ$3:MJ$5) -> 0 | MK7: =SUM(MK$3:MK$5) -> 0 | ML7: =SUM(ML$3:ML$5) -> 0 | MM7: =SUM(MM$3:MM$5) -> 0 | MN7: =SUM(MN$3:MN$5) -> 0 | MO7: =SUM(MO$3:MO$5) -> 0 | MQ7: =SUM(MQ$3:MQ$5) -> 0 | MR7: =SUM(MR$3:MR$5) -> 0 | MS7: =SUM(MS$3:MS$5) -> 0 | MT7: =SUM(MT$3:MT$5) -> 0 | MU7: =SUM(MU$3:MU$5) -> 0 | MV7: =SUM(MV$3:MV$5) -> 0 | MX7: =SUM(MX$3:MX$5) -> 0 | MY7: =SUM(MY$3:MY$5) -> 0 | MZ7: =SUM(MZ$3:MZ$5) -> 0 | NA7: =SUM(NA$3:NA$5) -> 0 | NB7: =SUM(NB$3:NB$5) -> 0 | NC7: =SUM(NC$3:NC$5) -> 0 | NE7: =SUM(NE$3:NE$5) -> 0 | NF7: =SUM(NF$3:NF$5) -> 0 | NG7: =SUM(NG$3:NG$5) -> 0 | NH7: =SUM(NH$3:NH$5) -> 0 | NI7: =SUM(NI$3:NI$5) -> 0 | NJ7: =SUM(NJ$3:NJ$5) -> 0 | NL7: =SUM(NL$3:NL$5) -> 0 | NM7: =SUM(NM$3:NM$5) -> 0 | NN7: =SUM(NN$3:NN$5) -> 0 | NO7: =SUM(NO$3:NO$5) -> 0 | NP7: =SUM(NP$3:NP$5) -> 0 | NQ7: =SUM(NQ$3:NQ$5) -> 0 | NS7: =SUM(NS$3:NS$5) -> 0 | NT7: =SUM(NT$3:NT$5) -> 0 | NU7: =SUM(NU$3:NU$5) -> 0 | NV7: =SUM(NV$3:NV$5) -> 0 | NW7: =SUM(NW$3:NW$5) -> 0 | NX7: =SUM(NX$3:NX$5) -> 0 | NZ7: =SUM(NZ$3:NZ$5) -> 0 | OA7: =SUM(OA$3:OA$5) -> 0 | OB7: =SUM(OB$3:OB$5) -> 0 | OC7: =SUM(OC$3:OC$5) -> 0 | OD7: =SUM(OD$3:OD$5) -> 0 | OE7: =SUM(OE$3:OE$5) -> 0 | OG7: =SUM(OG$3:OG$5) -> 0 | OH7: =SUM(OH$3:OH$5) -> 0 | OI7: =SUM(OI$3:OI$5) -> 0 | OJ7: =SUM(OJ$3:OJ$5) -> 0 | OK7: =SUM(OK$3:OK$5) -> 0 | OL7: =SUM(OL$3:OL$5) -> 0 | ON7: =SUM(ON$3:ON$5) -> 0 | OO7: =SUM(OO$3:OO$5) -> 0 | OP7: =SUM(OP$3:OP$5) -> 0 | OQ7: =SUM(OQ$3:OQ$5) -> 0 | OR7: =SUM(OR$3:OR$5) -> 0 | OS7: =SUM(OS$3:OS$5) -> 0 | OU7: =SUM(OU$3:OU$5) -> 0 | OV7: =SUM(OV$3:OV$5) -> 0 | OW7: =SUM(OW$3:OW$5) -> 0 | OX7: =SUM(OX$3:OX$5) -> 0 | OY7: =SUM(OY$3:OY$5) -> 0 | OZ7: =SUM(OZ$3:OZ$5) -> 0 | PB7: =SUM(PB$3:PB$5) -> 0 | PC7: =SUM(PC$3:PC$5) -> 0 | PD7: =SUM(PD$3:PD$5) -> 0 | PE7: =SUM(PE$3:PE$5) -> 0 | PF7: =SUM(PF$3:PF$5) -> 0 | PG7: =SUM(PG$3:PG$5) -> 0 | PI7: =SUM(PI$3:PI$5) -> 0 | PJ7: =SUM(PJ$3:PJ$5) -> 0 | PK7: =SUM(PK$3:PK$5) -> 0 | PL7: =SUM(PL$3:PL$5) -> 0 | PM7: =SUM(PM$3:PM$5) -> 0 | PN7: =SUM(PN$3:PN$5) -> 0 | PP7: =SUM(PP$3:PP$5) -> 0 | PQ7: =SUM(PQ$3:PQ$5) -> 0 | PR7: =SUM(PR$3:PR$5) -> 0 | PS7: =SUM(PS$3:PS$5) -> 0 | PT7: =SUM(PT$3:PT$5) -> 0 | PU7: =SUM(PU$3:PU$5) -> 0 | PW7: =SUM(PW$3:PW$5) -> 0 | PX7: =SUM(PX$3:PX$5) -> 0 | PY7: =SUM(PY$3:PY$5) -> 0 | PZ7: =SUM(PZ$3:PZ$5) -> 0 | QA7: =SUM(QA$3:QA$5) -> 0 | QB7: =SUM(QB$3:QB$5) -> 0 | QD7: =SUM(QD$3:QD$5) -> 0 | QE7: =SUM(QE$3:QE$5) -> 0 | QF7: =SUM(QF$3:QF$5) -> 0 | QG7: =SUM(QG$3:QG$5) -> 0 | QH7: =SUM(QH$3:QH$5) -> 0 | QI7: =SUM(QI$3:QI$5) -> 0 | QK7: =SUM(QK$3:QK$5) -> 0 | QL7: =SUM(QL$3:QL$5) -> 0 | QM7: =SUM(QM$3:QM$5) -> 0 | QN7: =SUM(QN$3:QN$5) -> 0 | QO7: =SUM(QO$3:QO$5) -> 0 | QP7: =SUM(QP$3:QP$5) -> 0 | QR7: =SUM(QR$3:QR$5) -> 0 | QS7: =SUM(QS$3:QS$5) -> 0 | QT7: =SUM(QT$3:QT$5) -> 0 | QU7: =SUM(QU$3:QU$5) -> 0 | QV7: =SUM(QV$3:QV$5) -> 0 | QW7: =SUM(QW$3:QW$5) -> 0 | QY7: =SUM(QY$3:QY$5) -> 0 | QZ7: =SUM(QZ$3:QZ$5) -> 0 | RA7: =SUM(RA$3:RA$5) -> 0 | RB7: =SUM(RB$3:RB$5) -> 0 | RC7: =SUM(RC$3:RC$5) -> 0 | RD7: =SUM(RD$3:RD$5) -> 0 | RF7: =SUM(RF$3:RF$5) -> 0 | RG7: =SUM(RG$3:RG$5) -> 0 | RH7: =SUM(RH$3:RH$5) -> 0 | RI7: =SUM(RI$3:RI$5) -> 0 | RJ7: =SUM(RJ$3:RJ$5) -> 0 | RK7: =SUM(RK$3:RK$5) -> 0 | RM7: =SUM(RM$3:RM$5) -> 0 | RN7: =SUM(RN$3:RN$5) -> 0 | RO7: =SUM(RO$3:RO$5) -> 0 | RP7: =SUM(RP$3:RP$5) -> 0 | RQ7: =SUM(RQ$3:RQ$5) -> 0 | RR7: =SUM(RR$3:RR$5) -> 0 | RT7: =SUM(RT$3:RT$5) -> 0 | RU7: =SUM(RU$3:RU$5) -> 0 | RV7: =SUM(RV$3:RV$5) -> 0 | RW7: =SUM(RW$3:RW$5) -> 0 | RX7: =SUM(RX$3:RX$5) -> 0 | RY7: =SUM(RY$3:RY$5) -> 0 | SA7: =SUM(SA$3:SA$5) -> 0 | SB7: =SUM(SB$3:SB$5) -> 0 | SC7: =SUM(SC$3:SC$5) -> 0 | SD7: =SUM(SD$3:SD$5) -> 0 | SE7: =SUM(SE$3:SE$5) -> 0 | SF7: =SUM(SF$3:SF$5) -> 0 | SH7: =SUM(SH$3:SH$5) -> 0 | SI7: =SUM(SI$3:SI$5) -> 0 | SJ7: =SUM(SJ$3:SJ$5) -> 0 | SK7: =SUM(SK$3:SK$5) -> 0 | SL7: =SUM(SL$3:SL$5) -> 0 | SM7: =SUM(SM$3:SM$5) -> 0 | SO7: =SUM(SO$3:SO$5) -> 0 | SP7: =SUM(SP$3:SP$5) -> 0 | SQ7: =SUM(SQ$3:SQ$5) -> 0 | SR7: =SUM(SR$3:SR$5) -> 0 | SS7: =SUM(SS$3:SS$5) -> 0 | ST7: =SUM(ST$3:ST$5) -> 0 | SV7: =SUM(SV$3:SV$5) -> 0 | SW7: =SUM(SW$3:SW$5) -> 0 | SX7: =SUM(SX$3:SX$5) -> 0 | SY7: =SUM(SY$3:SY$5) -> 0 | SZ7: =SUM(SZ$3:SZ$5) -> 0 | TA7: =SUM(TA$3:TA$5) -> 0 | TC7: =SUM(TC$3:TC$5) -> 0 | TD7: =SUM(TD$3:TD$5) -> 0 | TE7: =SUM(TE$3:TE$5) -> 0 | TF7: =SUM(TF$3:TF$5) -> 0 | TG7: =SUM(TG$3:TG$5) -> 0 | TH7: =SUM(TH$3:TH$5) -> 0 | TJ7: =SUM(TJ$3:TJ$5) -> 0 | TK7: =SUM(TK$3:TK$5) -> 0 | TL7: =SUM(TL$3:TL$5) -> 0 | TM7: =SUM(TM$3:TM$5) -> 0 | TN7: =SUM(TN$3:TN$5) -> 0 | TO7: =SUM(TO$3:TO$5) -> 0 | TQ7: =SUM(TQ$3:TQ$5) -> 0 | TR7: =SUM(TR$3:TR$5) -> 0 | TS7: =SUM(TS$3:TS$5) -> 0 | TT7: =SUM(TT$3:TT$5) -> 0 | TU7: =SUM(TU$3:TU$5) -> 0 | TV7: =SUM(TV$3:TV$5) -> 0 | TX7: =SUM(TX$3:TX$5) -> 0 | TY7: =SUM(TY$3:TY$5) -> 0 | TZ7: =SUM(TZ$3:TZ$5) -> 0 | UA7: =SUM(UA$3:UA$5) -> 0 | UB7: =SUM(UB$3:UB$5) -> 0 | UC7: =SUM(UC$3:UC$5) -> 0 | UE7: =SUM(UE$3:UE$5) -> 0 | UF7: =SUM(UF$3:UF$5) -> 0 | UG7: =SUM(UG$3:UG$5) -> 0 | UH7: =SUM(UH$3:UH$5) -> 0 | UI7: =SUM(UI$3:UI$5) -> 0 | UJ7: =SUM(UJ$3:UJ$5) -> 0 | UL7: =SUM(UL$3:UL$5) -> 0 | UM7: =SUM(UM$3:UM$5) -> 0 | UN7: =SUM(UN$3:UN$5) -> 0 | UO7: =SUM(UO$3:UO$5) -> 0 | UP7: =SUM(UP$3:UP$5) -> 0 | UQ7: =SUM(UQ$3:UQ$5) -> 0 | US7: =SUM(US$3:US$5) -> 0 | UT7: =SUM(UT$3:UT$5) -> 0 | UU7: =SUM(UU$3:UU$5) -> 0 | UV7: =SUM(UV$3:UV$5) -> 0 | UW7: =SUM(UW$3:UW$5) -> 0 | UX7: =SUM(UX$3:UX$5) -> 0 | UZ7: =SUM(UZ$3:UZ$5) -> 0 | VA7: =SUM(VA$3:VA$5) -> 0 | VB7: =SUM(VB$3:VB$5) -> 0 | VC7: =SUM(VC$3:VC$5) -> 0 | VD7: =SUM(VD$3:VD$5) -> 0 | VE7: =SUM(VE$3:VE$5) -> 0 | VG7: =SUM(VG$3:VG$5) -> 0 | VH7: =SUM(VH$3:VH$5) -> 0 | VI7: =SUM(VI$3:VI$5) -> 0 | VJ7: =SUM(VJ$3:VJ$5) -> 0 | VK7: =SUM(VK$3:VK$5) -> 0 | VL7: =SUM(VL$3:VL$5) -> 0 | VN7: =SUM(VN$3:VN$5) -> 0 | VO7: =SUM(VO$3:VO$5) -> 0 | VP7: =SUM(VP$3:VP$5) -> 0 | VQ7: =SUM(VQ$3:VQ$5) -> 0 | VR7: =SUM(VR$3:VR$5) -> 0 | VS7: =SUM(VS$3:VS$5) -> 0 | VT7: =SUM(VT$3:VT$5) -> 0 | VU7: =SUM(VU$3:VU$5) -> 0 | ... WI7: =SUM(WI$3:WI$5) -> 0
A8: AVG | B8: =AVERAGE(B$3:B$5) -> 0 | C8: =AVERAGE(C$3:C$5) -> 0 | E8: =AVERAGE(E$3:E$5) -> 0 | F8: =AVERAGE(F$3:F$5) -> 0 | G8: =AVERAGE(G$3:G$5) -> 0 | H8: =AVERAGE(H$3:H$5) -> 0 | I8: =AVERAGE(I$3:I$5) -> 0 | J8: =AVERAGE(J$3:J$5) -> 0 | L8: =AVERAGE(L$3:L$5) -> 0 | M8: =AVERAGE(M$3:M$5) -> 0 | N8: =AVERAGE(N$3:N$5) -> 0 | O8: =AVERAGE(O$3:O$5) -> 0 | P8: =AVERAGE(P$3:P$5) -> 0 | Q8: =AVERAGE(Q$3:Q$5) -> 0 | S8: =AVERAGE(S$3:S$5) -> 0 | T8: =AVERAGE(T$3:T$5) -> 0 | U8: =AVERAGE(U$3:U$5) -> 0 | V8: =AVERAGE(V$3:V$5) -> 0 | W8: =AVERAGE(W$3:W$5) -> 0 | X8: =AVERAGE(X$3:X$5) -> 0 | Z8: =AVERAGE(Z$3:Z$5) -> 0 | AA8: =AVERAGE(AA$3:AA$5) -> 0 | AB8: =AVERAGE(AB$3:AB$5) -> 0 | AC8: =AVERAGE(AC$3:AC$5) -> 0 | AD8: =AVERAGE(AD$3:AD$5) -> 0 | AE8: =AVERAGE(AE$3:AE$5) -> 0 | AG8: =AVERAGE(AG$3:AG$5) -> 0 | AH8: =AVERAGE(AH$3:AH$5) -> 0 | AI8: =AVERAGE(AI$3:AI$5) -> 0 | AJ8: =AVERAGE(AJ$3:AJ$5) -> 0 | AK8: =AVERAGE(AK$3:AK$5) -> 0 | AL8: =AVERAGE(AL$3:AL$5) -> 0 | AN8: =AVERAGE(AN$3:AN$5) -> 0 | AO8: =AVERAGE(AO$3:AO$5) -> 0 | AP8: =AVERAGE(AP$3:AP$5) -> 0 | AQ8: =AVERAGE(AQ$3:AQ$5) -> 0 | AR8: =AVERAGE(AR$3:AR$5) -> 0 | AS8: =AVERAGE(AS$3:AS$5) -> 0 | AU8: =AVERAGE(AU$3:AU$5) -> 0 | AV8: =AVERAGE(AV$3:AV$5) -> 0 | AW8: =AVERAGE(AW$3:AW$5) -> 0 | AX8: =AVERAGE(AX$3:AX$5) -> 0 | AY8: =AVERAGE(AY$3:AY$5) -> 0 | AZ8: =AVERAGE(AZ$3:AZ$5) -> 0 | BB8: =AVERAGE(BB$3:BB$5) -> 0 | BC8: =AVERAGE(BC$3:BC$5) -> 0 | BD8: =AVERAGE(BD$3:BD$5) -> 0 | BE8: =AVERAGE(BE$3:BE$5) -> 0 | BF8: =AVERAGE(BF$3:BF$5) -> 0 | BG8: =AVERAGE(BG$3:BG$5) -> 0 | BI8: =AVERAGE(BI$3:BI$5) -> 0 | BJ8: =AVERAGE(BJ$3:BJ$5) -> 0 | BK8: =AVERAGE(BK$3:BK$5) -> 0 | BL8: =AVERAGE(BL$3:BL$5) -> 0 | BM8: =AVERAGE(BM$3:BM$5) -> 0 | BN8: =AVERAGE(BN$3:BN$5) -> 0 | BP8: =AVERAGE(BP$3:BP$5) -> 0 | BQ8: =AVERAGE(BQ$3:BQ$5) -> 0 | BR8: =AVERAGE(BR$3:BR$5) -> 0 | BS8: =AVERAGE(BS$3:BS$5) -> 0 | BT8: =AVERAGE(BT$3:BT$5) -> 0 | BU8: =AVERAGE(BU$3:BU$5) -> 0 | BW8: =AVERAGE(BW$3:BW$5) -> 0 | BX8: =AVERAGE(BX$3:BX$5) -> 0 | BY8: =AVERAGE(BY$3:BY$5) -> 0 | BZ8: =AVERAGE(BZ$3:BZ$5) -> 0 | CA8: =AVERAGE(CA$3:CA$5) -> 0 | CB8: =AVERAGE(CB$3:CB$5) -> 0 | CD8: =AVERAGE(CD$3:CD$5) -> 0 | CE8: =AVERAGE(CE$3:CE$5) -> 0 | CF8: =AVERAGE(CF$3:CF$5) -> 0 | CG8: =AVERAGE(CG$3:CG$5) -> 0 | CH8: =AVERAGE(CH$3:CH$5) -> 0 | CI8: =AVERAGE(CI$3:CI$5) -> 0 | CK8: =AVERAGE(CK$3:CK$5) -> 0 | CL8: =AVERAGE(CL$3:CL$5) -> 0 | CM8: =AVERAGE(CM$3:CM$5) -> 0 | CN8: =AVERAGE(CN$3:CN$5) -> 0 | CO8: =AVERAGE(CO$3:CO$5) -> 0 | CP8: =AVERAGE(CP$3:CP$5) -> 0 | CR8: =AVERAGE(CR$3:CR$5) -> 0 | CS8: =AVERAGE(CS$3:CS$5) -> 0 | CT8: =AVERAGE(CT$3:CT$5) -> 0 | CU8: =AVERAGE(CU$3:CU$5) -> 0 | CV8: =AVERAGE(CV$3:CV$5) -> 0 | CW8: =AVERAGE(CW$3:CW$5) -> 0 | CY8: =AVERAGE(CY$3:CY$5) -> 0 | CZ8: =AVERAGE(CZ$3:CZ$5) -> 0 | DA8: =AVERAGE(DA$3:DA$5) -> 0 | DB8: =AVERAGE(DB$3:DB$5) -> 0 | DC8: =AVERAGE(DC$3:DC$5) -> 0 | DD8: =AVERAGE(DD$3:DD$5) -> 0 | DF8: =AVERAGE(DF$3:DF$5) -> 0 | DG8: =AVERAGE(DG$3:DG$5) -> 0 | DH8: =AVERAGE(DH$3:DH$5) -> 0 | DI8: =AVERAGE(DI$3:DI$5) -> 0 | DJ8: =AVERAGE(DJ$3:DJ$5) -> 0 | DK8: =AVERAGE(DK$3:DK$5) -> 0 | DM8: =AVERAGE(DM$3:DM$5) -> 0 | DN8: =AVERAGE(DN$3:DN$5) -> 0 | DO8: =AVERAGE(DO$3:DO$5) -> 0 | DP8: =AVERAGE(DP$3:DP$5) -> 0 | DQ8: =AVERAGE(DQ$3:DQ$5) -> 0 | DR8: =AVERAGE(DR$3:DR$5) -> 0 | DT8: =AVERAGE(DT$3:DT$5) -> 0 | DU8: =AVERAGE(DU$3:DU$5) -> 0 | DV8: =AVERAGE(DV$3:DV$5) -> 0 | DW8: =AVERAGE(DW$3:DW$5) -> 0 | DX8: =AVERAGE(DX$3:DX$5) -> 0 | DY8: =AVERAGE(DY$3:DY$5) -> 0 | EA8: =AVERAGE(EA$3:EA$5) -> 0 | EB8: =AVERAGE(EB$3:EB$5) -> 0 | EC8: =AVERAGE(EC$3:EC$5) -> 0 | ED8: =AVERAGE(ED$3:ED$5) -> 0 | EE8: =AVERAGE(EE$3:EE$5) -> 0 | EF8: =AVERAGE(EF$3:EF$5) -> 0 | EH8: =AVERAGE(EH$3:EH$5) -> 0 | EI8: =AVERAGE(EI$3:EI$5) -> 0 | EJ8: =AVERAGE(EJ$3:EJ$5) -> 0 | EK8: =AVERAGE(EK$3:EK$5) -> 0 | EL8: =AVERAGE(EL$3:EL$5) -> 0 | EM8: =AVERAGE(EM$3:EM$5) -> 0 | EO8: =AVERAGE(EO$3:EO$5) -> 0 | EP8: =AVERAGE(EP$3:EP$5) -> 0 | EQ8: =AVERAGE(EQ$3:EQ$5) -> 0 | ER8: =AVERAGE(ER$3:ER$5) -> 0 | ES8: =AVERAGE(ES$3:ES$5) -> 0 | ET8: =AVERAGE(ET$3:ET$5) -> 0 | EV8: =AVERAGE(EV$3:EV$5) -> 0 | EW8: =AVERAGE(EW$3:EW$5) -> 0 | EX8: =AVERAGE(EX$3:EX$5) -> 0 | EY8: =AVERAGE(EY$3:EY$5) -> 0 | EZ8: =AVERAGE(EZ$3:EZ$5) -> 0 | FA8: =AVERAGE(FA$3:FA$5) -> 0 | FC8: =AVERAGE(FC$3:FC$5) -> 0 | FD8: =AVERAGE(FD$3:FD$5) -> 0 | FE8: =AVERAGE(FE$3:FE$5) -> 0 | FF8: =AVERAGE(FF$3:FF$5) -> 0 | FG8: =AVERAGE(FG$3:FG$5) -> 0 | FH8: =AVERAGE(FH$3:FH$5) -> 0 | FJ8: =AVERAGE(FJ$3:FJ$5) -> 0 | FK8: =AVERAGE(FK$3:FK$5) -> 0 | FL8: =AVERAGE(FL$3:FL$5) -> 0 | FM8: =AVERAGE(FM$3:FM$5) -> 0 | FN8: =AVERAGE(FN$3:FN$5) -> 0 | FO8: =AVERAGE(FO$3:FO$5) -> 0 | FQ8: =AVERAGE(FQ$3:FQ$5) -> 0 | FR8: =AVERAGE(FR$3:FR$5) -> 0 | FS8: =AVERAGE(FS$3:FS$5) -> 0 | FT8: =AVERAGE(FT$3:FT$5) -> 0 | FU8: =AVERAGE(FU$3:FU$5) -> 0 | FV8: =AVERAGE(FV$3:FV$5) -> 0 | FX8: =AVERAGE(FX$3:FX$5) -> 0 | FY8: =AVERAGE(FY$3:FY$5) -> 0 | FZ8: =AVERAGE(FZ$3:FZ$5) -> 0 | GA8: =AVERAGE(GA$3:GA$5) -> 0 | GB8: =AVERAGE(GB$3:GB$5) -> 0 | GC8: =AVERAGE(GC$3:GC$5) -> 0 | GE8: =AVERAGE(GE$3:GE$5) -> 0 | GF8: =AVERAGE(GF$3:GF$5) -> 0 | GG8: =AVERAGE(GG$3:GG$5) -> 0 | GH8: =AVERAGE(GH$3:GH$5) -> 0 | GI8: =AVERAGE(GI$3:GI$5) -> 0 | GJ8: =AVERAGE(GJ$3:GJ$5) -> 0 | GL8: =AVERAGE(GL$3:GL$5) -> 0 | GM8: =AVERAGE(GM$3:GM$5) -> 0 | GN8: =AVERAGE(GN$3:GN$5) -> 0 | GO8: =AVERAGE(GO$3:GO$5) -> 0 | GP8: =AVERAGE(GP$3:GP$5) -> 0 | GQ8: =AVERAGE(GQ$3:GQ$5) -> 0 | GS8: =AVERAGE(GS$3:GS$5) -> 0 | GT8: =AVERAGE(GT$3:GT$5) -> 0 | GU8: =AVERAGE(GU$3:GU$5) -> 0 | GV8: =AVERAGE(GV$3:GV$5) -> 0 | GW8: =AVERAGE(GW$3:GW$5) -> 0 | GX8: =AVERAGE(GX$3:GX$5) -> 0 | GZ8: =AVERAGE(GZ$3:GZ$5) -> 0 | HA8: =AVERAGE(HA$3:HA$5) -> 0 | HB8: =AVERAGE(HB$3:HB$5) -> 0 | HC8: =AVERAGE(HC$3:HC$5) -> 0 | HD8: =AVERAGE(HD$3:HD$5) -> 0 | HE8: =AVERAGE(HE$3:HE$5) -> 0 | HG8: =AVERAGE(HG$3:HG$5) -> 0 | HH8: =AVERAGE(HH$3:HH$5) -> 0 | HI8: =AVERAGE(HI$3:HI$5) -> 0 | HJ8: =AVERAGE(HJ$3:HJ$5) -> 0 | HK8: =AVERAGE(HK$3:HK$5) -> 0 | HL8: =AVERAGE(HL$3:HL$5) -> 0 | HN8: =AVERAGE(HN$3:HN$5) -> 0 | HO8: =AVERAGE(HO$3:HO$5) -> 0 | HP8: =AVERAGE(HP$3:HP$5) -> 0 | HQ8: =AVERAGE(HQ$3:HQ$5) -> 0 | HR8: =AVERAGE(HR$3:HR$5) -> 0 | HS8: =AVERAGE(HS$3:HS$5) -> 0 | HU8: =AVERAGE(HU$3:HU$5) -> 0 | HV8: =AVERAGE(HV$3:HV$5) -> 0 | HW8: =AVERAGE(HW$3:HW$5) -> 0 | HX8: =AVERAGE(HX$3:HX$5) -> 0 | HY8: =AVERAGE(HY$3:HY$5) -> 0 | HZ8: =AVERAGE(HZ$3:HZ$5) -> 0 | IB8: =AVERAGE(IB$3:IB$5) -> 0 | IC8: =AVERAGE(IC$3:IC$5) -> 0 | ID8: =AVERAGE(ID$3:ID$5) -> 0 | IE8: =AVERAGE(IE$3:IE$5) -> 0 | IF8: =AVERAGE(IF$3:IF$5) -> 0 | IG8: =AVERAGE(IG$3:IG$5) -> 0 | II8: =AVERAGE(II$3:II$5) -> 0 | IJ8: =AVERAGE(IJ$3:IJ$5) -> 0 | IK8: =AVERAGE(IK$3:IK$5) -> 0 | IL8: =AVERAGE(IL$3:IL$5) -> 0 | IM8: =AVERAGE(IM$3:IM$5) -> 0 | IN8: =AVERAGE(IN$3:IN$5) -> 0 | IP8: =AVERAGE(IP$3:IP$5) -> 0 | IQ8: =AVERAGE(IQ$3:IQ$5) -> 0 | IR8: =AVERAGE(IR$3:IR$5) -> 0 | IS8: =AVERAGE(IS$3:IS$5) -> 0 | IT8: =AVERAGE(IT$3:IT$5) -> 0 | IU8: =AVERAGE(IU$3:IU$5) -> 0 | IW8: =AVERAGE(IW$3:IW$5) -> 0 | IX8: =AVERAGE(IX$3:IX$5) -> 0 | IY8: =AVERAGE(IY$3:IY$5) -> 0 | IZ8: =AVERAGE(IZ$3:IZ$5) -> 0 | JA8: =AVERAGE(JA$3:JA$5) -> 0 | JB8: =AVERAGE(JB$3:JB$5) -> 0 | JD8: =AVERAGE(JD$3:JD$5) -> 0 | JE8: =AVERAGE(JE$3:JE$5) -> 0 | JF8: =AVERAGE(JF$3:JF$5) -> 0 | JG8: =AVERAGE(JG$3:JG$5) -> 0 | JH8: =AVERAGE(JH$3:JH$5) -> 0 | JI8: =AVERAGE(JI$3:JI$5) -> 0 | JK8: =AVERAGE(JK$3:JK$5) -> 0 | JL8: =AVERAGE(JL$3:JL$5) -> 0 | JM8: =AVERAGE(JM$3:JM$5) -> 0 | JN8: =AVERAGE(JN$3:JN$5) -> 0 | JO8: =AVERAGE(JO$3:JO$5) -> 0 | JP8: =AVERAGE(JP$3:JP$5) -> 0 | JR8: =AVERAGE(JR$3:JR$5) -> 0 | JS8: =AVERAGE(JS$3:JS$5) -> 0 | JT8: =AVERAGE(JT$3:JT$5) -> 0 | JU8: =AVERAGE(JU$3:JU$5) -> 0 | JV8: =AVERAGE(JV$3:JV$5) -> 0 | JW8: =AVERAGE(JW$3:JW$5) -> 0 | JY8: =AVERAGE(JY$3:JY$5) -> 0 | JZ8: =AVERAGE(JZ$3:JZ$5) -> 0 | KA8: =AVERAGE(KA$3:KA$5) -> 0 | KB8: =AVERAGE(KB$3:KB$5) -> 0 | KC8: =AVERAGE(KC$3:KC$5) -> 0 | KD8: =AVERAGE(KD$3:KD$5) -> 0 | KF8: =AVERAGE(KF$3:KF$5) -> 0 | KG8: =AVERAGE(KG$3:KG$5) -> 0 | KH8: =AVERAGE(KH$3:KH$5) -> 0 | KI8: =AVERAGE(KI$3:KI$5) -> 0 | KJ8: =AVERAGE(KJ$3:KJ$5) -> 0 | KK8: =AVERAGE(KK$3:KK$5) -> 0 | KM8: =AVERAGE(KM$3:KM$5) -> 0 | KN8: =AVERAGE(KN$3:KN$5) -> 0 | KO8: =AVERAGE(KO$3:KO$5) -> 0 | KP8: =AVERAGE(KP$3:KP$5) -> 0 | KQ8: =AVERAGE(KQ$3:KQ$5) -> 0 | KR8: =AVERAGE(KR$3:KR$5) -> 0 | KT8: =AVERAGE(KT$3:KT$5) -> 0 | KU8: =AVERAGE(KU$3:KU$5) -> 0 | KV8: =AVERAGE(KV$3:KV$5) -> 0 | KW8: =AVERAGE(KW$3:KW$5) -> 0 | KX8: =AVERAGE(KX$3:KX$5) -> 0 | KY8: =AVERAGE(KY$3:KY$5) -> 0 | LA8: =AVERAGE(LA$3:LA$5) -> 0 | LB8: =AVERAGE(LB$3:LB$5) -> 0 | LC8: =AVERAGE(LC$3:LC$5) -> 0 | LD8: =AVERAGE(LD$3:LD$5) -> 0 | LE8: =AVERAGE(LE$3:LE$5) -> 0 | LF8: =AVERAGE(LF$3:LF$5) -> 0 | LH8: =AVERAGE(LH$3:LH$5) -> 0 | LI8: =AVERAGE(LI$3:LI$5) -> 0 | LJ8: =AVERAGE(LJ$3:LJ$5) -> 0 | LK8: =AVERAGE(LK$3:LK$5) -> 0 | LL8: =AVERAGE(LL$3:LL$5) -> 0 | LM8: =AVERAGE(LM$3:LM$5) -> 0 | LO8: =AVERAGE(LO$3:LO$5) -> 0 | LP8: =AVERAGE(LP$3:LP$5) -> 0 | LQ8: =AVERAGE(LQ$3:LQ$5) -> 0 | LR8: =AVERAGE(LR$3:LR$5) -> 0 | LS8: =AVERAGE(LS$3:LS$5) -> 0 | LT8: =AVERAGE(LT$3:LT$5) -> 0 | LV8: =AVERAGE(LV$3:LV$5) -> 0 | LW8: =AVERAGE(LW$3:LW$5) -> 0 | LX8: =AVERAGE(LX$3:LX$5) -> 0 | LY8: =AVERAGE(LY$3:LY$5) -> 0 | LZ8: =AVERAGE(LZ$3:LZ$5) -> 0 | MA8: =AVERAGE(MA$3:MA$5) -> 0 | MC8: =AVERAGE(MC$3:MC$5) -> 0 | MD8: =AVERAGE(MD$3:MD$5) -> 0 | ME8: =AVERAGE(ME$3:ME$5) -> 0 | MF8: =AVERAGE(MF$3:MF$5) -> 0 | MG8: =AVERAGE(MG$3:MG$5) -> 0 | MH8: =AVERAGE(MH$3:MH$5) -> 0 | MJ8: =AVERAGE(MJ$3:MJ$5) -> 0 | MK8: =AVERAGE(MK$3:MK$5) -> 0 | ML8: =AVERAGE(ML$3:ML$5) -> 0 | MM8: =AVERAGE(MM$3:MM$5) -> 0 | MN8: =AVERAGE(MN$3:MN$5) -> 0 | MO8: =AVERAGE(MO$3:MO$5) -> 0 | MQ8: =AVERAGE(MQ$3:MQ$5) -> 0 | MR8: =AVERAGE(MR$3:MR$5) -> 0 | MS8: =AVERAGE(MS$3:MS$5) -> 0 | MT8: =AVERAGE(MT$3:MT$5) -> 0 | MU8: =AVERAGE(MU$3:MU$5) -> 0 | MV8: =AVERAGE(MV$3:MV$5) -> 0 | MX8: =AVERAGE(MX$3:MX$5) -> 0 | MY8: =AVERAGE(MY$3:MY$5) -> 0 | MZ8: =AVERAGE(MZ$3:MZ$5) -> 0 | NA8: =AVERAGE(NA$3:NA$5) -> 0 | NB8: =AVERAGE(NB$3:NB$5) -> 0 | NC8: =AVERAGE(NC$3:NC$5) -> 0 | NE8: =AVERAGE(NE$3:NE$5) -> 0 | NF8: =AVERAGE(NF$3:NF$5) -> 0 | NG8: =AVERAGE(NG$3:NG$5) -> 0 | NH8: =AVERAGE(NH$3:NH$5) -> 0 | NI8: =AVERAGE(NI$3:NI$5) -> 0 | NJ8: =AVERAGE(NJ$3:NJ$5) -> 0 | NL8: =AVERAGE(NL$3:NL$5) -> 0 | NM8: =AVERAGE(NM$3:NM$5) -> 0 | NN8: =AVERAGE(NN$3:NN$5) -> 0 | NO8: =AVERAGE(NO$3:NO$5) -> 0 | NP8: =AVERAGE(NP$3:NP$5) -> 0 | NQ8: =AVERAGE(NQ$3:NQ$5) -> 0 | NS8: =AVERAGE(NS$3:NS$5) -> 0 | NT8: =AVERAGE(NT$3:NT$5) -> 0 | NU8: =AVERAGE(NU$3:NU$5) -> 0 | NV8: =AVERAGE(NV$3:NV$5) -> 0 | NW8: =AVERAGE(NW$3:NW$5) -> 0 | NX8: =AVERAGE(NX$3:NX$5) -> 0 | NZ8: =AVERAGE(NZ$3:NZ$5) -> 0 | OA8: =AVERAGE(OA$3:OA$5) -> 0 | OB8: =AVERAGE(OB$3:OB$5) -> 0 | OC8: =AVERAGE(OC$3:OC$5) -> 0 | OD8: =AVERAGE(OD$3:OD$5) -> 0 | OE8: =AVERAGE(OE$3:OE$5) -> 0 | OG8: =AVERAGE(OG$3:OG$5) -> 0 | OH8: =AVERAGE(OH$3:OH$5) -> 0 | OI8: =AVERAGE(OI$3:OI$5) -> 0 | OJ8: =AVERAGE(OJ$3:OJ$5) -> 0 | OK8: =AVERAGE(OK$3:OK$5) -> 0 | OL8: =AVERAGE(OL$3:OL$5) -> 0 | ON8: =AVERAGE(ON$3:ON$5) -> 0 | OO8: =AVERAGE(OO$3:OO$5) -> 0 | OP8: =AVERAGE(OP$3:OP$5) -> 0 | OQ8: =AVERAGE(OQ$3:OQ$5) -> 0 | OR8: =AVERAGE(OR$3:OR$5) -> 0 | OS8: =AVERAGE(OS$3:OS$5) -> 0 | OU8: =AVERAGE(OU$3:OU$5) -> 0 | OV8: =AVERAGE(OV$3:OV$5) -> 0 | OW8: =AVERAGE(OW$3:OW$5) -> 0 | OX8: =AVERAGE(OX$3:OX$5) -> 0 | OY8: =AVERAGE(OY$3:OY$5) -> 0 | OZ8: =AVERAGE(OZ$3:OZ$5) -> 0 | PB8: =AVERAGE(PB$3:PB$5) -> 0 | PC8: =AVERAGE(PC$3:PC$5) -> 0 | PD8: =AVERAGE(PD$3:PD$5) -> 0 | PE8: =AVERAGE(PE$3:PE$5) -> 0 | PF8: =AVERAGE(PF$3:PF$5) -> 0 | PG8: =AVERAGE(PG$3:PG$5) -> 0 | PI8: =AVERAGE(PI$3:PI$5) -> 0 | PJ8: =AVERAGE(PJ$3:PJ$5) -> 0 | PK8: =AVERAGE(PK$3:PK$5) -> 0 | PL8: =AVERAGE(PL$3:PL$5) -> 0 | PM8: =AVERAGE(PM$3:PM$5) -> 0 | PN8: =AVERAGE(PN$3:PN$5) -> 0 | PP8: =AVERAGE(PP$3:PP$5) -> 0 | PQ8: =AVERAGE(PQ$3:PQ$5) -> 0 | PR8: =AVERAGE(PR$3:PR$5) -> 0 | PS8: =AVERAGE(PS$3:PS$5) -> 0 | PT8: =AVERAGE(PT$3:PT$5) -> 0 | PU8: =AVERAGE(PU$3:PU$5) -> 0 | PW8: =AVERAGE(PW$3:PW$5) -> 0 | PX8: =AVERAGE(PX$3:PX$5) -> 0 | PY8: =AVERAGE(PY$3:PY$5) -> 0 | PZ8: =AVERAGE(PZ$3:PZ$5) -> 0 | QA8: =AVERAGE(QA$3:QA$5) -> 0 | QB8: =AVERAGE(QB$3:QB$5) -> 0 | QD8: =AVERAGE(QD$3:QD$5) -> 0 | QE8: =AVERAGE(QE$3:QE$5) -> 0 | QF8: =AVERAGE(QF$3:QF$5) -> 0 | QG8: =AVERAGE(QG$3:QG$5) -> 0 | QH8: =AVERAGE(QH$3:QH$5) -> 0 | QI8: =AVERAGE(QI$3:QI$5) -> 0 | QK8: =AVERAGE(QK$3:QK$5) -> 0 | QL8: =AVERAGE(QL$3:QL$5) -> 0 | QM8: =AVERAGE(QM$3:QM$5) -> 0 | QN8: =AVERAGE(QN$3:QN$5) -> 0 | QO8: =AVERAGE(QO$3:QO$5) -> 0 | QP8: =AVERAGE(QP$3:QP$5) -> 0 | QR8: =AVERAGE(QR$3:QR$5) -> 0 | QS8: =AVERAGE(QS$3:QS$5) -> 0 | QT8: =AVERAGE(QT$3:QT$5) -> 0 | QU8: =AVERAGE(QU$3:QU$5) -> 0 | QV8: =AVERAGE(QV$3:QV$5) -> 0 | QW8: =AVERAGE(QW$3:QW$5) -> 0 | QY8: =AVERAGE(QY$3:QY$5) -> 0 | QZ8: =AVERAGE(QZ$3:QZ$5) -> 0 | RA8: =AVERAGE(RA$3:RA$5) -> 0 | RB8: =AVERAGE(RB$3:RB$5) -> 0 | RC8: =AVERAGE(RC$3:RC$5) -> 0 | RD8: =AVERAGE(RD$3:RD$5) -> 0 | RF8: =AVERAGE(RF$3:RF$5) -> 0 | RG8: =AVERAGE(RG$3:RG$5) -> 0 | RH8: =AVERAGE(RH$3:RH$5) -> 0 | RI8: =AVERAGE(RI$3:RI$5) -> 0 | RJ8: =AVERAGE(RJ$3:RJ$5) -> 0 | RK8: =AVERAGE(RK$3:RK$5) -> 0 | RM8: =AVERAGE(RM$3:RM$5) -> 0 | RN8: =AVERAGE(RN$3:RN$5) -> 0 | RO8: =AVERAGE(RO$3:RO$5) -> 0 | RP8: =AVERAGE(RP$3:RP$5) -> 0 | RQ8: =AVERAGE(RQ$3:RQ$5) -> 0 | RR8: =AVERAGE(RR$3:RR$5) -> 0 | RT8: =AVERAGE(RT$3:RT$5) -> 0 | RU8: =AVERAGE(RU$3:RU$5) -> 0 | RV8: =AVERAGE(RV$3:RV$5) -> 0 | RW8: =AVERAGE(RW$3:RW$5) -> 0 | RX8: =AVERAGE(RX$3:RX$5) -> 0 | RY8: =AVERAGE(RY$3:RY$5) -> 0 | SA8: =AVERAGE(SA$3:SA$5) -> 0 | SB8: =AVERAGE(SB$3:SB$5) -> 0 | SC8: =AVERAGE(SC$3:SC$5) -> 0 | SD8: =AVERAGE(SD$3:SD$5) -> 0 | SE8: =AVERAGE(SE$3:SE$5) -> 0 | SF8: =AVERAGE(SF$3:SF$5) -> 0 | SH8: =AVERAGE(SH$3:SH$5) -> 0 | SI8: =AVERAGE(SI$3:SI$5) -> 0 | SJ8: =AVERAGE(SJ$3:SJ$5) -> 0 | SK8: =AVERAGE(SK$3:SK$5) -> 0 | SL8: =AVERAGE(SL$3:SL$5) -> 0 | SM8: =AVERAGE(SM$3:SM$5) -> 0 | SO8: =AVERAGE(SO$3:SO$5) -> 0 | SP8: =AVERAGE(SP$3:SP$5) -> 0 | SQ8: =AVERAGE(SQ$3:SQ$5) -> 0 | SR8: =AVERAGE(SR$3:SR$5) -> 0 | SS8: =AVERAGE(SS$3:SS$5) -> 0 | ST8: =AVERAGE(ST$3:ST$5) -> 0 | SV8: =AVERAGE(SV$3:SV$5) -> 0 | SW8: =AVERAGE(SW$3:SW$5) -> 0 | SX8: =AVERAGE(SX$3:SX$5) -> 0 | SY8: =AVERAGE(SY$3:SY$5) -> 0 | SZ8: =AVERAGE(SZ$3:SZ$5) -> 0 | TA8: =AVERAGE(TA$3:TA$5) -> 0 | TC8: =AVERAGE(TC$3:TC$5) -> 0 | TD8: =AVERAGE(TD$3:TD$5) -> 0 | TE8: =AVERAGE(TE$3:TE$5) -> 0 | TF8: =AVERAGE(TF$3:TF$5) -> 0 | TG8: =AVERAGE(TG$3:TG$5) -> 0 | TH8: =AVERAGE(TH$3:TH$5) -> 0 | TJ8: =AVERAGE(TJ$3:TJ$5) -> 0 | TK8: =AVERAGE(TK$3:TK$5) -> 0 | TL8: =AVERAGE(TL$3:TL$5) -> 0 | TM8: =AVERAGE(TM$3:TM$5) -> 0 | TN8: =AVERAGE(TN$3:TN$5) -> 0 | TO8: =AVERAGE(TO$3:TO$5) -> 0 | TQ8: =AVERAGE(TQ$3:TQ$5) -> 0 | TR8: =AVERAGE(TR$3:TR$5) -> 0 | TS8: =AVERAGE(TS$3:TS$5) -> 0 | TT8: =AVERAGE(TT$3:TT$5) -> 0 | TU8: =AVERAGE(TU$3:TU$5) -> 0 | TV8: =AVERAGE(TV$3:TV$5) -> 0 | TX8: =AVERAGE(TX$3:TX$5) -> 0 | TY8: =AVERAGE(TY$3:TY$5) -> 0 | TZ8: =AVERAGE(TZ$3:TZ$5) -> 0 | UA8: =AVERAGE(UA$3:UA$5) -> 0 | UB8: =AVERAGE(UB$3:UB$5) -> 0 | UC8: =AVERAGE(UC$3:UC$5) -> 0 | UE8: =AVERAGE(UE$3:UE$5) -> 0 | UF8: =AVERAGE(UF$3:UF$5) -> 0 | UG8: =AVERAGE(UG$3:UG$5) -> 0 | UH8: =AVERAGE(UH$3:UH$5) -> 0 | UI8: =AVERAGE(UI$3:UI$5) -> 0 | UJ8: =AVERAGE(UJ$3:UJ$5) -> 0 | UL8: =AVERAGE(UL$3:UL$5) -> 0 | UM8: =AVERAGE(UM$3:UM$5) -> 0 | UN8: =AVERAGE(UN$3:UN$5) -> 0 | UO8: =AVERAGE(UO$3:UO$5) -> 0 | UP8: =AVERAGE(UP$3:UP$5) -> 0 | UQ8: =AVERAGE(UQ$3:UQ$5) -> 0 | US8: =AVERAGE(US$3:US$5) -> 0 | UT8: =AVERAGE(UT$3:UT$5) -> 0 | UU8: =AVERAGE(UU$3:UU$5) -> 0 | UV8: =AVERAGE(UV$3:UV$5) -> 0 | UW8: =AVERAGE(UW$3:UW$5) -> 0 | UX8: =AVERAGE(UX$3:UX$5) -> 0 | UZ8: =AVERAGE(UZ$3:UZ$5) -> 0 | VA8: =AVERAGE(VA$3:VA$5) -> 0 | VB8: =AVERAGE(VB$3:VB$5) -> 0 | VC8: =AVERAGE(VC$3:VC$5) -> 0 | VD8: =AVERAGE(VD$3:VD$5) -> 0 | VE8: =AVERAGE(VE$3:VE$5) -> 0 | VG8: =AVERAGE(VG$3:VG$5) -> 0 | VH8: =AVERAGE(VH$3:VH$5) -> 0 | VI8: =AVERAGE(VI$3:VI$5) -> 0 | VJ8: =AVERAGE(VJ$3:VJ$5) -> 0 | VK8: =AVERAGE(VK$3:VK$5) -> 0 | VL8: =AVERAGE(VL$3:VL$5) -> 0 | VN8: =AVERAGE(VN$3:VN$5) -> 0 | VO8: =AVERAGE(VO$3:VO$5) -> 0 | VP8: =AVERAGE(VP$3:VP$5) -> 0 | VQ8: =AVERAGE(VQ$3:VQ$5) -> 0 | VR8: =AVERAGE(VR$3:VR$5) -> 0 | VS8: =AVERAGE(VS$3:VS$5) -> 0 | VT8: =AVERAGE(VT$3:VT$5) -> 0 | VU8: =AVERAGE(VU$3:VU$5) -> 0 | ... WI8: =AVERAGE(WI$3:WI$5) -> 0
A9: DEV | B9: =STDEV(B$3:B$5) -> 0 | C9: =STDEV(C$3:C$5) -> 0 | E9: =STDEV(E$3:E$5) -> 0 | F9: =STDEV(F$3:F$5) -> 0 | G9: =STDEV(G$3:G$5) -> 0 | H9: =STDEV(H$3:H$5) -> 0 | I9: =STDEV(I$3:I$5) -> 0 | J9: =STDEV(J$3:J$5) -> 0 | L9: =STDEV(L$3:L$5) -> 0 | M9: =STDEV(M$3:M$5) -> 0 | N9: =STDEV(N$3:N$5) -> 0 | O9: =STDEV(O$3:O$5) -> 0 | P9: =STDEV(P$3:P$5) -> 0 | Q9: =STDEV(Q$3:Q$5) -> 0 | S9: =STDEV(S$3:S$5) -> 0 | T9: =STDEV(T$3:T$5) -> 0 | U9: =STDEV(U$3:U$5) -> 0 | V9: =STDEV(V$3:V$5) -> 0 | W9: =STDEV(W$3:W$5) -> 0 | X9: =STDEV(X$3:X$5) -> 0 | Z9: =STDEV(Z$3:Z$5) -> 0 | AA9: =STDEV(AA$3:AA$5) -> 0 | AB9: =STDEV(AB$3:AB$5) -> 0 | AC9: =STDEV(AC$3:AC$5) -> 0 | AD9: =STDEV(AD$3:AD$5) -> 0 | AE9: =STDEV(AE$3:AE$5) -> 0 | AG9: =STDEV(AG$3:AG$5) -> 0 | AH9: =STDEV(AH$3:AH$5) -> 0 | AI9: =STDEV(AI$3:AI$5) -> 0 | AJ9: =STDEV(AJ$3:AJ$5) -> 0 | AK9: =STDEV(AK$3:AK$5) -> 0 | AL9: =STDEV(AL$3:AL$5) -> 0 | AN9: =STDEV(AN$3:AN$5) -> 0 | AO9: =STDEV(AO$3:AO$5) -> 0 | AP9: =STDEV(AP$3:AP$5) -> 0 | AQ9: =STDEV(AQ$3:AQ$5) -> 0 | AR9: =STDEV(AR$3:AR$5) -> 0 | AS9: =STDEV(AS$3:AS$5) -> 0 | AU9: =STDEV(AU$3:AU$5) -> 0 | AV9: =STDEV(AV$3:AV$5) -> 0 | AW9: =STDEV(AW$3:AW$5) -> 0 | AX9: =STDEV(AX$3:AX$5) -> 0 | AY9: =STDEV(AY$3:AY$5) -> 0 | AZ9: =STDEV(AZ$3:AZ$5) -> 0 | BB9: =STDEV(BB$3:BB$5) -> 0 | BC9: =STDEV(BC$3:BC$5) -> 0 | BD9: =STDEV(BD$3:BD$5) -> 0 | BE9: =STDEV(BE$3:BE$5) -> 0 | BF9: =STDEV(BF$3:BF$5) -> 0 | BG9: =STDEV(BG$3:BG$5) -> 0 | BI9: =STDEV(BI$3:BI$5) -> 0 | BJ9: =STDEV(BJ$3:BJ$5) -> 0 | BK9: =STDEV(BK$3:BK$5) -> 0 | BL9: =STDEV(BL$3:BL$5) -> 0 | BM9: =STDEV(BM$3:BM$5) -> 0 | BN9: =STDEV(BN$3:BN$5) -> 0 | BP9: =STDEV(BP$3:BP$5) -> 0 | BQ9: =STDEV(BQ$3:BQ$5) -> 0 | BR9: =STDEV(BR$3:BR$5) -> 0 | BS9: =STDEV(BS$3:BS$5) -> 0 | BT9: =STDEV(BT$3:BT$5) -> 0 | BU9: =STDEV(BU$3:BU$5) -> 0 | BW9: =STDEV(BW$3:BW$5) -> 0 | BX9: =STDEV(BX$3:BX$5) -> 0 | BY9: =STDEV(BY$3:BY$5) -> 0 | BZ9: =STDEV(BZ$3:BZ$5) -> 0 | CA9: =STDEV(CA$3:CA$5) -> 0 | CB9: =STDEV(CB$3:CB$5) -> 0 | CD9: =STDEV(CD$3:CD$5) -> 0 | CE9: =STDEV(CE$3:CE$5) -> 0 | CF9: =STDEV(CF$3:CF$5) -> 0 | CG9: =STDEV(CG$3:CG$5) -> 0 | CH9: =STDEV(CH$3:CH$5) -> 0 | CI9: =STDEV(CI$3:CI$5) -> 0 | CK9: =STDEV(CK$3:CK$5) -> 0 | CL9: =STDEV(CL$3:CL$5) -> 0 | CM9: =STDEV(CM$3:CM$5) -> 0 | CN9: =STDEV(CN$3:CN$5) -> 0 | CO9: =STDEV(CO$3:CO$5) -> 0 | CP9: =STDEV(CP$3:CP$5) -> 0 | CR9: =STDEV(CR$3:CR$5) -> 0 | CS9: =STDEV(CS$3:CS$5) -> 0 | CT9: =STDEV(CT$3:CT$5) -> 0 | CU9: =STDEV(CU$3:CU$5) -> 0 | CV9: =STDEV(CV$3:CV$5) -> 0 | CW9: =STDEV(CW$3:CW$5) -> 0 | CY9: =STDEV(CY$3:CY$5) -> 0 | CZ9: =STDEV(CZ$3:CZ$5) -> 0 | DA9: =STDEV(DA$3:DA$5) -> 0 | DB9: =STDEV(DB$3:DB$5) -> 0 | DC9: =STDEV(DC$3:DC$5) -> 0 | DD9: =STDEV(DD$3:DD$5) -> 0 | DF9: =STDEV(DF$3:DF$5) -> 0 | DG9: =STDEV(DG$3:DG$5) -> 0 | DH9: =STDEV(DH$3:DH$5) -> 0 | DI9: =STDEV(DI$3:DI$5) -> 0 | DJ9: =STDEV(DJ$3:DJ$5) -> 0 | DK9: =STDEV(DK$3:DK$5) -> 0 | DM9: =STDEV(DM$3:DM$5) -> 0 | DN9: =STDEV(DN$3:DN$5) -> 0 | DO9: =STDEV(DO$3:DO$5) -> 0 | DP9: =STDEV(DP$3:DP$5) -> 0 | DQ9: =STDEV(DQ$3:DQ$5) -> 0 | DR9: =STDEV(DR$3:DR$5) -> 0 | DT9: =STDEV(DT$3:DT$5) -> 0 | DU9: =STDEV(DU$3:DU$5) -> 0 | DV9: =STDEV(DV$3:DV$5) -> 0 | DW9: =STDEV(DW$3:DW$5) -> 0 | DX9: =STDEV(DX$3:DX$5) -> 0 | DY9: =STDEV(DY$3:DY$5) -> 0 | EA9: =STDEV(EA$3:EA$5) -> 0 | EB9: =STDEV(EB$3:EB$5) -> 0 | EC9: =STDEV(EC$3:EC$5) -> 0 | ED9: =STDEV(ED$3:ED$5) -> 0 | EE9: =STDEV(EE$3:EE$5) -> 0 | EF9: =STDEV(EF$3:EF$5) -> 0 | EH9: =STDEV(EH$3:EH$5) -> 0 | EI9: =STDEV(EI$3:EI$5) -> 0 | EJ9: =STDEV(EJ$3:EJ$5) -> 0 | EK9: =STDEV(EK$3:EK$5) -> 0 | EL9: =STDEV(EL$3:EL$5) -> 0 | EM9: =STDEV(EM$3:EM$5) -> 0 | EO9: =STDEV(EO$3:EO$5) -> 0 | EP9: =STDEV(EP$3:EP$5) -> 0 | EQ9: =STDEV(EQ$3:EQ$5) -> 0 | ER9: =STDEV(ER$3:ER$5) -> 0 | ES9: =STDEV(ES$3:ES$5) -> 0 | ET9: =STDEV(ET$3:ET$5) -> 0 | EV9: =STDEV(EV$3:EV$5) -> 0 | EW9: =STDEV(EW$3:EW$5) -> 0 | EX9: =STDEV(EX$3:EX$5) -> 0 | EY9: =STDEV(EY$3:EY$5) -> 0 | EZ9: =STDEV(EZ$3:EZ$5) -> 0 | FA9: =STDEV(FA$3:FA$5) -> 0 | FC9: =STDEV(FC$3:FC$5) -> 0 | FD9: =STDEV(FD$3:FD$5) -> 0 | FE9: =STDEV(FE$3:FE$5) -> 0 | FF9: =STDEV(FF$3:FF$5) -> 0 | FG9: =STDEV(FG$3:FG$5) -> 0 | FH9: =STDEV(FH$3:FH$5) -> 0 | FJ9: =STDEV(FJ$3:FJ$5) -> 0 | FK9: =STDEV(FK$3:FK$5) -> 0 | FL9: =STDEV(FL$3:FL$5) -> 0 | FM9: =STDEV(FM$3:FM$5) -> 0 | FN9: =STDEV(FN$3:FN$5) -> 0 | FO9: =STDEV(FO$3:FO$5) -> 0 | FQ9: =STDEV(FQ$3:FQ$5) -> 0 | FR9: =STDEV(FR$3:FR$5) -> 0 | FS9: =STDEV(FS$3:FS$5) -> 0 | FT9: =STDEV(FT$3:FT$5) -> 0 | FU9: =STDEV(FU$3:FU$5) -> 0 | FV9: =STDEV(FV$3:FV$5) -> 0 | FX9: =STDEV(FX$3:FX$5) -> 0 | FY9: =STDEV(FY$3:FY$5) -> 0 | FZ9: =STDEV(FZ$3:FZ$5) -> 0 | GA9: =STDEV(GA$3:GA$5) -> 0 | GB9: =STDEV(GB$3:GB$5) -> 0 | GC9: =STDEV(GC$3:GC$5) -> 0 | GE9: =STDEV(GE$3:GE$5) -> 0 | GF9: =STDEV(GF$3:GF$5) -> 0 | GG9: =STDEV(GG$3:GG$5) -> 0 | GH9: =STDEV(GH$3:GH$5) -> 0 | GI9: =STDEV(GI$3:GI$5) -> 0 | GJ9: =STDEV(GJ$3:GJ$5) -> 0 | GL9: =STDEV(GL$3:GL$5) -> 0 | GM9: =STDEV(GM$3:GM$5) -> 0 | GN9: =STDEV(GN$3:GN$5) -> 0 | GO9: =STDEV(GO$3:GO$5) -> 0 | GP9: =STDEV(GP$3:GP$5) -> 0 | GQ9: =STDEV(GQ$3:GQ$5) -> 0 | GS9: =STDEV(GS$3:GS$5) -> 0 | GT9: =STDEV(GT$3:GT$5) -> 0 | GU9: =STDEV(GU$3:GU$5) -> 0 | GV9: =STDEV(GV$3:GV$5) -> 0 | GW9: =STDEV(GW$3:GW$5) -> 0 | GX9: =STDEV(GX$3:GX$5) -> 0 | GZ9: =STDEV(GZ$3:GZ$5) -> 0 | HA9: =STDEV(HA$3:HA$5) -> 0 | HB9: =STDEV(HB$3:HB$5) -> 0 | HC9: =STDEV(HC$3:HC$5) -> 0 | HD9: =STDEV(HD$3:HD$5) -> 0 | HE9: =STDEV(HE$3:HE$5) -> 0 | HG9: =STDEV(HG$3:HG$5) -> 0 | HH9: =STDEV(HH$3:HH$5) -> 0 | HI9: =STDEV(HI$3:HI$5) -> 0 | HJ9: =STDEV(HJ$3:HJ$5) -> 0 | HK9: =STDEV(HK$3:HK$5) -> 0 | HL9: =STDEV(HL$3:HL$5) -> 0 | HN9: =STDEV(HN$3:HN$5) -> 0 | HO9: =STDEV(HO$3:HO$5) -> 0 | HP9: =STDEV(HP$3:HP$5) -> 0 | HQ9: =STDEV(HQ$3:HQ$5) -> 0 | HR9: =STDEV(HR$3:HR$5) -> 0 | HS9: =STDEV(HS$3:HS$5) -> 0 | HU9: =STDEV(HU$3:HU$5) -> 0 | HV9: =STDEV(HV$3:HV$5) -> 0 | HW9: =STDEV(HW$3:HW$5) -> 0 | HX9: =STDEV(HX$3:HX$5) -> 0 | HY9: =STDEV(HY$3:HY$5) -> 0 | HZ9: =STDEV(HZ$3:HZ$5) -> 0 | IB9: =STDEV(IB$3:IB$5) -> 0 | IC9: =STDEV(IC$3:IC$5) -> 0 | ID9: =STDEV(ID$3:ID$5) -> 0 | IE9: =STDEV(IE$3:IE$5) -> 0 | IF9: =STDEV(IF$3:IF$5) -> 0 | IG9: =STDEV(IG$3:IG$5) -> 0 | II9: =STDEV(II$3:II$5) -> 0 | IJ9: =STDEV(IJ$3:IJ$5) -> 0 | IK9: =STDEV(IK$3:IK$5) -> 0 | IL9: =STDEV(IL$3:IL$5) -> 0 | IM9: =STDEV(IM$3:IM$5) -> 0 | IN9: =STDEV(IN$3:IN$5) -> 0 | IP9: =STDEV(IP$3:IP$5) -> 0 | IQ9: =STDEV(IQ$3:IQ$5) -> 0 | IR9: =STDEV(IR$3:IR$5) -> 0 | IS9: =STDEV(IS$3:IS$5) -> 0 | IT9: =STDEV(IT$3:IT$5) -> 0 | IU9: =STDEV(IU$3:IU$5) -> 0 | IW9: =STDEV(IW$3:IW$5) -> 0 | IX9: =STDEV(IX$3:IX$5) -> 0 | IY9: =STDEV(IY$3:IY$5) -> 0 | IZ9: =STDEV(IZ$3:IZ$5) -> 0 | JA9: =STDEV(JA$3:JA$5) -> 0 | JB9: =STDEV(JB$3:JB$5) -> 0 | JD9: =STDEV(JD$3:JD$5) -> 0 | JE9: =STDEV(JE$3:JE$5) -> 0 | JF9: =STDEV(JF$3:JF$5) -> 0 | JG9: =STDEV(JG$3:JG$5) -> 0 | JH9: =STDEV(JH$3:JH$5) -> 0 | JI9: =STDEV(JI$3:JI$5) -> 0 | JK9: =STDEV(JK$3:JK$5) -> 0 | JL9: =STDEV(JL$3:JL$5) -> 0 | JM9: =STDEV(JM$3:JM$5) -> 0 | JN9: =STDEV(JN$3:JN$5) -> 0 | JO9: =STDEV(JO$3:JO$5) -> 0 | JP9: =STDEV(JP$3:JP$5) -> 0 | JR9: =STDEV(JR$3:JR$5) -> 0 | JS9: =STDEV(JS$3:JS$5) -> 0 | JT9: =STDEV(JT$3:JT$5) -> 0 | JU9: =STDEV(JU$3:JU$5) -> 0 | JV9: =STDEV(JV$3:JV$5) -> 0 | JW9: =STDEV(JW$3:JW$5) -> 0 | JY9: =STDEV(JY$3:JY$5) -> 0 | JZ9: =STDEV(JZ$3:JZ$5) -> 0 | KA9: =STDEV(KA$3:KA$5) -> 0 | KB9: =STDEV(KB$3:KB$5) -> 0 | KC9: =STDEV(KC$3:KC$5) -> 0 | KD9: =STDEV(KD$3:KD$5) -> 0 | KF9: =STDEV(KF$3:KF$5) -> 0 | KG9: =STDEV(KG$3:KG$5) -> 0 | KH9: =STDEV(KH$3:KH$5) -> 0 | KI9: =STDEV(KI$3:KI$5) -> 0 | KJ9: =STDEV(KJ$3:KJ$5) -> 0 | KK9: =STDEV(KK$3:KK$5) -> 0 | KM9: =STDEV(KM$3:KM$5) -> 0 | KN9: =STDEV(KN$3:KN$5) -> 0 | KO9: =STDEV(KO$3:KO$5) -> 0 | KP9: =STDEV(KP$3:KP$5) -> 0 | KQ9: =STDEV(KQ$3:KQ$5) -> 0 | KR9: =STDEV(KR$3:KR$5) -> 0 | KT9: =STDEV(KT$3:KT$5) -> 0 | KU9: =STDEV(KU$3:KU$5) -> 0 | KV9: =STDEV(KV$3:KV$5) -> 0 | KW9: =STDEV(KW$3:KW$5) -> 0 | KX9: =STDEV(KX$3:KX$5) -> 0 | KY9: =STDEV(KY$3:KY$5) -> 0 | LA9: =STDEV(LA$3:LA$5) -> 0 | LB9: =STDEV(LB$3:LB$5) -> 0 | LC9: =STDEV(LC$3:LC$5) -> 0 | LD9: =STDEV(LD$3:LD$5) -> 0 | LE9: =STDEV(LE$3:LE$5) -> 0 | LF9: =STDEV(LF$3:LF$5) -> 0 | LH9: =STDEV(LH$3:LH$5) -> 0 | LI9: =STDEV(LI$3:LI$5) -> 0 | LJ9: =STDEV(LJ$3:LJ$5) -> 0 | LK9: =STDEV(LK$3:LK$5) -> 0 | LL9: =STDEV(LL$3:LL$5) -> 0 | LM9: =STDEV(LM$3:LM$5) -> 0 | LO9: =STDEV(LO$3:LO$5) -> 0 | LP9: =STDEV(LP$3:LP$5) -> 0 | LQ9: =STDEV(LQ$3:LQ$5) -> 0 | LR9: =STDEV(LR$3:LR$5) -> 0 | LS9: =STDEV(LS$3:LS$5) -> 0 | LT9: =STDEV(LT$3:LT$5) -> 0 | LV9: =STDEV(LV$3:LV$5) -> 0 | LW9: =STDEV(LW$3:LW$5) -> 0 | LX9: =STDEV(LX$3:LX$5) -> 0 | LY9: =STDEV(LY$3:LY$5) -> 0 | LZ9: =STDEV(LZ$3:LZ$5) -> 0 | MA9: =STDEV(MA$3:MA$5) -> 0 | MC9: =STDEV(MC$3:MC$5) -> 0 | MD9: =STDEV(MD$3:MD$5) -> 0 | ME9: =STDEV(ME$3:ME$5) -> 0 | MF9: =STDEV(MF$3:MF$5) -> 0 | MG9: =STDEV(MG$3:MG$5) -> 0 | MH9: =STDEV(MH$3:MH$5) -> 0 | MJ9: =STDEV(MJ$3:MJ$5) -> 0 | MK9: =STDEV(MK$3:MK$5) -> 0 | ML9: =STDEV(ML$3:ML$5) -> 0 | MM9: =STDEV(MM$3:MM$5) -> 0 | MN9: =STDEV(MN$3:MN$5) -> 0 | MO9: =STDEV(MO$3:MO$5) -> 0 | MQ9: =STDEV(MQ$3:MQ$5) -> 0 | MR9: =STDEV(MR$3:MR$5) -> 0 | MS9: =STDEV(MS$3:MS$5) -> 0 | MT9: =STDEV(MT$3:MT$5) -> 0 | MU9: =STDEV(MU$3:MU$5) -> 0 | MV9: =STDEV(MV$3:MV$5) -> 0 | MX9: =STDEV(MX$3:MX$5) -> 0 | MY9: =STDEV(MY$3:MY$5) -> 0 | MZ9: =STDEV(MZ$3:MZ$5) -> 0 | NA9: =STDEV(NA$3:NA$5) -> 0 | NB9: =STDEV(NB$3:NB$5) -> 0 | NC9: =STDEV(NC$3:NC$5) -> 0 | NE9: =STDEV(NE$3:NE$5) -> 0 | NF9: =STDEV(NF$3:NF$5) -> 0 | NG9: =STDEV(NG$3:NG$5) -> 0 | NH9: =STDEV(NH$3:NH$5) -> 0 | NI9: =STDEV(NI$3:NI$5) -> 0 | NJ9: =STDEV(NJ$3:NJ$5) -> 0 | NL9: =STDEV(NL$3:NL$5) -> 0 | NM9: =STDEV(NM$3:NM$5) -> 0 | NN9: =STDEV(NN$3:NN$5) -> 0 | NO9: =STDEV(NO$3:NO$5) -> 0 | NP9: =STDEV(NP$3:NP$5) -> 0 | NQ9: =STDEV(NQ$3:NQ$5) -> 0 | NS9: =STDEV(NS$3:NS$5) -> 0 | NT9: =STDEV(NT$3:NT$5) -> 0 | NU9: =STDEV(NU$3:NU$5) -> 0 | NV9: =STDEV(NV$3:NV$5) -> 0 | NW9: =STDEV(NW$3:NW$5) -> 0 | NX9: =STDEV(NX$3:NX$5) -> 0 | NZ9: =STDEV(NZ$3:NZ$5) -> 0 | OA9: =STDEV(OA$3:OA$5) -> 0 | OB9: =STDEV(OB$3:OB$5) -> 0 | OC9: =STDEV(OC$3:OC$5) -> 0 | OD9: =STDEV(OD$3:OD$5) -> 0 | OE9: =STDEV(OE$3:OE$5) -> 0 | OG9: =STDEV(OG$3:OG$5) -> 0 | OH9: =STDEV(OH$3:OH$5) -> 0 | OI9: =STDEV(OI$3:OI$5) -> 0 | OJ9: =STDEV(OJ$3:OJ$5) -> 0 | OK9: =STDEV(OK$3:OK$5) -> 0 | OL9: =STDEV(OL$3:OL$5) -> 0 | ON9: =STDEV(ON$3:ON$5) -> 0 | OO9: =STDEV(OO$3:OO$5) -> 0 | OP9: =STDEV(OP$3:OP$5) -> 0 | OQ9: =STDEV(OQ$3:OQ$5) -> 0 | OR9: =STDEV(OR$3:OR$5) -> 0 | OS9: =STDEV(OS$3:OS$5) -> 0 | OU9: =STDEV(OU$3:OU$5) -> 0 | OV9: =STDEV(OV$3:OV$5) -> 0 | OW9: =STDEV(OW$3:OW$5) -> 0 | OX9: =STDEV(OX$3:OX$5) -> 0 | OY9: =STDEV(OY$3:OY$5) -> 0 | OZ9: =STDEV(OZ$3:OZ$5) -> 0 | PB9: =STDEV(PB$3:PB$5) -> 0 | PC9: =STDEV(PC$3:PC$5) -> 0 | PD9: =STDEV(PD$3:PD$5) -> 0 | PE9: =STDEV(PE$3:PE$5) -> 0 | PF9: =STDEV(PF$3:PF$5) -> 0 | PG9: =STDEV(PG$3:PG$5) -> 0 | PI9: =STDEV(PI$3:PI$5) -> 0 | PJ9: =STDEV(PJ$3:PJ$5) -> 0 | PK9: =STDEV(PK$3:PK$5) -> 0 | PL9: =STDEV(PL$3:PL$5) -> 0 | PM9: =STDEV(PM$3:PM$5) -> 0 | PN9: =STDEV(PN$3:PN$5) -> 0 | PP9: =STDEV(PP$3:PP$5) -> 0 | PQ9: =STDEV(PQ$3:PQ$5) -> 0 | PR9: =STDEV(PR$3:PR$5) -> 0 | PS9: =STDEV(PS$3:PS$5) -> 0 | PT9: =STDEV(PT$3:PT$5) -> 0 | PU9: =STDEV(PU$3:PU$5) -> 0 | PW9: =STDEV(PW$3:PW$5) -> 0 | PX9: =STDEV(PX$3:PX$5) -> 0 | PY9: =STDEV(PY$3:PY$5) -> 0 | PZ9: =STDEV(PZ$3:PZ$5) -> 0 | QA9: =STDEV(QA$3:QA$5) -> 0 | QB9: =STDEV(QB$3:QB$5) -> 0 | QD9: =STDEV(QD$3:QD$5) -> 0 | QE9: =STDEV(QE$3:QE$5) -> 0 | QF9: =STDEV(QF$3:QF$5) -> 0 | QG9: =STDEV(QG$3:QG$5) -> 0 | QH9: =STDEV(QH$3:QH$5) -> 0 | QI9: =STDEV(QI$3:QI$5) -> 0 | QK9: =STDEV(QK$3:QK$5) -> 0 | QL9: =STDEV(QL$3:QL$5) -> 0 | QM9: =STDEV(QM$3:QM$5) -> 0 | QN9: =STDEV(QN$3:QN$5) -> 0 | QO9: =STDEV(QO$3:QO$5) -> 0 | QP9: =STDEV(QP$3:QP$5) -> 0 | QR9: =STDEV(QR$3:QR$5) -> 0 | QS9: =STDEV(QS$3:QS$5) -> 0 | QT9: =STDEV(QT$3:QT$5) -> 0 | QU9: =STDEV(QU$3:QU$5) -> 0 | QV9: =STDEV(QV$3:QV$5) -> 0 | QW9: =STDEV(QW$3:QW$5) -> 0 | QY9: =STDEV(QY$3:QY$5) -> 0 | QZ9: =STDEV(QZ$3:QZ$5) -> 0 | RA9: =STDEV(RA$3:RA$5) -> 0 | RB9: =STDEV(RB$3:RB$5) -> 0 | RC9: =STDEV(RC$3:RC$5) -> 0 | RD9: =STDEV(RD$3:RD$5) -> 0 | RF9: =STDEV(RF$3:RF$5) -> 0 | RG9: =STDEV(RG$3:RG$5) -> 0 | RH9: =STDEV(RH$3:RH$5) -> 0 | RI9: =STDEV(RI$3:RI$5) -> 0 | RJ9: =STDEV(RJ$3:RJ$5) -> 0 | RK9: =STDEV(RK$3:RK$5) -> 0 | RM9: =STDEV(RM$3:RM$5) -> 0 | RN9: =STDEV(RN$3:RN$5) -> 0 | RO9: =STDEV(RO$3:RO$5) -> 0 | RP9: =STDEV(RP$3:RP$5) -> 0 | RQ9: =STDEV(RQ$3:RQ$5) -> 0 | RR9: =STDEV(RR$3:RR$5) -> 0 | RT9: =STDEV(RT$3:RT$5) -> 0 | RU9: =STDEV(RU$3:RU$5) -> 0 | RV9: =STDEV(RV$3:RV$5) -> 0 | RW9: =STDEV(RW$3:RW$5) -> 0 | RX9: =STDEV(RX$3:RX$5) -> 0 | RY9: =STDEV(RY$3:RY$5) -> 0 | SA9: =STDEV(SA$3:SA$5) -> 0 | SB9: =STDEV(SB$3:SB$5) -> 0 | SC9: =STDEV(SC$3:SC$5) -> 0 | SD9: =STDEV(SD$3:SD$5) -> 0 | SE9: =STDEV(SE$3:SE$5) -> 0 | SF9: =STDEV(SF$3:SF$5) -> 0 | SH9: =STDEV(SH$3:SH$5) -> 0 | SI9: =STDEV(SI$3:SI$5) -> 0 | SJ9: =STDEV(SJ$3:SJ$5) -> 0 | SK9: =STDEV(SK$3:SK$5) -> 0 | SL9: =STDEV(SL$3:SL$5) -> 0 | SM9: =STDEV(SM$3:SM$5) -> 0 | SO9: =STDEV(SO$3:SO$5) -> 0 | SP9: =STDEV(SP$3:SP$5) -> 0 | SQ9: =STDEV(SQ$3:SQ$5) -> 0 | SR9: =STDEV(SR$3:SR$5) -> 0 | SS9: =STDEV(SS$3:SS$5) -> 0 | ST9: =STDEV(ST$3:ST$5) -> 0 | SV9: =STDEV(SV$3:SV$5) -> 0 | SW9: =STDEV(SW$3:SW$5) -> 0 | SX9: =STDEV(SX$3:SX$5) -> 0 | SY9: =STDEV(SY$3:SY$5) -> 0 | SZ9: =STDEV(SZ$3:SZ$5) -> 0 | TA9: =STDEV(TA$3:TA$5) -> 0 | TC9: =STDEV(TC$3:TC$5) -> 0 | TD9: =STDEV(TD$3:TD$5) -> 0 | TE9: =STDEV(TE$3:TE$5) -> 0 | TF9: =STDEV(TF$3:TF$5) -> 0 | TG9: =STDEV(TG$3:TG$5) -> 0 | TH9: =STDEV(TH$3:TH$5) -> 0 | TJ9: =STDEV(TJ$3:TJ$5) -> 0 | TK9: =STDEV(TK$3:TK$5) -> 0 | TL9: =STDEV(TL$3:TL$5) -> 0 | TM9: =STDEV(TM$3:TM$5) -> 0 | TN9: =STDEV(TN$3:TN$5) -> 0 | TO9: =STDEV(TO$3:TO$5) -> 0 | TQ9: =STDEV(TQ$3:TQ$5) -> 0 | TR9: =STDEV(TR$3:TR$5) -> 0 | TS9: =STDEV(TS$3:TS$5) -> 0 | TT9: =STDEV(TT$3:TT$5) -> 0 | TU9: =STDEV(TU$3:TU$5) -> 0 | TV9: =STDEV(TV$3:TV$5) -> 0 | TX9: =STDEV(TX$3:TX$5) -> 0 | TY9: =STDEV(TY$3:TY$5) -> 0 | TZ9: =STDEV(TZ$3:TZ$5) -> 0 | UA9: =STDEV(UA$3:UA$5) -> 0 | UB9: =STDEV(UB$3:UB$5) -> 0 | UC9: =STDEV(UC$3:UC$5) -> 0 | UE9: =STDEV(UE$3:UE$5) -> 0 | UF9: =STDEV(UF$3:UF$5) -> 0 | UG9: =STDEV(UG$3:UG$5) -> 0 | UH9: =STDEV(UH$3:UH$5) -> 0 | UI9: =STDEV(UI$3:UI$5) -> 0 | UJ9: =STDEV(UJ$3:UJ$5) -> 0 | UL9: =STDEV(UL$3:UL$5) -> 0 | UM9: =STDEV(UM$3:UM$5) -> 0 | UN9: =STDEV(UN$3:UN$5) -> 0 | UO9: =STDEV(UO$3:UO$5) -> 0 | UP9: =STDEV(UP$3:UP$5) -> 0 | UQ9: =STDEV(UQ$3:UQ$5) -> 0 | US9: =STDEV(US$3:US$5) -> 0 | UT9: =STDEV(UT$3:UT$5) -> 0 | UU9: =STDEV(UU$3:UU$5) -> 0 | UV9: =STDEV(UV$3:UV$5) -> 0 | UW9: =STDEV(UW$3:UW$5) -> 0 | UX9: =STDEV(UX$3:UX$5) -> 0 | UZ9: =STDEV(UZ$3:UZ$5) -> 0 | VA9: =STDEV(VA$3:VA$5) -> 0 | VB9: =STDEV(VB$3:VB$5) -> 0 | VC9: =STDEV(VC$3:VC$5) -> 0 | VD9: =STDEV(VD$3:VD$5) -> 0 | VE9: =STDEV(VE$3:VE$5) -> 0 | VG9: =STDEV(VG$3:VG$5) -> 0 | VH9: =STDEV(VH$3:VH$5) -> 0 | VI9: =STDEV(VI$3:VI$5) -> 0 | VJ9: =STDEV(VJ$3:VJ$5) -> 0 | VK9: =STDEV(VK$3:VK$5) -> 0 | VL9: =STDEV(VL$3:VL$5) -> 0 | VN9: =STDEV(VN$3:VN$5) -> 0 | VO9: =STDEV(VO$3:VO$5) -> 0 | VP9: =STDEV(VP$3:VP$5) -> 0 | VQ9: =STDEV(VQ$3:VQ$5) -> 0 | VR9: =STDEV(VR$3:VR$5) -> 0 | VS9: =STDEV(VS$3:VS$5) -> 0 | VT9: =STDEV(VT$3:VT$5) -> 0 | VU9: =STDEV(VU$3:VU$5) -> 0 | ... WI9: =STDEV(WI$3:WI$5) -> 0
A10: DST | B10: =SUMPRODUCT(--(B$3:B$5-$VR$3:$VR$5)^2)^0.5 -> 0 | C10: =SUMPRODUCT(--(C$3:C$5-$VS$3:$VS$5)^2)^0.5 -> 0 | E10: =SUMPRODUCT(--(E$3:E$5-$VT$3:$VT$5)^2)^0.5 -> 0 | F10: =SUMPRODUCT(--(F$3:F$5-$VU$3:$VU$5)^2)^0.5 -> 0 | G10: =SUMPRODUCT(--(G$3:G$5-$VV$3:$VV$5)^2)^0.5 -> 0 | H10: =SUMPRODUCT(--(H$3:H$5-$VW$3:$VW$5)^2)^0.5 -> 0 | I10: =SUMPRODUCT(--(I$3:I$5-$VR$3:$VR$5)^2)^0.5 -> 0 | J10: =SUMPRODUCT(--(J$3:J$5-$VS$3:$VS$5)^2)^0.5 -> 0 | L10: =SUMPRODUCT(--(L$3:L$5-$VT$3:$VT$5)^2)^0.5 -> 0 | M10: =SUMPRODUCT(--(M$3:M$5-$VU$3:$VU$5)^2)^0.5 -> 0 | N10: =SUMPRODUCT(--(N$3:N$5-$VV$3:$VV$5)^2)^0.5 -> 0 | O10: =SUMPRODUCT(--(O$3:O$5-$VW$3:$VW$5)^2)^0.5 -> 0 | P10: =SUMPRODUCT(--(P$3:P$5-$VR$3:$VR$5)^2)^0.5 -> 0 | Q10: =SUMPRODUCT(--(Q$3:Q$5-$VS$3:$VS$5)^2)^0.5 -> 0 | S10: =SUMPRODUCT(--(S$3:S$5-$VT$3:$VT$5)^2)^0.5 -> 0 | T10: =SUMPRODUCT(--(T$3:T$5-$VU$3:$VU$5)^2)^0.5 -> 0 | U10: =SUMPRODUCT(--(U$3:U$5-$VV$3:$VV$5)^2)^0.5 -> 0 | V10: =SUMPRODUCT(--(V$3:V$5-$VW$3:$VW$5)^2)^0.5 -> 0 | W10: =SUMPRODUCT(--(W$3:W$5-$VR$3:$VR$5)^2)^0.5 -> 0 | X10: =SUMPRODUCT(--(X$3:X$5-$VS$3:$VS$5)^2)^0.5 -> 0 | Z10: =SUMPRODUCT(--(Z$3:Z$5-$VT$3:$VT$5)^2)^0.5 -> 0 | AA10: =SUMPRODUCT(--(AA$3:AA$5-$VU$3:$VU$5)^2)^0.5 -> 0 | AB10: =SUMPRODUCT(--(AB$3:AB$5-$VV$3:$VV$5)^2)^0.5 -> 0 | AC10: =SUMPRODUCT(--(AC$3:AC$5-$VW$3:$VW$5)^2)^0.5 -> 0 | AD10: =SUMPRODUCT(--(AD$3:AD$5-$VR$3:$VR$5)^2)^0.5 -> 0 | AE10: =SUMPRODUCT(--(AE$3:AE$5-$VS$3:$VS$5)^2)^0.5 -> 0 | AG10: =SUMPRODUCT(--(AG$3:AG$5-$VT$3:$VT$5)^2)^0.5 -> 0 | AH10: =SUMPRODUCT(--(AH$3:AH$5-$VU$3:$VU$5)^2)^0.5 -> 0 | AI10: =SUMPRODUCT(--(AI$3:AI$5-$VV$3:$VV$5)^2)^0.5 -> 0 | AJ10: =SUMPRODUCT(--(AJ$3:AJ$5-$VW$3:$VW$5)^2)^0.5 -> 0 | AK10: =SUMPRODUCT(--(AK$3:AK$5-$VR$3:$VR$5)^2)^0.5 -> 0 | AL10: =SUMPRODUCT(--(AL$3:AL$5-$VS$3:$VS$5)^2)^0.5 -> 0 | AN10: =SUMPRODUCT(--(AN$3:AN$5-$VT$3:$VT$5)^2)^0.5 -> 0 | AO10: =SUMPRODUCT(--(AO$3:AO$5-$VU$3:$VU$5)^2)^0.5 -> 0 | AP10: =SUMPRODUCT(--(AP$3:AP$5-$VV$3:$VV$5)^2)^0.5 -> 0 | AQ10: =SUMPRODUCT(--(AQ$3:AQ$5-$VW$3:$VW$5)^2)^0.5 -> 0 | AR10: =SUMPRODUCT(--(AR$3:AR$5-$VR$3:$VR$5)^2)^0.5 -> 0 | AS10: =SUMPRODUCT(--(AS$3:AS$5-$VS$3:$VS$5)^2)^0.5 -> 0 | AU10: =SUMPRODUCT(--(AU$3:AU$5-$VT$3:$VT$5)^2)^0.5 -> 0 | AV10: =SUMPRODUCT(--(AV$3:AV$5-$VU$3:$VU$5)^2)^0.5 -> 0 | AW10: =SUMPRODUCT(--(AW$3:AW$5-$VV$3:$VV$5)^2)^0.5 -> 0 | AX10: =SUMPRODUCT(--(AX$3:AX$5-$VW$3:$VW$5)^2)^0.5 -> 0 | AY10: =SUMPRODUCT(--(AY$3:AY$5-$VR$3:$VR$5)^2)^0.5 -> 0 | AZ10: =SUMPRODUCT(--(AZ$3:AZ$5-$VS$3:$VS$5)^2)^0.5 -> 0 | BB10: =SUMPRODUCT(--(BB$3:BB$5-$VT$3:$VT$5)^2)^0.5 -> 0 | BC10: =SUMPRODUCT(--(BC$3:BC$5-$VU$3:$VU$5)^2)^0.5 -> 0 | BD10: =SUMPRODUCT(--(BD$3:BD$5-$VV$3:$VV$5)^2)^0.5 -> 0 | BE10: =SUMPRODUCT(--(BE$3:BE$5-$VW$3:$VW$5)^2)^0.5 -> 0 | BF10: =SUMPRODUCT(--(BF$3:BF$5-$VR$3:$VR$5)^2)^0.5 -> 0 | BG10: =SUMPRODUCT(--(BG$3:BG$5-$VS$3:$VS$5)^2)^0.5 -> 0 | BI10: =SUMPRODUCT(--(BI$3:BI$5-$VT$3:$VT$5)^2)^0.5 -> 0 | BJ10: =SUMPRODUCT(--(BJ$3:BJ$5-$VU$3:$VU$5)^2)^0.5 -> 0 | BK10: =SUMPRODUCT(--(BK$3:BK$5-$VV$3:$VV$5)^2)^0.5 -> 0 | BL10: =SUMPRODUCT(--(BL$3:BL$5-$VW$3:$VW$5)^2)^0.5 -> 0 | BM10: =SUMPRODUCT(--(BM$3:BM$5-$VR$3:$VR$5)^2)^0.5 -> 0 | BN10: =SUMPRODUCT(--(BN$3:BN$5-$VS$3:$VS$5)^2)^0.5 -> 0 | BP10: =SUMPRODUCT(--(BP$3:BP$5-$VT$3:$VT$5)^2)^0.5 -> 0 | BQ10: =SUMPRODUCT(--(BQ$3:BQ$5-$VU$3:$VU$5)^2)^0.5 -> 0 | BR10: =SUMPRODUCT(--(BR$3:BR$5-$VV$3:$VV$5)^2)^0.5 -> 0 | BS10: =SUMPRODUCT(--(BS$3:BS$5-$VW$3:$VW$5)^2)^0.5 -> 0 | BT10: =SUMPRODUCT(--(BT$3:BT$5-$VR$3:$VR$5)^2)^0.5 -> 0 | BU10: =SUMPRODUCT(--(BU$3:BU$5-$VS$3:$VS$5)^2)^0.5 -> 0 | BW10: =SUMPRODUCT(--(BW$3:BW$5-$VT$3:$VT$5)^2)^0.5 -> 0 | BX10: =SUMPRODUCT(--(BX$3:BX$5-$VU$3:$VU$5)^2)^0.5 -> 0 | BY10: =SUMPRODUCT(--(BY$3:BY$5-$VV$3:$VV$5)^2)^0.5 -> 0 | BZ10: =SUMPRODUCT(--(BZ$3:BZ$5-$VW$3:$VW$5)^2)^0.5 -> 0 | CA10: =SUMPRODUCT(--(CA$3:CA$5-$VR$3:$VR$5)^2)^0.5 -> 0 | CB10: =SUMPRODUCT(--(CB$3:CB$5-$VS$3:$VS$5)^2)^0.5 -> 0 | CD10: =SUMPRODUCT(--(CD$3:CD$5-$VT$3:$VT$5)^2)^0.5 -> 0 | CE10: =SUMPRODUCT(--(CE$3:CE$5-$VU$3:$VU$5)^2)^0.5 -> 0 | CF10: =SUMPRODUCT(--(CF$3:CF$5-$VV$3:$VV$5)^2)^0.5 -> 0 | CG10: =SUMPRODUCT(--(CG$3:CG$5-$VW$3:$VW$5)^2)^0.5 -> 0 | CH10: =SUMPRODUCT(--(CH$3:CH$5-$VR$3:$VR$5)^2)^0.5 -> 0 | CI10: =SUMPRODUCT(--(CI$3:CI$5-$VS$3:$VS$5)^2)^0.5 -> 0 | CK10: =SUMPRODUCT(--(CK$3:CK$5-$VT$3:$VT$5)^2)^0.5 -> 0 | CL10: =SUMPRODUCT(--(CL$3:CL$5-$VU$3:$VU$5)^2)^0.5 -> 0 | CM10: =SUMPRODUCT(--(CM$3:CM$5-$VV$3:$VV$5)^2)^0.5 -> 0 | CN10: =SUMPRODUCT(--(CN$3:CN$5-$VW$3:$VW$5)^2)^0.5 -> 0 | CO10: =SUMPRODUCT(--(CO$3:CO$5-$VR$3:$VR$5)^2)^0.5 -> 0 | CP10: =SUMPRODUCT(--(CP$3:CP$5-$VS$3:$VS$5)^2)^0.5 -> 0 | CR10: =SUMPRODUCT(--(CR$3:CR$5-$VT$3:$VT$5)^2)^0.5 -> 0 | CS10: =SUMPRODUCT(--(CS$3:CS$5-$VU$3:$VU$5)^2)^0.5 -> 0 | CT10: =SUMPRODUCT(--(CT$3:CT$5-$VV$3:$VV$5)^2)^0.5 -> 0 | CU10: =SUMPRODUCT(--(CU$3:CU$5-$VW$3:$VW$5)^2)^0.5 -> 0 | CV10: =SUMPRODUCT(--(CV$3:CV$5-$VR$3:$VR$5)^2)^0.5 -> 0 | CW10: =SUMPRODUCT(--(CW$3:CW$5-$VS$3:$VS$5)^2)^0.5 -> 0 | CY10: =SUMPRODUCT(--(CY$3:CY$5-$VT$3:$VT$5)^2)^0.5 -> 0 | CZ10: =SUMPRODUCT(--(CZ$3:CZ$5-$VU$3:$VU$5)^2)^0.5 -> 0 | DA10: =SUMPRODUCT(--(DA$3:DA$5-$VV$3:$VV$5)^2)^0.5 -> 0 | DB10: =SUMPRODUCT(--(DB$3:DB$5-$VW$3:$VW$5)^2)^0.5 -> 0 | DC10: =SUMPRODUCT(--(DC$3:DC$5-$VR$3:$VR$5)^2)^0.5 -> 0 | DD10: =SUMPRODUCT(--(DD$3:DD$5-$VS$3:$VS$5)^2)^0.5 -> 0 | DF10: =SUMPRODUCT(--(DF$3:DF$5-$VT$3:$VT$5)^2)^0.5 -> 0 | DG10: =SUMPRODUCT(--(DG$3:DG$5-$VU$3:$VU$5)^2)^0.5 -> 0 | DH10: =SUMPRODUCT(--(DH$3:DH$5-$VV$3:$VV$5)^2)^0.5 -> 0 | DI10: =SUMPRODUCT(--(DI$3:DI$5-$VW$3:$VW$5)^2)^0.5 -> 0 | DJ10: =SUMPRODUCT(--(DJ$3:DJ$5-$VR$3:$VR$5)^2)^0.5 -> 0 | DK10: =SUMPRODUCT(--(DK$3:DK$5-$VS$3:$VS$5)^2)^0.5 -> 0 | DM10: =SUMPRODUCT(--(DM$3:DM$5-$VT$3:$VT$5)^2)^0.5 -> 0 | DN10: =SUMPRODUCT(--(DN$3:DN$5-$VU$3:$VU$5)^2)^0.5 -> 0 | DO10: =SUMPRODUCT(--(DO$3:DO$5-$VV$3:$VV$5)^2)^0.5 -> 0 | DP10: =SUMPRODUCT(--(DP$3:DP$5-$VW$3:$VW$5)^2)^0.5 -> 0 | DQ10: =SUMPRODUCT(--(DQ$3:DQ$5-$VR$3:$VR$5)^2)^0.5 -> 0 | DR10: =SUMPRODUCT(--(DR$3:DR$5-$VS$3:$VS$5)^2)^0.5 -> 0 | DT10: =SUMPRODUCT(--(DT$3:DT$5-$VT$3:$VT$5)^2)^0.5 -> 0 | DU10: =SUMPRODUCT(--(DU$3:DU$5-$VU$3:$VU$5)^2)^0.5 -> 0 | DV10: =SUMPRODUCT(--(DV$3:DV$5-$VV$3:$VV$5)^2)^0.5 -> 0 | DW10: =SUMPRODUCT(--(DW$3:DW$5-$VW$3:$VW$5)^2)^0.5 -> 0 | DX10: =SUMPRODUCT(--(DX$3:DX$5-$VR$3:$VR$5)^2)^0.5 -> 0 | DY10: =SUMPRODUCT(--(DY$3:DY$5-$VS$3:$VS$5)^2)^0.5 -> 0 | EA10: =SUMPRODUCT(--(EA$3:EA$5-$VT$3:$VT$5)^2)^0.5 -> 0 | EB10: =SUMPRODUCT(--(EB$3:EB$5-$VU$3:$VU$5)^2)^0.5 -> 0 | EC10: =SUMPRODUCT(--(EC$3:EC$5-$VV$3:$VV$5)^2)^0.5 -> 0 | ED10: =SUMPRODUCT(--(ED$3:ED$5-$VW$3:$VW$5)^2)^0.5 -> 0 | EE10: =SUMPRODUCT(--(EE$3:EE$5-$VR$3:$VR$5)^2)^0.5 -> 0 | EF10: =SUMPRODUCT(--(EF$3:EF$5-$VS$3:$VS$5)^2)^0.5 -> 0 | EH10: =SUMPRODUCT(--(EH$3:EH$5-$VT$3:$VT$5)^2)^0.5 -> 0 | EI10: =SUMPRODUCT(--(EI$3:EI$5-$VU$3:$VU$5)^2)^0.5 -> 0 | EJ10: =SUMPRODUCT(--(EJ$3:EJ$5-$VV$3:$VV$5)^2)^0.5 -> 0 | EK10: =SUMPRODUCT(--(EK$3:EK$5-$VW$3:$VW$5)^2)^0.5 -> 0 | EL10: =SUMPRODUCT(--(EL$3:EL$5-$VR$3:$VR$5)^2)^0.5 -> 0 | EM10: =SUMPRODUCT(--(EM$3:EM$5-$VS$3:$VS$5)^2)^0.5 -> 0 | EO10: =SUMPRODUCT(--(EO$3:EO$5-$VT$3:$VT$5)^2)^0.5 -> 0 | EP10: =SUMPRODUCT(--(EP$3:EP$5-$VU$3:$VU$5)^2)^0.5 -> 0 | EQ10: =SUMPRODUCT(--(EQ$3:EQ$5-$VV$3:$VV$5)^2)^0.5 -> 0 | ER10: =SUMPRODUCT(--(ER$3:ER$5-$VW$3:$VW$5)^2)^0.5 -> 0 | ES10: =SUMPRODUCT(--(ES$3:ES$5-$VR$3:$VR$5)^2)^0.5 -> 0 | ET10: =SUMPRODUCT(--(ET$3:ET$5-$VS$3:$VS$5)^2)^0.5 -> 0 | EV10: =SUMPRODUCT(--(EV$3:EV$5-$VT$3:$VT$5)^2)^0.5 -> 0 | EW10: =SUMPRODUCT(--(EW$3:EW$5-$VU$3:$VU$5)^2)^0.5 -> 0 | EX10: =SUMPRODUCT(--(EX$3:EX$5-$VV$3:$VV$5)^2)^0.5 -> 0 | EY10: =SUMPRODUCT(--(EY$3:EY$5-$VW$3:$VW$5)^2)^0.5 -> 0 | EZ10: =SUMPRODUCT(--(EZ$3:EZ$5-$VR$3:$VR$5)^2)^0.5 -> 0 | FA10: =SUMPRODUCT(--(FA$3:FA$5-$VS$3:$VS$5)^2)^0.5 -> 0 | FC10: =SUMPRODUCT(--(FC$3:FC$5-$VT$3:$VT$5)^2)^0.5 -> 0 | FD10: =SUMPRODUCT(--(FD$3:FD$5-$VU$3:$VU$5)^2)^0.5 -> 0 | FE10: =SUMPRODUCT(--(FE$3:FE$5-$VV$3:$VV$5)^2)^0.5 -> 0 | FF10: =SUMPRODUCT(--(FF$3:FF$5-$VW$3:$VW$5)^2)^0.5 -> 0 | FG10: =SUMPRODUCT(--(FG$3:FG$5-$VR$3:$VR$5)^2)^0.5 -> 0 | FH10: =SUMPRODUCT(--(FH$3:FH$5-$VS$3:$VS$5)^2)^0.5 -> 0 | FJ10: =SUMPRODUCT(--(FJ$3:FJ$5-$VT$3:$VT$5)^2)^0.5 -> 0 | FK10: =SUMPRODUCT(--(FK$3:FK$5-$VU$3:$VU$5)^2)^0.5 -> 0 | FL10: =SUMPRODUCT(--(FL$3:FL$5-$VV$3:$VV$5)^2)^0.5 -> 0 | FM10: =SUMPRODUCT(--(FM$3:FM$5-$VW$3:$VW$5)^2)^0.5 -> 0 | FN10: =SUMPRODUCT(--(FN$3:FN$5-$VR$3:$VR$5)^2)^0.5 -> 0 | FO10: =SUMPRODUCT(--(FO$3:FO$5-$VS$3:$VS$5)^2)^0.5 -> 0 | FQ10: =SUMPRODUCT(--(FQ$3:FQ$5-$VT$3:$VT$5)^2)^0.5 -> 0 | FR10: =SUMPRODUCT(--(FR$3:FR$5-$VU$3:$VU$5)^2)^0.5 -> 0 | FS10: =SUMPRODUCT(--(FS$3:FS$5-$VV$3:$VV$5)^2)^0.5 -> 0 | FT10: =SUMPRODUCT(--(FT$3:FT$5-$VW$3:$VW$5)^2)^0.5 -> 0 | FU10: =SUMPRODUCT(--(FU$3:FU$5-$VR$3:$VR$5)^2)^0.5 -> 0 | FV10: =SUMPRODUCT(--(FV$3:FV$5-$VS$3:$VS$5)^2)^0.5 -> 0 | FX10: =SUMPRODUCT(--(FX$3:FX$5-$VT$3:$VT$5)^2)^0.5 -> 0 | FY10: =SUMPRODUCT(--(FY$3:FY$5-$VU$3:$VU$5)^2)^0.5 -> 0 | FZ10: =SUMPRODUCT(--(FZ$3:FZ$5-$VV$3:$VV$5)^2)^0.5 -> 0 | GA10: =SUMPRODUCT(--(GA$3:GA$5-$VW$3:$VW$5)^2)^0.5 -> 0 | GB10: =SUMPRODUCT(--(GB$3:GB$5-$VR$3:$VR$5)^2)^0.5 -> 0 | GC10: =SUMPRODUCT(--(GC$3:GC$5-$VS$3:$VS$5)^2)^0.5 -> 0 | GE10: =SUMPRODUCT(--(GE$3:GE$5-$VT$3:$VT$5)^2)^0.5 -> 0 | GF10: =SUMPRODUCT(--(GF$3:GF$5-$VU$3:$VU$5)^2)^0.5 -> 0 | GG10: =SUMPRODUCT(--(GG$3:GG$5-$VV$3:$VV$5)^2)^0.5 -> 0 | GH10: =SUMPRODUCT(--(GH$3:GH$5-$VW$3:$VW$5)^2)^0.5 -> 0 | GI10: =SUMPRODUCT(--(GI$3:GI$5-$VR$3:$VR$5)^2)^0.5 -> 0 | GJ10: =SUMPRODUCT(--(GJ$3:GJ$5-$VS$3:$VS$5)^2)^0.5 -> 0 | GL10: =SUMPRODUCT(--(GL$3:GL$5-$VT$3:$VT$5)^2)^0.5 -> 0 | GM10: =SUMPRODUCT(--(GM$3:GM$5-$VU$3:$VU$5)^2)^0.5 -> 0 | GN10: =SUMPRODUCT(--(GN$3:GN$5-$VV$3:$VV$5)^2)^0.5 -> 0 | GO10: =SUMPRODUCT(--(GO$3:GO$5-$VW$3:$VW$5)^2)^0.5 -> 0 | GP10: =SUMPRODUCT(--(GP$3:GP$5-$VR$3:$VR$5)^2)^0.5 -> 0 | GQ10: =SUMPRODUCT(--(GQ$3:GQ$5-$VS$3:$VS$5)^2)^0.5 -> 0 | GS10: =SUMPRODUCT(--(GS$3:GS$5-$VT$3:$VT$5)^2)^0.5 -> 0 | GT10: =SUMPRODUCT(--(GT$3:GT$5-$VU$3:$VU$5)^2)^0.5 -> 0 | GU10: =SUMPRODUCT(--(GU$3:GU$5-$VV$3:$VV$5)^2)^0.5 -> 0 | GV10: =SUMPRODUCT(--(GV$3:GV$5-$VW$3:$VW$5)^2)^0.5 -> 0 | GW10: =SUMPRODUCT(--(GW$3:GW$5-$VR$3:$VR$5)^2)^0.5 -> 0 | GX10: =SUMPRODUCT(--(GX$3:GX$5-$VS$3:$VS$5)^2)^0.5 -> 0 | GZ10: =SUMPRODUCT(--(GZ$3:GZ$5-$VT$3:$VT$5)^2)^0.5 -> 0 | HA10: =SUMPRODUCT(--(HA$3:HA$5-$VU$3:$VU$5)^2)^0.5 -> 0 | HB10: =SUMPRODUCT(--(HB$3:HB$5-$VV$3:$VV$5)^2)^0.5 -> 0 | HC10: =SUMPRODUCT(--(HC$3:HC$5-$VW$3:$VW$5)^2)^0.5 -> 0 | HD10: =SUMPRODUCT(--(HD$3:HD$5-$VR$3:$VR$5)^2)^0.5 -> 0 | HE10: =SUMPRODUCT(--(HE$3:HE$5-$VS$3:$VS$5)^2)^0.5 -> 0 | HG10: =SUMPRODUCT(--(HG$3:HG$5-$VT$3:$VT$5)^2)^0.5 -> 0 | HH10: =SUMPRODUCT(--(HH$3:HH$5-$VU$3:$VU$5)^2)^0.5 -> 0 | HI10: =SUMPRODUCT(--(HI$3:HI$5-$VV$3:$VV$5)^2)^0.5 -> 0 | HJ10: =SUMPRODUCT(--(HJ$3:HJ$5-$VW$3:$VW$5)^2)^0.5 -> 0 | HK10: =SUMPRODUCT(--(HK$3:HK$5-$VR$3:$VR$5)^2)^0.5 -> 0 | HL10: =SUMPRODUCT(--(HL$3:HL$5-$VS$3:$VS$5)^2)^0.5 -> 0 | HN10: =SUMPRODUCT(--(HN$3:HN$5-$VT$3:$VT$5)^2)^0.5 -> 0 | HO10: =SUMPRODUCT(--(HO$3:HO$5-$VU$3:$VU$5)^2)^0.5 -> 0 | HP10: =SUMPRODUCT(--(HP$3:HP$5-$VV$3:$VV$5)^2)^0.5 -> 0 | HQ10: =SUMPRODUCT(--(HQ$3:HQ$5-$VW$3:$VW$5)^2)^0.5 -> 0 | HR10: =SUMPRODUCT(--(HR$3:HR$5-$VR$3:$VR$5)^2)^0.5 -> 0 | HS10: =SUMPRODUCT(--(HS$3:HS$5-$VS$3:$VS$5)^2)^0.5 -> 0 | HU10: =SUMPRODUCT(--(HU$3:HU$5-$VT$3:$VT$5)^2)^0.5 -> 0 | HV10: =SUMPRODUCT(--(HV$3:HV$5-$VU$3:$VU$5)^2)^0.5 -> 0 | HW10: =SUMPRODUCT(--(HW$3:HW$5-$VV$3:$VV$5)^2)^0.5 -> 0 | HX10: =SUMPRODUCT(--(HX$3:HX$5-$VW$3:$VW$5)^2)^0.5 -> 0 | HY10: =SUMPRODUCT(--(HY$3:HY$5-$VR$3:$VR$5)^2)^0.5 -> 0 | HZ10: =SUMPRODUCT(--(HZ$3:HZ$5-$VS$3:$VS$5)^2)^0.5 -> 0 | IB10: =SUMPRODUCT(--(IB$3:IB$5-$VT$3:$VT$5)^2)^0.5 -> 0 | IC10: =SUMPRODUCT(--(IC$3:IC$5-$VU$3:$VU$5)^2)^0.5 -> 0 | ID10: =SUMPRODUCT(--(ID$3:ID$5-$VV$3:$VV$5)^2)^0.5 -> 0 | IE10: =SUMPRODUCT(--(IE$3:IE$5-$VW$3:$VW$5)^2)^0.5 -> 0 | IF10: =SUMPRODUCT(--(IF$3:IF$5-$VR$3:$VR$5)^2)^0.5 -> 0 | IG10: =SUMPRODUCT(--(IG$3:IG$5-$VS$3:$VS$5)^2)^0.5 -> 0 | II10: =SUMPRODUCT(--(II$3:II$5-$VT$3:$VT$5)^2)^0.5 -> 0 | IJ10: =SUMPRODUCT(--(IJ$3:IJ$5-$VU$3:$VU$5)^2)^0.5 -> 0 | IK10: =SUMPRODUCT(--(IK$3:IK$5-$VV$3:$VV$5)^2)^0.5 -> 0 | IL10: =SUMPRODUCT(--(IL$3:IL$5-$VW$3:$VW$5)^2)^0.5 -> 0 | IM10: =SUMPRODUCT(--(IM$3:IM$5-$VR$3:$VR$5)^2)^0.5 -> 0 | IN10: =SUMPRODUCT(--(IN$3:IN$5-$VS$3:$VS$5)^2)^0.5 -> 0 | IP10: =SUMPRODUCT(--(IP$3:IP$5-$VT$3:$VT$5)^2)^0.5 -> 0 | IQ10: =SUMPRODUCT(--(IQ$3:IQ$5-$VU$3:$VU$5)^2)^0.5 -> 0 | IR10: =SUMPRODUCT(--(IR$3:IR$5-$VV$3:$VV$5)^2)^0.5 -> 0 | IS10: =SUMPRODUCT(--(IS$3:IS$5-$VW$3:$VW$5)^2)^0.5 -> 0 | IT10: =SUMPRODUCT(--(IT$3:IT$5-$VR$3:$VR$5)^2)^0.5 -> 0 | IU10: =SUMPRODUCT(--(IU$3:IU$5-$VS$3:$VS$5)^2)^0.5 -> 0 | IW10: =SUMPRODUCT(--(IW$3:IW$5-$VT$3:$VT$5)^2)^0.5 -> 0 | IX10: =SUMPRODUCT(--(IX$3:IX$5-$VU$3:$VU$5)^2)^0.5 -> 0 | IY10: =SUMPRODUCT(--(IY$3:IY$5-$VV$3:$VV$5)^2)^0.5 -> 0 | IZ10: =SUMPRODUCT(--(IZ$3:IZ$5-$VW$3:$VW$5)^2)^0.5 -> 0 | JA10: =SUMPRODUCT(--(JA$3:JA$5-$VR$3:$VR$5)^2)^0.5 -> 0 | JB10: =SUMPRODUCT(--(JB$3:JB$5-$VS$3:$VS$5)^2)^0.5 -> 0 | JD10: =SUMPRODUCT(--(JD$3:JD$5-$VT$3:$VT$5)^2)^0.5 -> 0 | JE10: =SUMPRODUCT(--(JE$3:JE$5-$VU$3:$VU$5)^2)^0.5 -> 0 | JF10: =SUMPRODUCT(--(JF$3:JF$5-$VV$3:$VV$5)^2)^0.5 -> 0 | JG10: =SUMPRODUCT(--(JG$3:JG$5-$VW$3:$VW$5)^2)^0.5 -> 0 | JH10: =SUMPRODUCT(--(JH$3:JH$5-$VR$3:$VR$5)^2)^0.5 -> 0 | JI10: =SUMPRODUCT(--(JI$3:JI$5-$VS$3:$VS$5)^2)^0.5 -> 0 | JK10: =SUMPRODUCT(--(JK$3:JK$5-$VT$3:$VT$5)^2)^0.5 -> 0 | JL10: =SUMPRODUCT(--(JL$3:JL$5-$VU$3:$VU$5)^2)^0.5 -> 0 | JM10: =SUMPRODUCT(--(JM$3:JM$5-$VV$3:$VV$5)^2)^0.5 -> 0 | JN10: =SUMPRODUCT(--(JN$3:JN$5-$VW$3:$VW$5)^2)^0.5 -> 0 | JO10: =SUMPRODUCT(--(JO$3:JO$5-$VR$3:$VR$5)^2)^0.5 -> 0 | JP10: =SUMPRODUCT(--(JP$3:JP$5-$VS$3:$VS$5)^2)^0.5 -> 0 | JR10: =SUMPRODUCT(--(JR$3:JR$5-$VT$3:$VT$5)^2)^0.5 -> 0 | JS10: =SUMPRODUCT(--(JS$3:JS$5-$VU$3:$VU$5)^2)^0.5 -> 0 | JT10: =SUMPRODUCT(--(JT$3:JT$5-$VV$3:$VV$5)^2)^0.5 -> 0 | JU10: =SUMPRODUCT(--(JU$3:JU$5-$VW$3:$VW$5)^2)^0.5 -> 0 | JV10: =SUMPRODUCT(--(JV$3:JV$5-$VR$3:$VR$5)^2)^0.5 -> 0 | JW10: =SUMPRODUCT(--(JW$3:JW$5-$VS$3:$VS$5)^2)^0.5 -> 0 | JY10: =SUMPRODUCT(--(JY$3:JY$5-$VT$3:$VT$5)^2)^0.5 -> 0 | JZ10: =SUMPRODUCT(--(JZ$3:JZ$5-$VU$3:$VU$5)^2)^0.5 -> 0 | KA10: =SUMPRODUCT(--(KA$3:KA$5-$VV$3:$VV$5)^2)^0.5 -> 0 | KB10: =SUMPRODUCT(--(KB$3:KB$5-$VW$3:$VW$5)^2)^0.5 -> 0 | KC10: =SUMPRODUCT(--(KC$3:KC$5-$VR$3:$VR$5)^2)^0.5 -> 0 | KD10: =SUMPRODUCT(--(KD$3:KD$5-$VS$3:$VS$5)^2)^0.5 -> 0 | KF10: =SUMPRODUCT(--(KF$3:KF$5-$VT$3:$VT$5)^2)^0.5 -> 0 | KG10: =SUMPRODUCT(--(KG$3:KG$5-$VU$3:$VU$5)^2)^0.5 -> 0 | KH10: =SUMPRODUCT(--(KH$3:KH$5-$VV$3:$VV$5)^2)^0.5 -> 0 | KI10: =SUMPRODUCT(--(KI$3:KI$5-$VW$3:$VW$5)^2)^0.5 -> 0 | KJ10: =SUMPRODUCT(--(KJ$3:KJ$5-$VR$3:$VR$5)^2)^0.5 -> 0 | KK10: =SUMPRODUCT(--(KK$3:KK$5-$VS$3:$VS$5)^2)^0.5 -> 0 | KM10: =SUMPRODUCT(--(KM$3:KM$5-$VT$3:$VT$5)^2)^0.5 -> 0 | KN10: =SUMPRODUCT(--(KN$3:KN$5-$VU$3:$VU$5)^2)^0.5 -> 0 | KO10: =SUMPRODUCT(--(KO$3:KO$5-$VV$3:$VV$5)^2)^0.5 -> 0 | KP10: =SUMPRODUCT(--(KP$3:KP$5-$VW$3:$VW$5)^2)^0.5 -> 0 | KQ10: =SUMPRODUCT(--(KQ$3:KQ$5-$VR$3:$VR$5)^2)^0.5 -> 0 | KR10: =SUMPRODUCT(--(KR$3:KR$5-$VS$3:$VS$5)^2)^0.5 -> 0 | KT10: =SUMPRODUCT(--(KT$3:KT$5-$VT$3:$VT$5)^2)^0.5 -> 0 | KU10: =SUMPRODUCT(--(KU$3:KU$5-$VU$3:$VU$5)^2)^0.5 -> 0 | KV10: =SUMPRODUCT(--(KV$3:KV$5-$VV$3:$VV$5)^2)^0.5 -> 0 | KW10: =SUMPRODUCT(--(KW$3:KW$5-$VW$3:$VW$5)^2)^0.5 -> 0 | KX10: =SUMPRODUCT(--(KX$3:KX$5-$VR$3:$VR$5)^2)^0.5 -> 0 | KY10: =SUMPRODUCT(--(KY$3:KY$5-$VS$3:$VS$5)^2)^0.5 -> 0 | LA10: =SUMPRODUCT(--(LA$3:LA$5-$VT$3:$VT$5)^2)^0.5 -> 0 | LB10: =SUMPRODUCT(--(LB$3:LB$5-$VU$3:$VU$5)^2)^0.5 -> 0 | LC10: =SUMPRODUCT(--(LC$3:LC$5-$VV$3:$VV$5)^2)^0.5 -> 0 | LD10: =SUMPRODUCT(--(LD$3:LD$5-$VW$3:$VW$5)^2)^0.5 -> 0 | LE10: =SUMPRODUCT(--(LE$3:LE$5-$VR$3:$VR$5)^2)^0.5 -> 0 | LF10: =SUMPRODUCT(--(LF$3:LF$5-$VS$3:$VS$5)^2)^0.5 -> 0 | LH10: =SUMPRODUCT(--(LH$3:LH$5-$VT$3:$VT$5)^2)^0.5 -> 0 | LI10: =SUMPRODUCT(--(LI$3:LI$5-$VU$3:$VU$5)^2)^0.5 -> 0 | LJ10: =SUMPRODUCT(--(LJ$3:LJ$5-$VV$3:$VV$5)^2)^0.5 -> 0 | LK10: =SUMPRODUCT(--(LK$3:LK$5-$VW$3:$VW$5)^2)^0.5 -> 0 | LL10: =SUMPRODUCT(--(LL$3:LL$5-$VR$3:$VR$5)^2)^0.5 -> 0 | LM10: =SUMPRODUCT(--(LM$3:LM$5-$VS$3:$VS$5)^2)^0.5 -> 0 | LO10: =SUMPRODUCT(--(LO$3:LO$5-$VT$3:$VT$5)^2)^0.5 -> 0 | LP10: =SUMPRODUCT(--(LP$3:LP$5-$VU$3:$VU$5)^2)^0.5 -> 0 | LQ10: =SUMPRODUCT(--(LQ$3:LQ$5-$VV$3:$VV$5)^2)^0.5 -> 0 | LR10: =SUMPRODUCT(--(LR$3:LR$5-$VW$3:$VW$5)^2)^0.5 -> 0 | LS10: =SUMPRODUCT(--(LS$3:LS$5-$VR$3:$VR$5)^2)^0.5 -> 0 | LT10: =SUMPRODUCT(--(LT$3:LT$5-$VS$3:$VS$5)^2)^0.5 -> 0 | LV10: =SUMPRODUCT(--(LV$3:LV$5-$VT$3:$VT$5)^2)^0.5 -> 0 | LW10: =SUMPRODUCT(--(LW$3:LW$5-$VU$3:$VU$5)^2)^0.5 -> 0 | LX10: =SUMPRODUCT(--(LX$3:LX$5-$VV$3:$VV$5)^2)^0.5 -> 0 | LY10: =SUMPRODUCT(--(LY$3:LY$5-$VW$3:$VW$5)^2)^0.5 -> 0 | LZ10: =SUMPRODUCT(--(LZ$3:LZ$5-$VR$3:$VR$5)^2)^0.5 -> 0 | MA10: =SUMPRODUCT(--(MA$3:MA$5-$VS$3:$VS$5)^2)^0.5 -> 0 | MC10: =SUMPRODUCT(--(MC$3:MC$5-$VT$3:$VT$5)^2)^0.5 -> 0 | MD10: =SUMPRODUCT(--(MD$3:MD$5-$VU$3:$VU$5)^2)^0.5 -> 0 | ME10: =SUMPRODUCT(--(ME$3:ME$5-$VV$3:$VV$5)^2)^0.5 -> 0 | MF10: =SUMPRODUCT(--(MF$3:MF$5-$VW$3:$VW$5)^2)^0.5 -> 0 | MG10: =SUMPRODUCT(--(MG$3:MG$5-$VR$3:$VR$5)^2)^0.5 -> 0 | MH10: =SUMPRODUCT(--(MH$3:MH$5-$VS$3:$VS$5)^2)^0.5 -> 0 | MJ10: =SUMPRODUCT(--(MJ$3:MJ$5-$VT$3:$VT$5)^2)^0.5 -> 0 | MK10: =SUMPRODUCT(--(MK$3:MK$5-$VU$3:$VU$5)^2)^0.5 -> 0 | ML10: =SUMPRODUCT(--(ML$3:ML$5-$VV$3:$VV$5)^2)^0.5 -> 0 | MM10: =SUMPRODUCT(--(MM$3:MM$5-$VW$3:$VW$5)^2)^0.5 -> 0 | MN10: =SUMPRODUCT(--(MN$3:MN$5-$VR$3:$VR$5)^2)^0.5 -> 0 | MO10: =SUMPRODUCT(--(MO$3:MO$5-$VS$3:$VS$5)^2)^0.5 -> 0 | MQ10: =SUMPRODUCT(--(MQ$3:MQ$5-$VT$3:$VT$5)^2)^0.5 -> 0 | MR10: =SUMPRODUCT(--(MR$3:MR$5-$VU$3:$VU$5)^2)^0.5 -> 0 | MS10: =SUMPRODUCT(--(MS$3:MS$5-$VV$3:$VV$5)^2)^0.5 -> 0 | MT10: =SUMPRODUCT(--(MT$3:MT$5-$VW$3:$VW$5)^2)^0.5 -> 0 | MU10: =SUMPRODUCT(--(MU$3:MU$5-$VR$3:$VR$5)^2)^0.5 -> 0 | MV10: =SUMPRODUCT(--(MV$3:MV$5-$VS$3:$VS$5)^2)^0.5 -> 0 | MX10: =SUMPRODUCT(--(MX$3:MX$5-$VT$3:$VT$5)^2)^0.5 -> 0 | MY10: =SUMPRODUCT(--(MY$3:MY$5-$VU$3:$VU$5)^2)^0.5 -> 0 | MZ10: =SUMPRODUCT(--(MZ$3:MZ$5-$VV$3:$VV$5)^2)^0.5 -> 0 | NA10: =SUMPRODUCT(--(NA$3:NA$5-$VW$3:$VW$5)^2)^0.5 -> 0 | NB10: =SUMPRODUCT(--(NB$3:NB$5-$VR$3:$VR$5)^2)^0.5 -> 0 | NC10: =SUMPRODUCT(--(NC$3:NC$5-$VS$3:$VS$5)^2)^0.5 -> 0 | NE10: =SUMPRODUCT(--(NE$3:NE$5-$VT$3:$VT$5)^2)^0.5 -> 0 | NF10: =SUMPRODUCT(--(NF$3:NF$5-$VU$3:$VU$5)^2)^0.5 -> 0 | NG10: =SUMPRODUCT(--(NG$3:NG$5-$VV$3:$VV$5)^2)^0.5 -> 0 | NH10: =SUMPRODUCT(--(NH$3:NH$5-$VW$3:$VW$5)^2)^0.5 -> 0 | NI10: =SUMPRODUCT(--(NI$3:NI$5-$VR$3:$VR$5)^2)^0.5 -> 0 | NJ10: =SUMPRODUCT(--(NJ$3:NJ$5-$VS$3:$VS$5)^2)^0.5 -> 0 | NL10: =SUMPRODUCT(--(NL$3:NL$5-$VT$3:$VT$5)^2)^0.5 -> 0 | NM10: =SUMPRODUCT(--(NM$3:NM$5-$VU$3:$VU$5)^2)^0.5 -> 0 | NN10: =SUMPRODUCT(--(NN$3:NN$5-$VV$3:$VV$5)^2)^0.5 -> 0 | NO10: =SUMPRODUCT(--(NO$3:NO$5-$VW$3:$VW$5)^2)^0.5 -> 0 | NP10: =SUMPRODUCT(--(NP$3:NP$5-$VR$3:$VR$5)^2)^0.5 -> 0 | NQ10: =SUMPRODUCT(--(NQ$3:NQ$5-$VS$3:$VS$5)^2)^0.5 -> 0 | NS10: =SUMPRODUCT(--(NS$3:NS$5-$VT$3:$VT$5)^2)^0.5 -> 0 | NT10: =SUMPRODUCT(--(NT$3:NT$5-$VU$3:$VU$5)^2)^0.5 -> 0 | NU10: =SUMPRODUCT(--(NU$3:NU$5-$VV$3:$VV$5)^2)^0.5 -> 0 | NV10: =SUMPRODUCT(--(NV$3:NV$5-$VW$3:$VW$5)^2)^0.5 -> 0 | NW10: =SUMPRODUCT(--(NW$3:NW$5-$VR$3:$VR$5)^2)^0.5 -> 0 | NX10: =SUMPRODUCT(--(NX$3:NX$5-$VS$3:$VS$5)^2)^0.5 -> 0 | NZ10: =SUMPRODUCT(--(NZ$3:NZ$5-$VT$3:$VT$5)^2)^0.5 -> 0 | OA10: =SUMPRODUCT(--(OA$3:OA$5-$VU$3:$VU$5)^2)^0.5 -> 0 | OB10: =SUMPRODUCT(--(OB$3:OB$5-$VV$3:$VV$5)^2)^0.5 -> 0 | OC10: =SUMPRODUCT(--(OC$3:OC$5-$VW$3:$VW$5)^2)^0.5 -> 0 | OD10: =SUMPRODUCT(--(OD$3:OD$5-$VR$3:$VR$5)^2)^0.5 -> 0 | OE10: =SUMPRODUCT(--(OE$3:OE$5-$VS$3:$VS$5)^2)^0.5 -> 0 | OG10: =SUMPRODUCT(--(OG$3:OG$5-$VT$3:$VT$5)^2)^0.5 -> 0 | OH10: =SUMPRODUCT(--(OH$3:OH$5-$VU$3:$VU$5)^2)^0.5 -> 0 | OI10: =SUMPRODUCT(--(OI$3:OI$5-$VV$3:$VV$5)^2)^0.5 -> 0 | OJ10: =SUMPRODUCT(--(OJ$3:OJ$5-$VW$3:$VW$5)^2)^0.5 -> 0 | OK10: =SUMPRODUCT(--(OK$3:OK$5-$VR$3:$VR$5)^2)^0.5 -> 0 | OL10: =SUMPRODUCT(--(OL$3:OL$5-$VS$3:$VS$5)^2)^0.5 -> 0 | ON10: =SUMPRODUCT(--(ON$3:ON$5-$VT$3:$VT$5)^2)^0.5 -> 0 | OO10: =SUMPRODUCT(--(OO$3:OO$5-$VU$3:$VU$5)^2)^0.5 -> 0 | OP10: =SUMPRODUCT(--(OP$3:OP$5-$VV$3:$VV$5)^2)^0.5 -> 0 | OQ10: =SUMPRODUCT(--(OQ$3:OQ$5-$VW$3:$VW$5)^2)^0.5 -> 0 | OR10: =SUMPRODUCT(--(OR$3:OR$5-$VR$3:$VR$5)^2)^0.5 -> 0 | OS10: =SUMPRODUCT(--(OS$3:OS$5-$VS$3:$VS$5)^2)^0.5 -> 0 | OU10: =SUMPRODUCT(--(OU$3:OU$5-$VT$3:$VT$5)^2)^0.5 -> 0 | OV10: =SUMPRODUCT(--(OV$3:OV$5-$VU$3:$VU$5)^2)^0.5 -> 0 | OW10: =SUMPRODUCT(--(OW$3:OW$5-$VV$3:$VV$5)^2)^0.5 -> 0 | OX10: =SUMPRODUCT(--(OX$3:OX$5-$VW$3:$VW$5)^2)^0.5 -> 0 | OY10: =SUMPRODUCT(--(OY$3:OY$5-$VR$3:$VR$5)^2)^0.5 -> 0 | OZ10: =SUMPRODUCT(--(OZ$3:OZ$5-$VS$3:$VS$5)^2)^0.5 -> 0 | PB10: =SUMPRODUCT(--(PB$3:PB$5-$VT$3:$VT$5)^2)^0.5 -> 0 | PC10: =SUMPRODUCT(--(PC$3:PC$5-$VU$3:$VU$5)^2)^0.5 -> 0 | PD10: =SUMPRODUCT(--(PD$3:PD$5-$VV$3:$VV$5)^2)^0.5 -> 0 | PE10: =SUMPRODUCT(--(PE$3:PE$5-$VW$3:$VW$5)^2)^0.5 -> 0 | PF10: =SUMPRODUCT(--(PF$3:PF$5-$VR$3:$VR$5)^2)^0.5 -> 0 | PG10: =SUMPRODUCT(--(PG$3:PG$5-$VS$3:$VS$5)^2)^0.5 -> 0 | PI10: =SUMPRODUCT(--(PI$3:PI$5-$VT$3:$VT$5)^2)^0.5 -> 0 | PJ10: =SUMPRODUCT(--(PJ$3:PJ$5-$VU$3:$VU$5)^2)^0.5 -> 0 | PK10: =SUMPRODUCT(--(PK$3:PK$5-$VV$3:$VV$5)^2)^0.5 -> 0 | PL10: =SUMPRODUCT(--(PL$3:PL$5-$VW$3:$VW$5)^2)^0.5 -> 0 | PM10: =SUMPRODUCT(--(PM$3:PM$5-$VR$3:$VR$5)^2)^0.5 -> 0 | PN10: =SUMPRODUCT(--(PN$3:PN$5-$VS$3:$VS$5)^2)^0.5 -> 0 | PP10: =SUMPRODUCT(--(PP$3:PP$5-$VT$3:$VT$5)^2)^0.5 -> 0 | PQ10: =SUMPRODUCT(--(PQ$3:PQ$5-$VU$3:$VU$5)^2)^0.5 -> 0 | PR10: =SUMPRODUCT(--(PR$3:PR$5-$VV$3:$VV$5)^2)^0.5 -> 0 | PS10: =SUMPRODUCT(--(PS$3:PS$5-$VW$3:$VW$5)^2)^0.5 -> 0 | PT10: =SUMPRODUCT(--(PT$3:PT$5-$VR$3:$VR$5)^2)^0.5 -> 0 | PU10: =SUMPRODUCT(--(PU$3:PU$5-$VS$3:$VS$5)^2)^0.5 -> 0 | PW10: =SUMPRODUCT(--(PW$3:PW$5-$VT$3:$VT$5)^2)^0.5 -> 0 | PX10: =SUMPRODUCT(--(PX$3:PX$5-$VU$3:$VU$5)^2)^0.5 -> 0 | PY10: =SUMPRODUCT(--(PY$3:PY$5-$VV$3:$VV$5)^2)^0.5 -> 0 | PZ10: =SUMPRODUCT(--(PZ$3:PZ$5-$VW$3:$VW$5)^2)^0.5 -> 0 | QA10: =SUMPRODUCT(--(QA$3:QA$5-$VR$3:$VR$5)^2)^0.5 -> 0 | QB10: =SUMPRODUCT(--(QB$3:QB$5-$VS$3:$VS$5)^2)^0.5 -> 0 | QD10: =SUMPRODUCT(--(QD$3:QD$5-$VT$3:$VT$5)^2)^0.5 -> 0 | QE10: =SUMPRODUCT(--(QE$3:QE$5-$VU$3:$VU$5)^2)^0.5 -> 0 | QF10: =SUMPRODUCT(--(QF$3:QF$5-$VV$3:$VV$5)^2)^0.5 -> 0 | QG10: =SUMPRODUCT(--(QG$3:QG$5-$VW$3:$VW$5)^2)^0.5 -> 0 | QH10: =SUMPRODUCT(--(QH$3:QH$5-$VR$3:$VR$5)^2)^0.5 -> 0 | QI10: =SUMPRODUCT(--(QI$3:QI$5-$VS$3:$VS$5)^2)^0.5 -> 0 | QK10: =SUMPRODUCT(--(QK$3:QK$5-$VT$3:$VT$5)^2)^0.5 -> 0 | QL10: =SUMPRODUCT(--(QL$3:QL$5-$VU$3:$VU$5)^2)^0.5 -> 0 | QM10: =SUMPRODUCT(--(QM$3:QM$5-$VV$3:$VV$5)^2)^0.5 -> 0 | QN10: =SUMPRODUCT(--(QN$3:QN$5-$VW$3:$VW$5)^2)^0.5 -> 0 | QO10: =SUMPRODUCT(--(QO$3:QO$5-$VR$3:$VR$5)^2)^0.5 -> 0 | QP10: =SUMPRODUCT(--(QP$3:QP$5-$VS$3:$VS$5)^2)^0.5 -> 0 | QR10: =SUMPRODUCT(--(QR$3:QR$5-$VT$3:$VT$5)^2)^0.5 -> 0 | QS10: =SUMPRODUCT(--(QS$3:QS$5-$VU$3:$VU$5)^2)^0.5 -> 0 | QT10: =SUMPRODUCT(--(QT$3:QT$5-$VV$3:$VV$5)^2)^0.5 -> 0 | QU10: =SUMPRODUCT(--(QU$3:QU$5-$VW$3:$VW$5)^2)^0.5 -> 0 | QV10: =SUMPRODUCT(--(QV$3:QV$5-$VR$3:$VR$5)^2)^0.5 -> 0 | QW10: =SUMPRODUCT(--(QW$3:QW$5-$VS$3:$VS$5)^2)^0.5 -> 0 | QY10: =SUMPRODUCT(--(QY$3:QY$5-$VT$3:$VT$5)^2)^0.5 -> 0 | QZ10: =SUMPRODUCT(--(QZ$3:QZ$5-$VU$3:$VU$5)^2)^0.5 -> 0 | RA10: =SUMPRODUCT(--(RA$3:RA$5-$VV$3:$VV$5)^2)^0.5 -> 0 | RB10: =SUMPRODUCT(--(RB$3:RB$5-$VW$3:$VW$5)^2)^0.5 -> 0 | RC10: =SUMPRODUCT(--(RC$3:RC$5-$VR$3:$VR$5)^2)^0.5 -> 0 | RD10: =SUMPRODUCT(--(RD$3:RD$5-$VS$3:$VS$5)^2)^0.5 -> 0 | RF10: =SUMPRODUCT(--(RF$3:RF$5-$VT$3:$VT$5)^2)^0.5 -> 0 | RG10: =SUMPRODUCT(--(RG$3:RG$5-$VU$3:$VU$5)^2)^0.5 -> 0 | RH10: =SUMPRODUCT(--(RH$3:RH$5-$VV$3:$VV$5)^2)^0.5 -> 0 | RI10: =SUMPRODUCT(--(RI$3:RI$5-$VW$3:$VW$5)^2)^0.5 -> 0 | RJ10: =SUMPRODUCT(--(RJ$3:RJ$5-$VR$3:$VR$5)^2)^0.5 -> 0 | RK10: =SUMPRODUCT(--(RK$3:RK$5-$VS$3:$VS$5)^2)^0.5 -> 0 | RM10: =SUMPRODUCT(--(RM$3:RM$5-$VT$3:$VT$5)^2)^0.5 -> 0 | RN10: =SUMPRODUCT(--(RN$3:RN$5-$VU$3:$VU$5)^2)^0.5 -> 0 | RO10: =SUMPRODUCT(--(RO$3:RO$5-$VV$3:$VV$5)^2)^0.5 -> 0 | RP10: =SUMPRODUCT(--(RP$3:RP$5-$VW$3:$VW$5)^2)^0.5 -> 0 | RQ10: =SUMPRODUCT(--(RQ$3:RQ$5-$VR$3:$VR$5)^2)^0.5 -> 0 | RR10: =SUMPRODUCT(--(RR$3:RR$5-$VS$3:$VS$5)^2)^0.5 -> 0 | RT10: =SUMPRODUCT(--(RT$3:RT$5-$VT$3:$VT$5)^2)^0.5 -> 0 | RU10: =SUMPRODUCT(--(RU$3:RU$5-$VU$3:$VU$5)^2)^0.5 -> 0 | RV10: =SUMPRODUCT(--(RV$3:RV$5-$VV$3:$VV$5)^2)^0.5 -> 0 | RW10: =SUMPRODUCT(--(RW$3:RW$5-$VW$3:$VW$5)^2)^0.5 -> 0 | RX10: =SUMPRODUCT(--(RX$3:RX$5-$VR$3:$VR$5)^2)^0.5 -> 0 | RY10: =SUMPRODUCT(--(RY$3:RY$5-$VS$3:$VS$5)^2)^0.5 -> 0 | SA10: =SUMPRODUCT(--(SA$3:SA$5-$VT$3:$VT$5)^2)^0.5 -> 0 | SB10: =SUMPRODUCT(--(SB$3:SB$5-$VU$3:$VU$5)^2)^0.5 -> 0 | SC10: =SUMPRODUCT(--(SC$3:SC$5-$VV$3:$VV$5)^2)^0.5 -> 0 | SD10: =SUMPRODUCT(--(SD$3:SD$5-$VW$3:$VW$5)^2)^0.5 -> 0 | SE10: =SUMPRODUCT(--(SE$3:SE$5-$VR$3:$VR$5)^2)^0.5 -> 0 | SF10: =SUMPRODUCT(--(SF$3:SF$5-$VS$3:$VS$5)^2)^0.5 -> 0 | SH10: =SUMPRODUCT(--(SH$3:SH$5-$VT$3:$VT$5)^2)^0.5 -> 0 | SI10: =SUMPRODUCT(--(SI$3:SI$5-$VU$3:$VU$5)^2)^0.5 -> 0 | SJ10: =SUMPRODUCT(--(SJ$3:SJ$5-$VV$3:$VV$5)^2)^0.5 -> 0 | SK10: =SUMPRODUCT(--(SK$3:SK$5-$VW$3:$VW$5)^2)^0.5 -> 0 | SL10: =SUMPRODUCT(--(SL$3:SL$5-$VR$3:$VR$5)^2)^0.5 -> 0 | SM10: =SUMPRODUCT(--(SM$3:SM$5-$VS$3:$VS$5)^2)^0.5 -> 0 | SO10: =SUMPRODUCT(--(SO$3:SO$5-$VT$3:$VT$5)^2)^0.5 -> 0 | SP10: =SUMPRODUCT(--(SP$3:SP$5-$VU$3:$VU$5)^2)^0.5 -> 0 | SQ10: =SUMPRODUCT(--(SQ$3:SQ$5-$VV$3:$VV$5)^2)^0.5 -> 0 | SR10: =SUMPRODUCT(--(SR$3:SR$5-$VW$3:$VW$5)^2)^0.5 -> 0 | SS10: =SUMPRODUCT(--(SS$3:SS$5-$VR$3:$VR$5)^2)^0.5 -> 0 | ST10: =SUMPRODUCT(--(ST$3:ST$5-$VS$3:$VS$5)^2)^0.5 -> 0 | SV10: =SUMPRODUCT(--(SV$3:SV$5-$VT$3:$VT$5)^2)^0.5 -> 0 | SW10: =SUMPRODUCT(--(SW$3:SW$5-$VU$3:$VU$5)^2)^0.5 -> 0 | SX10: =SUMPRODUCT(--(SX$3:SX$5-$VV$3:$VV$5)^2)^0.5 -> 0 | SY10: =SUMPRODUCT(--(SY$3:SY$5-$VW$3:$VW$5)^2)^0.5 -> 0 | SZ10: =SUMPRODUCT(--(SZ$3:SZ$5-$VR$3:$VR$5)^2)^0.5 -> 0 | TA10: =SUMPRODUCT(--(TA$3:TA$5-$VS$3:$VS$5)^2)^0.5 -> 0 | TC10: =SUMPRODUCT(--(TC$3:TC$5-$VT$3:$VT$5)^2)^0.5 -> 0 | TD10: =SUMPRODUCT(--(TD$3:TD$5-$VU$3:$VU$5)^2)^0.5 -> 0 | TE10: =SUMPRODUCT(--(TE$3:TE$5-$VV$3:$VV$5)^2)^0.5 -> 0 | TF10: =SUMPRODUCT(--(TF$3:TF$5-$VW$3:$VW$5)^2)^0.5 -> 0 | TG10: =SUMPRODUCT(--(TG$3:TG$5-$VR$3:$VR$5)^2)^0.5 -> 0 | TH10: =SUMPRODUCT(--(TH$3:TH$5-$VS$3:$VS$5)^2)^0.5 -> 0 | TJ10: =SUMPRODUCT(--(TJ$3:TJ$5-$VT$3:$VT$5)^2)^0.5 -> 0 | TK10: =SUMPRODUCT(--(TK$3:TK$5-$VU$3:$VU$5)^2)^0.5 -> 0 | TL10: =SUMPRODUCT(--(TL$3:TL$5-$VV$3:$VV$5)^2)^0.5 -> 0 | TM10: =SUMPRODUCT(--(TM$3:TM$5-$VW$3:$VW$5)^2)^0.5 -> 0 | TN10: =SUMPRODUCT(--(TN$3:TN$5-$VR$3:$VR$5)^2)^0.5 -> 0 | TO10: =SUMPRODUCT(--(TO$3:TO$5-$VS$3:$VS$5)^2)^0.5 -> 0 | TQ10: =SUMPRODUCT(--(TQ$3:TQ$5-$VT$3:$VT$5)^2)^0.5 -> 0 | TR10: =SUMPRODUCT(--(TR$3:TR$5-$VU$3:$VU$5)^2)^0.5 -> 0 | TS10: =SUMPRODUCT(--(TS$3:TS$5-$VV$3:$VV$5)^2)^0.5 -> 0 | TT10: =SUMPRODUCT(--(TT$3:TT$5-$VW$3:$VW$5)^2)^0.5 -> 0 | TU10: =SUMPRODUCT(--(TU$3:TU$5-$VR$3:$VR$5)^2)^0.5 -> 0 | TV10: =SUMPRODUCT(--(TV$3:TV$5-$VS$3:$VS$5)^2)^0.5 -> 0 | TX10: =SUMPRODUCT(--(TX$3:TX$5-$VT$3:$VT$5)^2)^0.5 -> 0 | TY10: =SUMPRODUCT(--(TY$3:TY$5-$VU$3:$VU$5)^2)^0.5 -> 0 | TZ10: =SUMPRODUCT(--(TZ$3:TZ$5-$VV$3:$VV$5)^2)^0.5 -> 0 | UA10: =SUMPRODUCT(--(UA$3:UA$5-$VW$3:$VW$5)^2)^0.5 -> 0 | UB10: =SUMPRODUCT(--(UB$3:UB$5-$VR$3:$VR$5)^2)^0.5 -> 0 | UC10: =SUMPRODUCT(--(UC$3:UC$5-$VS$3:$VS$5)^2)^0.5 -> 0 | UE10: =SUMPRODUCT(--(UE$3:UE$5-$VT$3:$VT$5)^2)^0.5 -> 0 | UF10: =SUMPRODUCT(--(UF$3:UF$5-$VU$3:$VU$5)^2)^0.5 -> 0 | UG10: =SUMPRODUCT(--(UG$3:UG$5-$VV$3:$VV$5)^2)^0.5 -> 0 | UH10: =SUMPRODUCT(--(UH$3:UH$5-$VW$3:$VW$5)^2)^0.5 -> 0 | UI10: =SUMPRODUCT(--(UI$3:UI$5-$VR$3:$VR$5)^2)^0.5 -> 0 | UJ10: =SUMPRODUCT(--(UJ$3:UJ$5-$VS$3:$VS$5)^2)^0.5 -> 0 | UL10: =SUMPRODUCT(--(UL$3:UL$5-$VT$3:$VT$5)^2)^0.5 -> 0 | UM10: =SUMPRODUCT(--(UM$3:UM$5-$VU$3:$VU$5)^2)^0.5 -> 0 | UN10: =SUMPRODUCT(--(UN$3:UN$5-$VV$3:$VV$5)^2)^0.5 -> 0 | UO10: =SUMPRODUCT(--(UO$3:UO$5-$VW$3:$VW$5)^2)^0.5 -> 0 | UP10: =SUMPRODUCT(--(UP$3:UP$5-$VR$3:$VR$5)^2)^0.5 -> 0 | UQ10: =SUMPRODUCT(--(UQ$3:UQ$5-$VS$3:$VS$5)^2)^0.5 -> 0 | US10: =SUMPRODUCT(--(US$3:US$5-$VT$3:$VT$5)^2)^0.5 -> 0 | UT10: =SUMPRODUCT(--(UT$3:UT$5-$VU$3:$VU$5)^2)^0.5 -> 0 | UU10: =SUMPRODUCT(--(UU$3:UU$5-$VV$3:$VV$5)^2)^0.5 -> 0 | UV10: =SUMPRODUCT(--(UV$3:UV$5-$VW$3:$VW$5)^2)^0.5 -> 0 | UW10: =SUMPRODUCT(--(UW$3:UW$5-$VR$3:$VR$5)^2)^0.5 -> 0 | UX10: =SUMPRODUCT(--(UX$3:UX$5-$VS$3:$VS$5)^2)^0.5 -> 0 | UZ10: =SUMPRODUCT(--(UZ$3:UZ$5-$VT$3:$VT$5)^2)^0.5 -> 0 | VA10: =SUMPRODUCT(--(VA$3:VA$5-$VU$3:$VU$5)^2)^0.5 -> 0 | VB10: =SUMPRODUCT(--(VB$3:VB$5-$VV$3:$VV$5)^2)^0.5 -> 0 | VC10: =SUMPRODUCT(--(VC$3:VC$5-$VW$3:$VW$5)^2)^0.5 -> 0 | VD10: =SUMPRODUCT(--(VD$3:VD$5-$VR$3:$VR$5)^2)^0.5 -> 0 | VE10: =SUMPRODUCT(--(VE$3:VE$5-$VS$3:$VS$5)^2)^0.5 -> 0 | VG10: =SUMPRODUCT(--(VG$3:VG$5-$VT$3:$VT$5)^2)^0.5 -> 0 | VH10: =SUMPRODUCT(--(VH$3:VH$5-$VU$3:$VU$5)^2)^0.5 -> 0 | VI10: =SUMPRODUCT(--(VI$3:VI$5-$VV$3:$VV$5)^2)^0.5 -> 0 | VJ10: =SUMPRODUCT(--(VJ$3:VJ$5-$VW$3:$VW$5)^2)^0.5 -> 0 | VK10: =SUMPRODUCT(--(VK$3:VK$5-$VR$3:$VR$5)^2)^0.5 -> 0 | VL10: =SUMPRODUCT(--(VL$3:VL$5-$VS$3:$VS$5)^2)^0.5 -> 0 | VN10: =SUMPRODUCT(--(VN$3:VN$5-$VT$3:$VT$5)^2)^0.5 -> 0 | VO10: =SUMPRODUCT(--(VO$3:VO$5-$VU$3:$VU$5)^2)^0.5 -> 0 | VP10: =SUMPRODUCT(--(VP$3:VP$5-$VV$3:$VV$5)^2)^0.5 -> 0 | VQ10: =SUMPRODUCT(--(VQ$3:VQ$5-$VW$3:$VW$5)^2)^0.5 -> 0
A11: BEST | B11: =SUMPRODUCT(NOT(ISBLANK(B$3:B$5))*(B$3:B$5=$VR$3:$VR$5)) -> 0 | C11: =SUMPRODUCT(NOT(ISBLANK(C$3:C$5))*(C$3:C$5=$VS$3:$VS$5)) -> 0 | E11: =SUMPRODUCT(NOT(ISBLANK(E$3:E$5))*(E$3:E$5=$VT$3:$VT$5)) -> 0 | F11: =SUMPRODUCT(NOT(ISBLANK(F$3:F$5))*(F$3:F$5=$VU$3:$VU$5)) -> 0 | G11: =SUMPRODUCT(NOT(ISBLANK(G$3:G$5))*(G$3:G$5=$VV$3:$VV$5)) -> 0 | H11: =SUMPRODUCT(NOT(ISBLANK(H$3:H$5))*(H$3:H$5=$VW$3:$VW$5)) -> 0 | I11: =SUMPRODUCT(NOT(ISBLANK(I$3:I$5))*(I$3:I$5=$VR$3:$VR$5)) -> 0 | J11: =SUMPRODUCT(NOT(ISBLANK(J$3:J$5))*(J$3:J$5=$VS$3:$VS$5)) -> 0 | L11: =SUMPRODUCT(NOT(ISBLANK(L$3:L$5))*(L$3:L$5=$VT$3:$VT$5)) -> 0 | M11: =SUMPRODUCT(NOT(ISBLANK(M$3:M$5))*(M$3:M$5=$VU$3:$VU$5)) -> 0 | N11: =SUMPRODUCT(NOT(ISBLANK(N$3:N$5))*(N$3:N$5=$VV$3:$VV$5)) -> 0 | O11: =SUMPRODUCT(NOT(ISBLANK(O$3:O$5))*(O$3:O$5=$VW$3:$VW$5)) -> 0 | P11: =SUMPRODUCT(NOT(ISBLANK(P$3:P$5))*(P$3:P$5=$VR$3:$VR$5)) -> 0 | Q11: =SUMPRODUCT(NOT(ISBLANK(Q$3:Q$5))*(Q$3:Q$5=$VS$3:$VS$5)) -> 0 | S11: =SUMPRODUCT(NOT(ISBLANK(S$3:S$5))*(S$3:S$5=$VT$3:$VT$5)) -> 0 | T11: =SUMPRODUCT(NOT(ISBLANK(T$3:T$5))*(T$3:T$5=$VU$3:$VU$5)) -> 0 | U11: =SUMPRODUCT(NOT(ISBLANK(U$3:U$5))*(U$3:U$5=$VV$3:$VV$5)) -> 0 | V11: =SUMPRODUCT(NOT(ISBLANK(V$3:V$5))*(V$3:V$5=$VW$3:$VW$5)) -> 0 | W11: =SUMPRODUCT(NOT(ISBLANK(W$3:W$5))*(W$3:W$5=$VR$3:$VR$5)) -> 0 | X11: =SUMPRODUCT(NOT(ISBLANK(X$3:X$5))*(X$3:X$5=$VS$3:$VS$5)) -> 0 | Z11: =SUMPRODUCT(NOT(ISBLANK(Z$3:Z$5))*(Z$3:Z$5=$VT$3:$VT$5)) -> 0 | AA11: =SUMPRODUCT(NOT(ISBLANK(AA$3:AA$5))*(AA$3:AA$5=$VU$3:$VU$5)) -> 0 | AB11: =SUMPRODUCT(NOT(ISBLANK(AB$3:AB$5))*(AB$3:AB$5=$VV$3:$VV$5)) -> 0 | AC11: =SUMPRODUCT(NOT(ISBLANK(AC$3:AC$5))*(AC$3:AC$5=$VW$3:$VW$5)) -> 0 | AD11: =SUMPRODUCT(NOT(ISBLANK(AD$3:AD$5))*(AD$3:AD$5=$VR$3:$VR$5)) -> 0 | AE11: =SUMPRODUCT(NOT(ISBLANK(AE$3:AE$5))*(AE$3:AE$5=$VS$3:$VS$5)) -> 0 | AG11: =SUMPRODUCT(NOT(ISBLANK(AG$3:AG$5))*(AG$3:AG$5=$VT$3:$VT$5)) -> 0 | AH11: =SUMPRODUCT(NOT(ISBLANK(AH$3:AH$5))*(AH$3:AH$5=$VU$3:$VU$5)) -> 0 | AI11: =SUMPRODUCT(NOT(ISBLANK(AI$3:AI$5))*(AI$3:AI$5=$VV$3:$VV$5)) -> 0 | AJ11: =SUMPRODUCT(NOT(ISBLANK(AJ$3:AJ$5))*(AJ$3:AJ$5=$VW$3:$VW$5)) -> 0 | AK11: =SUMPRODUCT(NOT(ISBLANK(AK$3:AK$5))*(AK$3:AK$5=$VR$3:$VR$5)) -> 0 | AL11: =SUMPRODUCT(NOT(ISBLANK(AL$3:AL$5))*(AL$3:AL$5=$VS$3:$VS$5)) -> 0 | AN11: =SUMPRODUCT(NOT(ISBLANK(AN$3:AN$5))*(AN$3:AN$5=$VT$3:$VT$5)) -> 0 | AO11: =SUMPRODUCT(NOT(ISBLANK(AO$3:AO$5))*(AO$3:AO$5=$VU$3:$VU$5)) -> 0 | AP11: =SUMPRODUCT(NOT(ISBLANK(AP$3:AP$5))*(AP$3:AP$5=$VV$3:$VV$5)) -> 0 | AQ11: =SUMPRODUCT(NOT(ISBLANK(AQ$3:AQ$5))*(AQ$3:AQ$5=$VW$3:$VW$5)) -> 0 | AR11: =SUMPRODUCT(NOT(ISBLANK(AR$3:AR$5))*(AR$3:AR$5=$VR$3:$VR$5)) -> 0 | AS11: =SUMPRODUCT(NOT(ISBLANK(AS$3:AS$5))*(AS$3:AS$5=$VS$3:$VS$5)) -> 0 | AU11: =SUMPRODUCT(NOT(ISBLANK(AU$3:AU$5))*(AU$3:AU$5=$VT$3:$VT$5)) -> 0 | AV11: =SUMPRODUCT(NOT(ISBLANK(AV$3:AV$5))*(AV$3:AV$5=$VU$3:$VU$5)) -> 0 | AW11: =SUMPRODUCT(NOT(ISBLANK(AW$3:AW$5))*(AW$3:AW$5=$VV$3:$VV$5)) -> 0 | AX11: =SUMPRODUCT(NOT(ISBLANK(AX$3:AX$5))*(AX$3:AX$5=$VW$3:$VW$5)) -> 0 | AY11: =SUMPRODUCT(NOT(ISBLANK(AY$3:AY$5))*(AY$3:AY$5=$VR$3:$VR$5)) -> 0 | AZ11: =SUMPRODUCT(NOT(ISBLANK(AZ$3:AZ$5))*(AZ$3:AZ$5=$VS$3:$VS$5)) -> 0 | BB11: =SUMPRODUCT(NOT(ISBLANK(BB$3:BB$5))*(BB$3:BB$5=$VT$3:$VT$5)) -> 0 | BC11: =SUMPRODUCT(NOT(ISBLANK(BC$3:BC$5))*(BC$3:BC$5=$VU$3:$VU$5)) -> 0 | BD11: =SUMPRODUCT(NOT(ISBLANK(BD$3:BD$5))*(BD$3:BD$5=$VV$3:$VV$5)) -> 0 | BE11: =SUMPRODUCT(NOT(ISBLANK(BE$3:BE$5))*(BE$3:BE$5=$VW$3:$VW$5)) -> 0 | BF11: =SUMPRODUCT(NOT(ISBLANK(BF$3:BF$5))*(BF$3:BF$5=$VR$3:$VR$5)) -> 0 | BG11: =SUMPRODUCT(NOT(ISBLANK(BG$3:BG$5))*(BG$3:BG$5=$VS$3:$VS$5)) -> 0 | BI11: =SUMPRODUCT(NOT(ISBLANK(BI$3:BI$5))*(BI$3:BI$5=$VT$3:$VT$5)) -> 0 | BJ11: =SUMPRODUCT(NOT(ISBLANK(BJ$3:BJ$5))*(BJ$3:BJ$5=$VU$3:$VU$5)) -> 0 | BK11: =SUMPRODUCT(NOT(ISBLANK(BK$3:BK$5))*(BK$3:BK$5=$VV$3:$VV$5)) -> 0 | BL11: =SUMPRODUCT(NOT(ISBLANK(BL$3:BL$5))*(BL$3:BL$5=$VW$3:$VW$5)) -> 0 | BM11: =SUMPRODUCT(NOT(ISBLANK(BM$3:BM$5))*(BM$3:BM$5=$VR$3:$VR$5)) -> 0 | BN11: =SUMPRODUCT(NOT(ISBLANK(BN$3:BN$5))*(BN$3:BN$5=$VS$3:$VS$5)) -> 0 | BP11: =SUMPRODUCT(NOT(ISBLANK(BP$3:BP$5))*(BP$3:BP$5=$VT$3:$VT$5)) -> 0 | BQ11: =SUMPRODUCT(NOT(ISBLANK(BQ$3:BQ$5))*(BQ$3:BQ$5=$VU$3:$VU$5)) -> 0 | BR11: =SUMPRODUCT(NOT(ISBLANK(BR$3:BR$5))*(BR$3:BR$5=$VV$3:$VV$5)) -> 0 | BS11: =SUMPRODUCT(NOT(ISBLANK(BS$3:BS$5))*(BS$3:BS$5=$VW$3:$VW$5)) -> 0 | BT11: =SUMPRODUCT(NOT(ISBLANK(BT$3:BT$5))*(BT$3:BT$5=$VR$3:$VR$5)) -> 0 | BU11: =SUMPRODUCT(NOT(ISBLANK(BU$3:BU$5))*(BU$3:BU$5=$VS$3:$VS$5)) -> 0 | BW11: =SUMPRODUCT(NOT(ISBLANK(BW$3:BW$5))*(BW$3:BW$5=$VT$3:$VT$5)) -> 0 | BX11: =SUMPRODUCT(NOT(ISBLANK(BX$3:BX$5))*(BX$3:BX$5=$VU$3:$VU$5)) -> 0 | BY11: =SUMPRODUCT(NOT(ISBLANK(BY$3:BY$5))*(BY$3:BY$5=$VV$3:$VV$5)) -> 0 | BZ11: =SUMPRODUCT(NOT(ISBLANK(BZ$3:BZ$5))*(BZ$3:BZ$5=$VW$3:$VW$5)) -> 0 | CA11: =SUMPRODUCT(NOT(ISBLANK(CA$3:CA$5))*(CA$3:CA$5=$VR$3:$VR$5)) -> 0 | CB11: =SUMPRODUCT(NOT(ISBLANK(CB$3:CB$5))*(CB$3:CB$5=$VS$3:$VS$5)) -> 0 | CD11: =SUMPRODUCT(NOT(ISBLANK(CD$3:CD$5))*(CD$3:CD$5=$VT$3:$VT$5)) -> 0 | CE11: =SUMPRODUCT(NOT(ISBLANK(CE$3:CE$5))*(CE$3:CE$5=$VU$3:$VU$5)) -> 0 | CF11: =SUMPRODUCT(NOT(ISBLANK(CF$3:CF$5))*(CF$3:CF$5=$VV$3:$VV$5)) -> 0 | CG11: =SUMPRODUCT(NOT(ISBLANK(CG$3:CG$5))*(CG$3:CG$5=$VW$3:$VW$5)) -> 0 | CH11: =SUMPRODUCT(NOT(ISBLANK(CH$3:CH$5))*(CH$3:CH$5=$VR$3:$VR$5)) -> 0 | CI11: =SUMPRODUCT(NOT(ISBLANK(CI$3:CI$5))*(CI$3:CI$5=$VS$3:$VS$5)) -> 0 | CK11: =SUMPRODUCT(NOT(ISBLANK(CK$3:CK$5))*(CK$3:CK$5=$VT$3:$VT$5)) -> 0 | CL11: =SUMPRODUCT(NOT(ISBLANK(CL$3:CL$5))*(CL$3:CL$5=$VU$3:$VU$5)) -> 0 | CM11: =SUMPRODUCT(NOT(ISBLANK(CM$3:CM$5))*(CM$3:CM$5=$VV$3:$VV$5)) -> 0 | CN11: =SUMPRODUCT(NOT(ISBLANK(CN$3:CN$5))*(CN$3:CN$5=$VW$3:$VW$5)) -> 0 | CO11: =SUMPRODUCT(NOT(ISBLANK(CO$3:CO$5))*(CO$3:CO$5=$VR$3:$VR$5)) -> 0 | CP11: =SUMPRODUCT(NOT(ISBLANK(CP$3:CP$5))*(CP$3:CP$5=$VS$3:$VS$5)) -> 0 | CR11: =SUMPRODUCT(NOT(ISBLANK(CR$3:CR$5))*(CR$3:CR$5=$VT$3:$VT$5)) -> 0 | CS11: =SUMPRODUCT(NOT(ISBLANK(CS$3:CS$5))*(CS$3:CS$5=$VU$3:$VU$5)) -> 0 | CT11: =SUMPRODUCT(NOT(ISBLANK(CT$3:CT$5))*(CT$3:CT$5=$VV$3:$VV$5)) -> 0 | CU11: =SUMPRODUCT(NOT(ISBLANK(CU$3:CU$5))*(CU$3:CU$5=$VW$3:$VW$5)) -> 0 | CV11: =SUMPRODUCT(NOT(ISBLANK(CV$3:CV$5))*(CV$3:CV$5=$VR$3:$VR$5)) -> 0 | CW11: =SUMPRODUCT(NOT(ISBLANK(CW$3:CW$5))*(CW$3:CW$5=$VS$3:$VS$5)) -> 0 | CY11: =SUMPRODUCT(NOT(ISBLANK(CY$3:CY$5))*(CY$3:CY$5=$VT$3:$VT$5)) -> 0 | CZ11: =SUMPRODUCT(NOT(ISBLANK(CZ$3:CZ$5))*(CZ$3:CZ$5=$VU$3:$VU$5)) -> 0 | DA11: =SUMPRODUCT(NOT(ISBLANK(DA$3:DA$5))*(DA$3:DA$5=$VV$3:$VV$5)) -> 0 | DB11: =SUMPRODUCT(NOT(ISBLANK(DB$3:DB$5))*(DB$3:DB$5=$VW$3:$VW$5)) -> 0 | DC11: =SUMPRODUCT(NOT(ISBLANK(DC$3:DC$5))*(DC$3:DC$5=$VR$3:$VR$5)) -> 0 | DD11: =SUMPRODUCT(NOT(ISBLANK(DD$3:DD$5))*(DD$3:DD$5=$VS$3:$VS$5)) -> 0 | DF11: =SUMPRODUCT(NOT(ISBLANK(DF$3:DF$5))*(DF$3:DF$5=$VT$3:$VT$5)) -> 0 | DG11: =SUMPRODUCT(NOT(ISBLANK(DG$3:DG$5))*(DG$3:DG$5=$VU$3:$VU$5)) -> 0 | DH11: =SUMPRODUCT(NOT(ISBLANK(DH$3:DH$5))*(DH$3:DH$5=$VV$3:$VV$5)) -> 0 | DI11: =SUMPRODUCT(NOT(ISBLANK(DI$3:DI$5))*(DI$3:DI$5=$VW$3:$VW$5)) -> 0 | DJ11: =SUMPRODUCT(NOT(ISBLANK(DJ$3:DJ$5))*(DJ$3:DJ$5=$VR$3:$VR$5)) -> 0 | DK11: =SUMPRODUCT(NOT(ISBLANK(DK$3:DK$5))*(DK$3:DK$5=$VS$3:$VS$5)) -> 0 | DM11: =SUMPRODUCT(NOT(ISBLANK(DM$3:DM$5))*(DM$3:DM$5=$VT$3:$VT$5)) -> 0 | DN11: =SUMPRODUCT(NOT(ISBLANK(DN$3:DN$5))*(DN$3:DN$5=$VU$3:$VU$5)) -> 0 | DO11: =SUMPRODUCT(NOT(ISBLANK(DO$3:DO$5))*(DO$3:DO$5=$VV$3:$VV$5)) -> 0 | DP11: =SUMPRODUCT(NOT(ISBLANK(DP$3:DP$5))*(DP$3:DP$5=$VW$3:$VW$5)) -> 0 | DQ11: =SUMPRODUCT(NOT(ISBLANK(DQ$3:DQ$5))*(DQ$3:DQ$5=$VR$3:$VR$5)) -> 0 | DR11: =SUMPRODUCT(NOT(ISBLANK(DR$3:DR$5))*(DR$3:DR$5=$VS$3:$VS$5)) -> 0 | DT11: =SUMPRODUCT(NOT(ISBLANK(DT$3:DT$5))*(DT$3:DT$5=$VT$3:$VT$5)) -> 0 | DU11: =SUMPRODUCT(NOT(ISBLANK(DU$3:DU$5))*(DU$3:DU$5=$VU$3:$VU$5)) -> 0 | DV11: =SUMPRODUCT(NOT(ISBLANK(DV$3:DV$5))*(DV$3:DV$5=$VV$3:$VV$5)) -> 0 | DW11: =SUMPRODUCT(NOT(ISBLANK(DW$3:DW$5))*(DW$3:DW$5=$VW$3:$VW$5)) -> 0 | DX11: =SUMPRODUCT(NOT(ISBLANK(DX$3:DX$5))*(DX$3:DX$5=$VR$3:$VR$5)) -> 0 | DY11: =SUMPRODUCT(NOT(ISBLANK(DY$3:DY$5))*(DY$3:DY$5=$VS$3:$VS$5)) -> 0 | EA11: =SUMPRODUCT(NOT(ISBLANK(EA$3:EA$5))*(EA$3:EA$5=$VT$3:$VT$5)) -> 0 | EB11: =SUMPRODUCT(NOT(ISBLANK(EB$3:EB$5))*(EB$3:EB$5=$VU$3:$VU$5)) -> 0 | EC11: =SUMPRODUCT(NOT(ISBLANK(EC$3:EC$5))*(EC$3:EC$5=$VV$3:$VV$5)) -> 0 | ED11: =SUMPRODUCT(NOT(ISBLANK(ED$3:ED$5))*(ED$3:ED$5=$VW$3:$VW$5)) -> 0 | EE11: =SUMPRODUCT(NOT(ISBLANK(EE$3:EE$5))*(EE$3:EE$5=$VR$3:$VR$5)) -> 0 | EF11: =SUMPRODUCT(NOT(ISBLANK(EF$3:EF$5))*(EF$3:EF$5=$VS$3:$VS$5)) -> 0 | EH11: =SUMPRODUCT(NOT(ISBLANK(EH$3:EH$5))*(EH$3:EH$5=$VT$3:$VT$5)) -> 0 | EI11: =SUMPRODUCT(NOT(ISBLANK(EI$3:EI$5))*(EI$3:EI$5=$VU$3:$VU$5)) -> 0 | EJ11: =SUMPRODUCT(NOT(ISBLANK(EJ$3:EJ$5))*(EJ$3:EJ$5=$VV$3:$VV$5)) -> 0 | EK11: =SUMPRODUCT(NOT(ISBLANK(EK$3:EK$5))*(EK$3:EK$5=$VW$3:$VW$5)) -> 0 | EL11: =SUMPRODUCT(NOT(ISBLANK(EL$3:EL$5))*(EL$3:EL$5=$VR$3:$VR$5)) -> 0 | EM11: =SUMPRODUCT(NOT(ISBLANK(EM$3:EM$5))*(EM$3:EM$5=$VS$3:$VS$5)) -> 0 | EO11: =SUMPRODUCT(NOT(ISBLANK(EO$3:EO$5))*(EO$3:EO$5=$VT$3:$VT$5)) -> 0 | EP11: =SUMPRODUCT(NOT(ISBLANK(EP$3:EP$5))*(EP$3:EP$5=$VU$3:$VU$5)) -> 0 | EQ11: =SUMPRODUCT(NOT(ISBLANK(EQ$3:EQ$5))*(EQ$3:EQ$5=$VV$3:$VV$5)) -> 0 | ER11: =SUMPRODUCT(NOT(ISBLANK(ER$3:ER$5))*(ER$3:ER$5=$VW$3:$VW$5)) -> 0 | ES11: =SUMPRODUCT(NOT(ISBLANK(ES$3:ES$5))*(ES$3:ES$5=$VR$3:$VR$5)) -> 0 | ET11: =SUMPRODUCT(NOT(ISBLANK(ET$3:ET$5))*(ET$3:ET$5=$VS$3:$VS$5)) -> 0 | EV11: =SUMPRODUCT(NOT(ISBLANK(EV$3:EV$5))*(EV$3:EV$5=$VT$3:$VT$5)) -> 0 | EW11: =SUMPRODUCT(NOT(ISBLANK(EW$3:EW$5))*(EW$3:EW$5=$VU$3:$VU$5)) -> 0 | EX11: =SUMPRODUCT(NOT(ISBLANK(EX$3:EX$5))*(EX$3:EX$5=$VV$3:$VV$5)) -> 0 | EY11: =SUMPRODUCT(NOT(ISBLANK(EY$3:EY$5))*(EY$3:EY$5=$VW$3:$VW$5)) -> 0 | EZ11: =SUMPRODUCT(NOT(ISBLANK(EZ$3:EZ$5))*(EZ$3:EZ$5=$VR$3:$VR$5)) -> 0 | FA11: =SUMPRODUCT(NOT(ISBLANK(FA$3:FA$5))*(FA$3:FA$5=$VS$3:$VS$5)) -> 0 | FC11: =SUMPRODUCT(NOT(ISBLANK(FC$3:FC$5))*(FC$3:FC$5=$VT$3:$VT$5)) -> 0 | FD11: =SUMPRODUCT(NOT(ISBLANK(FD$3:FD$5))*(FD$3:FD$5=$VU$3:$VU$5)) -> 0 | FE11: =SUMPRODUCT(NOT(ISBLANK(FE$3:FE$5))*(FE$3:FE$5=$VV$3:$VV$5)) -> 0 | FF11: =SUMPRODUCT(NOT(ISBLANK(FF$3:FF$5))*(FF$3:FF$5=$VW$3:$VW$5)) -> 0 | FG11: =SUMPRODUCT(NOT(ISBLANK(FG$3:FG$5))*(FG$3:FG$5=$VR$3:$VR$5)) -> 0 | FH11: =SUMPRODUCT(NOT(ISBLANK(FH$3:FH$5))*(FH$3:FH$5=$VS$3:$VS$5)) -> 0 | FJ11: =SUMPRODUCT(NOT(ISBLANK(FJ$3:FJ$5))*(FJ$3:FJ$5=$VT$3:$VT$5)) -> 0 | FK11: =SUMPRODUCT(NOT(ISBLANK(FK$3:FK$5))*(FK$3:FK$5=$VU$3:$VU$5)) -> 0 | FL11: =SUMPRODUCT(NOT(ISBLANK(FL$3:FL$5))*(FL$3:FL$5=$VV$3:$VV$5)) -> 0 | FM11: =SUMPRODUCT(NOT(ISBLANK(FM$3:FM$5))*(FM$3:FM$5=$VW$3:$VW$5)) -> 0 | FN11: =SUMPRODUCT(NOT(ISBLANK(FN$3:FN$5))*(FN$3:FN$5=$VR$3:$VR$5)) -> 0 | FO11: =SUMPRODUCT(NOT(ISBLANK(FO$3:FO$5))*(FO$3:FO$5=$VS$3:$VS$5)) -> 0 | FQ11: =SUMPRODUCT(NOT(ISBLANK(FQ$3:FQ$5))*(FQ$3:FQ$5=$VT$3:$VT$5)) -> 0 | FR11: =SUMPRODUCT(NOT(ISBLANK(FR$3:FR$5))*(FR$3:FR$5=$VU$3:$VU$5)) -> 0 | FS11: =SUMPRODUCT(NOT(ISBLANK(FS$3:FS$5))*(FS$3:FS$5=$VV$3:$VV$5)) -> 0 | FT11: =SUMPRODUCT(NOT(ISBLANK(FT$3:FT$5))*(FT$3:FT$5=$VW$3:$VW$5)) -> 0 | FU11: =SUMPRODUCT(NOT(ISBLANK(FU$3:FU$5))*(FU$3:FU$5=$VR$3:$VR$5)) -> 0 | FV11: =SUMPRODUCT(NOT(ISBLANK(FV$3:FV$5))*(FV$3:FV$5=$VS$3:$VS$5)) -> 0 | FX11: =SUMPRODUCT(NOT(ISBLANK(FX$3:FX$5))*(FX$3:FX$5=$VT$3:$VT$5)) -> 0 | FY11: =SUMPRODUCT(NOT(ISBLANK(FY$3:FY$5))*(FY$3:FY$5=$VU$3:$VU$5)) -> 0 | FZ11: =SUMPRODUCT(NOT(ISBLANK(FZ$3:FZ$5))*(FZ$3:FZ$5=$VV$3:$VV$5)) -> 0 | GA11: =SUMPRODUCT(NOT(ISBLANK(GA$3:GA$5))*(GA$3:GA$5=$VW$3:$VW$5)) -> 0 | GB11: =SUMPRODUCT(NOT(ISBLANK(GB$3:GB$5))*(GB$3:GB$5=$VR$3:$VR$5)) -> 0 | GC11: =SUMPRODUCT(NOT(ISBLANK(GC$3:GC$5))*(GC$3:GC$5=$VS$3:$VS$5)) -> 0 | GE11: =SUMPRODUCT(NOT(ISBLANK(GE$3:GE$5))*(GE$3:GE$5=$VT$3:$VT$5)) -> 0 | GF11: =SUMPRODUCT(NOT(ISBLANK(GF$3:GF$5))*(GF$3:GF$5=$VU$3:$VU$5)) -> 0 | GG11: =SUMPRODUCT(NOT(ISBLANK(GG$3:GG$5))*(GG$3:GG$5=$VV$3:$VV$5)) -> 0 | GH11: =SUMPRODUCT(NOT(ISBLANK(GH$3:GH$5))*(GH$3:GH$5=$VW$3:$VW$5)) -> 0 | GI11: =SUMPRODUCT(NOT(ISBLANK(GI$3:GI$5))*(GI$3:GI$5=$VR$3:$VR$5)) -> 0 | GJ11: =SUMPRODUCT(NOT(ISBLANK(GJ$3:GJ$5))*(GJ$3:GJ$5=$VS$3:$VS$5)) -> 0 | GL11: =SUMPRODUCT(NOT(ISBLANK(GL$3:GL$5))*(GL$3:GL$5=$VT$3:$VT$5)) -> 0 | GM11: =SUMPRODUCT(NOT(ISBLANK(GM$3:GM$5))*(GM$3:GM$5=$VU$3:$VU$5)) -> 0 | GN11: =SUMPRODUCT(NOT(ISBLANK(GN$3:GN$5))*(GN$3:GN$5=$VV$3:$VV$5)) -> 0 | GO11: =SUMPRODUCT(NOT(ISBLANK(GO$3:GO$5))*(GO$3:GO$5=$VW$3:$VW$5)) -> 0 | GP11: =SUMPRODUCT(NOT(ISBLANK(GP$3:GP$5))*(GP$3:GP$5=$VR$3:$VR$5)) -> 0 | GQ11: =SUMPRODUCT(NOT(ISBLANK(GQ$3:GQ$5))*(GQ$3:GQ$5=$VS$3:$VS$5)) -> 0 | GS11: =SUMPRODUCT(NOT(ISBLANK(GS$3:GS$5))*(GS$3:GS$5=$VT$3:$VT$5)) -> 0 | GT11: =SUMPRODUCT(NOT(ISBLANK(GT$3:GT$5))*(GT$3:GT$5=$VU$3:$VU$5)) -> 0 | GU11: =SUMPRODUCT(NOT(ISBLANK(GU$3:GU$5))*(GU$3:GU$5=$VV$3:$VV$5)) -> 0 | GV11: =SUMPRODUCT(NOT(ISBLANK(GV$3:GV$5))*(GV$3:GV$5=$VW$3:$VW$5)) -> 0 | GW11: =SUMPRODUCT(NOT(ISBLANK(GW$3:GW$5))*(GW$3:GW$5=$VR$3:$VR$5)) -> 0 | GX11: =SUMPRODUCT(NOT(ISBLANK(GX$3:GX$5))*(GX$3:GX$5=$VS$3:$VS$5)) -> 0 | GZ11: =SUMPRODUCT(NOT(ISBLANK(GZ$3:GZ$5))*(GZ$3:GZ$5=$VT$3:$VT$5)) -> 0 | HA11: =SUMPRODUCT(NOT(ISBLANK(HA$3:HA$5))*(HA$3:HA$5=$VU$3:$VU$5)) -> 0 | HB11: =SUMPRODUCT(NOT(ISBLANK(HB$3:HB$5))*(HB$3:HB$5=$VV$3:$VV$5)) -> 0 | HC11: =SUMPRODUCT(NOT(ISBLANK(HC$3:HC$5))*(HC$3:HC$5=$VW$3:$VW$5)) -> 0 | HD11: =SUMPRODUCT(NOT(ISBLANK(HD$3:HD$5))*(HD$3:HD$5=$VR$3:$VR$5)) -> 0 | HE11: =SUMPRODUCT(NOT(ISBLANK(HE$3:HE$5))*(HE$3:HE$5=$VS$3:$VS$5)) -> 0 | HG11: =SUMPRODUCT(NOT(ISBLANK(HG$3:HG$5))*(HG$3:HG$5=$VT$3:$VT$5)) -> 0 | HH11: =SUMPRODUCT(NOT(ISBLANK(HH$3:HH$5))*(HH$3:HH$5=$VU$3:$VU$5)) -> 0 | HI11: =SUMPRODUCT(NOT(ISBLANK(HI$3:HI$5))*(HI$3:HI$5=$VV$3:$VV$5)) -> 0 | HJ11: =SUMPRODUCT(NOT(ISBLANK(HJ$3:HJ$5))*(HJ$3:HJ$5=$VW$3:$VW$5)) -> 0 | HK11: =SUMPRODUCT(NOT(ISBLANK(HK$3:HK$5))*(HK$3:HK$5=$VR$3:$VR$5)) -> 0 | HL11: =SUMPRODUCT(NOT(ISBLANK(HL$3:HL$5))*(HL$3:HL$5=$VS$3:$VS$5)) -> 0 | HN11: =SUMPRODUCT(NOT(ISBLANK(HN$3:HN$5))*(HN$3:HN$5=$VT$3:$VT$5)) -> 0 | HO11: =SUMPRODUCT(NOT(ISBLANK(HO$3:HO$5))*(HO$3:HO$5=$VU$3:$VU$5)) -> 0 | HP11: =SUMPRODUCT(NOT(ISBLANK(HP$3:HP$5))*(HP$3:HP$5=$VV$3:$VV$5)) -> 0 | HQ11: =SUMPRODUCT(NOT(ISBLANK(HQ$3:HQ$5))*(HQ$3:HQ$5=$VW$3:$VW$5)) -> 0 | HR11: =SUMPRODUCT(NOT(ISBLANK(HR$3:HR$5))*(HR$3:HR$5=$VR$3:$VR$5)) -> 0 | HS11: =SUMPRODUCT(NOT(ISBLANK(HS$3:HS$5))*(HS$3:HS$5=$VS$3:$VS$5)) -> 0 | HU11: =SUMPRODUCT(NOT(ISBLANK(HU$3:HU$5))*(HU$3:HU$5=$VT$3:$VT$5)) -> 0 | HV11: =SUMPRODUCT(NOT(ISBLANK(HV$3:HV$5))*(HV$3:HV$5=$VU$3:$VU$5)) -> 0 | HW11: =SUMPRODUCT(NOT(ISBLANK(HW$3:HW$5))*(HW$3:HW$5=$VV$3:$VV$5)) -> 0 | HX11: =SUMPRODUCT(NOT(ISBLANK(HX$3:HX$5))*(HX$3:HX$5=$VW$3:$VW$5)) -> 0 | HY11: =SUMPRODUCT(NOT(ISBLANK(HY$3:HY$5))*(HY$3:HY$5=$VR$3:$VR$5)) -> 0 | HZ11: =SUMPRODUCT(NOT(ISBLANK(HZ$3:HZ$5))*(HZ$3:HZ$5=$VS$3:$VS$5)) -> 0 | IB11: =SUMPRODUCT(NOT(ISBLANK(IB$3:IB$5))*(IB$3:IB$5=$VT$3:$VT$5)) -> 0 | IC11: =SUMPRODUCT(NOT(ISBLANK(IC$3:IC$5))*(IC$3:IC$5=$VU$3:$VU$5)) -> 0 | ID11: =SUMPRODUCT(NOT(ISBLANK(ID$3:ID$5))*(ID$3:ID$5=$VV$3:$VV$5)) -> 0 | IE11: =SUMPRODUCT(NOT(ISBLANK(IE$3:IE$5))*(IE$3:IE$5=$VW$3:$VW$5)) -> 0 | IF11: =SUMPRODUCT(NOT(ISBLANK(IF$3:IF$5))*(IF$3:IF$5=$VR$3:$VR$5)) -> 0 | IG11: =SUMPRODUCT(NOT(ISBLANK(IG$3:IG$5))*(IG$3:IG$5=$VS$3:$VS$5)) -> 0 | II11: =SUMPRODUCT(NOT(ISBLANK(II$3:II$5))*(II$3:II$5=$VT$3:$VT$5)) -> 0 | IJ11: =SUMPRODUCT(NOT(ISBLANK(IJ$3:IJ$5))*(IJ$3:IJ$5=$VU$3:$VU$5)) -> 0 | IK11: =SUMPRODUCT(NOT(ISBLANK(IK$3:IK$5))*(IK$3:IK$5=$VV$3:$VV$5)) -> 0 | IL11: =SUMPRODUCT(NOT(ISBLANK(IL$3:IL$5))*(IL$3:IL$5=$VW$3:$VW$5)) -> 0 | IM11: =SUMPRODUCT(NOT(ISBLANK(IM$3:IM$5))*(IM$3:IM$5=$VR$3:$VR$5)) -> 0 | IN11: =SUMPRODUCT(NOT(ISBLANK(IN$3:IN$5))*(IN$3:IN$5=$VS$3:$VS$5)) -> 0 | IP11: =SUMPRODUCT(NOT(ISBLANK(IP$3:IP$5))*(IP$3:IP$5=$VT$3:$VT$5)) -> 0 | IQ11: =SUMPRODUCT(NOT(ISBLANK(IQ$3:IQ$5))*(IQ$3:IQ$5=$VU$3:$VU$5)) -> 0 | IR11: =SUMPRODUCT(NOT(ISBLANK(IR$3:IR$5))*(IR$3:IR$5=$VV$3:$VV$5)) -> 0 | IS11: =SUMPRODUCT(NOT(ISBLANK(IS$3:IS$5))*(IS$3:IS$5=$VW$3:$VW$5)) -> 0 | IT11: =SUMPRODUCT(NOT(ISBLANK(IT$3:IT$5))*(IT$3:IT$5=$VR$3:$VR$5)) -> 0 | IU11: =SUMPRODUCT(NOT(ISBLANK(IU$3:IU$5))*(IU$3:IU$5=$VS$3:$VS$5)) -> 0 | IW11: =SUMPRODUCT(NOT(ISBLANK(IW$3:IW$5))*(IW$3:IW$5=$VT$3:$VT$5)) -> 0 | IX11: =SUMPRODUCT(NOT(ISBLANK(IX$3:IX$5))*(IX$3:IX$5=$VU$3:$VU$5)) -> 0 | IY11: =SUMPRODUCT(NOT(ISBLANK(IY$3:IY$5))*(IY$3:IY$5=$VV$3:$VV$5)) -> 0 | IZ11: =SUMPRODUCT(NOT(ISBLANK(IZ$3:IZ$5))*(IZ$3:IZ$5=$VW$3:$VW$5)) -> 0 | JA11: =SUMPRODUCT(NOT(ISBLANK(JA$3:JA$5))*(JA$3:JA$5=$VR$3:$VR$5)) -> 0 | JB11: =SUMPRODUCT(NOT(ISBLANK(JB$3:JB$5))*(JB$3:JB$5=$VS$3:$VS$5)) -> 0 | JD11: =SUMPRODUCT(NOT(ISBLANK(JD$3:JD$5))*(JD$3:JD$5=$VT$3:$VT$5)) -> 0 | JE11: =SUMPRODUCT(NOT(ISBLANK(JE$3:JE$5))*(JE$3:JE$5=$VU$3:$VU$5)) -> 0 | JF11: =SUMPRODUCT(NOT(ISBLANK(JF$3:JF$5))*(JF$3:JF$5=$VV$3:$VV$5)) -> 0 | JG11: =SUMPRODUCT(NOT(ISBLANK(JG$3:JG$5))*(JG$3:JG$5=$VW$3:$VW$5)) -> 0 | JH11: =SUMPRODUCT(NOT(ISBLANK(JH$3:JH$5))*(JH$3:JH$5=$VR$3:$VR$5)) -> 0 | JI11: =SUMPRODUCT(NOT(ISBLANK(JI$3:JI$5))*(JI$3:JI$5=$VS$3:$VS$5)) -> 0 | JK11: =SUMPRODUCT(NOT(ISBLANK(JK$3:JK$5))*(JK$3:JK$5=$VT$3:$VT$5)) -> 0 | JL11: =SUMPRODUCT(NOT(ISBLANK(JL$3:JL$5))*(JL$3:JL$5=$VU$3:$VU$5)) -> 0 | JM11: =SUMPRODUCT(NOT(ISBLANK(JM$3:JM$5))*(JM$3:JM$5=$VV$3:$VV$5)) -> 0 | JN11: =SUMPRODUCT(NOT(ISBLANK(JN$3:JN$5))*(JN$3:JN$5=$VW$3:$VW$5)) -> 0 | JO11: =SUMPRODUCT(NOT(ISBLANK(JO$3:JO$5))*(JO$3:JO$5=$VR$3:$VR$5)) -> 0 | JP11: =SUMPRODUCT(NOT(ISBLANK(JP$3:JP$5))*(JP$3:JP$5=$VS$3:$VS$5)) -> 0 | JR11: =SUMPRODUCT(NOT(ISBLANK(JR$3:JR$5))*(JR$3:JR$5=$VT$3:$VT$5)) -> 0 | JS11: =SUMPRODUCT(NOT(ISBLANK(JS$3:JS$5))*(JS$3:JS$5=$VU$3:$VU$5)) -> 0 | JT11: =SUMPRODUCT(NOT(ISBLANK(JT$3:JT$5))*(JT$3:JT$5=$VV$3:$VV$5)) -> 0 | JU11: =SUMPRODUCT(NOT(ISBLANK(JU$3:JU$5))*(JU$3:JU$5=$VW$3:$VW$5)) -> 0 | JV11: =SUMPRODUCT(NOT(ISBLANK(JV$3:JV$5))*(JV$3:JV$5=$VR$3:$VR$5)) -> 0 | JW11: =SUMPRODUCT(NOT(ISBLANK(JW$3:JW$5))*(JW$3:JW$5=$VS$3:$VS$5)) -> 0 | JY11: =SUMPRODUCT(NOT(ISBLANK(JY$3:JY$5))*(JY$3:JY$5=$VT$3:$VT$5)) -> 0 | JZ11: =SUMPRODUCT(NOT(ISBLANK(JZ$3:JZ$5))*(JZ$3:JZ$5=$VU$3:$VU$5)) -> 0 | KA11: =SUMPRODUCT(NOT(ISBLANK(KA$3:KA$5))*(KA$3:KA$5=$VV$3:$VV$5)) -> 0 | KB11: =SUMPRODUCT(NOT(ISBLANK(KB$3:KB$5))*(KB$3:KB$5=$VW$3:$VW$5)) -> 0 | KC11: =SUMPRODUCT(NOT(ISBLANK(KC$3:KC$5))*(KC$3:KC$5=$VR$3:$VR$5)) -> 0 | KD11: =SUMPRODUCT(NOT(ISBLANK(KD$3:KD$5))*(KD$3:KD$5=$VS$3:$VS$5)) -> 0 | KF11: =SUMPRODUCT(NOT(ISBLANK(KF$3:KF$5))*(KF$3:KF$5=$VT$3:$VT$5)) -> 0 | KG11: =SUMPRODUCT(NOT(ISBLANK(KG$3:KG$5))*(KG$3:KG$5=$VU$3:$VU$5)) -> 0 | KH11: =SUMPRODUCT(NOT(ISBLANK(KH$3:KH$5))*(KH$3:KH$5=$VV$3:$VV$5)) -> 0 | KI11: =SUMPRODUCT(NOT(ISBLANK(KI$3:KI$5))*(KI$3:KI$5=$VW$3:$VW$5)) -> 0 | KJ11: =SUMPRODUCT(NOT(ISBLANK(KJ$3:KJ$5))*(KJ$3:KJ$5=$VR$3:$VR$5)) -> 0 | KK11: =SUMPRODUCT(NOT(ISBLANK(KK$3:KK$5))*(KK$3:KK$5=$VS$3:$VS$5)) -> 0 | KM11: =SUMPRODUCT(NOT(ISBLANK(KM$3:KM$5))*(KM$3:KM$5=$VT$3:$VT$5)) -> 0 | KN11: =SUMPRODUCT(NOT(ISBLANK(KN$3:KN$5))*(KN$3:KN$5=$VU$3:$VU$5)) -> 0 | KO11: =SUMPRODUCT(NOT(ISBLANK(KO$3:KO$5))*(KO$3:KO$5=$VV$3:$VV$5)) -> 0 | KP11: =SUMPRODUCT(NOT(ISBLANK(KP$3:KP$5))*(KP$3:KP$5=$VW$3:$VW$5)) -> 0 | KQ11: =SUMPRODUCT(NOT(ISBLANK(KQ$3:KQ$5))*(KQ$3:KQ$5=$VR$3:$VR$5)) -> 0 | KR11: =SUMPRODUCT(NOT(ISBLANK(KR$3:KR$5))*(KR$3:KR$5=$VS$3:$VS$5)) -> 0 | KT11: =SUMPRODUCT(NOT(ISBLANK(KT$3:KT$5))*(KT$3:KT$5=$VT$3:$VT$5)) -> 0 | KU11: =SUMPRODUCT(NOT(ISBLANK(KU$3:KU$5))*(KU$3:KU$5=$VU$3:$VU$5)) -> 0 | KV11: =SUMPRODUCT(NOT(ISBLANK(KV$3:KV$5))*(KV$3:KV$5=$VV$3:$VV$5)) -> 0 | KW11: =SUMPRODUCT(NOT(ISBLANK(KW$3:KW$5))*(KW$3:KW$5=$VW$3:$VW$5)) -> 0 | KX11: =SUMPRODUCT(NOT(ISBLANK(KX$3:KX$5))*(KX$3:KX$5=$VR$3:$VR$5)) -> 0 | KY11: =SUMPRODUCT(NOT(ISBLANK(KY$3:KY$5))*(KY$3:KY$5=$VS$3:$VS$5)) -> 0 | LA11: =SUMPRODUCT(NOT(ISBLANK(LA$3:LA$5))*(LA$3:LA$5=$VT$3:$VT$5)) -> 0 | LB11: =SUMPRODUCT(NOT(ISBLANK(LB$3:LB$5))*(LB$3:LB$5=$VU$3:$VU$5)) -> 0 | LC11: =SUMPRODUCT(NOT(ISBLANK(LC$3:LC$5))*(LC$3:LC$5=$VV$3:$VV$5)) -> 0 | LD11: =SUMPRODUCT(NOT(ISBLANK(LD$3:LD$5))*(LD$3:LD$5=$VW$3:$VW$5)) -> 0 | LE11: =SUMPRODUCT(NOT(ISBLANK(LE$3:LE$5))*(LE$3:LE$5=$VR$3:$VR$5)) -> 0 | LF11: =SUMPRODUCT(NOT(ISBLANK(LF$3:LF$5))*(LF$3:LF$5=$VS$3:$VS$5)) -> 0 | LH11: =SUMPRODUCT(NOT(ISBLANK(LH$3:LH$5))*(LH$3:LH$5=$VT$3:$VT$5)) -> 0 | LI11: =SUMPRODUCT(NOT(ISBLANK(LI$3:LI$5))*(LI$3:LI$5=$VU$3:$VU$5)) -> 0 | LJ11: =SUMPRODUCT(NOT(ISBLANK(LJ$3:LJ$5))*(LJ$3:LJ$5=$VV$3:$VV$5)) -> 0 | LK11: =SUMPRODUCT(NOT(ISBLANK(LK$3:LK$5))*(LK$3:LK$5=$VW$3:$VW$5)) -> 0 | LL11: =SUMPRODUCT(NOT(ISBLANK(LL$3:LL$5))*(LL$3:LL$5=$VR$3:$VR$5)) -> 0 | LM11: =SUMPRODUCT(NOT(ISBLANK(LM$3:LM$5))*(LM$3:LM$5=$VS$3:$VS$5)) -> 0 | LO11: =SUMPRODUCT(NOT(ISBLANK(LO$3:LO$5))*(LO$3:LO$5=$VT$3:$VT$5)) -> 0 | LP11: =SUMPRODUCT(NOT(ISBLANK(LP$3:LP$5))*(LP$3:LP$5=$VU$3:$VU$5)) -> 0 | LQ11: =SUMPRODUCT(NOT(ISBLANK(LQ$3:LQ$5))*(LQ$3:LQ$5=$VV$3:$VV$5)) -> 0 | LR11: =SUMPRODUCT(NOT(ISBLANK(LR$3:LR$5))*(LR$3:LR$5=$VW$3:$VW$5)) -> 0 | LS11: =SUMPRODUCT(NOT(ISBLANK(LS$3:LS$5))*(LS$3:LS$5=$VR$3:$VR$5)) -> 0 | LT11: =SUMPRODUCT(NOT(ISBLANK(LT$3:LT$5))*(LT$3:LT$5=$VS$3:$VS$5)) -> 0 | LV11: =SUMPRODUCT(NOT(ISBLANK(LV$3:LV$5))*(LV$3:LV$5=$VT$3:$VT$5)) -> 0 | LW11: =SUMPRODUCT(NOT(ISBLANK(LW$3:LW$5))*(LW$3:LW$5=$VU$3:$VU$5)) -> 0 | LX11: =SUMPRODUCT(NOT(ISBLANK(LX$3:LX$5))*(LX$3:LX$5=$VV$3:$VV$5)) -> 0 | LY11: =SUMPRODUCT(NOT(ISBLANK(LY$3:LY$5))*(LY$3:LY$5=$VW$3:$VW$5)) -> 0 | LZ11: =SUMPRODUCT(NOT(ISBLANK(LZ$3:LZ$5))*(LZ$3:LZ$5=$VR$3:$VR$5)) -> 0 | MA11: =SUMPRODUCT(NOT(ISBLANK(MA$3:MA$5))*(MA$3:MA$5=$VS$3:$VS$5)) -> 0 | MC11: =SUMPRODUCT(NOT(ISBLANK(MC$3:MC$5))*(MC$3:MC$5=$VT$3:$VT$5)) -> 0 | MD11: =SUMPRODUCT(NOT(ISBLANK(MD$3:MD$5))*(MD$3:MD$5=$VU$3:$VU$5)) -> 0 | ME11: =SUMPRODUCT(NOT(ISBLANK(ME$3:ME$5))*(ME$3:ME$5=$VV$3:$VV$5)) -> 0 | MF11: =SUMPRODUCT(NOT(ISBLANK(MF$3:MF$5))*(MF$3:MF$5=$VW$3:$VW$5)) -> 0 | MG11: =SUMPRODUCT(NOT(ISBLANK(MG$3:MG$5))*(MG$3:MG$5=$VR$3:$VR$5)) -> 0 | MH11: =SUMPRODUCT(NOT(ISBLANK(MH$3:MH$5))*(MH$3:MH$5=$VS$3:$VS$5)) -> 0 | MJ11: =SUMPRODUCT(NOT(ISBLANK(MJ$3:MJ$5))*(MJ$3:MJ$5=$VT$3:$VT$5)) -> 0 | MK11: =SUMPRODUCT(NOT(ISBLANK(MK$3:MK$5))*(MK$3:MK$5=$VU$3:$VU$5)) -> 0 | ML11: =SUMPRODUCT(NOT(ISBLANK(ML$3:ML$5))*(ML$3:ML$5=$VV$3:$VV$5)) -> 0 | MM11: =SUMPRODUCT(NOT(ISBLANK(MM$3:MM$5))*(MM$3:MM$5=$VW$3:$VW$5)) -> 0 | MN11: =SUMPRODUCT(NOT(ISBLANK(MN$3:MN$5))*(MN$3:MN$5=$VR$3:$VR$5)) -> 0 | MO11: =SUMPRODUCT(NOT(ISBLANK(MO$3:MO$5))*(MO$3:MO$5=$VS$3:$VS$5)) -> 0 | MQ11: =SUMPRODUCT(NOT(ISBLANK(MQ$3:MQ$5))*(MQ$3:MQ$5=$VT$3:$VT$5)) -> 0 | MR11: =SUMPRODUCT(NOT(ISBLANK(MR$3:MR$5))*(MR$3:MR$5=$VU$3:$VU$5)) -> 0 | MS11: =SUMPRODUCT(NOT(ISBLANK(MS$3:MS$5))*(MS$3:MS$5=$VV$3:$VV$5)) -> 0 | MT11: =SUMPRODUCT(NOT(ISBLANK(MT$3:MT$5))*(MT$3:MT$5=$VW$3:$VW$5)) -> 0 | MU11: =SUMPRODUCT(NOT(ISBLANK(MU$3:MU$5))*(MU$3:MU$5=$VR$3:$VR$5)) -> 0 | MV11: =SUMPRODUCT(NOT(ISBLANK(MV$3:MV$5))*(MV$3:MV$5=$VS$3:$VS$5)) -> 0 | MX11: =SUMPRODUCT(NOT(ISBLANK(MX$3:MX$5))*(MX$3:MX$5=$VT$3:$VT$5)) -> 0 | MY11: =SUMPRODUCT(NOT(ISBLANK(MY$3:MY$5))*(MY$3:MY$5=$VU$3:$VU$5)) -> 0 | MZ11: =SUMPRODUCT(NOT(ISBLANK(MZ$3:MZ$5))*(MZ$3:MZ$5=$VV$3:$VV$5)) -> 0 | NA11: =SUMPRODUCT(NOT(ISBLANK(NA$3:NA$5))*(NA$3:NA$5=$VW$3:$VW$5)) -> 0 | NB11: =SUMPRODUCT(NOT(ISBLANK(NB$3:NB$5))*(NB$3:NB$5=$VR$3:$VR$5)) -> 0 | NC11: =SUMPRODUCT(NOT(ISBLANK(NC$3:NC$5))*(NC$3:NC$5=$VS$3:$VS$5)) -> 0 | NE11: =SUMPRODUCT(NOT(ISBLANK(NE$3:NE$5))*(NE$3:NE$5=$VT$3:$VT$5)) -> 0 | NF11: =SUMPRODUCT(NOT(ISBLANK(NF$3:NF$5))*(NF$3:NF$5=$VU$3:$VU$5)) -> 0 | NG11: =SUMPRODUCT(NOT(ISBLANK(NG$3:NG$5))*(NG$3:NG$5=$VV$3:$VV$5)) -> 0 | NH11: =SUMPRODUCT(NOT(ISBLANK(NH$3:NH$5))*(NH$3:NH$5=$VW$3:$VW$5)) -> 0 | NI11: =SUMPRODUCT(NOT(ISBLANK(NI$3:NI$5))*(NI$3:NI$5=$VR$3:$VR$5)) -> 0 | NJ11: =SUMPRODUCT(NOT(ISBLANK(NJ$3:NJ$5))*(NJ$3:NJ$5=$VS$3:$VS$5)) -> 0 | NL11: =SUMPRODUCT(NOT(ISBLANK(NL$3:NL$5))*(NL$3:NL$5=$VT$3:$VT$5)) -> 0 | NM11: =SUMPRODUCT(NOT(ISBLANK(NM$3:NM$5))*(NM$3:NM$5=$VU$3:$VU$5)) -> 0 | NN11: =SUMPRODUCT(NOT(ISBLANK(NN$3:NN$5))*(NN$3:NN$5=$VV$3:$VV$5)) -> 0 | NO11: =SUMPRODUCT(NOT(ISBLANK(NO$3:NO$5))*(NO$3:NO$5=$VW$3:$VW$5)) -> 0 | NP11: =SUMPRODUCT(NOT(ISBLANK(NP$3:NP$5))*(NP$3:NP$5=$VR$3:$VR$5)) -> 0 | NQ11: =SUMPRODUCT(NOT(ISBLANK(NQ$3:NQ$5))*(NQ$3:NQ$5=$VS$3:$VS$5)) -> 0 | NS11: =SUMPRODUCT(NOT(ISBLANK(NS$3:NS$5))*(NS$3:NS$5=$VT$3:$VT$5)) -> 0 | NT11: =SUMPRODUCT(NOT(ISBLANK(NT$3:NT$5))*(NT$3:NT$5=$VU$3:$VU$5)) -> 0 | NU11: =SUMPRODUCT(NOT(ISBLANK(NU$3:NU$5))*(NU$3:NU$5=$VV$3:$VV$5)) -> 0 | NV11: =SUMPRODUCT(NOT(ISBLANK(NV$3:NV$5))*(NV$3:NV$5=$VW$3:$VW$5)) -> 0 | NW11: =SUMPRODUCT(NOT(ISBLANK(NW$3:NW$5))*(NW$3:NW$5=$VR$3:$VR$5)) -> 0 | NX11: =SUMPRODUCT(NOT(ISBLANK(NX$3:NX$5))*(NX$3:NX$5=$VS$3:$VS$5)) -> 0 | NZ11: =SUMPRODUCT(NOT(ISBLANK(NZ$3:NZ$5))*(NZ$3:NZ$5=$VT$3:$VT$5)) -> 0 | OA11: =SUMPRODUCT(NOT(ISBLANK(OA$3:OA$5))*(OA$3:OA$5=$VU$3:$VU$5)) -> 0 | OB11: =SUMPRODUCT(NOT(ISBLANK(OB$3:OB$5))*(OB$3:OB$5=$VV$3:$VV$5)) -> 0 | OC11: =SUMPRODUCT(NOT(ISBLANK(OC$3:OC$5))*(OC$3:OC$5=$VW$3:$VW$5)) -> 0 | OD11: =SUMPRODUCT(NOT(ISBLANK(OD$3:OD$5))*(OD$3:OD$5=$VR$3:$VR$5)) -> 0 | OE11: =SUMPRODUCT(NOT(ISBLANK(OE$3:OE$5))*(OE$3:OE$5=$VS$3:$VS$5)) -> 0 | OG11: =SUMPRODUCT(NOT(ISBLANK(OG$3:OG$5))*(OG$3:OG$5=$VT$3:$VT$5)) -> 0 | OH11: =SUMPRODUCT(NOT(ISBLANK(OH$3:OH$5))*(OH$3:OH$5=$VU$3:$VU$5)) -> 0 | OI11: =SUMPRODUCT(NOT(ISBLANK(OI$3:OI$5))*(OI$3:OI$5=$VV$3:$VV$5)) -> 0 | OJ11: =SUMPRODUCT(NOT(ISBLANK(OJ$3:OJ$5))*(OJ$3:OJ$5=$VW$3:$VW$5)) -> 0 | OK11: =SUMPRODUCT(NOT(ISBLANK(OK$3:OK$5))*(OK$3:OK$5=$VR$3:$VR$5)) -> 0 | OL11: =SUMPRODUCT(NOT(ISBLANK(OL$3:OL$5))*(OL$3:OL$5=$VS$3:$VS$5)) -> 0 | ON11: =SUMPRODUCT(NOT(ISBLANK(ON$3:ON$5))*(ON$3:ON$5=$VT$3:$VT$5)) -> 0 | OO11: =SUMPRODUCT(NOT(ISBLANK(OO$3:OO$5))*(OO$3:OO$5=$VU$3:$VU$5)) -> 0 | OP11: =SUMPRODUCT(NOT(ISBLANK(OP$3:OP$5))*(OP$3:OP$5=$VV$3:$VV$5)) -> 0 | OQ11: =SUMPRODUCT(NOT(ISBLANK(OQ$3:OQ$5))*(OQ$3:OQ$5=$VW$3:$VW$5)) -> 0 | OR11: =SUMPRODUCT(NOT(ISBLANK(OR$3:OR$5))*(OR$3:OR$5=$VR$3:$VR$5)) -> 0 | OS11: =SUMPRODUCT(NOT(ISBLANK(OS$3:OS$5))*(OS$3:OS$5=$VS$3:$VS$5)) -> 0 | OU11: =SUMPRODUCT(NOT(ISBLANK(OU$3:OU$5))*(OU$3:OU$5=$VT$3:$VT$5)) -> 0 | OV11: =SUMPRODUCT(NOT(ISBLANK(OV$3:OV$5))*(OV$3:OV$5=$VU$3:$VU$5)) -> 0 | OW11: =SUMPRODUCT(NOT(ISBLANK(OW$3:OW$5))*(OW$3:OW$5=$VV$3:$VV$5)) -> 0 | OX11: =SUMPRODUCT(NOT(ISBLANK(OX$3:OX$5))*(OX$3:OX$5=$VW$3:$VW$5)) -> 0 | OY11: =SUMPRODUCT(NOT(ISBLANK(OY$3:OY$5))*(OY$3:OY$5=$VR$3:$VR$5)) -> 0 | OZ11: =SUMPRODUCT(NOT(ISBLANK(OZ$3:OZ$5))*(OZ$3:OZ$5=$VS$3:$VS$5)) -> 0 | PB11: =SUMPRODUCT(NOT(ISBLANK(PB$3:PB$5))*(PB$3:PB$5=$VT$3:$VT$5)) -> 0 | PC11: =SUMPRODUCT(NOT(ISBLANK(PC$3:PC$5))*(PC$3:PC$5=$VU$3:$VU$5)) -> 0 | PD11: =SUMPRODUCT(NOT(ISBLANK(PD$3:PD$5))*(PD$3:PD$5=$VV$3:$VV$5)) -> 0 | PE11: =SUMPRODUCT(NOT(ISBLANK(PE$3:PE$5))*(PE$3:PE$5=$VW$3:$VW$5)) -> 0 | PF11: =SUMPRODUCT(NOT(ISBLANK(PF$3:PF$5))*(PF$3:PF$5=$VR$3:$VR$5)) -> 0 | PG11: =SUMPRODUCT(NOT(ISBLANK(PG$3:PG$5))*(PG$3:PG$5=$VS$3:$VS$5)) -> 0 | PI11: =SUMPRODUCT(NOT(ISBLANK(PI$3:PI$5))*(PI$3:PI$5=$VT$3:$VT$5)) -> 0 | PJ11: =SUMPRODUCT(NOT(ISBLANK(PJ$3:PJ$5))*(PJ$3:PJ$5=$VU$3:$VU$5)) -> 0 | PK11: =SUMPRODUCT(NOT(ISBLANK(PK$3:PK$5))*(PK$3:PK$5=$VV$3:$VV$5)) -> 0 | PL11: =SUMPRODUCT(NOT(ISBLANK(PL$3:PL$5))*(PL$3:PL$5=$VW$3:$VW$5)) -> 0 | PM11: =SUMPRODUCT(NOT(ISBLANK(PM$3:PM$5))*(PM$3:PM$5=$VR$3:$VR$5)) -> 0 | PN11: =SUMPRODUCT(NOT(ISBLANK(PN$3:PN$5))*(PN$3:PN$5=$VS$3:$VS$5)) -> 0 | PP11: =SUMPRODUCT(NOT(ISBLANK(PP$3:PP$5))*(PP$3:PP$5=$VT$3:$VT$5)) -> 0 | PQ11: =SUMPRODUCT(NOT(ISBLANK(PQ$3:PQ$5))*(PQ$3:PQ$5=$VU$3:$VU$5)) -> 0 | PR11: =SUMPRODUCT(NOT(ISBLANK(PR$3:PR$5))*(PR$3:PR$5=$VV$3:$VV$5)) -> 0 | PS11: =SUMPRODUCT(NOT(ISBLANK(PS$3:PS$5))*(PS$3:PS$5=$VW$3:$VW$5)) -> 0 | PT11: =SUMPRODUCT(NOT(ISBLANK(PT$3:PT$5))*(PT$3:PT$5=$VR$3:$VR$5)) -> 0 | PU11: =SUMPRODUCT(NOT(ISBLANK(PU$3:PU$5))*(PU$3:PU$5=$VS$3:$VS$5)) -> 0 | PW11: =SUMPRODUCT(NOT(ISBLANK(PW$3:PW$5))*(PW$3:PW$5=$VT$3:$VT$5)) -> 0 | PX11: =SUMPRODUCT(NOT(ISBLANK(PX$3:PX$5))*(PX$3:PX$5=$VU$3:$VU$5)) -> 0 | PY11: =SUMPRODUCT(NOT(ISBLANK(PY$3:PY$5))*(PY$3:PY$5=$VV$3:$VV$5)) -> 0 | PZ11: =SUMPRODUCT(NOT(ISBLANK(PZ$3:PZ$5))*(PZ$3:PZ$5=$VW$3:$VW$5)) -> 0 | QA11: =SUMPRODUCT(NOT(ISBLANK(QA$3:QA$5))*(QA$3:QA$5=$VR$3:$VR$5)) -> 0 | QB11: =SUMPRODUCT(NOT(ISBLANK(QB$3:QB$5))*(QB$3:QB$5=$VS$3:$VS$5)) -> 0 | QD11: =SUMPRODUCT(NOT(ISBLANK(QD$3:QD$5))*(QD$3:QD$5=$VT$3:$VT$5)) -> 0 | QE11: =SUMPRODUCT(NOT(ISBLANK(QE$3:QE$5))*(QE$3:QE$5=$VU$3:$VU$5)) -> 0 | QF11: =SUMPRODUCT(NOT(ISBLANK(QF$3:QF$5))*(QF$3:QF$5=$VV$3:$VV$5)) -> 0 | QG11: =SUMPRODUCT(NOT(ISBLANK(QG$3:QG$5))*(QG$3:QG$5=$VW$3:$VW$5)) -> 0 | QH11: =SUMPRODUCT(NOT(ISBLANK(QH$3:QH$5))*(QH$3:QH$5=$VR$3:$VR$5)) -> 0 | QI11: =SUMPRODUCT(NOT(ISBLANK(QI$3:QI$5))*(QI$3:QI$5=$VS$3:$VS$5)) -> 0 | QK11: =SUMPRODUCT(NOT(ISBLANK(QK$3:QK$5))*(QK$3:QK$5=$VT$3:$VT$5)) -> 0 | QL11: =SUMPRODUCT(NOT(ISBLANK(QL$3:QL$5))*(QL$3:QL$5=$VU$3:$VU$5)) -> 0 | QM11: =SUMPRODUCT(NOT(ISBLANK(QM$3:QM$5))*(QM$3:QM$5=$VV$3:$VV$5)) -> 0 | QN11: =SUMPRODUCT(NOT(ISBLANK(QN$3:QN$5))*(QN$3:QN$5=$VW$3:$VW$5)) -> 0 | QO11: =SUMPRODUCT(NOT(ISBLANK(QO$3:QO$5))*(QO$3:QO$5=$VR$3:$VR$5)) -> 0 | QP11: =SUMPRODUCT(NOT(ISBLANK(QP$3:QP$5))*(QP$3:QP$5=$VS$3:$VS$5)) -> 0 | QR11: =SUMPRODUCT(NOT(ISBLANK(QR$3:QR$5))*(QR$3:QR$5=$VT$3:$VT$5)) -> 0 | QS11: =SUMPRODUCT(NOT(ISBLANK(QS$3:QS$5))*(QS$3:QS$5=$VU$3:$VU$5)) -> 0 | QT11: =SUMPRODUCT(NOT(ISBLANK(QT$3:QT$5))*(QT$3:QT$5=$VV$3:$VV$5)) -> 0 | QU11: =SUMPRODUCT(NOT(ISBLANK(QU$3:QU$5))*(QU$3:QU$5=$VW$3:$VW$5)) -> 0 | QV11: =SUMPRODUCT(NOT(ISBLANK(QV$3:QV$5))*(QV$3:QV$5=$VR$3:$VR$5)) -> 0 | QW11: =SUMPRODUCT(NOT(ISBLANK(QW$3:QW$5))*(QW$3:QW$5=$VS$3:$VS$5)) -> 0 | QY11: =SUMPRODUCT(NOT(ISBLANK(QY$3:QY$5))*(QY$3:QY$5=$VT$3:$VT$5)) -> 0 | QZ11: =SUMPRODUCT(NOT(ISBLANK(QZ$3:QZ$5))*(QZ$3:QZ$5=$VU$3:$VU$5)) -> 0 | RA11: =SUMPRODUCT(NOT(ISBLANK(RA$3:RA$5))*(RA$3:RA$5=$VV$3:$VV$5)) -> 0 | RB11: =SUMPRODUCT(NOT(ISBLANK(RB$3:RB$5))*(RB$3:RB$5=$VW$3:$VW$5)) -> 0 | RC11: =SUMPRODUCT(NOT(ISBLANK(RC$3:RC$5))*(RC$3:RC$5=$VR$3:$VR$5)) -> 0 | RD11: =SUMPRODUCT(NOT(ISBLANK(RD$3:RD$5))*(RD$3:RD$5=$VS$3:$VS$5)) -> 0 | RF11: =SUMPRODUCT(NOT(ISBLANK(RF$3:RF$5))*(RF$3:RF$5=$VT$3:$VT$5)) -> 0 | RG11: =SUMPRODUCT(NOT(ISBLANK(RG$3:RG$5))*(RG$3:RG$5=$VU$3:$VU$5)) -> 0 | RH11: =SUMPRODUCT(NOT(ISBLANK(RH$3:RH$5))*(RH$3:RH$5=$VV$3:$VV$5)) -> 0 | RI11: =SUMPRODUCT(NOT(ISBLANK(RI$3:RI$5))*(RI$3:RI$5=$VW$3:$VW$5)) -> 0 | RJ11: =SUMPRODUCT(NOT(ISBLANK(RJ$3:RJ$5))*(RJ$3:RJ$5=$VR$3:$VR$5)) -> 0 | RK11: =SUMPRODUCT(NOT(ISBLANK(RK$3:RK$5))*(RK$3:RK$5=$VS$3:$VS$5)) -> 0 | RM11: =SUMPRODUCT(NOT(ISBLANK(RM$3:RM$5))*(RM$3:RM$5=$VT$3:$VT$5)) -> 0 | RN11: =SUMPRODUCT(NOT(ISBLANK(RN$3:RN$5))*(RN$3:RN$5=$VU$3:$VU$5)) -> 0 | RO11: =SUMPRODUCT(NOT(ISBLANK(RO$3:RO$5))*(RO$3:RO$5=$VV$3:$VV$5)) -> 0 | RP11: =SUMPRODUCT(NOT(ISBLANK(RP$3:RP$5))*(RP$3:RP$5=$VW$3:$VW$5)) -> 0 | RQ11: =SUMPRODUCT(NOT(ISBLANK(RQ$3:RQ$5))*(RQ$3:RQ$5=$VR$3:$VR$5)) -> 0 | RR11: =SUMPRODUCT(NOT(ISBLANK(RR$3:RR$5))*(RR$3:RR$5=$VS$3:$VS$5)) -> 0 | RT11: =SUMPRODUCT(NOT(ISBLANK(RT$3:RT$5))*(RT$3:RT$5=$VT$3:$VT$5)) -> 0 | RU11: =SUMPRODUCT(NOT(ISBLANK(RU$3:RU$5))*(RU$3:RU$5=$VU$3:$VU$5)) -> 0 | RV11: =SUMPRODUCT(NOT(ISBLANK(RV$3:RV$5))*(RV$3:RV$5=$VV$3:$VV$5)) -> 0 | RW11: =SUMPRODUCT(NOT(ISBLANK(RW$3:RW$5))*(RW$3:RW$5=$VW$3:$VW$5)) -> 0 | RX11: =SUMPRODUCT(NOT(ISBLANK(RX$3:RX$5))*(RX$3:RX$5=$VR$3:$VR$5)) -> 0 | RY11: =SUMPRODUCT(NOT(ISBLANK(RY$3:RY$5))*(RY$3:RY$5=$VS$3:$VS$5)) -> 0 | SA11: =SUMPRODUCT(NOT(ISBLANK(SA$3:SA$5))*(SA$3:SA$5=$VT$3:$VT$5)) -> 0 | SB11: =SUMPRODUCT(NOT(ISBLANK(SB$3:SB$5))*(SB$3:SB$5=$VU$3:$VU$5)) -> 0 | SC11: =SUMPRODUCT(NOT(ISBLANK(SC$3:SC$5))*(SC$3:SC$5=$VV$3:$VV$5)) -> 0 | SD11: =SUMPRODUCT(NOT(ISBLANK(SD$3:SD$5))*(SD$3:SD$5=$VW$3:$VW$5)) -> 0 | SE11: =SUMPRODUCT(NOT(ISBLANK(SE$3:SE$5))*(SE$3:SE$5=$VR$3:$VR$5)) -> 0 | SF11: =SUMPRODUCT(NOT(ISBLANK(SF$3:SF$5))*(SF$3:SF$5=$VS$3:$VS$5)) -> 0 | SH11: =SUMPRODUCT(NOT(ISBLANK(SH$3:SH$5))*(SH$3:SH$5=$VT$3:$VT$5)) -> 0 | SI11: =SUMPRODUCT(NOT(ISBLANK(SI$3:SI$5))*(SI$3:SI$5=$VU$3:$VU$5)) -> 0 | SJ11: =SUMPRODUCT(NOT(ISBLANK(SJ$3:SJ$5))*(SJ$3:SJ$5=$VV$3:$VV$5)) -> 0 | SK11: =SUMPRODUCT(NOT(ISBLANK(SK$3:SK$5))*(SK$3:SK$5=$VW$3:$VW$5)) -> 0 | SL11: =SUMPRODUCT(NOT(ISBLANK(SL$3:SL$5))*(SL$3:SL$5=$VR$3:$VR$5)) -> 0 | SM11: =SUMPRODUCT(NOT(ISBLANK(SM$3:SM$5))*(SM$3:SM$5=$VS$3:$VS$5)) -> 0 | SO11: =SUMPRODUCT(NOT(ISBLANK(SO$3:SO$5))*(SO$3:SO$5=$VT$3:$VT$5)) -> 0 | SP11: =SUMPRODUCT(NOT(ISBLANK(SP$3:SP$5))*(SP$3:SP$5=$VU$3:$VU$5)) -> 0 | SQ11: =SUMPRODUCT(NOT(ISBLANK(SQ$3:SQ$5))*(SQ$3:SQ$5=$VV$3:$VV$5)) -> 0 | SR11: =SUMPRODUCT(NOT(ISBLANK(SR$3:SR$5))*(SR$3:SR$5=$VW$3:$VW$5)) -> 0 | SS11: =SUMPRODUCT(NOT(ISBLANK(SS$3:SS$5))*(SS$3:SS$5=$VR$3:$VR$5)) -> 0 | ST11: =SUMPRODUCT(NOT(ISBLANK(ST$3:ST$5))*(ST$3:ST$5=$VS$3:$VS$5)) -> 0 | SV11: =SUMPRODUCT(NOT(ISBLANK(SV$3:SV$5))*(SV$3:SV$5=$VT$3:$VT$5)) -> 0 | SW11: =SUMPRODUCT(NOT(ISBLANK(SW$3:SW$5))*(SW$3:SW$5=$VU$3:$VU$5)) -> 0 | SX11: =SUMPRODUCT(NOT(ISBLANK(SX$3:SX$5))*(SX$3:SX$5=$VV$3:$VV$5)) -> 0 | SY11: =SUMPRODUCT(NOT(ISBLANK(SY$3:SY$5))*(SY$3:SY$5=$VW$3:$VW$5)) -> 0 | SZ11: =SUMPRODUCT(NOT(ISBLANK(SZ$3:SZ$5))*(SZ$3:SZ$5=$VR$3:$VR$5)) -> 0 | TA11: =SUMPRODUCT(NOT(ISBLANK(TA$3:TA$5))*(TA$3:TA$5=$VS$3:$VS$5)) -> 0 | TC11: =SUMPRODUCT(NOT(ISBLANK(TC$3:TC$5))*(TC$3:TC$5=$VT$3:$VT$5)) -> 0 | TD11: =SUMPRODUCT(NOT(ISBLANK(TD$3:TD$5))*(TD$3:TD$5=$VU$3:$VU$5)) -> 0 | TE11: =SUMPRODUCT(NOT(ISBLANK(TE$3:TE$5))*(TE$3:TE$5=$VV$3:$VV$5)) -> 0 | TF11: =SUMPRODUCT(NOT(ISBLANK(TF$3:TF$5))*(TF$3:TF$5=$VW$3:$VW$5)) -> 0 | TG11: =SUMPRODUCT(NOT(ISBLANK(TG$3:TG$5))*(TG$3:TG$5=$VR$3:$VR$5)) -> 0 | TH11: =SUMPRODUCT(NOT(ISBLANK(TH$3:TH$5))*(TH$3:TH$5=$VS$3:$VS$5)) -> 0 | TJ11: =SUMPRODUCT(NOT(ISBLANK(TJ$3:TJ$5))*(TJ$3:TJ$5=$VT$3:$VT$5)) -> 0 | TK11: =SUMPRODUCT(NOT(ISBLANK(TK$3:TK$5))*(TK$3:TK$5=$VU$3:$VU$5)) -> 0 | TL11: =SUMPRODUCT(NOT(ISBLANK(TL$3:TL$5))*(TL$3:TL$5=$VV$3:$VV$5)) -> 0 | TM11: =SUMPRODUCT(NOT(ISBLANK(TM$3:TM$5))*(TM$3:TM$5=$VW$3:$VW$5)) -> 0 | TN11: =SUMPRODUCT(NOT(ISBLANK(TN$3:TN$5))*(TN$3:TN$5=$VR$3:$VR$5)) -> 0 | TO11: =SUMPRODUCT(NOT(ISBLANK(TO$3:TO$5))*(TO$3:TO$5=$VS$3:$VS$5)) -> 0 | TQ11: =SUMPRODUCT(NOT(ISBLANK(TQ$3:TQ$5))*(TQ$3:TQ$5=$VT$3:$VT$5)) -> 0 | TR11: =SUMPRODUCT(NOT(ISBLANK(TR$3:TR$5))*(TR$3:TR$5=$VU$3:$VU$5)) -> 0 | TS11: =SUMPRODUCT(NOT(ISBLANK(TS$3:TS$5))*(TS$3:TS$5=$VV$3:$VV$5)) -> 0 | TT11: =SUMPRODUCT(NOT(ISBLANK(TT$3:TT$5))*(TT$3:TT$5=$VW$3:$VW$5)) -> 0 | TU11: =SUMPRODUCT(NOT(ISBLANK(TU$3:TU$5))*(TU$3:TU$5=$VR$3:$VR$5)) -> 0 | TV11: =SUMPRODUCT(NOT(ISBLANK(TV$3:TV$5))*(TV$3:TV$5=$VS$3:$VS$5)) -> 0 | TX11: =SUMPRODUCT(NOT(ISBLANK(TX$3:TX$5))*(TX$3:TX$5=$VT$3:$VT$5)) -> 0 | TY11: =SUMPRODUCT(NOT(ISBLANK(TY$3:TY$5))*(TY$3:TY$5=$VU$3:$VU$5)) -> 0 | TZ11: =SUMPRODUCT(NOT(ISBLANK(TZ$3:TZ$5))*(TZ$3:TZ$5=$VV$3:$VV$5)) -> 0 | UA11: =SUMPRODUCT(NOT(ISBLANK(UA$3:UA$5))*(UA$3:UA$5=$VW$3:$VW$5)) -> 0 | UB11: =SUMPRODUCT(NOT(ISBLANK(UB$3:UB$5))*(UB$3:UB$5=$VR$3:$VR$5)) -> 0 | UC11: =SUMPRODUCT(NOT(ISBLANK(UC$3:UC$5))*(UC$3:UC$5=$VS$3:$VS$5)) -> 0 | UE11: =SUMPRODUCT(NOT(ISBLANK(UE$3:UE$5))*(UE$3:UE$5=$VT$3:$VT$5)) -> 0 | UF11: =SUMPRODUCT(NOT(ISBLANK(UF$3:UF$5))*(UF$3:UF$5=$VU$3:$VU$5)) -> 0 | UG11: =SUMPRODUCT(NOT(ISBLANK(UG$3:UG$5))*(UG$3:UG$5=$VV$3:$VV$5)) -> 0 | UH11: =SUMPRODUCT(NOT(ISBLANK(UH$3:UH$5))*(UH$3:UH$5=$VW$3:$VW$5)) -> 0 | UI11: =SUMPRODUCT(NOT(ISBLANK(UI$3:UI$5))*(UI$3:UI$5=$VR$3:$VR$5)) -> 0 | UJ11: =SUMPRODUCT(NOT(ISBLANK(UJ$3:UJ$5))*(UJ$3:UJ$5=$VS$3:$VS$5)) -> 0 | UL11: =SUMPRODUCT(NOT(ISBLANK(UL$3:UL$5))*(UL$3:UL$5=$VT$3:$VT$5)) -> 0 | UM11: =SUMPRODUCT(NOT(ISBLANK(UM$3:UM$5))*(UM$3:UM$5=$VU$3:$VU$5)) -> 0 | UN11: =SUMPRODUCT(NOT(ISBLANK(UN$3:UN$5))*(UN$3:UN$5=$VV$3:$VV$5)) -> 0 | UO11: =SUMPRODUCT(NOT(ISBLANK(UO$3:UO$5))*(UO$3:UO$5=$VW$3:$VW$5)) -> 0 | UP11: =SUMPRODUCT(NOT(ISBLANK(UP$3:UP$5))*(UP$3:UP$5=$VR$3:$VR$5)) -> 0 | UQ11: =SUMPRODUCT(NOT(ISBLANK(UQ$3:UQ$5))*(UQ$3:UQ$5=$VS$3:$VS$5)) -> 0 | US11: =SUMPRODUCT(NOT(ISBLANK(US$3:US$5))*(US$3:US$5=$VT$3:$VT$5)) -> 0 | UT11: =SUMPRODUCT(NOT(ISBLANK(UT$3:UT$5))*(UT$3:UT$5=$VU$3:$VU$5)) -> 0 | UU11: =SUMPRODUCT(NOT(ISBLANK(UU$3:UU$5))*(UU$3:UU$5=$VV$3:$VV$5)) -> 0 | UV11: =SUMPRODUCT(NOT(ISBLANK(UV$3:UV$5))*(UV$3:UV$5=$VW$3:$VW$5)) -> 0 | UW11: =SUMPRODUCT(NOT(ISBLANK(UW$3:UW$5))*(UW$3:UW$5=$VR$3:$VR$5)) -> 0 | UX11: =SUMPRODUCT(NOT(ISBLANK(UX$3:UX$5))*(UX$3:UX$5=$VS$3:$VS$5)) -> 0 | UZ11: =SUMPRODUCT(NOT(ISBLANK(UZ$3:UZ$5))*(UZ$3:UZ$5=$VT$3:$VT$5)) -> 0 | VA11: =SUMPRODUCT(NOT(ISBLANK(VA$3:VA$5))*(VA$3:VA$5=$VU$3:$VU$5)) -> 0 | VB11: =SUMPRODUCT(NOT(ISBLANK(VB$3:VB$5))*(VB$3:VB$5=$VV$3:$VV$5)) -> 0 | VC11: =SUMPRODUCT(NOT(ISBLANK(VC$3:VC$5))*(VC$3:VC$5=$VW$3:$VW$5)) -> 0 | VD11: =SUMPRODUCT(NOT(ISBLANK(VD$3:VD$5))*(VD$3:VD$5=$VR$3:$VR$5)) -> 0 | VE11: =SUMPRODUCT(NOT(ISBLANK(VE$3:VE$5))*(VE$3:VE$5=$VS$3:$VS$5)) -> 0 | VG11: =SUMPRODUCT(NOT(ISBLANK(VG$3:VG$5))*(VG$3:VG$5=$VT$3:$VT$5)) -> 0 | VH11: =SUMPRODUCT(NOT(ISBLANK(VH$3:VH$5))*(VH$3:VH$5=$VU$3:$VU$5)) -> 0 | VI11: =SUMPRODUCT(NOT(ISBLANK(VI$3:VI$5))*(VI$3:VI$5=$VV$3:$VV$5)) -> 0 | VJ11: =SUMPRODUCT(NOT(ISBLANK(VJ$3:VJ$5))*(VJ$3:VJ$5=$VW$3:$VW$5)) -> 0 | VK11: =SUMPRODUCT(NOT(ISBLANK(VK$3:VK$5))*(VK$3:VK$5=$VR$3:$VR$5)) -> 0 | VL11: =SUMPRODUCT(NOT(ISBLANK(VL$3:VL$5))*(VL$3:VL$5=$VS$3:$VS$5)) -> 0 | VN11: =SUMPRODUCT(NOT(ISBLANK(VN$3:VN$5))*(VN$3:VN$5=$VT$3:$VT$5)) -> 0 | VO11: =SUMPRODUCT(NOT(ISBLANK(VO$3:VO$5))*(VO$3:VO$5=$VU$3:$VU$5)) -> 0 | VP11: =SUMPRODUCT(NOT(ISBLANK(VP$3:VP$5))*(VP$3:VP$5=$VV$3:$VV$5)) -> 0 | VQ11: =SUMPRODUCT(NOT(ISBLANK(VQ$3:VQ$5))*(VQ$3:VQ$5=$VW$3:$VW$5)) -> 0
